Time,Backend,GPU_ID,VRAM_MB,Power_W,GPU_Util
1781677733.83,ROCM_SMI,GPU_1,0.0,45.0,0.0
1781677733.83,ROCM_SMI,GPU_2,0.0,50.0,0.0
1781677733.83,ROCM_SMI,GPU_3,0.0,55.0,0.0
1781677733.83,ROCM_SMI,GPU_4,0.0,51.0,0.0
1781677736.02,ROCM_SMI,GPU_1,2456.8,122.0,100.0
1781677736.02,ROCM_SMI,GPU_2,2456.8,126.0,100.0
1781677736.02,ROCM_SMI,GPU_3,2456.8,128.0,100.0
1781677736.02,ROCM_SMI,GPU_4,2456.8,124.0,100.0
1781677738.21,ROCM_SMI,GPU_1,2456.8,122.0,100.0
1781677738.21,ROCM_SMI,GPU_2,2456.8,127.0,100.0
1781677738.21,ROCM_SMI,GPU_3,2456.8,128.0,100.0
1781677738.21,ROCM_SMI,GPU_4,2456.8,124.0,100.0
1781677740.41,ROCM_SMI,GPU_1,2456.8,123.0,100.0
1781677740.41,ROCM_SMI,GPU_2,2456.8,126.0,100.0
1781677740.41,ROCM_SMI,GPU_3,2456.8,128.0,85.0
1781677740.41,ROCM_SMI,GPU_4,2456.8,124.0,100.0
1781677742.60,ROCM_SMI,GPU_1,2456.8,124.0,100.0
1781677742.60,ROCM_SMI,GPU_2,2456.8,129.0,100.0
1781677742.60,ROCM_SMI,GPU_3,2456.8,134.0,100.0
1781677742.60,ROCM_SMI,GPU_4,2456.8,131.0,100.0
1781677744.79,ROCM_SMI,GPU_1,2456.8,129.0,100.0
1781677744.79,ROCM_SMI,GPU_2,2456.8,134.0,100.0
1781677744.79,ROCM_SMI,GPU_3,2456.8,135.0,100.0
1781677744.79,ROCM_SMI,GPU_4,2456.8,132.0,100.0
1781677746.99,ROCM_SMI,GPU_1,2456.8,127.0,100.0
1781677746.99,ROCM_SMI,GPU_2,2456.8,131.0,100.0
1781677746.99,ROCM_SMI,GPU_3,2456.8,133.0,100.0
1781677746.99,ROCM_SMI,GPU_4,2456.8,129.0,100.0
1781677749.18,ROCM_SMI,GPU_1,2456.8,124.0,100.0
1781677749.18,ROCM_SMI,GPU_2,2456.8,129.0,100.0
1781677749.18,ROCM_SMI,GPU_3,2456.8,130.0,100.0
1781677749.18,ROCM_SMI,GPU_4,2456.8,127.0,100.0
1781677751.37,ROCM_SMI,GPU_1,2456.8,124.0,100.0
1781677751.37,ROCM_SMI,GPU_2,2456.8,129.0,100.0
1781677751.37,ROCM_SMI,GPU_3,2456.8,131.0,100.0
1781677751.37,ROCM_SMI,GPU_4,2456.8,127.0,100.0
1781677753.56,ROCM_SMI,GPU_1,2456.8,125.0,100.0
1781677753.56,ROCM_SMI,GPU_2,2456.8,129.0,100.0
1781677753.56,ROCM_SMI,GPU_3,2456.8,130.0,100.0
1781677753.56,ROCM_SMI,GPU_4,2456.8,125.0,100.0
1781677755.75,ROCM_SMI,GPU_1,2456.8,125.0,100.0
1781677755.75,ROCM_SMI,GPU_2,2456.8,127.0,100.0
1781677755.75,ROCM_SMI,GPU_3,2456.8,129.0,100.0
1781677755.75,ROCM_SMI,GPU_4,2456.8,126.0,100.0
1781677757.94,ROCM_SMI,GPU_1,2456.8,124.0,100.0
1781677757.94,ROCM_SMI,GPU_2,2456.8,129.0,100.0
1781677757.94,ROCM_SMI,GPU_3,2456.8,130.0,100.0
1781677757.94,ROCM_SMI,GPU_4,2456.8,126.0,80.0
1781677760.14,ROCM_SMI,GPU_1,2456.8,124.0,78.0
1781677760.14,ROCM_SMI,GPU_2,2456.8,127.0,100.0
1781677760.14,ROCM_SMI,GPU_3,2456.8,129.0,100.0
1781677760.14,ROCM_SMI,GPU_4,2456.8,129.0,100.0
1781677762.33,ROCM_SMI,GPU_1,2456.8,130.0,100.0
1781677762.33,ROCM_SMI,GPU_2,2456.8,134.0,100.0
1781677762.33,ROCM_SMI,GPU_3,2456.8,135.0,100.0
1781677762.33,ROCM_SMI,GPU_4,2456.8,131.0,100.0
1781677764.53,ROCM_SMI,GPU_1,2456.8,130.0,100.0
1781677764.53,ROCM_SMI,GPU_2,2456.8,135.0,100.0
1781677764.53,ROCM_SMI,GPU_3,2456.8,137.0,100.0
1781677764.53,ROCM_SMI,GPU_4,2456.8,132.0,100.0
1781677766.72,ROCM_SMI,GPU_1,2456.8,128.0,100.0
1781677766.72,ROCM_SMI,GPU_2,2456.8,131.0,100.0
1781677766.72,ROCM_SMI,GPU_3,2456.8,133.0,100.0
1781677766.72,ROCM_SMI,GPU_4,2456.8,128.0,100.0
1781677768.91,ROCM_SMI,GPU_1,2456.8,125.0,100.0
1781677768.91,ROCM_SMI,GPU_2,2456.8,130.0,100.0
1781677768.91,ROCM_SMI,GPU_3,2456.8,131.0,100.0
1781677768.91,ROCM_SMI,GPU_4,2456.8,127.0,100.0
1781677771.10,ROCM_SMI,GPU_1,2456.8,126.0,100.0
1781677771.10,ROCM_SMI,GPU_2,2456.8,129.0,100.0
1781677771.10,ROCM_SMI,GPU_3,2456.8,130.0,100.0
1781677771.10,ROCM_SMI,GPU_4,2456.8,128.0,100.0
1781677773.30,ROCM_SMI,GPU_1,2456.8,126.0,100.0
1781677773.30,ROCM_SMI,GPU_2,2456.8,129.0,100.0
1781677773.30,ROCM_SMI,GPU_3,2456.8,131.0,100.0
1781677773.30,ROCM_SMI,GPU_4,2456.8,126.0,100.0
1781677775.49,ROCM_SMI,GPU_1,2456.8,120.0,100.0
1781677775.49,ROCM_SMI,GPU_2,2456.8,125.0,100.0
1781677775.49,ROCM_SMI,GPU_3,2456.8,127.0,100.0
1781677775.49,ROCM_SMI,GPU_4,2456.8,121.0,100.0
1781677777.68,ROCM_SMI,GPU_1,2456.8,126.0,100.0
1781677777.68,ROCM_SMI,GPU_2,2456.8,130.0,100.0
1781677777.68,ROCM_SMI,GPU_3,2456.8,130.0,100.0
1781677777.68,ROCM_SMI,GPU_4,2456.8,128.0,100.0
1781677779.87,ROCM_SMI,GPU_1,2456.8,125.0,100.0
1781677779.87,ROCM_SMI,GPU_2,2456.8,129.0,76.0
1781677779.87,ROCM_SMI,GPU_3,2456.8,129.0,100.0
1781677779.87,ROCM_SMI,GPU_4,2456.8,128.0,100.0
1781677782.07,ROCM_SMI,GPU_1,2456.8,129.0,100.0
1781677782.07,ROCM_SMI,GPU_2,2456.8,134.0,100.0
1781677782.07,ROCM_SMI,GPU_3,2456.8,135.0,100.0
1781677782.07,ROCM_SMI,GPU_4,2456.8,131.0,100.0
1781677784.26,ROCM_SMI,GPU_1,2456.8,131.0,100.0
1781677784.26,ROCM_SMI,GPU_2,2456.8,135.0,100.0
1781677784.26,ROCM_SMI,GPU_3,2456.8,137.0,100.0
1781677784.26,ROCM_SMI,GPU_4,2456.8,133.0,100.0
1781677786.45,ROCM_SMI,GPU_1,2456.8,131.0,100.0
1781677786.45,ROCM_SMI,GPU_2,2456.8,134.0,100.0
1781677786.45,ROCM_SMI,GPU_3,2456.8,135.0,100.0
1781677786.45,ROCM_SMI,GPU_4,2456.8,131.0,100.0
1781677788.64,ROCM_SMI,GPU_1,2456.8,126.0,100.0
1781677788.64,ROCM_SMI,GPU_2,2456.8,130.0,100.0
1781677788.64,ROCM_SMI,GPU_3,2456.8,131.0,100.0
1781677788.64,ROCM_SMI,GPU_4,2456.8,126.0,100.0
1781677790.84,ROCM_SMI,GPU_1,2456.8,128.0,100.0
1781677790.84,ROCM_SMI,GPU_2,2456.8,130.0,100.0
1781677790.84,ROCM_SMI,GPU_3,2456.8,131.0,100.0
1781677790.84,ROCM_SMI,GPU_4,2456.8,128.0,100.0
1781677793.03,ROCM_SMI,GPU_1,2456.8,126.0,100.0
1781677793.03,ROCM_SMI,GPU_2,2456.8,131.0,100.0
1781677793.03,ROCM_SMI,GPU_3,2456.8,132.0,100.0
1781677793.03,ROCM_SMI,GPU_4,2456.8,128.0,100.0
1781677795.22,ROCM_SMI,GPU_1,2456.8,127.0,100.0
1781677795.22,ROCM_SMI,GPU_2,2456.8,130.0,100.0
1781677795.22,ROCM_SMI,GPU_3,2456.8,131.0,100.0
1781677795.22,ROCM_SMI,GPU_4,2456.8,128.0,100.0
1781677797.41,ROCM_SMI,GPU_1,2456.8,127.0,100.0
1781677797.41,ROCM_SMI,GPU_2,2456.8,130.0,100.0
1781677797.41,ROCM_SMI,GPU_3,2456.8,131.0,100.0
1781677797.41,ROCM_SMI,GPU_4,2456.8,128.0,100.0
1781677799.60,ROCM_SMI,GPU_1,2456.8,126.0,100.0
1781677799.60,ROCM_SMI,GPU_2,2456.8,129.0,100.0
1781677799.60,ROCM_SMI,GPU_3,2456.8,130.0,100.0
1781677799.60,ROCM_SMI,GPU_4,2456.8,128.0,100.0
1781677801.80,ROCM_SMI,GPU_1,2456.8,126.0,100.0
1781677801.80,ROCM_SMI,GPU_2,2456.8,128.0,82.0
1781677801.80,ROCM_SMI,GPU_3,2456.8,131.0,100.0
1781677801.80,ROCM_SMI,GPU_4,2456.8,130.0,100.0
1781677804.00,ROCM_SMI,GPU_1,2456.8,131.0,100.0
1781677804.00,ROCM_SMI,GPU_2,2456.8,135.0,100.0
1781677804.00,ROCM_SMI,GPU_3,2456.8,136.0,100.0
1781677804.00,ROCM_SMI,GPU_4,2456.8,133.0,100.0
1781677806.19,ROCM_SMI,GPU_1,2456.8,133.0,100.0
1781677806.19,ROCM_SMI,GPU_2,2456.8,136.0,100.0
1781677806.19,ROCM_SMI,GPU_3,2456.8,138.0,100.0
1781677806.19,ROCM_SMI,GPU_4,2456.8,134.0,100.0
1781677808.38,ROCM_SMI,GPU_1,2456.8,128.0,100.0
1781677808.38,ROCM_SMI,GPU_2,2456.8,134.0,100.0
1781677808.38,ROCM_SMI,GPU_3,2456.8,133.0,100.0
1781677808.38,ROCM_SMI,GPU_4,2456.8,129.0,100.0
1781677810.57,ROCM_SMI,GPU_1,2456.8,128.0,100.0
1781677810.57,ROCM_SMI,GPU_2,2456.8,131.0,100.0
1781677810.57,ROCM_SMI,GPU_3,2456.8,130.0,100.0
1781677810.57,ROCM_SMI,GPU_4,2456.8,128.0,100.0
1781677812.77,ROCM_SMI,GPU_1,2456.8,126.0,100.0
1781677812.77,ROCM_SMI,GPU_2,2456.8,132.0,100.0
1781677812.77,ROCM_SMI,GPU_3,2456.8,131.0,100.0
1781677812.77,ROCM_SMI,GPU_4,2456.8,129.0,100.0
1781677814.96,ROCM_SMI,GPU_1,2456.8,122.0,100.0
1781677814.96,ROCM_SMI,GPU_2,2456.8,125.0,100.0
1781677814.96,ROCM_SMI,GPU_3,2456.8,127.0,100.0
1781677814.96,ROCM_SMI,GPU_4,2456.8,124.0,100.0
1781677817.15,ROCM_SMI,GPU_1,2456.8,126.0,100.0
1781677817.15,ROCM_SMI,GPU_2,2456.8,130.0,100.0
1781677817.15,ROCM_SMI,GPU_3,2456.8,131.0,100.0
1781677817.15,ROCM_SMI,GPU_4,2456.8,128.0,100.0
1781677819.34,ROCM_SMI,GPU_1,2456.8,126.0,100.0
1781677819.34,ROCM_SMI,GPU_2,2456.8,131.0,100.0
1781677819.34,ROCM_SMI,GPU_3,2456.8,132.0,100.0
1781677819.34,ROCM_SMI,GPU_4,2456.8,128.0,100.0
1781677821.54,ROCM_SMI,GPU_1,2456.8,126.0,100.0
1781677821.54,ROCM_SMI,GPU_2,2456.8,128.0,100.0
1781677821.54,ROCM_SMI,GPU_3,2456.8,131.0,100.0
1781677821.54,ROCM_SMI,GPU_4,2456.8,126.0,100.0
1781677823.73,ROCM_SMI,GPU_1,2456.8,125.0,100.0
1781677823.73,ROCM_SMI,GPU_2,2456.8,130.0,84.0
1781677823.73,ROCM_SMI,GPU_3,2456.8,129.0,100.0
1781677823.73,ROCM_SMI,GPU_4,2456.8,128.0,100.0
1781677825.92,ROCM_SMI,GPU_1,2456.8,128.0,100.0
1781677825.92,ROCM_SMI,GPU_2,2456.8,132.0,100.0
1781677825.92,ROCM_SMI,GPU_3,2456.8,136.0,100.0
1781677825.92,ROCM_SMI,GPU_4,2456.8,133.0,100.0
1781677828.11,ROCM_SMI,GPU_1,2456.8,130.0,100.0
1781677828.11,ROCM_SMI,GPU_2,2456.8,134.0,100.0
1781677828.11,ROCM_SMI,GPU_3,2456.8,135.0,100.0
1781677828.11,ROCM_SMI,GPU_4,2456.8,132.0,100.0
1781677830.31,ROCM_SMI,GPU_1,2456.8,133.0,100.0
1781677830.31,ROCM_SMI,GPU_2,2456.8,136.0,100.0
1781677830.31,ROCM_SMI,GPU_3,2456.8,138.0,100.0
1781677830.31,ROCM_SMI,GPU_4,2456.8,134.0,100.0
1781677832.50,ROCM_SMI,GPU_1,2456.8,131.0,100.0
1781677832.50,ROCM_SMI,GPU_2,2456.8,134.0,100.0
1781677832.50,ROCM_SMI,GPU_3,2456.8,134.0,100.0
1781677832.50,ROCM_SMI,GPU_4,2456.8,130.0,100.0
1781677834.69,ROCM_SMI,GPU_1,2456.8,128.0,100.0
1781677834.69,ROCM_SMI,GPU_2,2456.8,130.0,100.0
1781677834.69,ROCM_SMI,GPU_3,2456.8,132.0,100.0
1781677834.69,ROCM_SMI,GPU_4,2456.8,128.0,100.0
1781677836.88,ROCM_SMI,GPU_1,2456.8,127.0,100.0
1781677836.88,ROCM_SMI,GPU_2,2456.8,130.0,100.0
1781677836.88,ROCM_SMI,GPU_3,2456.8,131.0,100.0
1781677836.88,ROCM_SMI,GPU_4,2456.8,127.0,100.0
1781677839.07,ROCM_SMI,GPU_1,2456.8,127.0,100.0
1781677839.07,ROCM_SMI,GPU_2,2456.8,130.0,100.0
1781677839.07,ROCM_SMI,GPU_3,2456.8,132.0,100.0
1781677839.07,ROCM_SMI,GPU_4,2456.8,129.0,100.0
1781677841.27,ROCM_SMI,GPU_1,2456.8,129.0,100.0
1781677841.27,ROCM_SMI,GPU_2,2456.8,131.0,100.0
1781677841.27,ROCM_SMI,GPU_3,2456.8,135.0,100.0
1781677841.27,ROCM_SMI,GPU_4,2456.8,129.0,100.0
1781677843.46,ROCM_SMI,GPU_1,2456.8,127.0,100.0
1781677843.46,ROCM_SMI,GPU_2,2456.8,131.0,100.0
1781677843.46,ROCM_SMI,GPU_3,2456.8,131.0,100.0
1781677843.46,ROCM_SMI,GPU_4,2456.8,127.0,100.0
1781677845.66,ROCM_SMI,GPU_1,2456.8,127.0,100.0
1781677845.66,ROCM_SMI,GPU_2,2456.8,130.0,100.0
1781677845.66,ROCM_SMI,GPU_3,2456.8,131.0,100.0
1781677845.66,ROCM_SMI,GPU_4,2456.8,126.0,82.0
1781677847.85,ROCM_SMI,GPU_1,2456.8,126.0,83.0
1781677847.85,ROCM_SMI,GPU_2,2456.8,130.0,100.0
1781677847.85,ROCM_SMI,GPU_3,2456.8,132.0,100.0
1781677847.85,ROCM_SMI,GPU_4,2456.8,131.0,100.0
1781677850.04,ROCM_SMI,GPU_1,2456.8,132.0,100.0
1781677850.04,ROCM_SMI,GPU_2,2456.8,135.0,100.0
1781677850.04,ROCM_SMI,GPU_3,2456.8,137.0,100.0
1781677850.04,ROCM_SMI,GPU_4,2456.8,132.0,100.0
1781677852.24,ROCM_SMI,GPU_1,2456.8,133.0,100.0
1781677852.24,ROCM_SMI,GPU_2,2456.8,136.0,100.0
1781677852.24,ROCM_SMI,GPU_3,2456.8,137.0,100.0
1781677852.24,ROCM_SMI,GPU_4,2456.8,133.0,100.0
1781677854.43,ROCM_SMI,GPU_1,2456.8,128.0,100.0
1781677854.43,ROCM_SMI,GPU_2,2456.8,130.0,100.0
1781677854.43,ROCM_SMI,GPU_3,2456.8,130.0,100.0
1781677854.43,ROCM_SMI,GPU_4,2456.8,127.0,100.0
1781677856.63,ROCM_SMI,GPU_1,2456.8,107.0,100.0
1781677856.63,ROCM_SMI,GPU_2,2456.8,122.0,100.0
1781677856.63,ROCM_SMI,GPU_3,2456.8,142.0,100.0
1781677856.63,ROCM_SMI,GPU_4,2456.8,118.0,100.0
1781677858.82,ROCM_SMI,GPU_1,2456.8,126.0,100.0
1781677858.82,ROCM_SMI,GPU_2,2456.8,131.0,100.0
1781677858.82,ROCM_SMI,GPU_3,2456.8,132.0,100.0
1781677858.82,ROCM_SMI,GPU_4,2456.8,129.0,100.0
1781677861.02,ROCM_SMI,GPU_1,2456.8,127.0,100.0
1781677861.02,ROCM_SMI,GPU_2,2456.8,131.0,100.0
1781677861.02,ROCM_SMI,GPU_3,2456.8,132.0,100.0
1781677861.02,ROCM_SMI,GPU_4,2456.8,128.0,100.0
1781677863.22,ROCM_SMI,GPU_1,2456.8,126.0,100.0
1781677863.22,ROCM_SMI,GPU_2,2456.8,131.0,100.0
1781677863.22,ROCM_SMI,GPU_3,2456.8,131.0,100.0
1781677863.22,ROCM_SMI,GPU_4,2456.8,127.0,100.0
1781677865.42,ROCM_SMI,GPU_1,2456.8,125.0,82.0
1781677865.42,ROCM_SMI,GPU_2,2456.8,131.0,100.0
1781677865.42,ROCM_SMI,GPU_3,2456.8,133.0,100.0
1781677865.42,ROCM_SMI,GPU_4,2456.8,131.0,100.0
1781677867.61,ROCM_SMI,GPU_1,2456.8,132.0,100.0
1781677867.61,ROCM_SMI,GPU_2,2456.8,136.0,100.0
1781677867.61,ROCM_SMI,GPU_3,2456.8,136.0,100.0
1781677867.61,ROCM_SMI,GPU_4,2456.8,131.0,100.0
1781677869.81,ROCM_SMI,GPU_1,2456.8,131.0,100.0
1781677869.81,ROCM_SMI,GPU_2,2456.8,136.0,100.0
1781677869.81,ROCM_SMI,GPU_3,2456.8,136.0,100.0
1781677869.81,ROCM_SMI,GPU_4,2456.8,133.0,100.0
1781677872.00,ROCM_SMI,GPU_1,2456.8,128.0,100.0
1781677872.00,ROCM_SMI,GPU_2,2456.8,130.0,100.0
1781677872.00,ROCM_SMI,GPU_3,2456.8,132.0,100.0
1781677872.00,ROCM_SMI,GPU_4,2456.8,128.0,100.0
1781677874.19,ROCM_SMI,GPU_1,2456.8,127.0,100.0
1781677874.19,ROCM_SMI,GPU_2,2456.8,130.0,100.0
1781677874.19,ROCM_SMI,GPU_3,2456.8,133.0,100.0
1781677874.19,ROCM_SMI,GPU_4,2456.8,129.0,100.0
1781677876.38,ROCM_SMI,GPU_1,2456.8,128.0,100.0
1781677876.38,ROCM_SMI,GPU_2,2456.8,132.0,100.0
1781677876.38,ROCM_SMI,GPU_3,2456.8,132.0,100.0
1781677876.38,ROCM_SMI,GPU_4,2456.8,128.0,100.0
1781677878.58,ROCM_SMI,GPU_1,2456.8,128.0,100.0
1781677878.58,ROCM_SMI,GPU_2,2456.8,132.0,100.0
1781677878.58,ROCM_SMI,GPU_3,2456.8,133.0,100.0
1781677878.58,ROCM_SMI,GPU_4,2456.8,129.0,100.0
1781677880.77,ROCM_SMI,GPU_1,2456.8,128.0,100.0
1781677880.77,ROCM_SMI,GPU_2,2456.8,131.0,100.0
1781677880.77,ROCM_SMI,GPU_3,2456.8,132.0,100.0
1781677880.77,ROCM_SMI,GPU_4,2456.8,128.0,100.0
1781677882.96,ROCM_SMI,GPU_1,2456.8,128.0,100.0
1781677882.96,ROCM_SMI,GPU_2,2456.8,132.0,100.0
1781677882.96,ROCM_SMI,GPU_3,2456.8,135.0,100.0
1781677882.96,ROCM_SMI,GPU_4,2456.8,130.0,100.0
1781677885.16,ROCM_SMI,GPU_1,2456.8,125.0,100.0
1781677885.16,ROCM_SMI,GPU_2,2456.8,129.0,74.0
1781677885.16,ROCM_SMI,GPU_3,2456.8,132.0,100.0
1781677885.16,ROCM_SMI,GPU_4,2456.8,129.0,100.0
1781677887.35,ROCM_SMI,GPU_1,2456.8,130.0,100.0
1781677887.35,ROCM_SMI,GPU_2,2456.8,137.0,100.0
1781677887.35,ROCM_SMI,GPU_3,2456.8,139.0,100.0
1781677887.35,ROCM_SMI,GPU_4,2456.8,133.0,100.0
1781677889.55,ROCM_SMI,GPU_1,2456.8,131.0,100.0
1781677889.55,ROCM_SMI,GPU_2,2456.8,136.0,100.0
1781677889.55,ROCM_SMI,GPU_3,2456.8,138.0,100.0
1781677889.55,ROCM_SMI,GPU_4,2456.8,135.0,100.0
1781677891.74,ROCM_SMI,GPU_1,2456.8,132.0,100.0
1781677891.74,ROCM_SMI,GPU_2,2456.8,136.0,100.0
1781677891.74,ROCM_SMI,GPU_3,2456.8,135.0,100.0
1781677891.74,ROCM_SMI,GPU_4,2456.8,134.0,100.0
1781677893.93,ROCM_SMI,GPU_1,2456.8,127.0,100.0
1781677893.93,ROCM_SMI,GPU_2,2456.8,132.0,100.0
1781677893.93,ROCM_SMI,GPU_3,2456.8,132.0,100.0
1781677893.93,ROCM_SMI,GPU_4,2456.8,128.0,100.0
1781677896.13,ROCM_SMI,GPU_1,2456.8,127.0,100.0
1781677896.13,ROCM_SMI,GPU_2,2456.8,131.0,100.0
1781677896.13,ROCM_SMI,GPU_3,2456.8,133.0,100.0
1781677896.13,ROCM_SMI,GPU_4,2456.8,128.0,100.0
1781678012.28,ROCM_SMI,GPU_1,0.0,51.0,0.0
1781678012.28,ROCM_SMI,GPU_2,0.0,50.0,0.0
1781678012.28,ROCM_SMI,GPU_3,0.0,56.0,0.0
1781678012.28,ROCM_SMI,GPU_4,0.0,51.0,0.0
1781678014.47,ROCM_SMI,GPU_1,2456.8,122.0,100.0
1781678014.47,ROCM_SMI,GPU_2,2456.8,125.0,77.0
1781678014.47,ROCM_SMI,GPU_3,2456.8,126.0,100.0
1781678014.47,ROCM_SMI,GPU_4,2456.8,126.0,100.0
1781678016.67,ROCM_SMI,GPU_1,2456.8,124.0,100.0
1781678016.67,ROCM_SMI,GPU_2,2456.8,133.0,100.0
1781678016.67,ROCM_SMI,GPU_3,2456.8,133.0,100.0
1781678016.67,ROCM_SMI,GPU_4,2456.8,130.0,100.0
1781678018.86,ROCM_SMI,GPU_1,2456.8,129.0,100.0
1781678018.86,ROCM_SMI,GPU_2,2456.8,133.0,100.0
1781678018.86,ROCM_SMI,GPU_3,2456.8,134.0,100.0
1781678018.86,ROCM_SMI,GPU_4,2456.8,131.0,100.0
1781678021.05,ROCM_SMI,GPU_1,2456.8,128.0,100.0
1781678021.05,ROCM_SMI,GPU_2,2456.8,132.0,100.0
1781678021.05,ROCM_SMI,GPU_3,2456.8,133.0,100.0
1781678021.05,ROCM_SMI,GPU_4,2456.8,129.0,100.0
1781678023.24,ROCM_SMI,GPU_1,2456.8,124.0,100.0
1781678023.24,ROCM_SMI,GPU_2,2456.8,128.0,100.0
1781678023.24,ROCM_SMI,GPU_3,2456.8,129.0,100.0
1781678023.24,ROCM_SMI,GPU_4,2456.8,126.0,100.0
1781678025.43,ROCM_SMI,GPU_1,2456.8,124.0,100.0
1781678025.43,ROCM_SMI,GPU_2,2456.8,128.0,100.0
1781678025.43,ROCM_SMI,GPU_3,2456.8,130.0,100.0
1781678025.43,ROCM_SMI,GPU_4,2456.8,127.0,100.0
1781678027.62,ROCM_SMI,GPU_1,2456.8,125.0,100.0
1781678027.62,ROCM_SMI,GPU_2,2456.8,128.0,100.0
1781678027.62,ROCM_SMI,GPU_3,2456.8,130.0,100.0
1781678027.62,ROCM_SMI,GPU_4,2456.8,126.0,100.0
1781678029.82,ROCM_SMI,GPU_1,2456.8,126.0,100.0
1781678029.82,ROCM_SMI,GPU_2,2456.8,130.0,100.0
1781678029.82,ROCM_SMI,GPU_3,2456.8,131.0,100.0
1781678029.82,ROCM_SMI,GPU_4,2456.8,130.0,100.0
1781678032.01,ROCM_SMI,GPU_1,2456.8,125.0,100.0
1781678032.01,ROCM_SMI,GPU_2,2456.8,128.0,100.0
1781678032.01,ROCM_SMI,GPU_3,2456.8,129.0,100.0
1781678032.01,ROCM_SMI,GPU_4,2456.8,127.0,100.0
1781678034.20,ROCM_SMI,GPU_1,2456.8,124.0,100.0
1781678034.20,ROCM_SMI,GPU_2,2456.8,127.0,93.0
1781678034.20,ROCM_SMI,GPU_3,2456.8,129.0,100.0
1781678034.20,ROCM_SMI,GPU_4,2456.8,125.0,100.0
1781678036.40,ROCM_SMI,GPU_1,2456.8,126.0,100.0
1781678036.40,ROCM_SMI,GPU_2,2456.8,133.0,100.0
1781678036.40,ROCM_SMI,GPU_3,2456.8,135.0,100.0
1781678036.40,ROCM_SMI,GPU_4,2456.8,133.0,100.0
1781678038.59,ROCM_SMI,GPU_1,2456.8,130.0,100.0
1781678038.59,ROCM_SMI,GPU_2,2456.8,134.0,100.0
1781678038.59,ROCM_SMI,GPU_3,2456.8,135.0,100.0
1781678038.59,ROCM_SMI,GPU_4,2456.8,132.0,100.0
1781678040.78,ROCM_SMI,GPU_1,2456.8,132.0,100.0
1781678040.78,ROCM_SMI,GPU_2,2456.8,135.0,100.0
1781678040.78,ROCM_SMI,GPU_3,2456.8,135.0,100.0
1781678040.78,ROCM_SMI,GPU_4,2456.8,133.0,100.0
1781678042.97,ROCM_SMI,GPU_1,2456.8,127.0,100.0
1781678042.97,ROCM_SMI,GPU_2,2456.8,130.0,100.0
1781678042.97,ROCM_SMI,GPU_3,2456.8,132.0,100.0
1781678042.97,ROCM_SMI,GPU_4,2456.8,128.0,100.0
1781678045.17,ROCM_SMI,GPU_1,2456.8,126.0,100.0
1781678045.17,ROCM_SMI,GPU_2,2456.8,129.0,100.0
1781678045.17,ROCM_SMI,GPU_3,2456.8,130.0,100.0
1781678045.17,ROCM_SMI,GPU_4,2456.8,128.0,100.0
1781678047.36,ROCM_SMI,GPU_1,2456.8,126.0,100.0
1781678047.36,ROCM_SMI,GPU_2,2456.8,129.0,100.0
1781678047.36,ROCM_SMI,GPU_3,2456.8,131.0,100.0
1781678047.36,ROCM_SMI,GPU_4,2456.8,127.0,100.0
1781678049.55,ROCM_SMI,GPU_1,2456.8,126.0,100.0
1781678049.55,ROCM_SMI,GPU_2,2456.8,130.0,100.0
1781678049.55,ROCM_SMI,GPU_3,2456.8,130.0,100.0
1781678049.55,ROCM_SMI,GPU_4,2456.8,127.0,100.0
1781678051.74,ROCM_SMI,GPU_1,2456.8,127.0,100.0
1781678051.74,ROCM_SMI,GPU_2,2456.8,130.0,100.0
1781678051.74,ROCM_SMI,GPU_3,2456.8,131.0,100.0
1781678051.74,ROCM_SMI,GPU_4,2456.8,127.0,100.0
1781678053.93,ROCM_SMI,GPU_1,2456.8,125.0,100.0
1781678053.93,ROCM_SMI,GPU_2,2456.8,129.0,100.0
1781678053.93,ROCM_SMI,GPU_3,2456.8,130.0,100.0
1781678053.93,ROCM_SMI,GPU_4,2456.8,128.0,100.0
1781678056.13,ROCM_SMI,GPU_1,2456.8,125.0,100.0
1781678056.13,ROCM_SMI,GPU_2,2456.8,129.0,100.0
1781678056.13,ROCM_SMI,GPU_3,2456.8,130.0,100.0
1781678056.13,ROCM_SMI,GPU_4,2456.8,127.0,100.0
1781678058.33,ROCM_SMI,GPU_1,2456.8,114.0,100.0
1781678058.33,ROCM_SMI,GPU_2,2456.8,117.0,84.0
1781678058.33,ROCM_SMI,GPU_3,2456.8,135.0,100.0
1781678058.33,ROCM_SMI,GPU_4,2456.8,171.0,100.0
1781678060.52,ROCM_SMI,GPU_1,2456.8,131.0,100.0
1781678060.52,ROCM_SMI,GPU_2,2456.8,136.0,100.0
1781678060.52,ROCM_SMI,GPU_3,2456.8,136.0,100.0
1781678060.52,ROCM_SMI,GPU_4,2456.8,132.0,100.0
1781678062.71,ROCM_SMI,GPU_1,2456.8,132.0,100.0
1781678062.71,ROCM_SMI,GPU_2,2456.8,135.0,100.0
1781678062.71,ROCM_SMI,GPU_3,2456.8,137.0,100.0
1781678062.71,ROCM_SMI,GPU_4,2456.8,133.0,100.0
1781678064.91,ROCM_SMI,GPU_1,2456.8,131.0,100.0
1781678064.91,ROCM_SMI,GPU_2,2456.8,135.0,100.0
1781678064.91,ROCM_SMI,GPU_3,2456.8,137.0,100.0
1781678064.91,ROCM_SMI,GPU_4,2456.8,132.0,100.0
1781678067.10,ROCM_SMI,GPU_1,2456.8,127.0,100.0
1781678067.10,ROCM_SMI,GPU_2,2456.8,129.0,100.0
1781678067.10,ROCM_SMI,GPU_3,2456.8,131.0,100.0
1781678067.10,ROCM_SMI,GPU_4,2456.8,127.0,100.0
1781678069.29,ROCM_SMI,GPU_1,2456.8,126.0,100.0
1781678069.29,ROCM_SMI,GPU_2,2456.8,131.0,100.0
1781678069.29,ROCM_SMI,GPU_3,2456.8,131.0,100.0
1781678069.29,ROCM_SMI,GPU_4,2456.8,129.0,100.0
1781678071.49,ROCM_SMI,GPU_1,2456.8,135.0,100.0
1781678071.49,ROCM_SMI,GPU_2,2456.8,140.0,100.0
1781678071.49,ROCM_SMI,GPU_3,2456.8,138.0,100.0
1781678071.49,ROCM_SMI,GPU_4,2456.8,134.0,100.0
1781678073.68,ROCM_SMI,GPU_1,2456.8,126.0,100.0
1781678073.68,ROCM_SMI,GPU_2,2456.8,130.0,100.0
1781678073.68,ROCM_SMI,GPU_3,2456.8,131.0,100.0
1781678073.68,ROCM_SMI,GPU_4,2456.8,128.0,100.0
1781678075.87,ROCM_SMI,GPU_1,2456.8,127.0,100.0
1781678075.87,ROCM_SMI,GPU_2,2456.8,130.0,100.0
1781678075.87,ROCM_SMI,GPU_3,2456.8,132.0,100.0
1781678075.87,ROCM_SMI,GPU_4,2456.8,129.0,100.0
1781678078.06,ROCM_SMI,GPU_1,2456.8,125.0,100.0
1781678078.06,ROCM_SMI,GPU_2,2456.8,130.0,100.0
1781678078.06,ROCM_SMI,GPU_3,2456.8,132.0,100.0
1781678078.06,ROCM_SMI,GPU_4,2456.8,128.0,100.0
1781678080.25,ROCM_SMI,GPU_1,2456.8,127.0,100.0
1781678080.25,ROCM_SMI,GPU_2,2456.8,129.0,100.0
1781678080.25,ROCM_SMI,GPU_3,2456.8,130.0,75.0
1781678080.25,ROCM_SMI,GPU_4,2456.8,126.0,100.0
1781678082.45,ROCM_SMI,GPU_1,2456.8,128.0,100.0
1781678082.45,ROCM_SMI,GPU_2,2456.8,135.0,100.0
1781678082.45,ROCM_SMI,GPU_3,2456.8,136.0,100.0
1781678082.45,ROCM_SMI,GPU_4,2456.8,133.0,100.0
1781678084.65,ROCM_SMI,GPU_1,2456.8,129.0,100.0
1781678084.65,ROCM_SMI,GPU_2,2456.8,132.0,100.0
1781678084.65,ROCM_SMI,GPU_3,2456.8,132.0,100.0
1781678084.65,ROCM_SMI,GPU_4,2456.8,131.0,100.0
1781678086.84,ROCM_SMI,GPU_1,2456.8,128.0,100.0
1781678086.84,ROCM_SMI,GPU_2,2456.8,132.0,100.0
1781678086.84,ROCM_SMI,GPU_3,2456.8,132.0,100.0
1781678086.84,ROCM_SMI,GPU_4,2456.8,128.0,100.0
1781678089.03,ROCM_SMI,GPU_1,2456.8,128.0,100.0
1781678089.03,ROCM_SMI,GPU_2,2456.8,130.0,100.0
1781678089.03,ROCM_SMI,GPU_3,2456.8,131.0,100.0
1781678089.03,ROCM_SMI,GPU_4,2456.8,128.0,100.0
1781678091.22,ROCM_SMI,GPU_1,2456.8,127.0,100.0
1781678091.22,ROCM_SMI,GPU_2,2456.8,132.0,100.0
1781678091.22,ROCM_SMI,GPU_3,2456.8,130.0,100.0
1781678091.22,ROCM_SMI,GPU_4,2456.8,128.0,100.0
1781678093.41,ROCM_SMI,GPU_1,2456.8,127.0,100.0
1781678093.41,ROCM_SMI,GPU_2,2456.8,130.0,100.0
1781678093.41,ROCM_SMI,GPU_3,2456.8,132.0,100.0
1781678093.41,ROCM_SMI,GPU_4,2456.8,129.0,100.0
1781678095.60,ROCM_SMI,GPU_1,2456.8,128.0,100.0
1781678095.60,ROCM_SMI,GPU_2,2456.8,132.0,100.0
1781678095.60,ROCM_SMI,GPU_3,2456.8,131.0,100.0
1781678095.60,ROCM_SMI,GPU_4,2456.8,128.0,100.0
1781678097.80,ROCM_SMI,GPU_1,2456.8,127.0,100.0
1781678097.80,ROCM_SMI,GPU_2,2456.8,130.0,100.0
1781678097.80,ROCM_SMI,GPU_3,2456.8,131.0,100.0
1781678097.80,ROCM_SMI,GPU_4,2456.8,128.0,100.0
1781678100.00,ROCM_SMI,GPU_1,2456.8,127.0,100.0
1781678100.00,ROCM_SMI,GPU_2,2456.8,131.0,100.0
1781678100.00,ROCM_SMI,GPU_3,2456.8,131.0,100.0
1781678100.00,ROCM_SMI,GPU_4,2456.8,129.0,88.0
1781678102.19,ROCM_SMI,GPU_1,2456.8,125.0,74.0
1781678102.19,ROCM_SMI,GPU_2,2456.8,130.0,100.0
1781678102.19,ROCM_SMI,GPU_3,2456.8,132.0,100.0
1781678102.19,ROCM_SMI,GPU_4,2456.8,131.0,100.0
1781678104.38,ROCM_SMI,GPU_1,2456.8,129.0,100.0
1781678104.38,ROCM_SMI,GPU_2,2456.8,135.0,100.0
1781678104.38,ROCM_SMI,GPU_3,2456.8,136.0,100.0
1781678104.38,ROCM_SMI,GPU_4,2456.8,134.0,100.0
1781678106.57,ROCM_SMI,GPU_1,2456.8,132.0,100.0
1781678106.57,ROCM_SMI,GPU_2,2456.8,136.0,100.0
1781678106.57,ROCM_SMI,GPU_3,2456.8,137.0,100.0
1781678106.57,ROCM_SMI,GPU_4,2456.8,133.0,100.0
1781678108.77,ROCM_SMI,GPU_1,2456.8,132.0,100.0
1781678108.77,ROCM_SMI,GPU_2,2456.8,138.0,100.0
1781678108.77,ROCM_SMI,GPU_3,2456.8,137.0,100.0
1781678108.77,ROCM_SMI,GPU_4,2456.8,134.0,100.0
1781678110.96,ROCM_SMI,GPU_1,2456.8,128.0,100.0
1781678110.96,ROCM_SMI,GPU_2,2456.8,132.0,100.0
1781678110.96,ROCM_SMI,GPU_3,2456.8,132.0,100.0
1781678110.96,ROCM_SMI,GPU_4,2456.8,129.0,100.0
1781678113.16,ROCM_SMI,GPU_1,2456.8,123.0,100.0
1781678113.16,ROCM_SMI,GPU_2,2456.8,129.0,100.0
1781678113.16,ROCM_SMI,GPU_3,2456.8,127.0,100.0
1781678113.16,ROCM_SMI,GPU_4,2456.8,127.0,100.0
1781678115.35,ROCM_SMI,GPU_1,2456.8,128.0,100.0
1781678115.35,ROCM_SMI,GPU_2,2456.8,131.0,100.0
1781678115.35,ROCM_SMI,GPU_3,2456.8,131.0,100.0
1781678115.35,ROCM_SMI,GPU_4,2456.8,128.0,100.0
1781678117.54,ROCM_SMI,GPU_1,2456.8,126.0,100.0
1781678117.54,ROCM_SMI,GPU_2,2456.8,131.0,100.0
1781678117.54,ROCM_SMI,GPU_3,2456.8,132.0,100.0
1781678117.54,ROCM_SMI,GPU_4,2456.8,128.0,100.0
1781678119.73,ROCM_SMI,GPU_1,2456.8,126.0,100.0
1781678119.73,ROCM_SMI,GPU_2,2456.8,131.0,100.0
1781678119.73,ROCM_SMI,GPU_3,2456.8,131.0,100.0
1781678119.73,ROCM_SMI,GPU_4,2456.8,127.0,100.0
1781678121.92,ROCM_SMI,GPU_1,2456.8,126.0,100.0
1781678121.92,ROCM_SMI,GPU_2,2456.8,130.0,100.0
1781678121.92,ROCM_SMI,GPU_3,2456.8,131.0,100.0
1781678121.92,ROCM_SMI,GPU_4,2456.8,127.0,100.0
1781678124.11,ROCM_SMI,GPU_1,2456.8,126.0,100.0
1781678124.11,ROCM_SMI,GPU_2,2456.8,129.0,100.0
1781678124.11,ROCM_SMI,GPU_3,2456.8,130.0,100.0
1781678124.11,ROCM_SMI,GPU_4,2456.8,126.0,83.0
1781678126.31,ROCM_SMI,GPU_1,2456.8,119.0,82.0
1781678126.31,ROCM_SMI,GPU_2,2456.8,123.0,100.0
1781678126.31,ROCM_SMI,GPU_3,2456.8,131.0,100.0
1781678126.31,ROCM_SMI,GPU_4,2456.8,131.0,100.0
1781678128.50,ROCM_SMI,GPU_1,2456.8,131.0,100.0
1781678128.50,ROCM_SMI,GPU_2,2456.8,136.0,100.0
1781678128.50,ROCM_SMI,GPU_3,2456.8,137.0,100.0
1781678128.50,ROCM_SMI,GPU_4,2456.8,133.0,100.0
1781678130.69,ROCM_SMI,GPU_1,2456.8,133.0,100.0
1781678130.69,ROCM_SMI,GPU_2,2456.8,137.0,100.0
1781678130.69,ROCM_SMI,GPU_3,2456.8,137.0,100.0
1781678130.69,ROCM_SMI,GPU_4,2456.8,134.0,100.0
1781678132.89,ROCM_SMI,GPU_1,2456.8,132.0,100.0
1781678132.89,ROCM_SMI,GPU_2,2456.8,136.0,100.0
1781678132.89,ROCM_SMI,GPU_3,2456.8,138.0,100.0
1781678132.89,ROCM_SMI,GPU_4,2456.8,133.0,100.0
1781678135.08,ROCM_SMI,GPU_1,2456.8,129.0,100.0
1781678135.08,ROCM_SMI,GPU_2,2456.8,131.0,100.0
1781678135.08,ROCM_SMI,GPU_3,2456.8,131.0,100.0
1781678135.08,ROCM_SMI,GPU_4,2456.8,129.0,100.0
1781678137.27,ROCM_SMI,GPU_1,2456.8,126.0,100.0
1781678137.27,ROCM_SMI,GPU_2,2456.8,130.0,100.0
1781678137.27,ROCM_SMI,GPU_3,2456.8,132.0,100.0
1781678137.27,ROCM_SMI,GPU_4,2456.8,129.0,100.0
1781678139.46,ROCM_SMI,GPU_1,2456.8,129.0,100.0
1781678139.46,ROCM_SMI,GPU_2,2456.8,132.0,100.0
1781678139.46,ROCM_SMI,GPU_3,2456.8,134.0,100.0
1781678139.46,ROCM_SMI,GPU_4,2456.8,130.0,100.0
1781678141.65,ROCM_SMI,GPU_1,2456.8,127.0,100.0
1781678141.65,ROCM_SMI,GPU_2,2456.8,131.0,100.0
1781678141.65,ROCM_SMI,GPU_3,2456.8,131.0,100.0
1781678141.65,ROCM_SMI,GPU_4,2456.8,129.0,100.0
1781678143.84,ROCM_SMI,GPU_1,2456.8,128.0,100.0
1781678143.84,ROCM_SMI,GPU_2,2456.8,131.0,100.0
1781678143.84,ROCM_SMI,GPU_3,2456.8,131.0,100.0
1781678143.84,ROCM_SMI,GPU_4,2456.8,127.0,100.0
1781678146.04,ROCM_SMI,GPU_1,2456.8,127.0,100.0
1781678146.04,ROCM_SMI,GPU_2,2456.8,129.0,100.0
1781678146.04,ROCM_SMI,GPU_3,2456.8,131.0,100.0
1781678146.04,ROCM_SMI,GPU_4,2456.8,127.0,74.0
1781678148.23,ROCM_SMI,GPU_1,2456.8,127.0,82.0
1781678148.23,ROCM_SMI,GPU_2,2456.8,131.0,100.0
1781678148.23,ROCM_SMI,GPU_3,2456.8,133.0,100.0
1781678148.23,ROCM_SMI,GPU_4,2456.8,131.0,100.0
1781678150.43,ROCM_SMI,GPU_1,2456.8,131.0,100.0
1781678150.43,ROCM_SMI,GPU_2,2456.8,136.0,100.0
1781678150.43,ROCM_SMI,GPU_3,2456.8,137.0,100.0
1781678150.43,ROCM_SMI,GPU_4,2456.8,133.0,100.0
1781678152.62,ROCM_SMI,GPU_1,2456.8,133.0,100.0
1781678152.62,ROCM_SMI,GPU_2,2456.8,137.0,100.0
1781678152.62,ROCM_SMI,GPU_3,2456.8,138.0,100.0
1781678152.62,ROCM_SMI,GPU_4,2456.8,134.0,100.0
1781678154.81,ROCM_SMI,GPU_1,2456.8,130.0,100.0
1781678154.81,ROCM_SMI,GPU_2,2456.8,134.0,100.0
1781678154.81,ROCM_SMI,GPU_3,2456.8,135.0,100.0
1781678154.81,ROCM_SMI,GPU_4,2456.8,131.0,100.0
1781678157.00,ROCM_SMI,GPU_1,2456.8,128.0,100.0
1781678157.00,ROCM_SMI,GPU_2,2456.8,130.0,100.0
1781678157.00,ROCM_SMI,GPU_3,2456.8,132.0,100.0
1781678157.00,ROCM_SMI,GPU_4,2456.8,127.0,100.0
1781678159.20,ROCM_SMI,GPU_1,2456.8,127.0,100.0
1781678159.20,ROCM_SMI,GPU_2,2456.8,132.0,100.0
1781678159.20,ROCM_SMI,GPU_3,2456.8,132.0,100.0
1781678159.20,ROCM_SMI,GPU_4,2456.8,128.0,100.0
1781678161.39,ROCM_SMI,GPU_1,2456.8,128.0,100.0
1781678161.39,ROCM_SMI,GPU_2,2456.8,132.0,100.0
1781678161.39,ROCM_SMI,GPU_3,2456.8,133.0,100.0
1781678161.39,ROCM_SMI,GPU_4,2456.8,129.0,100.0
1781678163.58,ROCM_SMI,GPU_1,2456.8,128.0,100.0
1781678163.58,ROCM_SMI,GPU_2,2456.8,131.0,100.0
1781678163.58,ROCM_SMI,GPU_3,2456.8,133.0,100.0
1781678163.58,ROCM_SMI,GPU_4,2456.8,129.0,100.0
1781678165.77,ROCM_SMI,GPU_1,2456.8,129.0,100.0
1781678165.77,ROCM_SMI,GPU_2,2456.8,132.0,100.0
1781678165.77,ROCM_SMI,GPU_3,2456.8,133.0,100.0
1781678165.77,ROCM_SMI,GPU_4,2456.8,127.0,100.0
1781678167.97,ROCM_SMI,GPU_1,2456.8,122.0,100.0
1781678167.97,ROCM_SMI,GPU_2,2456.8,117.0,100.0
1781678167.97,ROCM_SMI,GPU_3,2456.8,122.0,100.0
1781678167.97,ROCM_SMI,GPU_4,2456.8,115.0,98.0
1781678170.16,ROCM_SMI,GPU_1,2456.8,126.0,69.0
1781678170.16,ROCM_SMI,GPU_2,2456.8,129.0,100.0
1781678170.16,ROCM_SMI,GPU_3,2456.8,133.0,100.0
1781678170.16,ROCM_SMI,GPU_4,2456.8,131.0,100.0
1781678172.35,ROCM_SMI,GPU_1,2456.8,132.0,100.0
1781678172.35,ROCM_SMI,GPU_2,2456.8,135.0,100.0
1781678172.35,ROCM_SMI,GPU_3,2456.8,137.0,100.0
1781678172.35,ROCM_SMI,GPU_4,2456.8,133.0,100.0
1781678174.55,ROCM_SMI,GPU_1,2456.8,133.0,100.0
1781678174.55,ROCM_SMI,GPU_2,2456.8,136.0,100.0
1781678174.55,ROCM_SMI,GPU_3,2456.8,138.0,100.0
1781678174.55,ROCM_SMI,GPU_4,2456.8,134.0,100.0
1781678176.74,ROCM_SMI,GPU_1,2456.8,133.0,100.0
1781678176.74,ROCM_SMI,GPU_2,2456.8,137.0,100.0
1781678176.74,ROCM_SMI,GPU_3,2456.8,137.0,100.0
1781678176.74,ROCM_SMI,GPU_4,2456.8,132.0,100.0
1781678178.93,ROCM_SMI,GPU_1,2456.8,127.0,100.0
1781678178.93,ROCM_SMI,GPU_2,2456.8,131.0,100.0
1781678178.93,ROCM_SMI,GPU_3,2456.8,132.0,100.0
1781678178.93,ROCM_SMI,GPU_4,2456.8,128.0,100.0
1781678181.12,ROCM_SMI,GPU_1,2456.8,125.0,100.0
1781678181.12,ROCM_SMI,GPU_2,2456.8,129.0,100.0
1781678181.12,ROCM_SMI,GPU_3,2456.8,127.0,100.0
1781678181.12,ROCM_SMI,GPU_4,2456.8,129.0,100.0
1781678183.31,ROCM_SMI,GPU_1,2456.8,127.0,100.0
1781678183.31,ROCM_SMI,GPU_2,2456.8,131.0,100.0
1781678183.31,ROCM_SMI,GPU_3,2456.8,132.0,100.0
1781678183.31,ROCM_SMI,GPU_4,2456.8,128.0,100.0
1781678185.50,ROCM_SMI,GPU_1,2456.8,127.0,100.0
1781678185.50,ROCM_SMI,GPU_2,2456.8,132.0,100.0
1781678185.50,ROCM_SMI,GPU_3,2456.8,132.0,100.0
1781678185.50,ROCM_SMI,GPU_4,2456.8,128.0,100.0
1781678187.69,ROCM_SMI,GPU_1,2456.8,128.0,100.0
1781678187.69,ROCM_SMI,GPU_2,2456.8,131.0,100.0
1781678187.69,ROCM_SMI,GPU_3,2456.8,132.0,100.0
1781678187.69,ROCM_SMI,GPU_4,2456.8,128.0,100.0
1781678189.89,ROCM_SMI,GPU_1,2456.8,127.0,100.0
1781678189.89,ROCM_SMI,GPU_2,2456.8,131.0,100.0
1781678189.89,ROCM_SMI,GPU_3,2456.8,132.0,100.0
1781678189.89,ROCM_SMI,GPU_4,2456.8,128.0,100.0
1781678192.08,ROCM_SMI,GPU_1,2456.8,126.0,100.0
1781678192.08,ROCM_SMI,GPU_2,2456.8,130.0,73.0
1781678192.08,ROCM_SMI,GPU_3,2456.8,130.0,100.0
1781678192.08,ROCM_SMI,GPU_4,2456.8,130.0,100.0
1781678194.28,ROCM_SMI,GPU_1,2456.8,130.0,100.0
1781678194.28,ROCM_SMI,GPU_2,2456.8,135.0,100.0
1781678194.28,ROCM_SMI,GPU_3,2456.8,138.0,100.0
1781678194.28,ROCM_SMI,GPU_4,2456.8,134.0,100.0
1781678196.47,ROCM_SMI,GPU_1,2456.8,132.0,100.0
1781678196.47,ROCM_SMI,GPU_2,2456.8,137.0,100.0
1781678196.47,ROCM_SMI,GPU_3,2456.8,137.0,100.0
1781678196.47,ROCM_SMI,GPU_4,2456.8,134.0,100.0
1781678198.66,ROCM_SMI,GPU_1,2456.8,133.0,100.0
1781678198.66,ROCM_SMI,GPU_2,2456.8,138.0,100.0
1781678198.66,ROCM_SMI,GPU_3,2456.8,138.0,100.0
1781678198.66,ROCM_SMI,GPU_4,2456.8,134.0,100.0
1781678200.85,ROCM_SMI,GPU_1,2456.8,130.0,100.0
1781678200.85,ROCM_SMI,GPU_2,2456.8,135.0,100.0
1781678200.85,ROCM_SMI,GPU_3,2456.8,135.0,100.0
1781678200.85,ROCM_SMI,GPU_4,2456.8,131.0,100.0
1781678203.05,ROCM_SMI,GPU_1,2456.8,128.0,100.0
1781678203.05,ROCM_SMI,GPU_2,2456.8,132.0,100.0
1781678203.05,ROCM_SMI,GPU_3,2456.8,131.0,100.0
1781678203.05,ROCM_SMI,GPU_4,2456.8,128.0,100.0
1781678205.24,ROCM_SMI,GPU_1,2456.8,128.0,100.0
1781678205.24,ROCM_SMI,GPU_2,2456.8,131.0,100.0
1781678205.24,ROCM_SMI,GPU_3,2456.8,132.0,100.0
1781678205.24,ROCM_SMI,GPU_4,2456.8,127.0,100.0
1781678207.43,ROCM_SMI,GPU_1,2456.8,130.0,100.0
1781678207.43,ROCM_SMI,GPU_2,2456.8,131.0,100.0
1781678207.43,ROCM_SMI,GPU_3,2456.8,133.0,100.0
1781678207.43,ROCM_SMI,GPU_4,2456.8,130.0,100.0
1781678209.62,ROCM_SMI,GPU_1,2456.8,127.0,100.0
1781678209.62,ROCM_SMI,GPU_2,2456.8,131.0,100.0
1781678209.62,ROCM_SMI,GPU_3,2456.8,133.0,100.0
1781678209.62,ROCM_SMI,GPU_4,2456.8,128.0,100.0
1781678211.81,ROCM_SMI,GPU_1,2456.8,128.0,100.0
1781678211.81,ROCM_SMI,GPU_2,2456.8,131.0,100.0
1781678211.81,ROCM_SMI,GPU_3,2456.8,132.0,100.0
1781678211.81,ROCM_SMI,GPU_4,2456.8,127.0,100.0
1781678214.00,ROCM_SMI,GPU_1,2456.8,128.0,100.0
1781678214.00,ROCM_SMI,GPU_2,2456.8,130.0,100.0
1781678214.00,ROCM_SMI,GPU_3,2456.8,131.0,100.0
1781678214.00,ROCM_SMI,GPU_4,2456.8,128.0,100.0
1781678216.21,ROCM_SMI,GPU_1,2456.8,125.0,90.0
1781678216.21,ROCM_SMI,GPU_2,2456.8,129.0,100.0
1781678216.21,ROCM_SMI,GPU_3,2456.8,131.0,100.0
1781678216.21,ROCM_SMI,GPU_4,2456.8,131.0,100.0
1781678218.40,ROCM_SMI,GPU_1,2456.8,132.0,100.0
1781678218.40,ROCM_SMI,GPU_2,2456.8,137.0,100.0
1781678218.40,ROCM_SMI,GPU_3,2456.8,136.0,100.0
1781678218.40,ROCM_SMI,GPU_4,2456.8,133.0,100.0
1781678220.59,ROCM_SMI,GPU_1,2456.8,133.0,100.0
1781678220.59,ROCM_SMI,GPU_2,2456.8,137.0,100.0
1781678220.59,ROCM_SMI,GPU_3,2456.8,138.0,100.0
1781678220.59,ROCM_SMI,GPU_4,2456.8,134.0,100.0
1781678222.78,ROCM_SMI,GPU_1,2456.8,132.0,100.0
1781678222.78,ROCM_SMI,GPU_2,2456.8,136.0,100.0
1781678222.78,ROCM_SMI,GPU_3,2456.8,135.0,100.0
1781678222.78,ROCM_SMI,GPU_4,2456.8,131.0,100.0
1781678224.98,ROCM_SMI,GPU_1,2456.8,127.0,100.0
1781678224.98,ROCM_SMI,GPU_2,2456.8,131.0,100.0
1781678224.98,ROCM_SMI,GPU_3,2456.8,132.0,100.0
1781678224.98,ROCM_SMI,GPU_4,2456.8,127.0,100.0
1781678227.17,ROCM_SMI,GPU_1,2456.8,127.0,100.0
1781678227.17,ROCM_SMI,GPU_2,2456.8,130.0,100.0
1781678227.17,ROCM_SMI,GPU_3,2456.8,131.0,100.0
1781678227.17,ROCM_SMI,GPU_4,2456.8,129.0,100.0
1781678229.37,ROCM_SMI,GPU_1,2456.8,127.0,100.0
1781678229.37,ROCM_SMI,GPU_2,2456.8,131.0,100.0
1781678229.37,ROCM_SMI,GPU_3,2456.8,131.0,100.0
1781678229.37,ROCM_SMI,GPU_4,2456.8,128.0,100.0
1781678231.56,ROCM_SMI,GPU_1,2456.8,127.0,100.0
1781678231.56,ROCM_SMI,GPU_2,2456.8,131.0,100.0
1781678231.56,ROCM_SMI,GPU_3,2456.8,132.0,100.0
1781678231.56,ROCM_SMI,GPU_4,2456.8,128.0,100.0
1781678233.75,ROCM_SMI,GPU_1,2456.8,127.0,100.0
1781678233.75,ROCM_SMI,GPU_2,2456.8,130.0,100.0
1781678233.75,ROCM_SMI,GPU_3,2456.8,132.0,100.0
1781678233.75,ROCM_SMI,GPU_4,2456.8,127.0,100.0
1781678235.94,ROCM_SMI,GPU_1,2456.8,118.0,100.0
1781678235.94,ROCM_SMI,GPU_2,2456.8,121.0,100.0
1781678235.94,ROCM_SMI,GPU_3,2456.8,120.0,86.0
1781678235.94,ROCM_SMI,GPU_4,2456.8,124.0,100.0
1781678238.14,ROCM_SMI,GPU_1,2456.8,128.0,100.0
1781678238.14,ROCM_SMI,GPU_2,2456.8,132.0,100.0
1781678238.14,ROCM_SMI,GPU_3,2456.8,136.0,100.0
1781678238.14,ROCM_SMI,GPU_4,2456.8,134.0,100.0
1781678240.33,ROCM_SMI,GPU_1,2456.8,133.0,100.0
1781678240.33,ROCM_SMI,GPU_2,2456.8,134.0,100.0
1781678240.33,ROCM_SMI,GPU_3,2456.8,137.0,100.0
1781678240.33,ROCM_SMI,GPU_4,2456.8,134.0,100.0
1781678242.52,ROCM_SMI,GPU_1,2456.8,132.0,100.0
1781678242.52,ROCM_SMI,GPU_2,2456.8,136.0,100.0
1781678242.52,ROCM_SMI,GPU_3,2456.8,138.0,100.0
1781678242.52,ROCM_SMI,GPU_4,2456.8,134.0,100.0
1781678244.71,ROCM_SMI,GPU_1,2456.8,127.0,100.0
1781678244.71,ROCM_SMI,GPU_2,2456.8,131.0,100.0
1781678244.71,ROCM_SMI,GPU_3,2456.8,132.0,100.0
1781678244.71,ROCM_SMI,GPU_4,2456.8,130.0,100.0
1781678246.91,ROCM_SMI,GPU_1,2456.8,127.0,100.0
1781678246.91,ROCM_SMI,GPU_2,2456.8,131.0,100.0
1781678246.91,ROCM_SMI,GPU_3,2456.8,133.0,100.0
1781678246.91,ROCM_SMI,GPU_4,2456.8,130.0,100.0
1781678249.10,ROCM_SMI,GPU_1,2456.8,133.0,100.0
1781678249.10,ROCM_SMI,GPU_2,2456.8,136.0,100.0
1781678249.10,ROCM_SMI,GPU_3,2456.8,136.0,100.0
1781678249.10,ROCM_SMI,GPU_4,2456.8,135.0,100.0
1781678251.30,ROCM_SMI,GPU_1,2456.8,128.0,100.0
1781678251.30,ROCM_SMI,GPU_2,2456.8,131.0,100.0
1781678251.30,ROCM_SMI,GPU_3,2456.8,131.0,100.0
1781678251.30,ROCM_SMI,GPU_4,2456.8,128.0,100.0
1781678253.49,ROCM_SMI,GPU_1,2456.8,127.0,100.0
1781678253.49,ROCM_SMI,GPU_2,2456.8,131.0,100.0
1781678253.49,ROCM_SMI,GPU_3,2456.8,132.0,100.0
1781678253.49,ROCM_SMI,GPU_4,2456.8,127.0,100.0
1781678255.69,ROCM_SMI,GPU_1,2456.8,128.0,100.0
1781678255.69,ROCM_SMI,GPU_2,2456.8,131.0,100.0
1781678255.69,ROCM_SMI,GPU_3,2456.8,131.0,100.0
1781678255.69,ROCM_SMI,GPU_4,2456.8,127.0,100.0
1781678257.88,ROCM_SMI,GPU_1,2456.8,126.0,100.0
1781678257.88,ROCM_SMI,GPU_2,2456.8,130.0,100.0
1781678257.88,ROCM_SMI,GPU_3,2456.8,132.0,100.0
1781678257.88,ROCM_SMI,GPU_4,2456.8,129.0,100.0
1781678260.07,ROCM_SMI,GPU_1,2456.8,128.0,100.0
1781678260.07,ROCM_SMI,GPU_2,2456.8,133.0,100.0
1781678260.07,ROCM_SMI,GPU_3,2456.8,137.0,100.0
1781678260.07,ROCM_SMI,GPU_4,2456.8,133.0,100.0
1781678262.26,ROCM_SMI,GPU_1,2456.8,129.0,100.0
1781678262.26,ROCM_SMI,GPU_2,2456.8,133.0,100.0
1781678262.26,ROCM_SMI,GPU_3,2456.8,132.0,100.0
1781678262.26,ROCM_SMI,GPU_4,2456.8,130.0,100.0
1781678264.45,ROCM_SMI,GPU_1,2456.8,133.0,100.0
1781678264.45,ROCM_SMI,GPU_2,2456.8,137.0,100.0
1781678264.45,ROCM_SMI,GPU_3,2456.8,137.0,100.0
1781678264.45,ROCM_SMI,GPU_4,2456.8,132.0,100.0
1781678266.65,ROCM_SMI,GPU_1,2456.8,131.0,100.0
1781678266.65,ROCM_SMI,GPU_2,2456.8,135.0,100.0
1781678266.65,ROCM_SMI,GPU_3,2456.8,134.0,100.0
1781678266.65,ROCM_SMI,GPU_4,2456.8,131.0,100.0
1781678268.84,ROCM_SMI,GPU_1,2456.8,127.0,100.0
1781678268.84,ROCM_SMI,GPU_2,2456.8,130.0,100.0
1781678268.84,ROCM_SMI,GPU_3,2456.8,131.0,100.0
1781678268.84,ROCM_SMI,GPU_4,2456.8,129.0,100.0
1781678271.03,ROCM_SMI,GPU_1,2456.8,128.0,100.0
1781678271.03,ROCM_SMI,GPU_2,2456.8,131.0,100.0
1781678271.03,ROCM_SMI,GPU_3,2456.8,131.0,100.0
1781678271.03,ROCM_SMI,GPU_4,2456.8,130.0,100.0
1781678273.22,ROCM_SMI,GPU_1,2456.8,127.0,100.0
1781678273.22,ROCM_SMI,GPU_2,2456.8,131.0,100.0
1781678273.22,ROCM_SMI,GPU_3,2456.8,132.0,100.0
1781678273.22,ROCM_SMI,GPU_4,2456.8,129.0,100.0
1781678275.41,ROCM_SMI,GPU_1,2456.8,127.0,100.0
1781678275.41,ROCM_SMI,GPU_2,2456.8,131.0,100.0
1781678275.41,ROCM_SMI,GPU_3,2456.8,133.0,100.0
1781678275.41,ROCM_SMI,GPU_4,2456.8,129.0,100.0
1781678277.61,ROCM_SMI,GPU_1,2456.8,127.0,100.0
1781678277.61,ROCM_SMI,GPU_2,2456.8,132.0,100.0
1781678277.61,ROCM_SMI,GPU_3,2456.8,132.0,100.0
1781678277.61,ROCM_SMI,GPU_4,2456.8,129.0,100.0
1781678279.80,ROCM_SMI,GPU_1,2456.8,128.0,100.0
1781678279.80,ROCM_SMI,GPU_2,2456.8,132.0,100.0
1781678279.80,ROCM_SMI,GPU_3,2456.8,131.0,100.0
1781678279.80,ROCM_SMI,GPU_4,2456.8,129.0,100.0
1781678281.99,ROCM_SMI,GPU_1,2456.8,127.0,100.0
1781678281.99,ROCM_SMI,GPU_2,2456.8,130.0,100.0
1781678281.99,ROCM_SMI,GPU_3,2456.8,131.0,100.0
1781678281.99,ROCM_SMI,GPU_4,2456.8,127.0,100.0
1781678284.18,ROCM_SMI,GPU_1,2456.8,127.0,100.0
1781678284.18,ROCM_SMI,GPU_2,2456.8,130.0,100.0
1781678284.18,ROCM_SMI,GPU_3,2456.8,132.0,100.0
1781678284.18,ROCM_SMI,GPU_4,2456.8,128.0,100.0
1781678286.37,ROCM_SMI,GPU_1,2456.8,126.0,92.0
1781678286.37,ROCM_SMI,GPU_2,2456.8,130.0,91.0
1781678286.37,ROCM_SMI,GPU_3,2456.8,131.0,100.0
1781678286.37,ROCM_SMI,GPU_4,2456.8,130.0,100.0
1781678288.57,ROCM_SMI,GPU_1,2456.8,128.0,100.0
1781678288.57,ROCM_SMI,GPU_2,2456.8,133.0,100.0
1781678288.57,ROCM_SMI,GPU_3,2456.8,138.0,100.0
1781678288.57,ROCM_SMI,GPU_4,2456.8,133.0,100.0
1781678290.76,ROCM_SMI,GPU_1,2456.8,134.0,100.0
1781678290.76,ROCM_SMI,GPU_2,2456.8,135.0,100.0
1781678290.76,ROCM_SMI,GPU_3,2456.8,136.0,100.0
1781678290.76,ROCM_SMI,GPU_4,2456.8,133.0,100.0
1781678292.96,ROCM_SMI,GPU_1,2456.8,133.0,100.0
1781678292.96,ROCM_SMI,GPU_2,2456.8,138.0,100.0
1781678292.96,ROCM_SMI,GPU_3,2456.8,138.0,100.0
1781678292.96,ROCM_SMI,GPU_4,2456.8,135.0,100.0
1781678295.15,ROCM_SMI,GPU_1,2456.8,128.0,100.0
1781678295.15,ROCM_SMI,GPU_2,2456.8,131.0,100.0
1781678295.15,ROCM_SMI,GPU_3,2456.8,132.0,100.0
1781678295.15,ROCM_SMI,GPU_4,2456.8,128.0,100.0
1781678297.34,ROCM_SMI,GPU_1,2456.8,128.0,100.0
1781678297.34,ROCM_SMI,GPU_2,2456.8,131.0,100.0
1781678297.34,ROCM_SMI,GPU_3,2456.8,132.0,100.0
1781678297.34,ROCM_SMI,GPU_4,2456.8,130.0,100.0
1781678299.53,ROCM_SMI,GPU_1,2456.8,128.0,100.0
1781678299.53,ROCM_SMI,GPU_2,2456.8,132.0,100.0
1781678299.53,ROCM_SMI,GPU_3,2456.8,132.0,100.0
1781678299.53,ROCM_SMI,GPU_4,2456.8,129.0,100.0
1781678301.72,ROCM_SMI,GPU_1,2456.8,128.0,100.0
1781678301.72,ROCM_SMI,GPU_2,2456.8,131.0,100.0
1781678301.72,ROCM_SMI,GPU_3,2456.8,133.0,100.0
1781678301.72,ROCM_SMI,GPU_4,2456.8,129.0,100.0
1781678303.91,ROCM_SMI,GPU_1,2456.8,125.0,100.0
1781678303.91,ROCM_SMI,GPU_2,2456.8,127.0,100.0
1781678303.91,ROCM_SMI,GPU_3,2456.8,131.0,100.0
1781678303.91,ROCM_SMI,GPU_4,2456.8,126.0,100.0
1781678306.11,ROCM_SMI,GPU_1,2456.8,127.0,100.0
1781678306.11,ROCM_SMI,GPU_2,2456.8,131.0,100.0
1781678306.11,ROCM_SMI,GPU_3,2456.8,131.0,100.0
1781678306.11,ROCM_SMI,GPU_4,2456.8,128.0,100.0
1781678308.30,ROCM_SMI,GPU_1,2456.8,126.0,100.0
1781678308.30,ROCM_SMI,GPU_2,2456.8,129.0,100.0
1781678308.30,ROCM_SMI,GPU_3,2456.8,131.0,100.0
1781678308.30,ROCM_SMI,GPU_4,2456.8,127.0,100.0
1781678310.49,ROCM_SMI,GPU_1,2456.8,127.0,100.0
1781678310.49,ROCM_SMI,GPU_2,2456.8,131.0,100.0
1781678310.49,ROCM_SMI,GPU_3,2456.8,131.0,81.0
1781678310.49,ROCM_SMI,GPU_4,2456.8,127.0,100.0
1781678312.68,ROCM_SMI,GPU_1,2456.8,125.0,83.0
1781678312.68,ROCM_SMI,GPU_2,2456.8,132.0,100.0
1781678312.68,ROCM_SMI,GPU_3,2456.8,134.0,100.0
1781678312.68,ROCM_SMI,GPU_4,2456.8,132.0,100.0
1781678314.88,ROCM_SMI,GPU_1,2456.8,133.0,100.0
1781678314.88,ROCM_SMI,GPU_2,2456.8,135.0,100.0
1781678314.88,ROCM_SMI,GPU_3,2456.8,137.0,100.0
1781678314.88,ROCM_SMI,GPU_4,2456.8,133.0,100.0
1781678317.07,ROCM_SMI,GPU_1,2456.8,132.0,100.0
1781678317.07,ROCM_SMI,GPU_2,2456.8,138.0,100.0
1781678317.07,ROCM_SMI,GPU_3,2456.8,136.0,100.0
1781678317.07,ROCM_SMI,GPU_4,2456.8,135.0,100.0
1781678319.26,ROCM_SMI,GPU_1,2456.8,134.0,100.0
1781678319.26,ROCM_SMI,GPU_2,2456.8,138.0,100.0
1781678319.26,ROCM_SMI,GPU_3,2456.8,138.0,100.0
1781678319.26,ROCM_SMI,GPU_4,2456.8,134.0,100.0
1781678321.45,ROCM_SMI,GPU_1,2456.8,130.0,100.0
1781678321.45,ROCM_SMI,GPU_2,2456.8,133.0,100.0
1781678321.45,ROCM_SMI,GPU_3,2456.8,134.0,100.0
1781678321.45,ROCM_SMI,GPU_4,2456.8,129.0,100.0
1781678323.64,ROCM_SMI,GPU_1,2456.8,128.0,100.0
1781678323.64,ROCM_SMI,GPU_2,2456.8,131.0,100.0
1781678323.64,ROCM_SMI,GPU_3,2456.8,131.0,100.0
1781678323.64,ROCM_SMI,GPU_4,2456.8,127.0,100.0
1781678325.83,ROCM_SMI,GPU_1,2456.8,129.0,100.0
1781678325.83,ROCM_SMI,GPU_2,2456.8,131.0,100.0
1781678325.83,ROCM_SMI,GPU_3,2456.8,133.0,100.0
1781678325.83,ROCM_SMI,GPU_4,2456.8,129.0,100.0
1781678328.02,ROCM_SMI,GPU_1,2456.8,127.0,100.0
1781678328.02,ROCM_SMI,GPU_2,2456.8,132.0,100.0
1781678328.02,ROCM_SMI,GPU_3,2456.8,132.0,100.0
1781678328.02,ROCM_SMI,GPU_4,2456.8,128.0,100.0
1781678330.22,ROCM_SMI,GPU_1,2456.8,128.0,100.0
1781678330.22,ROCM_SMI,GPU_2,2456.8,133.0,100.0
1781678330.22,ROCM_SMI,GPU_3,2456.8,135.0,100.0
1781678330.22,ROCM_SMI,GPU_4,2456.8,134.0,100.0
1781678332.41,ROCM_SMI,GPU_1,2456.8,129.0,100.0
1781678332.41,ROCM_SMI,GPU_2,2456.8,131.0,100.0
1781678332.41,ROCM_SMI,GPU_3,2456.8,131.0,100.0
1781678332.41,ROCM_SMI,GPU_4,2456.8,128.0,100.0
1781678334.60,ROCM_SMI,GPU_1,2456.8,127.0,100.0
1781678334.60,ROCM_SMI,GPU_2,2456.8,130.0,100.0
1781678334.60,ROCM_SMI,GPU_3,2456.8,133.0,100.0
1781678334.60,ROCM_SMI,GPU_4,2456.8,128.0,100.0
1781678336.79,ROCM_SMI,GPU_1,2456.8,127.0,100.0
1781678336.79,ROCM_SMI,GPU_2,2456.8,130.0,100.0
1781678336.79,ROCM_SMI,GPU_3,2456.8,132.0,100.0
1781678336.79,ROCM_SMI,GPU_4,2456.8,127.0,100.0
1781678338.98,ROCM_SMI,GPU_1,2456.8,127.0,100.0
1781678338.98,ROCM_SMI,GPU_2,2456.8,130.0,100.0
1781678338.98,ROCM_SMI,GPU_3,2456.8,131.0,100.0
1781678338.98,ROCM_SMI,GPU_4,2456.8,127.0,81.0
1781678341.18,ROCM_SMI,GPU_1,2456.8,127.0,80.0
1781678341.18,ROCM_SMI,GPU_2,2456.8,130.0,100.0
1781678341.18,ROCM_SMI,GPU_3,2456.8,133.0,100.0
1781678341.18,ROCM_SMI,GPU_4,2456.8,131.0,100.0
1781678343.37,ROCM_SMI,GPU_1,2456.8,131.0,100.0
1781678343.37,ROCM_SMI,GPU_2,2456.8,137.0,100.0
1781678343.37,ROCM_SMI,GPU_3,2456.8,138.0,100.0
1781678343.37,ROCM_SMI,GPU_4,2456.8,134.0,100.0
1781678345.56,ROCM_SMI,GPU_1,2456.8,128.0,100.0
1781678345.56,ROCM_SMI,GPU_2,2456.8,133.0,100.0
1781678345.56,ROCM_SMI,GPU_3,2456.8,133.0,100.0
1781678345.56,ROCM_SMI,GPU_4,2456.8,130.0,100.0
1781678347.75,ROCM_SMI,GPU_1,2456.8,134.0,100.0
1781678347.75,ROCM_SMI,GPU_2,2456.8,137.0,100.0
1781678347.75,ROCM_SMI,GPU_3,2456.8,137.0,100.0
1781678347.75,ROCM_SMI,GPU_4,2456.8,133.0,100.0
1781678349.94,ROCM_SMI,GPU_1,2456.8,133.0,100.0
1781678349.94,ROCM_SMI,GPU_2,2456.8,135.0,100.0
1781678349.94,ROCM_SMI,GPU_3,2456.8,138.0,100.0
1781678349.94,ROCM_SMI,GPU_4,2456.8,133.0,100.0
1781678352.13,ROCM_SMI,GPU_1,2456.8,128.0,100.0
1781678352.13,ROCM_SMI,GPU_2,2456.8,132.0,100.0
1781678352.13,ROCM_SMI,GPU_3,2456.8,133.0,100.0
1781678352.13,ROCM_SMI,GPU_4,2456.8,128.0,100.0
1781678354.32,ROCM_SMI,GPU_1,2456.8,127.0,100.0
1781678354.32,ROCM_SMI,GPU_2,2456.8,131.0,100.0
1781678354.32,ROCM_SMI,GPU_3,2456.8,133.0,100.0
1781678354.32,ROCM_SMI,GPU_4,2456.8,128.0,100.0
1781678356.51,ROCM_SMI,GPU_1,2456.8,128.0,100.0
1781678356.51,ROCM_SMI,GPU_2,2456.8,131.0,100.0
1781678356.51,ROCM_SMI,GPU_3,2456.8,132.0,100.0
1781678356.51,ROCM_SMI,GPU_4,2456.8,128.0,100.0
1781678358.71,ROCM_SMI,GPU_1,2456.8,127.0,100.0
1781678358.71,ROCM_SMI,GPU_2,2456.8,132.0,100.0
1781678358.71,ROCM_SMI,GPU_3,2456.8,132.0,100.0
1781678358.71,ROCM_SMI,GPU_4,2456.8,129.0,100.0
1781678360.90,ROCM_SMI,GPU_1,2456.8,128.0,100.0
1781678360.90,ROCM_SMI,GPU_2,2456.8,132.0,100.0
1781678360.90,ROCM_SMI,GPU_3,2456.8,132.0,100.0
1781678360.90,ROCM_SMI,GPU_4,2456.8,128.0,100.0
1781678363.09,ROCM_SMI,GPU_1,2456.8,128.0,100.0
1781678363.09,ROCM_SMI,GPU_2,2456.8,132.0,100.0
1781678363.09,ROCM_SMI,GPU_3,2456.8,131.0,100.0
1781678363.09,ROCM_SMI,GPU_4,2456.8,128.0,100.0
1781678365.29,ROCM_SMI,GPU_1,2456.8,128.0,100.0
1781678365.29,ROCM_SMI,GPU_2,2456.8,131.0,100.0
1781678365.29,ROCM_SMI,GPU_3,2456.8,132.0,100.0
1781678365.29,ROCM_SMI,GPU_4,2456.8,128.0,100.0
1781678367.48,ROCM_SMI,GPU_1,2456.8,127.0,100.0
1781678367.48,ROCM_SMI,GPU_2,2456.8,129.0,100.0
1781678367.48,ROCM_SMI,GPU_3,2456.8,130.0,72.0
1781678367.48,ROCM_SMI,GPU_4,2456.8,127.0,100.0
1781678369.67,ROCM_SMI,GPU_1,2456.8,124.0,100.0
1781678369.67,ROCM_SMI,GPU_2,2456.8,132.0,100.0
1781678369.67,ROCM_SMI,GPU_3,2456.8,146.0,100.0
1781678369.67,ROCM_SMI,GPU_4,2456.8,136.0,100.0
1781678371.87,ROCM_SMI,GPU_1,2456.8,140.0,100.0
1781678371.87,ROCM_SMI,GPU_2,2456.8,143.0,100.0
1781678371.87,ROCM_SMI,GPU_3,2456.8,142.0,100.0
1781678371.87,ROCM_SMI,GPU_4,2456.8,142.0,100.0
1781678374.06,ROCM_SMI,GPU_1,2456.8,135.0,100.0
1781678374.06,ROCM_SMI,GPU_2,2456.8,136.0,100.0
1781678374.06,ROCM_SMI,GPU_3,2456.8,139.0,100.0
1781678374.06,ROCM_SMI,GPU_4,2456.8,134.0,100.0
1781678376.26,ROCM_SMI,GPU_1,2456.8,130.0,100.0
1781678376.26,ROCM_SMI,GPU_2,2456.8,133.0,100.0
1781678376.26,ROCM_SMI,GPU_3,2456.8,135.0,100.0
1781678376.26,ROCM_SMI,GPU_4,2456.8,129.0,100.0
1781678378.45,ROCM_SMI,GPU_1,2456.8,128.0,100.0
1781678378.45,ROCM_SMI,GPU_2,2456.8,131.0,100.0
1781678378.45,ROCM_SMI,GPU_3,2456.8,132.0,100.0
1781678378.45,ROCM_SMI,GPU_4,2456.8,129.0,100.0
1781678380.64,ROCM_SMI,GPU_1,2456.8,127.0,100.0
1781678380.64,ROCM_SMI,GPU_2,2456.8,132.0,100.0
1781678380.64,ROCM_SMI,GPU_3,2456.8,133.0,100.0
1781678380.64,ROCM_SMI,GPU_4,2456.8,129.0,100.0
1781678382.84,ROCM_SMI,GPU_1,2456.8,127.0,100.0
1781678382.84,ROCM_SMI,GPU_2,2456.8,131.0,100.0
1781678382.84,ROCM_SMI,GPU_3,2456.8,131.0,100.0
1781678382.84,ROCM_SMI,GPU_4,2456.8,129.0,100.0
1781678385.03,ROCM_SMI,GPU_1,2456.8,135.0,100.0
1781678385.03,ROCM_SMI,GPU_2,2456.8,137.0,100.0
1781678385.03,ROCM_SMI,GPU_3,2456.8,137.0,100.0
1781678385.03,ROCM_SMI,GPU_4,2456.8,129.0,100.0
1781678387.23,ROCM_SMI,GPU_1,2456.8,127.0,100.0
1781678387.23,ROCM_SMI,GPU_2,2456.8,131.0,100.0
1781678387.23,ROCM_SMI,GPU_3,2456.8,130.0,100.0
1781678387.23,ROCM_SMI,GPU_4,2456.8,127.0,100.0
1781678389.42,ROCM_SMI,GPU_1,2456.8,127.0,100.0
1781678389.42,ROCM_SMI,GPU_2,2456.8,130.0,96.0
1781678389.42,ROCM_SMI,GPU_3,2456.8,129.0,100.0
1781678389.42,ROCM_SMI,GPU_4,2456.8,128.0,100.0
1781678391.62,ROCM_SMI,GPU_1,2456.8,127.0,100.0
1781678391.62,ROCM_SMI,GPU_2,2456.8,133.0,100.0
1781678391.62,ROCM_SMI,GPU_3,2456.8,137.0,100.0
1781678391.62,ROCM_SMI,GPU_4,2456.8,133.0,100.0
1781678393.81,ROCM_SMI,GPU_1,2456.8,133.0,100.0
1781678393.81,ROCM_SMI,GPU_2,2456.8,137.0,100.0
1781678393.81,ROCM_SMI,GPU_3,2456.8,136.0,100.0
1781678393.81,ROCM_SMI,GPU_4,2456.8,132.0,100.0
1781678396.00,ROCM_SMI,GPU_1,2456.8,133.0,100.0
1781678396.00,ROCM_SMI,GPU_2,2456.8,137.0,100.0
1781678396.00,ROCM_SMI,GPU_3,2456.8,137.0,100.0
1781678396.00,ROCM_SMI,GPU_4,2456.8,133.0,100.0
1781678398.19,ROCM_SMI,GPU_1,2456.8,128.0,100.0
1781678398.19,ROCM_SMI,GPU_2,2456.8,132.0,100.0
1781678398.19,ROCM_SMI,GPU_3,2456.8,133.0,100.0
1781678398.19,ROCM_SMI,GPU_4,2456.8,129.0,100.0
1781678400.39,ROCM_SMI,GPU_1,2456.8,127.0,100.0
1781678400.39,ROCM_SMI,GPU_2,2456.8,131.0,100.0
1781678400.39,ROCM_SMI,GPU_3,2456.8,133.0,100.0
1781678400.39,ROCM_SMI,GPU_4,2456.8,129.0,100.0
1781678402.58,ROCM_SMI,GPU_1,2456.8,128.0,100.0
1781678402.58,ROCM_SMI,GPU_2,2456.8,131.0,100.0
1781678402.58,ROCM_SMI,GPU_3,2456.8,132.0,100.0
1781678402.58,ROCM_SMI,GPU_4,2456.8,129.0,100.0
1781678404.77,ROCM_SMI,GPU_1,2456.8,128.0,100.0
1781678404.77,ROCM_SMI,GPU_2,2456.8,130.0,100.0
1781678404.77,ROCM_SMI,GPU_3,2456.8,131.0,100.0
1781678404.77,ROCM_SMI,GPU_4,2456.8,129.0,100.0
1781678406.96,ROCM_SMI,GPU_1,2456.8,129.0,100.0
1781678406.96,ROCM_SMI,GPU_2,2456.8,130.0,100.0
1781678406.96,ROCM_SMI,GPU_3,2456.8,132.0,100.0
1781678406.96,ROCM_SMI,GPU_4,2456.8,129.0,100.0
1781678409.16,ROCM_SMI,GPU_1,2456.8,128.0,100.0
1781678409.16,ROCM_SMI,GPU_2,2456.8,131.0,100.0
1781678409.16,ROCM_SMI,GPU_3,2456.8,131.0,100.0
1781678409.16,ROCM_SMI,GPU_4,2456.8,128.0,100.0
1781678411.35,ROCM_SMI,GPU_1,2456.8,127.0,100.0
1781678411.35,ROCM_SMI,GPU_2,2456.8,131.0,100.0
1781678411.35,ROCM_SMI,GPU_3,2456.8,131.0,100.0
1781678411.35,ROCM_SMI,GPU_4,2456.8,127.0,100.0
1781678413.55,ROCM_SMI,GPU_1,2456.8,128.0,100.0
1781678413.55,ROCM_SMI,GPU_2,2456.8,131.0,100.0
1781678413.55,ROCM_SMI,GPU_3,2456.8,131.0,100.0
1781678413.55,ROCM_SMI,GPU_4,2456.8,126.0,75.0
1781678415.74,ROCM_SMI,GPU_1,2456.8,126.0,76.0
1781678415.74,ROCM_SMI,GPU_2,2456.8,130.0,100.0
1781678415.74,ROCM_SMI,GPU_3,2456.8,132.0,100.0
1781678415.74,ROCM_SMI,GPU_4,2456.8,130.0,100.0
1781678417.93,ROCM_SMI,GPU_1,2456.8,131.0,100.0
1781678417.93,ROCM_SMI,GPU_2,2456.8,136.0,100.0
1781678417.93,ROCM_SMI,GPU_3,2456.8,137.0,100.0
1781678417.93,ROCM_SMI,GPU_4,2456.8,132.0,100.0
1781678420.13,ROCM_SMI,GPU_1,2456.8,132.0,100.0
1781678420.13,ROCM_SMI,GPU_2,2456.8,135.0,100.0
1781678420.13,ROCM_SMI,GPU_3,2456.8,139.0,100.0
1781678420.13,ROCM_SMI,GPU_4,2456.8,134.0,100.0
1781678422.32,ROCM_SMI,GPU_1,2456.8,134.0,100.0
1781678422.32,ROCM_SMI,GPU_2,2456.8,137.0,100.0
1781678422.32,ROCM_SMI,GPU_3,2456.8,137.0,100.0
1781678422.32,ROCM_SMI,GPU_4,2456.8,133.0,100.0
1781678424.51,ROCM_SMI,GPU_1,2456.8,127.0,100.0
1781678424.51,ROCM_SMI,GPU_2,2456.8,132.0,100.0
1781678424.51,ROCM_SMI,GPU_3,2456.8,131.0,100.0
1781678424.51,ROCM_SMI,GPU_4,2456.8,128.0,100.0
1781678426.71,ROCM_SMI,GPU_1,2456.8,123.0,100.0
1781678426.71,ROCM_SMI,GPU_2,2456.8,127.0,100.0
1781678426.71,ROCM_SMI,GPU_3,2456.8,128.0,100.0
1781678426.71,ROCM_SMI,GPU_4,2456.8,121.0,100.0
1781678428.90,ROCM_SMI,GPU_1,2456.8,127.0,100.0
1781678428.90,ROCM_SMI,GPU_2,2456.8,131.0,100.0
1781678428.90,ROCM_SMI,GPU_3,2456.8,133.0,100.0
1781678428.90,ROCM_SMI,GPU_4,2456.8,130.0,100.0
1781678431.09,ROCM_SMI,GPU_1,2456.8,127.0,100.0
1781678431.09,ROCM_SMI,GPU_2,2456.8,132.0,100.0
1781678431.09,ROCM_SMI,GPU_3,2456.8,132.0,100.0
1781678431.09,ROCM_SMI,GPU_4,2456.8,128.0,100.0
1781678433.28,ROCM_SMI,GPU_1,2456.8,128.0,100.0
1781678433.28,ROCM_SMI,GPU_2,2456.8,131.0,100.0
1781678433.28,ROCM_SMI,GPU_3,2456.8,133.0,100.0
1781678433.28,ROCM_SMI,GPU_4,2456.8,128.0,100.0
1781678435.47,ROCM_SMI,GPU_1,2456.8,125.0,100.0
1781678435.47,ROCM_SMI,GPU_2,2456.8,123.0,100.0
1781678435.47,ROCM_SMI,GPU_3,2456.8,125.0,100.0
1781678435.47,ROCM_SMI,GPU_4,2456.8,122.0,100.0
1781678437.67,ROCM_SMI,GPU_1,2456.8,127.0,100.0
1781678437.67,ROCM_SMI,GPU_2,2456.8,131.0,100.0
1781678437.67,ROCM_SMI,GPU_3,2456.8,131.0,100.0
1781678437.67,ROCM_SMI,GPU_4,2456.8,128.0,100.0
1781678439.87,ROCM_SMI,GPU_1,2456.8,119.0,83.0
1781678439.87,ROCM_SMI,GPU_2,2456.8,125.0,100.0
1781678439.87,ROCM_SMI,GPU_3,2456.8,131.0,100.0
1781678439.87,ROCM_SMI,GPU_4,2456.8,136.0,100.0
1781678442.06,ROCM_SMI,GPU_1,2456.8,132.0,100.0
1781678442.06,ROCM_SMI,GPU_2,2456.8,135.0,100.0
1781678442.06,ROCM_SMI,GPU_3,2456.8,137.0,100.0
1781678442.06,ROCM_SMI,GPU_4,2456.8,133.0,100.0
1781678444.26,ROCM_SMI,GPU_1,2456.8,133.0,100.0
1781678444.26,ROCM_SMI,GPU_2,2456.8,137.0,100.0
1781678444.26,ROCM_SMI,GPU_3,2456.8,137.0,100.0
1781678444.26,ROCM_SMI,GPU_4,2456.8,133.0,100.0
1781678446.45,ROCM_SMI,GPU_1,2456.8,129.0,100.0
1781678446.45,ROCM_SMI,GPU_2,2456.8,132.0,100.0
1781678446.45,ROCM_SMI,GPU_3,2456.8,132.0,100.0
1781678446.45,ROCM_SMI,GPU_4,2456.8,127.0,100.0
1781678448.65,ROCM_SMI,GPU_1,2456.8,129.0,100.0
1781678448.65,ROCM_SMI,GPU_2,2456.8,131.0,100.0
1781678448.65,ROCM_SMI,GPU_3,2456.8,132.0,100.0
1781678448.65,ROCM_SMI,GPU_4,2456.8,128.0,100.0
1781678450.84,ROCM_SMI,GPU_1,2456.8,129.0,100.0
1781678450.84,ROCM_SMI,GPU_2,2456.8,131.0,100.0
1781678450.84,ROCM_SMI,GPU_3,2456.8,132.0,100.0
1781678450.84,ROCM_SMI,GPU_4,2456.8,128.0,100.0
1781678453.03,ROCM_SMI,GPU_1,2456.8,129.0,100.0
1781678453.03,ROCM_SMI,GPU_2,2456.8,133.0,100.0
1781678453.03,ROCM_SMI,GPU_3,2456.8,134.0,100.0
1781678453.03,ROCM_SMI,GPU_4,2456.8,132.0,100.0
1781678455.22,ROCM_SMI,GPU_1,2456.8,128.0,100.0
1781678455.22,ROCM_SMI,GPU_2,2456.8,132.0,100.0
1781678455.22,ROCM_SMI,GPU_3,2456.8,131.0,100.0
1781678455.22,ROCM_SMI,GPU_4,2456.8,129.0,100.0
1781678457.41,ROCM_SMI,GPU_1,2456.8,127.0,100.0
1781678457.41,ROCM_SMI,GPU_2,2456.8,131.0,100.0
1781678457.41,ROCM_SMI,GPU_3,2456.8,132.0,100.0
1781678457.41,ROCM_SMI,GPU_4,2456.8,128.0,100.0
1781678459.61,ROCM_SMI,GPU_1,2456.8,127.0,100.0
1781678459.61,ROCM_SMI,GPU_2,2456.8,129.0,78.0
1781678459.61,ROCM_SMI,GPU_3,2456.8,130.0,100.0
1781678459.61,ROCM_SMI,GPU_4,2456.8,164.0,100.0
1781678461.81,ROCM_SMI,GPU_1,2456.8,130.0,100.0
1781678461.81,ROCM_SMI,GPU_2,2456.8,134.0,100.0
1781678461.81,ROCM_SMI,GPU_3,2456.8,137.0,100.0
1781678461.81,ROCM_SMI,GPU_4,2456.8,133.0,100.0
1781678464.00,ROCM_SMI,GPU_1,2456.8,133.0,100.0
1781678464.00,ROCM_SMI,GPU_2,2456.8,136.0,100.0
1781678464.00,ROCM_SMI,GPU_3,2456.8,137.0,100.0
1781678464.00,ROCM_SMI,GPU_4,2456.8,134.0,100.0
1781678466.19,ROCM_SMI,GPU_1,2456.8,134.0,100.0
1781678466.19,ROCM_SMI,GPU_2,2456.8,137.0,100.0
1781678466.19,ROCM_SMI,GPU_3,2456.8,132.0,100.0
1781678466.19,ROCM_SMI,GPU_4,2456.8,128.0,100.0
1781678468.38,ROCM_SMI,GPU_1,2456.8,130.0,100.0
1781678468.38,ROCM_SMI,GPU_2,2456.8,133.0,100.0
1781678468.38,ROCM_SMI,GPU_3,2456.8,134.0,100.0
1781678468.38,ROCM_SMI,GPU_4,2456.8,129.0,100.0
1781678470.57,ROCM_SMI,GPU_1,2456.8,127.0,100.0
1781678470.57,ROCM_SMI,GPU_2,2456.8,131.0,100.0
1781678470.57,ROCM_SMI,GPU_3,2456.8,131.0,100.0
1781678470.57,ROCM_SMI,GPU_4,2456.8,128.0,100.0
1781678472.77,ROCM_SMI,GPU_1,2456.8,127.0,100.0
1781678472.77,ROCM_SMI,GPU_2,2456.8,132.0,100.0
1781678472.77,ROCM_SMI,GPU_3,2456.8,132.0,100.0
1781678472.77,ROCM_SMI,GPU_4,2456.8,129.0,100.0
1781678474.96,ROCM_SMI,GPU_1,2456.8,128.0,100.0
1781678474.96,ROCM_SMI,GPU_2,2456.8,131.0,100.0
1781678474.96,ROCM_SMI,GPU_3,2456.8,132.0,100.0
1781678474.96,ROCM_SMI,GPU_4,2456.8,128.0,100.0
1781678477.15,ROCM_SMI,GPU_1,2456.8,127.0,100.0
1781678477.15,ROCM_SMI,GPU_2,2456.8,130.0,100.0
1781678477.15,ROCM_SMI,GPU_3,2456.8,132.0,100.0
1781678477.15,ROCM_SMI,GPU_4,2456.8,128.0,100.0
1781678479.34,ROCM_SMI,GPU_1,2456.8,128.0,100.0
1781678479.34,ROCM_SMI,GPU_2,2456.8,131.0,100.0
1781678479.34,ROCM_SMI,GPU_3,2456.8,132.0,100.0
1781678479.34,ROCM_SMI,GPU_4,2456.8,129.0,100.0
1781678481.53,ROCM_SMI,GPU_1,2456.8,125.0,100.0
1781678481.53,ROCM_SMI,GPU_2,2456.8,132.0,100.0
1781678481.53,ROCM_SMI,GPU_3,2456.8,130.0,100.0
1781678481.53,ROCM_SMI,GPU_4,2456.8,128.0,100.0
1781678483.73,ROCM_SMI,GPU_1,2456.8,127.0,100.0
1781678483.73,ROCM_SMI,GPU_2,2456.8,129.0,81.0
1781678483.73,ROCM_SMI,GPU_3,2456.8,131.0,100.0
1781678483.73,ROCM_SMI,GPU_4,2456.8,130.0,100.0
1781678485.93,ROCM_SMI,GPU_1,2456.8,130.0,100.0
1781678485.93,ROCM_SMI,GPU_2,2456.8,138.0,100.0
1781678485.93,ROCM_SMI,GPU_3,2456.8,137.0,100.0
1781678485.93,ROCM_SMI,GPU_4,2456.8,132.0,100.0
1781678488.12,ROCM_SMI,GPU_1,2456.8,132.0,100.0
1781678488.12,ROCM_SMI,GPU_2,2456.8,136.0,100.0
1781678488.12,ROCM_SMI,GPU_3,2456.8,137.0,100.0
1781678488.12,ROCM_SMI,GPU_4,2456.8,133.0,100.0
1781678490.31,ROCM_SMI,GPU_1,2456.8,134.0,100.0
1781678490.31,ROCM_SMI,GPU_2,2456.8,138.0,100.0
1781678490.31,ROCM_SMI,GPU_3,2456.8,139.0,100.0
1781678490.31,ROCM_SMI,GPU_4,2456.8,133.0,100.0
1781678492.50,ROCM_SMI,GPU_1,2456.8,130.0,100.0
1781678492.50,ROCM_SMI,GPU_2,2456.8,135.0,100.0
1781678492.50,ROCM_SMI,GPU_3,2456.8,134.0,100.0
1781678492.50,ROCM_SMI,GPU_4,2456.8,129.0,100.0
1781678494.70,ROCM_SMI,GPU_1,2456.8,123.0,100.0
1781678494.70,ROCM_SMI,GPU_2,2456.8,126.0,100.0
1781678494.70,ROCM_SMI,GPU_3,2456.8,124.0,100.0
1781678494.70,ROCM_SMI,GPU_4,2456.8,124.0,100.0
1781678496.89,ROCM_SMI,GPU_1,2456.8,128.0,100.0
1781678496.89,ROCM_SMI,GPU_2,2456.8,132.0,100.0
1781678496.89,ROCM_SMI,GPU_3,2456.8,133.0,100.0
1781678496.89,ROCM_SMI,GPU_4,2456.8,128.0,100.0
1781678499.08,ROCM_SMI,GPU_1,2456.8,128.0,100.0
1781678499.08,ROCM_SMI,GPU_2,2456.8,130.0,100.0
1781678499.08,ROCM_SMI,GPU_3,2456.8,132.0,100.0
1781678499.08,ROCM_SMI,GPU_4,2456.8,129.0,100.0
1781678501.28,ROCM_SMI,GPU_1,2456.8,128.0,100.0
1781678501.28,ROCM_SMI,GPU_2,2456.8,131.0,100.0
1781678501.28,ROCM_SMI,GPU_3,2456.8,132.0,100.0
1781678501.28,ROCM_SMI,GPU_4,2456.8,130.0,100.0
1781678503.47,ROCM_SMI,GPU_1,2456.8,127.0,100.0
1781678503.47,ROCM_SMI,GPU_2,2456.8,130.0,100.0
1781678503.47,ROCM_SMI,GPU_3,2456.8,131.0,100.0
1781678503.47,ROCM_SMI,GPU_4,2456.8,128.0,100.0
1781678505.66,ROCM_SMI,GPU_1,2456.8,127.0,100.0
1781678505.66,ROCM_SMI,GPU_2,2456.8,130.0,100.0
1781678505.66,ROCM_SMI,GPU_3,2456.8,131.0,100.0
1781678505.66,ROCM_SMI,GPU_4,2456.8,129.0,100.0
1781678507.85,ROCM_SMI,GPU_1,2456.8,120.0,100.0
1781678507.85,ROCM_SMI,GPU_2,2456.8,124.0,78.0
1781678507.85,ROCM_SMI,GPU_3,2456.8,123.0,100.0
1781678507.85,ROCM_SMI,GPU_4,2456.8,125.0,100.0
1781678510.05,ROCM_SMI,GPU_1,2456.8,129.0,100.0
1781678510.05,ROCM_SMI,GPU_2,2456.8,134.0,100.0
1781678510.05,ROCM_SMI,GPU_3,2456.8,136.0,100.0
1781678510.05,ROCM_SMI,GPU_4,2456.8,133.0,100.0
1781678512.24,ROCM_SMI,GPU_1,2456.8,133.0,100.0
1781678512.24,ROCM_SMI,GPU_2,2456.8,137.0,100.0
1781678512.24,ROCM_SMI,GPU_3,2456.8,137.0,100.0
1781678512.24,ROCM_SMI,GPU_4,2456.8,133.0,100.0
1781678514.43,ROCM_SMI,GPU_1,2456.8,134.0,100.0
1781678514.43,ROCM_SMI,GPU_2,2456.8,137.0,100.0
1781678514.43,ROCM_SMI,GPU_3,2456.8,139.0,100.0
1781678514.43,ROCM_SMI,GPU_4,2456.8,133.0,100.0
1781678516.62,ROCM_SMI,GPU_1,2456.8,131.0,100.0
1781678516.62,ROCM_SMI,GPU_2,2456.8,133.0,100.0
1781678516.62,ROCM_SMI,GPU_3,2456.8,134.0,100.0
1781678516.62,ROCM_SMI,GPU_4,2456.8,129.0,100.0
1781678518.81,ROCM_SMI,GPU_1,2456.8,128.0,100.0
1781678518.81,ROCM_SMI,GPU_2,2456.8,131.0,100.0
1781678518.81,ROCM_SMI,GPU_3,2456.8,131.0,100.0
1781678518.81,ROCM_SMI,GPU_4,2456.8,129.0,100.0
1781678521.01,ROCM_SMI,GPU_1,2456.8,129.0,100.0
1781678521.01,ROCM_SMI,GPU_2,2456.8,134.0,100.0
1781678521.01,ROCM_SMI,GPU_3,2456.8,133.0,100.0
1781678521.01,ROCM_SMI,GPU_4,2456.8,130.0,100.0
1781678523.20,ROCM_SMI,GPU_1,2456.8,128.0,100.0
1781678523.20,ROCM_SMI,GPU_2,2456.8,132.0,100.0
1781678523.20,ROCM_SMI,GPU_3,2456.8,131.0,100.0
1781678523.20,ROCM_SMI,GPU_4,2456.8,129.0,100.0
1781678525.39,ROCM_SMI,GPU_1,2456.8,128.0,100.0
1781678525.39,ROCM_SMI,GPU_2,2456.8,131.0,100.0
1781678525.39,ROCM_SMI,GPU_3,2456.8,133.0,100.0
1781678525.39,ROCM_SMI,GPU_4,2456.8,128.0,100.0
1781678527.58,ROCM_SMI,GPU_1,2456.8,127.0,100.0
1781678527.58,ROCM_SMI,GPU_2,2456.8,133.0,100.0
1781678527.58,ROCM_SMI,GPU_3,2456.8,131.0,100.0
1781678527.58,ROCM_SMI,GPU_4,2456.8,129.0,100.0
1781678529.77,ROCM_SMI,GPU_1,2456.8,127.0,100.0
1781678529.77,ROCM_SMI,GPU_2,2456.8,131.0,100.0
1781678529.77,ROCM_SMI,GPU_3,2456.8,131.0,100.0
1781678529.77,ROCM_SMI,GPU_4,2456.8,127.0,100.0
1781678531.96,ROCM_SMI,GPU_1,2456.8,127.0,100.0
1781678531.96,ROCM_SMI,GPU_2,2456.8,131.0,100.0
1781678531.96,ROCM_SMI,GPU_3,2456.8,131.0,100.0
1781678531.96,ROCM_SMI,GPU_4,2456.8,127.0,100.0
1781678534.16,ROCM_SMI,GPU_1,2456.8,126.0,100.0
1781678534.16,ROCM_SMI,GPU_2,2456.8,131.0,100.0
1781678534.16,ROCM_SMI,GPU_3,2456.8,131.0,100.0
1781678534.16,ROCM_SMI,GPU_4,2456.8,127.0,100.0
1781678536.35,ROCM_SMI,GPU_1,2456.8,126.0,100.0
1781678536.35,ROCM_SMI,GPU_2,2456.8,131.0,100.0
1781678536.35,ROCM_SMI,GPU_3,2456.8,134.0,100.0
1781678536.35,ROCM_SMI,GPU_4,2456.8,133.0,100.0
1781678538.54,ROCM_SMI,GPU_1,2456.8,133.0,100.0
1781678538.54,ROCM_SMI,GPU_2,2456.8,136.0,100.0
1781678538.54,ROCM_SMI,GPU_3,2456.8,136.0,100.0
1781678538.54,ROCM_SMI,GPU_4,2456.8,133.0,100.0
1781678540.73,ROCM_SMI,GPU_1,2456.8,132.0,100.0
1781678540.73,ROCM_SMI,GPU_2,2456.8,137.0,100.0
1781678540.73,ROCM_SMI,GPU_3,2456.8,137.0,100.0
1781678540.73,ROCM_SMI,GPU_4,2456.8,135.0,100.0
1781678542.92,ROCM_SMI,GPU_1,2456.8,133.0,100.0
1781678542.92,ROCM_SMI,GPU_2,2456.8,137.0,100.0
1781678542.92,ROCM_SMI,GPU_3,2456.8,138.0,100.0
1781678542.92,ROCM_SMI,GPU_4,2456.8,133.0,100.0
1781678545.12,ROCM_SMI,GPU_1,2456.8,128.0,100.0
1781678545.12,ROCM_SMI,GPU_2,2456.8,132.0,100.0
1781678545.12,ROCM_SMI,GPU_3,2456.8,134.0,100.0
1781678545.12,ROCM_SMI,GPU_4,2456.8,129.0,100.0
1781678547.31,ROCM_SMI,GPU_1,2456.8,128.0,100.0
1781678547.31,ROCM_SMI,GPU_2,2456.8,131.0,100.0
1781678547.31,ROCM_SMI,GPU_3,2456.8,131.0,100.0
1781678547.31,ROCM_SMI,GPU_4,2456.8,128.0,100.0
1781678549.50,ROCM_SMI,GPU_1,2456.8,127.0,100.0
1781678549.50,ROCM_SMI,GPU_2,2456.8,131.0,100.0
1781678549.50,ROCM_SMI,GPU_3,2456.8,132.0,100.0
1781678549.50,ROCM_SMI,GPU_4,2456.8,129.0,100.0
1781678551.69,ROCM_SMI,GPU_1,2456.8,128.0,100.0
1781678551.69,ROCM_SMI,GPU_2,2456.8,131.0,100.0
1781678551.69,ROCM_SMI,GPU_3,2456.8,133.0,100.0
1781678551.69,ROCM_SMI,GPU_4,2456.8,129.0,100.0
1781678553.89,ROCM_SMI,GPU_1,2456.8,127.0,100.0
1781678553.89,ROCM_SMI,GPU_2,2456.8,131.0,100.0
1781678553.89,ROCM_SMI,GPU_3,2456.8,131.0,100.0
1781678553.89,ROCM_SMI,GPU_4,2456.8,126.0,100.0
1781678556.08,ROCM_SMI,GPU_1,2456.8,126.0,100.0
1781678556.08,ROCM_SMI,GPU_2,2456.8,130.0,100.0
1781678556.08,ROCM_SMI,GPU_3,2456.8,131.0,100.0
1781678556.08,ROCM_SMI,GPU_4,2456.8,128.0,100.0
1781678558.27,ROCM_SMI,GPU_1,2456.8,126.0,100.0
1781678558.27,ROCM_SMI,GPU_2,2456.8,131.0,100.0
1781678558.27,ROCM_SMI,GPU_3,2456.8,131.0,100.0
1781678558.27,ROCM_SMI,GPU_4,2456.8,128.0,100.0
1781678560.46,ROCM_SMI,GPU_1,2456.8,126.0,100.0
1781678560.46,ROCM_SMI,GPU_2,2456.8,130.0,100.0
1781678560.46,ROCM_SMI,GPU_3,2456.8,131.0,97.0
1781678560.46,ROCM_SMI,GPU_4,2456.8,128.0,100.0
1781678562.66,ROCM_SMI,GPU_1,2456.8,124.0,100.0
1781678562.66,ROCM_SMI,GPU_2,2456.8,138.0,100.0
1781678562.66,ROCM_SMI,GPU_3,2456.8,155.0,100.0
1781678562.66,ROCM_SMI,GPU_4,2456.8,155.0,100.0
1781678564.85,ROCM_SMI,GPU_1,2456.8,132.0,100.0
1781678564.85,ROCM_SMI,GPU_2,2456.8,136.0,100.0
1781678564.85,ROCM_SMI,GPU_3,2456.8,137.0,100.0
1781678564.85,ROCM_SMI,GPU_4,2456.8,132.0,100.0
1781678567.05,ROCM_SMI,GPU_1,2456.8,133.0,100.0
1781678567.05,ROCM_SMI,GPU_2,2456.8,136.0,100.0
1781678567.05,ROCM_SMI,GPU_3,2456.8,137.0,100.0
1781678567.05,ROCM_SMI,GPU_4,2456.8,132.0,100.0
1781678569.24,ROCM_SMI,GPU_1,2456.8,128.0,100.0
1781678569.24,ROCM_SMI,GPU_2,2456.8,133.0,100.0
1781678569.24,ROCM_SMI,GPU_3,2456.8,132.0,100.0
1781678569.24,ROCM_SMI,GPU_4,2456.8,129.0,100.0
1781678571.44,ROCM_SMI,GPU_1,2456.8,128.0,100.0
1781678571.44,ROCM_SMI,GPU_2,2456.8,131.0,100.0
1781678571.44,ROCM_SMI,GPU_3,2456.8,132.0,100.0
1781678571.44,ROCM_SMI,GPU_4,2456.8,129.0,100.0
1781678573.63,ROCM_SMI,GPU_1,2456.8,128.0,100.0
1781678573.63,ROCM_SMI,GPU_2,2456.8,132.0,100.0
1781678573.63,ROCM_SMI,GPU_3,2456.8,132.0,100.0
1781678573.63,ROCM_SMI,GPU_4,2456.8,129.0,100.0
1781678575.83,ROCM_SMI,GPU_1,2456.8,133.0,100.0
1781678575.83,ROCM_SMI,GPU_2,2456.8,137.0,100.0
1781678575.83,ROCM_SMI,GPU_3,2456.8,138.0,100.0
1781678575.83,ROCM_SMI,GPU_4,2456.8,133.0,100.0
1781678578.02,ROCM_SMI,GPU_1,2456.8,128.0,100.0
1781678578.02,ROCM_SMI,GPU_2,2456.8,131.0,100.0
1781678578.02,ROCM_SMI,GPU_3,2456.8,132.0,100.0
1781678578.02,ROCM_SMI,GPU_4,2456.8,127.0,100.0
1781678580.21,ROCM_SMI,GPU_1,2456.8,126.0,100.0
1781678580.21,ROCM_SMI,GPU_2,2456.8,131.0,100.0
1781678580.21,ROCM_SMI,GPU_3,2456.8,132.0,100.0
1781678580.21,ROCM_SMI,GPU_4,2456.8,129.0,100.0
1781678582.40,ROCM_SMI,GPU_1,2456.8,126.0,100.0
1781678582.40,ROCM_SMI,GPU_2,2456.8,130.0,100.0
1781678582.40,ROCM_SMI,GPU_3,2456.8,132.0,100.0
1781678582.40,ROCM_SMI,GPU_4,2456.8,129.0,100.0
1781678584.59,ROCM_SMI,GPU_1,2456.8,126.0,100.0
1781678584.59,ROCM_SMI,GPU_2,2456.8,130.0,100.0
1781678584.59,ROCM_SMI,GPU_3,2456.8,130.0,81.0
1781678584.59,ROCM_SMI,GPU_4,2456.8,126.0,100.0
1781678586.78,ROCM_SMI,GPU_1,2456.8,126.0,90.0
1781678586.78,ROCM_SMI,GPU_2,2456.8,130.0,100.0
1781678586.78,ROCM_SMI,GPU_3,2456.8,134.0,100.0
1781678586.78,ROCM_SMI,GPU_4,2456.8,132.0,100.0
1781678588.98,ROCM_SMI,GPU_1,2456.8,132.0,100.0
1781678588.98,ROCM_SMI,GPU_2,2456.8,133.0,100.0
1781678588.98,ROCM_SMI,GPU_3,2456.8,133.0,100.0
1781678588.98,ROCM_SMI,GPU_4,2456.8,130.0,100.0
1781678591.17,ROCM_SMI,GPU_1,2456.8,133.0,100.0
1781678591.17,ROCM_SMI,GPU_2,2456.8,137.0,100.0
1781678591.17,ROCM_SMI,GPU_3,2456.8,138.0,100.0
1781678591.17,ROCM_SMI,GPU_4,2456.8,134.0,100.0
1781678593.36,ROCM_SMI,GPU_1,2456.8,132.0,100.0
1781678593.36,ROCM_SMI,GPU_2,2456.8,134.0,100.0
1781678593.36,ROCM_SMI,GPU_3,2456.8,135.0,100.0
1781678593.36,ROCM_SMI,GPU_4,2456.8,133.0,100.0
1781678595.55,ROCM_SMI,GPU_1,2456.8,127.0,100.0
1781678595.55,ROCM_SMI,GPU_2,2456.8,130.0,100.0
1781678595.55,ROCM_SMI,GPU_3,2456.8,132.0,100.0
1781678595.55,ROCM_SMI,GPU_4,2456.8,128.0,100.0
1781678597.75,ROCM_SMI,GPU_1,2456.8,128.0,100.0
1781678597.75,ROCM_SMI,GPU_2,2456.8,130.0,100.0
1781678597.75,ROCM_SMI,GPU_3,2456.8,132.0,100.0
1781678597.75,ROCM_SMI,GPU_4,2456.8,127.0,100.0
1781678599.94,ROCM_SMI,GPU_1,2456.8,128.0,100.0
1781678599.94,ROCM_SMI,GPU_2,2456.8,131.0,100.0
1781678599.94,ROCM_SMI,GPU_3,2456.8,132.0,100.0
1781678599.94,ROCM_SMI,GPU_4,2456.8,128.0,100.0
1781678602.13,ROCM_SMI,GPU_1,2456.8,128.0,100.0
1781678602.13,ROCM_SMI,GPU_2,2456.8,131.0,100.0
1781678602.13,ROCM_SMI,GPU_3,2456.8,132.0,100.0
1781678602.13,ROCM_SMI,GPU_4,2456.8,129.0,100.0
1781678604.32,ROCM_SMI,GPU_1,2456.8,127.0,100.0
1781678604.32,ROCM_SMI,GPU_2,2456.8,132.0,100.0
1781678604.32,ROCM_SMI,GPU_3,2456.8,133.0,100.0
1781678604.32,ROCM_SMI,GPU_4,2456.8,130.0,100.0
1781678606.51,ROCM_SMI,GPU_1,2456.8,127.0,100.0
1781678606.51,ROCM_SMI,GPU_2,2456.8,132.0,100.0
1781678606.51,ROCM_SMI,GPU_3,2456.8,132.0,100.0
1781678606.51,ROCM_SMI,GPU_4,2456.8,127.0,100.0
1781678608.71,ROCM_SMI,GPU_1,2456.8,128.0,100.0
1781678608.71,ROCM_SMI,GPU_2,2456.8,131.0,100.0
1781678608.71,ROCM_SMI,GPU_3,2456.8,131.0,100.0
1781678608.71,ROCM_SMI,GPU_4,2456.8,126.0,100.0
1781678610.90,ROCM_SMI,GPU_1,2456.8,126.0,100.0
1781678610.90,ROCM_SMI,GPU_2,2456.8,130.0,100.0
1781678610.90,ROCM_SMI,GPU_3,2456.8,130.0,100.0
1781678610.90,ROCM_SMI,GPU_4,2456.8,126.0,83.0
1781678613.09,ROCM_SMI,GPU_1,2456.8,125.0,81.0
1781678613.09,ROCM_SMI,GPU_2,2456.8,130.0,100.0
1781678613.09,ROCM_SMI,GPU_3,2456.8,132.0,100.0
1781678613.09,ROCM_SMI,GPU_4,2456.8,129.0,100.0
1781678615.28,ROCM_SMI,GPU_1,2456.8,129.0,100.0
1781678615.28,ROCM_SMI,GPU_2,2456.8,135.0,100.0
1781678615.28,ROCM_SMI,GPU_3,2456.8,138.0,100.0
1781678615.28,ROCM_SMI,GPU_4,2456.8,135.0,100.0
1781678617.48,ROCM_SMI,GPU_1,2456.8,166.0,100.0
1781678617.48,ROCM_SMI,GPU_2,2456.8,170.0,100.0
1781678617.48,ROCM_SMI,GPU_3,2456.8,155.0,100.0
1781678617.48,ROCM_SMI,GPU_4,2456.8,135.0,100.0
1781678619.67,ROCM_SMI,GPU_1,2456.8,134.0,100.0
1781678619.67,ROCM_SMI,GPU_2,2456.8,137.0,100.0
1781678619.67,ROCM_SMI,GPU_3,2456.8,137.0,100.0
1781678619.67,ROCM_SMI,GPU_4,2456.8,134.0,100.0
1781678621.86,ROCM_SMI,GPU_1,2456.8,130.0,100.0
1781678621.86,ROCM_SMI,GPU_2,2456.8,133.0,100.0
1781678621.86,ROCM_SMI,GPU_3,2456.8,133.0,100.0
1781678621.86,ROCM_SMI,GPU_4,2456.8,130.0,100.0
1781678624.05,ROCM_SMI,GPU_1,2456.8,128.0,100.0
1781678624.05,ROCM_SMI,GPU_2,2456.8,132.0,100.0
1781678624.05,ROCM_SMI,GPU_3,2456.8,132.0,100.0
1781678624.05,ROCM_SMI,GPU_4,2456.8,127.0,100.0
1781678626.24,ROCM_SMI,GPU_1,2456.8,128.0,100.0
1781678626.24,ROCM_SMI,GPU_2,2456.8,132.0,100.0
1781678626.24,ROCM_SMI,GPU_3,2456.8,132.0,100.0
1781678626.24,ROCM_SMI,GPU_4,2456.8,129.0,100.0
1781678628.44,ROCM_SMI,GPU_1,2456.8,127.0,100.0
1781678628.44,ROCM_SMI,GPU_2,2456.8,132.0,100.0
1781678628.44,ROCM_SMI,GPU_3,2456.8,131.0,100.0
1781678628.44,ROCM_SMI,GPU_4,2456.8,129.0,100.0
1781678630.63,ROCM_SMI,GPU_1,2456.8,127.0,100.0
1781678630.63,ROCM_SMI,GPU_2,2456.8,127.0,100.0
1781678630.63,ROCM_SMI,GPU_3,2456.8,128.0,100.0
1781678630.63,ROCM_SMI,GPU_4,2456.8,124.0,100.0
1781678632.82,ROCM_SMI,GPU_1,2456.8,128.0,100.0
1781678632.82,ROCM_SMI,GPU_2,2456.8,132.0,100.0
1781678632.82,ROCM_SMI,GPU_3,2456.8,133.0,100.0
1781678632.82,ROCM_SMI,GPU_4,2456.8,128.0,100.0
1781678635.01,ROCM_SMI,GPU_1,2456.8,128.0,100.0
1781678635.01,ROCM_SMI,GPU_2,2456.8,131.0,100.0
1781678635.01,ROCM_SMI,GPU_3,2456.8,132.0,100.0
1781678635.01,ROCM_SMI,GPU_4,2456.8,126.0,100.0
1781678637.20,ROCM_SMI,GPU_1,2456.8,126.0,100.0
1781678637.20,ROCM_SMI,GPU_2,2456.8,131.0,100.0
1781678637.20,ROCM_SMI,GPU_3,2456.8,132.0,100.0
1781678637.20,ROCM_SMI,GPU_4,2456.8,128.0,100.0
1781678639.39,ROCM_SMI,GPU_1,2456.8,127.0,100.0
1781678639.39,ROCM_SMI,GPU_2,2456.8,130.0,100.0
1781678639.39,ROCM_SMI,GPU_3,2456.8,131.0,100.0
1781678639.39,ROCM_SMI,GPU_4,2456.8,128.0,84.0
1781678641.59,ROCM_SMI,GPU_1,2456.8,127.0,80.0
1781678641.59,ROCM_SMI,GPU_2,2456.8,130.0,100.0
1781678641.59,ROCM_SMI,GPU_3,2456.8,133.0,100.0
1781678641.59,ROCM_SMI,GPU_4,2456.8,131.0,100.0
1781678643.78,ROCM_SMI,GPU_1,2456.8,129.0,100.0
1781678643.78,ROCM_SMI,GPU_2,2456.8,134.0,100.0
1781678643.78,ROCM_SMI,GPU_3,2456.8,136.0,100.0
1781678643.78,ROCM_SMI,GPU_4,2456.8,130.0,100.0
1781678645.97,ROCM_SMI,GPU_1,2456.8,133.0,100.0
1781678645.97,ROCM_SMI,GPU_2,2456.8,136.0,100.0
1781678645.97,ROCM_SMI,GPU_3,2456.8,138.0,100.0
1781678645.97,ROCM_SMI,GPU_4,2456.8,135.0,100.0
1781678648.16,ROCM_SMI,GPU_1,2456.8,133.0,100.0
1781678648.16,ROCM_SMI,GPU_2,2456.8,137.0,100.0
1781678648.16,ROCM_SMI,GPU_3,2456.8,137.0,100.0
1781678648.16,ROCM_SMI,GPU_4,2456.8,134.0,100.0
1781678650.35,ROCM_SMI,GPU_1,2456.8,129.0,100.0
1781678650.35,ROCM_SMI,GPU_2,2456.8,132.0,100.0
1781678650.35,ROCM_SMI,GPU_3,2456.8,132.0,100.0
1781678650.35,ROCM_SMI,GPU_4,2456.8,129.0,100.0
1781678652.54,ROCM_SMI,GPU_1,2456.8,127.0,100.0
1781678652.54,ROCM_SMI,GPU_2,2456.8,132.0,100.0
1781678652.54,ROCM_SMI,GPU_3,2456.8,131.0,100.0
1781678652.54,ROCM_SMI,GPU_4,2456.8,128.0,100.0
1781678654.74,ROCM_SMI,GPU_1,2456.8,127.0,100.0
1781678654.74,ROCM_SMI,GPU_2,2456.8,131.0,100.0
1781678654.74,ROCM_SMI,GPU_3,2456.8,132.0,100.0
1781678654.74,ROCM_SMI,GPU_4,2456.8,129.0,100.0
1781678656.93,ROCM_SMI,GPU_1,2456.8,128.0,100.0
1781678656.93,ROCM_SMI,GPU_2,2456.8,132.0,100.0
1781678656.93,ROCM_SMI,GPU_3,2456.8,134.0,100.0
1781678656.93,ROCM_SMI,GPU_4,2456.8,130.0,100.0
1781678659.12,ROCM_SMI,GPU_1,2456.8,126.0,100.0
1781678659.12,ROCM_SMI,GPU_2,2456.8,132.0,100.0
1781678659.12,ROCM_SMI,GPU_3,2456.8,131.0,100.0
1781678659.12,ROCM_SMI,GPU_4,2456.8,128.0,100.0
1781678661.31,ROCM_SMI,GPU_1,2456.8,128.0,100.0
1781678661.31,ROCM_SMI,GPU_2,2456.8,131.0,100.0
1781678661.31,ROCM_SMI,GPU_3,2456.8,131.0,100.0
1781678661.31,ROCM_SMI,GPU_4,2456.8,128.0,100.0
1781678663.51,ROCM_SMI,GPU_1,2456.8,127.0,100.0
1781678663.51,ROCM_SMI,GPU_2,2456.8,131.0,100.0
1781678663.51,ROCM_SMI,GPU_3,2456.8,130.0,100.0
1781678663.51,ROCM_SMI,GPU_4,2456.8,126.0,95.0
1781678665.71,ROCM_SMI,GPU_1,2456.8,126.0,100.0
1781678665.71,ROCM_SMI,GPU_2,2456.8,132.0,100.0
1781678665.71,ROCM_SMI,GPU_3,2456.8,135.0,100.0
1781678665.71,ROCM_SMI,GPU_4,2456.8,133.0,100.0
1781678667.90,ROCM_SMI,GPU_1,2456.8,132.0,100.0
1781678667.90,ROCM_SMI,GPU_2,2456.8,136.0,100.0
1781678667.90,ROCM_SMI,GPU_3,2456.8,136.0,100.0
1781678667.90,ROCM_SMI,GPU_4,2456.8,133.0,100.0
1781678670.09,ROCM_SMI,GPU_1,2456.8,134.0,100.0
1781678670.09,ROCM_SMI,GPU_2,2456.8,136.0,100.0
1781678670.09,ROCM_SMI,GPU_3,2456.8,138.0,100.0
1781678670.09,ROCM_SMI,GPU_4,2456.8,133.0,100.0
1781678672.29,ROCM_SMI,GPU_1,2456.8,133.0,100.0
1781678672.29,ROCM_SMI,GPU_2,2456.8,137.0,100.0
1781678672.29,ROCM_SMI,GPU_3,2456.8,137.0,100.0
1781678672.29,ROCM_SMI,GPU_4,2456.8,133.0,100.0
1781678674.48,ROCM_SMI,GPU_1,2456.8,128.0,100.0
1781678674.48,ROCM_SMI,GPU_2,2456.8,130.0,100.0
1781678674.48,ROCM_SMI,GPU_3,2456.8,133.0,100.0
1781678674.48,ROCM_SMI,GPU_4,2456.8,128.0,100.0
1781678676.67,ROCM_SMI,GPU_1,2456.8,127.0,100.0
1781678676.67,ROCM_SMI,GPU_2,2456.8,131.0,100.0
1781678676.67,ROCM_SMI,GPU_3,2456.8,133.0,100.0
1781678676.67,ROCM_SMI,GPU_4,2456.8,129.0,100.0
1781678678.86,ROCM_SMI,GPU_1,2456.8,128.0,100.0
1781678678.86,ROCM_SMI,GPU_2,2456.8,131.0,100.0
1781678678.86,ROCM_SMI,GPU_3,2456.8,132.0,100.0
1781678678.86,ROCM_SMI,GPU_4,2456.8,128.0,100.0
1781678681.05,ROCM_SMI,GPU_1,2456.8,127.0,100.0
1781678681.05,ROCM_SMI,GPU_2,2456.8,132.0,100.0
1781678681.05,ROCM_SMI,GPU_3,2456.8,133.0,100.0
1781678681.05,ROCM_SMI,GPU_4,2456.8,129.0,100.0
1781678683.24,ROCM_SMI,GPU_1,2456.8,127.0,100.0
1781678683.24,ROCM_SMI,GPU_2,2456.8,131.0,100.0
1781678683.24,ROCM_SMI,GPU_3,2456.8,132.0,100.0
1781678683.24,ROCM_SMI,GPU_4,2456.8,130.0,100.0
1781678685.44,ROCM_SMI,GPU_1,2456.8,124.0,100.0
1781678685.44,ROCM_SMI,GPU_2,2456.8,121.0,100.0
1781678685.44,ROCM_SMI,GPU_3,2456.8,120.0,100.0
1781678685.44,ROCM_SMI,GPU_4,2456.8,117.0,100.0
1781678687.63,ROCM_SMI,GPU_1,2456.8,127.0,100.0
1781678687.63,ROCM_SMI,GPU_2,2456.8,131.0,100.0
1781678687.63,ROCM_SMI,GPU_3,2456.8,132.0,100.0
1781678687.63,ROCM_SMI,GPU_4,2456.8,127.0,81.0
1781678689.82,ROCM_SMI,GPU_1,2456.8,126.0,92.0
1781678689.82,ROCM_SMI,GPU_2,2456.8,129.0,100.0
1781678689.82,ROCM_SMI,GPU_3,2456.8,132.0,100.0
1781678689.82,ROCM_SMI,GPU_4,2456.8,129.0,100.0
1781678692.02,ROCM_SMI,GPU_1,2456.8,130.0,100.0
1781678692.02,ROCM_SMI,GPU_2,2456.8,135.0,100.0
1781678692.02,ROCM_SMI,GPU_3,2456.8,137.0,100.0
1781678692.02,ROCM_SMI,GPU_4,2456.8,133.0,100.0
1781678694.21,ROCM_SMI,GPU_1,2456.8,132.0,100.0
1781678694.21,ROCM_SMI,GPU_2,2456.8,136.0,100.0
1781678694.21,ROCM_SMI,GPU_3,2456.8,137.0,100.0
1781678694.21,ROCM_SMI,GPU_4,2456.8,134.0,100.0
1781678696.40,ROCM_SMI,GPU_1,2456.8,134.0,100.0
1781678696.40,ROCM_SMI,GPU_2,2456.8,137.0,100.0
1781678696.40,ROCM_SMI,GPU_3,2456.8,138.0,100.0
1781678696.40,ROCM_SMI,GPU_4,2456.8,134.0,100.0
1781678698.59,ROCM_SMI,GPU_1,2456.8,139.0,100.0
1781678698.59,ROCM_SMI,GPU_2,2456.8,142.0,100.0
1781678698.59,ROCM_SMI,GPU_3,2456.8,143.0,100.0
1781678698.59,ROCM_SMI,GPU_4,2456.8,142.0,100.0
1781678700.78,ROCM_SMI,GPU_1,2456.8,127.0,100.0
1781678700.78,ROCM_SMI,GPU_2,2456.8,131.0,100.0
1781678700.78,ROCM_SMI,GPU_3,2456.8,132.0,100.0
1781678700.78,ROCM_SMI,GPU_4,2456.8,128.0,100.0
1781678702.97,ROCM_SMI,GPU_1,2456.8,128.0,100.0
1781678702.97,ROCM_SMI,GPU_2,2456.8,131.0,100.0
1781678702.97,ROCM_SMI,GPU_3,2456.8,132.0,100.0
1781678702.97,ROCM_SMI,GPU_4,2456.8,127.0,100.0
1781678705.16,ROCM_SMI,GPU_1,2456.8,127.0,100.0
1781678705.16,ROCM_SMI,GPU_2,2456.8,133.0,100.0
1781678705.16,ROCM_SMI,GPU_3,2456.8,131.0,100.0
1781678705.16,ROCM_SMI,GPU_4,2456.8,130.0,100.0
1781678707.36,ROCM_SMI,GPU_1,2456.8,127.0,100.0
1781678707.36,ROCM_SMI,GPU_2,2456.8,131.0,100.0
1781678707.36,ROCM_SMI,GPU_3,2456.8,133.0,100.0
1781678707.36,ROCM_SMI,GPU_4,2456.8,129.0,100.0
1781678709.55,ROCM_SMI,GPU_1,2456.8,128.0,100.0
1781678709.55,ROCM_SMI,GPU_2,2456.8,131.0,100.0
1781678709.55,ROCM_SMI,GPU_3,2456.8,133.0,100.0
1781678709.55,ROCM_SMI,GPU_4,2456.8,129.0,100.0
1781678711.74,ROCM_SMI,GPU_1,2456.8,131.0,100.0
1781678711.74,ROCM_SMI,GPU_2,2456.8,136.0,100.0
1781678711.74,ROCM_SMI,GPU_3,2456.8,135.0,100.0
1781678711.74,ROCM_SMI,GPU_4,2456.8,129.0,100.0
1781678713.93,ROCM_SMI,GPU_1,2456.8,128.0,100.0
1781678713.93,ROCM_SMI,GPU_2,2456.8,130.0,100.0
1781678713.93,ROCM_SMI,GPU_3,2456.8,130.0,100.0
1781678713.93,ROCM_SMI,GPU_4,2456.8,128.0,84.0
1781678716.13,ROCM_SMI,GPU_1,2456.8,127.0,85.0
1781678716.13,ROCM_SMI,GPU_2,2456.8,129.0,100.0
1781678716.13,ROCM_SMI,GPU_3,2456.8,131.0,100.0
1781678716.13,ROCM_SMI,GPU_4,2456.8,130.0,100.0
1781678718.32,ROCM_SMI,GPU_1,2456.8,129.0,100.0
1781678718.32,ROCM_SMI,GPU_2,2456.8,136.0,100.0
1781678718.32,ROCM_SMI,GPU_3,2456.8,137.0,100.0
1781678718.32,ROCM_SMI,GPU_4,2456.8,133.0,100.0
1781678720.51,ROCM_SMI,GPU_1,2456.8,133.0,100.0
1781678720.51,ROCM_SMI,GPU_2,2456.8,136.0,100.0
1781678720.51,ROCM_SMI,GPU_3,2456.8,138.0,100.0
1781678720.51,ROCM_SMI,GPU_4,2456.8,135.0,100.0
1781678722.70,ROCM_SMI,GPU_1,2456.8,133.0,100.0
1781678722.70,ROCM_SMI,GPU_2,2456.8,136.0,100.0
1781678722.70,ROCM_SMI,GPU_3,2456.8,137.0,100.0
1781678722.70,ROCM_SMI,GPU_4,2456.8,134.0,100.0
1781678724.89,ROCM_SMI,GPU_1,2456.8,129.0,100.0
1781678724.89,ROCM_SMI,GPU_2,2456.8,131.0,100.0
1781678724.89,ROCM_SMI,GPU_3,2456.8,131.0,100.0
1781678724.89,ROCM_SMI,GPU_4,2456.8,128.0,100.0
1781678727.08,ROCM_SMI,GPU_1,2456.8,128.0,100.0
1781678727.08,ROCM_SMI,GPU_2,2456.8,131.0,100.0
1781678727.08,ROCM_SMI,GPU_3,2456.8,132.0,100.0
1781678727.08,ROCM_SMI,GPU_4,2456.8,127.0,100.0
1781678729.27,ROCM_SMI,GPU_1,2456.8,127.0,100.0
1781678729.27,ROCM_SMI,GPU_2,2456.8,131.0,100.0
1781678729.27,ROCM_SMI,GPU_3,2456.8,133.0,100.0
1781678729.27,ROCM_SMI,GPU_4,2456.8,129.0,100.0
1781678731.47,ROCM_SMI,GPU_1,2456.8,127.0,100.0
1781678731.47,ROCM_SMI,GPU_2,2456.8,132.0,100.0
1781678731.47,ROCM_SMI,GPU_3,2456.8,132.0,100.0
1781678731.47,ROCM_SMI,GPU_4,2456.8,128.0,100.0
1781678733.66,ROCM_SMI,GPU_1,2456.8,128.0,100.0
1781678733.66,ROCM_SMI,GPU_2,2456.8,132.0,100.0
1781678733.66,ROCM_SMI,GPU_3,2456.8,132.0,100.0
1781678733.66,ROCM_SMI,GPU_4,2456.8,129.0,100.0
1781678735.85,ROCM_SMI,GPU_1,2456.8,128.0,100.0
1781678735.85,ROCM_SMI,GPU_2,2456.8,131.0,100.0
1781678735.85,ROCM_SMI,GPU_3,2456.8,132.0,100.0
1781678735.85,ROCM_SMI,GPU_4,2456.8,128.0,100.0
1781678738.04,ROCM_SMI,GPU_1,2456.8,128.0,100.0
1781678738.04,ROCM_SMI,GPU_2,2456.8,131.0,100.0
1781678738.04,ROCM_SMI,GPU_3,2456.8,132.0,100.0
1781678738.04,ROCM_SMI,GPU_4,2456.8,128.0,100.0
1781678740.24,ROCM_SMI,GPU_1,2456.8,127.0,100.0
1781678740.24,ROCM_SMI,GPU_2,2456.8,131.0,100.0
1781678740.24,ROCM_SMI,GPU_3,2456.8,131.0,100.0
1781678740.24,ROCM_SMI,GPU_4,2456.8,128.0,100.0
1781678742.43,ROCM_SMI,GPU_1,2456.8,126.0,80.0
1781678742.43,ROCM_SMI,GPU_2,2456.8,130.0,100.0
1781678742.43,ROCM_SMI,GPU_3,2456.8,132.0,100.0
1781678742.43,ROCM_SMI,GPU_4,2456.8,130.0,100.0
1781678744.63,ROCM_SMI,GPU_1,2456.8,131.0,100.0
1781678744.63,ROCM_SMI,GPU_2,2456.8,136.0,100.0
1781678744.63,ROCM_SMI,GPU_3,2456.8,137.0,100.0
1781678744.63,ROCM_SMI,GPU_4,2456.8,133.0,100.0
1781678746.82,ROCM_SMI,GPU_1,2456.8,133.0,100.0
1781678746.82,ROCM_SMI,GPU_2,2456.8,136.0,100.0
1781678746.82,ROCM_SMI,GPU_3,2456.8,138.0,100.0
1781678746.82,ROCM_SMI,GPU_4,2456.8,133.0,100.0
1781678749.01,ROCM_SMI,GPU_1,2456.8,134.0,100.0
1781678749.01,ROCM_SMI,GPU_2,2456.8,136.0,100.0
1781678749.01,ROCM_SMI,GPU_3,2456.8,138.0,100.0
1781678749.01,ROCM_SMI,GPU_4,2456.8,134.0,100.0
1781678751.20,ROCM_SMI,GPU_1,2456.8,130.0,100.0
1781678751.20,ROCM_SMI,GPU_2,2456.8,134.0,100.0
1781678751.20,ROCM_SMI,GPU_3,2456.8,133.0,100.0
1781678751.20,ROCM_SMI,GPU_4,2456.8,131.0,100.0
1781678753.39,ROCM_SMI,GPU_1,2456.8,127.0,100.0
1781678753.39,ROCM_SMI,GPU_2,2456.8,126.0,100.0
1781678753.39,ROCM_SMI,GPU_3,2456.8,129.0,100.0
1781678753.39,ROCM_SMI,GPU_4,2456.8,125.0,100.0
1781678755.58,ROCM_SMI,GPU_1,2456.8,127.0,100.0
1781678755.58,ROCM_SMI,GPU_2,2456.8,131.0,100.0
1781678755.58,ROCM_SMI,GPU_3,2456.8,132.0,100.0
1781678755.58,ROCM_SMI,GPU_4,2456.8,127.0,100.0
1781678757.78,ROCM_SMI,GPU_1,2456.8,128.0,100.0
1781678757.78,ROCM_SMI,GPU_2,2456.8,131.0,100.0
1781678757.78,ROCM_SMI,GPU_3,2456.8,132.0,100.0
1781678757.78,ROCM_SMI,GPU_4,2456.8,129.0,100.0
1781678759.97,ROCM_SMI,GPU_1,2456.8,129.0,100.0
1781678759.97,ROCM_SMI,GPU_2,2456.8,132.0,100.0
1781678759.97,ROCM_SMI,GPU_3,2456.8,131.0,100.0
1781678759.97,ROCM_SMI,GPU_4,2456.8,127.0,100.0
1781678762.16,ROCM_SMI,GPU_1,2456.8,127.0,100.0
1781678762.16,ROCM_SMI,GPU_2,2456.8,132.0,100.0
1781678762.16,ROCM_SMI,GPU_3,2456.8,132.0,100.0
1781678762.16,ROCM_SMI,GPU_4,2456.8,129.0,100.0
1781678764.35,ROCM_SMI,GPU_1,2456.8,127.0,100.0
1781678764.35,ROCM_SMI,GPU_2,2456.8,130.0,100.0
1781678764.35,ROCM_SMI,GPU_3,2456.8,131.0,100.0
1781678764.35,ROCM_SMI,GPU_4,2456.8,128.0,100.0
1781678766.54,ROCM_SMI,GPU_1,2456.8,120.0,100.0
1781678766.54,ROCM_SMI,GPU_2,2456.8,126.0,100.0
1781678766.54,ROCM_SMI,GPU_3,2456.8,124.0,75.0
1781678766.54,ROCM_SMI,GPU_4,2456.8,123.0,100.0
1781678768.74,ROCM_SMI,GPU_1,2456.8,126.0,100.0
1781678768.74,ROCM_SMI,GPU_2,2456.8,131.0,100.0
1781678768.74,ROCM_SMI,GPU_3,2456.8,134.0,100.0
1781678768.74,ROCM_SMI,GPU_4,2456.8,132.0,100.0
1781678770.93,ROCM_SMI,GPU_1,2456.8,134.0,100.0
1781678770.93,ROCM_SMI,GPU_2,2456.8,136.0,100.0
1781678770.93,ROCM_SMI,GPU_3,2456.8,138.0,100.0
1781678770.93,ROCM_SMI,GPU_4,2456.8,132.0,100.0
1781678773.12,ROCM_SMI,GPU_1,2456.8,133.0,100.0
1781678773.12,ROCM_SMI,GPU_2,2456.8,137.0,100.0
1781678773.12,ROCM_SMI,GPU_3,2456.8,138.0,100.0
1781678773.12,ROCM_SMI,GPU_4,2456.8,133.0,100.0
1781678775.32,ROCM_SMI,GPU_1,2456.8,131.0,100.0
1781678775.32,ROCM_SMI,GPU_2,2456.8,136.0,100.0
1781678775.32,ROCM_SMI,GPU_3,2456.8,136.0,100.0
1781678775.32,ROCM_SMI,GPU_4,2456.8,133.0,100.0
1781678777.51,ROCM_SMI,GPU_1,2456.8,127.0,100.0
1781678777.51,ROCM_SMI,GPU_2,2456.8,131.0,100.0
1781678777.51,ROCM_SMI,GPU_3,2456.8,132.0,100.0
1781678777.51,ROCM_SMI,GPU_4,2456.8,128.0,100.0
1781678779.70,ROCM_SMI,GPU_1,2456.8,128.0,100.0
1781678779.70,ROCM_SMI,GPU_2,2456.8,133.0,100.0
1781678779.70,ROCM_SMI,GPU_3,2456.8,134.0,100.0
1781678779.70,ROCM_SMI,GPU_4,2456.8,132.0,100.0
1781678781.89,ROCM_SMI,GPU_1,2456.8,127.0,100.0
1781678781.89,ROCM_SMI,GPU_2,2456.8,131.0,100.0
1781678781.89,ROCM_SMI,GPU_3,2456.8,132.0,100.0
1781678781.89,ROCM_SMI,GPU_4,2456.8,130.0,100.0
1781678784.08,ROCM_SMI,GPU_1,2456.8,128.0,100.0
1781678784.08,ROCM_SMI,GPU_2,2456.8,132.0,100.0
1781678784.08,ROCM_SMI,GPU_3,2456.8,132.0,100.0
1781678784.08,ROCM_SMI,GPU_4,2456.8,129.0,100.0
1781678786.28,ROCM_SMI,GPU_1,2456.8,127.0,100.0
1781678786.28,ROCM_SMI,GPU_2,2456.8,131.0,100.0
1781678786.28,ROCM_SMI,GPU_3,2456.8,133.0,100.0
1781678786.28,ROCM_SMI,GPU_4,2456.8,128.0,100.0
1781678788.47,ROCM_SMI,GPU_1,2456.8,127.0,100.0
1781678788.47,ROCM_SMI,GPU_2,2456.8,131.0,100.0
1781678788.47,ROCM_SMI,GPU_3,2456.8,131.0,100.0
1781678788.47,ROCM_SMI,GPU_4,2456.8,128.0,100.0
1781678790.66,ROCM_SMI,GPU_1,2456.8,128.0,100.0
1781678790.66,ROCM_SMI,GPU_2,2456.8,130.0,100.0
1781678790.66,ROCM_SMI,GPU_3,2456.8,132.0,81.0
1781678790.66,ROCM_SMI,GPU_4,2456.8,128.0,100.0
1781678792.85,ROCM_SMI,GPU_1,2456.8,126.0,83.0
1781678792.85,ROCM_SMI,GPU_2,2456.8,131.0,100.0
1781678792.85,ROCM_SMI,GPU_3,2456.8,133.0,100.0
1781678792.85,ROCM_SMI,GPU_4,2456.8,132.0,100.0
1781678795.05,ROCM_SMI,GPU_1,2456.8,132.0,100.0
1781678795.05,ROCM_SMI,GPU_2,2456.8,136.0,100.0
1781678795.05,ROCM_SMI,GPU_3,2456.8,137.0,100.0
1781678795.05,ROCM_SMI,GPU_4,2456.8,134.0,100.0
1781678797.24,ROCM_SMI,GPU_1,2456.8,133.0,100.0
1781678797.24,ROCM_SMI,GPU_2,2456.8,136.0,100.0
1781678797.24,ROCM_SMI,GPU_3,2456.8,137.0,100.0
1781678797.24,ROCM_SMI,GPU_4,2456.8,134.0,100.0
1781678799.43,ROCM_SMI,GPU_1,2456.8,134.0,100.0
1781678799.43,ROCM_SMI,GPU_2,2456.8,137.0,100.0
1781678799.43,ROCM_SMI,GPU_3,2456.8,137.0,100.0
1781678799.43,ROCM_SMI,GPU_4,2456.8,133.0,100.0
1781678801.62,ROCM_SMI,GPU_1,2456.8,130.0,100.0
1781678801.62,ROCM_SMI,GPU_2,2456.8,133.0,100.0
1781678801.62,ROCM_SMI,GPU_3,2456.8,134.0,100.0
1781678801.62,ROCM_SMI,GPU_4,2456.8,130.0,100.0
1781678803.81,ROCM_SMI,GPU_1,2456.8,127.0,100.0
1781678803.81,ROCM_SMI,GPU_2,2456.8,132.0,100.0
1781678803.81,ROCM_SMI,GPU_3,2456.8,131.0,100.0
1781678803.81,ROCM_SMI,GPU_4,2456.8,128.0,100.0
1781678806.00,ROCM_SMI,GPU_1,2456.8,128.0,100.0
1781678806.00,ROCM_SMI,GPU_2,2456.8,132.0,100.0
1781678806.00,ROCM_SMI,GPU_3,2456.8,132.0,100.0
1781678806.00,ROCM_SMI,GPU_4,2456.8,130.0,100.0
1781678808.20,ROCM_SMI,GPU_1,2456.8,112.0,100.0
1781678808.20,ROCM_SMI,GPU_2,2456.8,121.0,100.0
1781678808.20,ROCM_SMI,GPU_3,2456.8,133.0,100.0
1781678808.20,ROCM_SMI,GPU_4,2456.8,129.0,100.0
1781678810.40,ROCM_SMI,GPU_1,2456.8,127.0,100.0
1781678810.40,ROCM_SMI,GPU_2,2456.8,131.0,100.0
1781678810.40,ROCM_SMI,GPU_3,2456.8,132.0,100.0
1781678810.40,ROCM_SMI,GPU_4,2456.8,129.0,100.0
1781678812.59,ROCM_SMI,GPU_1,2456.8,127.0,100.0
1781678812.59,ROCM_SMI,GPU_2,2456.8,131.0,100.0
1781678812.59,ROCM_SMI,GPU_3,2456.8,132.0,100.0
1781678812.59,ROCM_SMI,GPU_4,2456.8,128.0,100.0
1781678814.78,ROCM_SMI,GPU_1,2456.8,126.0,100.0
1781678814.78,ROCM_SMI,GPU_2,2456.8,131.0,100.0
1781678814.78,ROCM_SMI,GPU_3,2456.8,132.0,100.0
1781678814.78,ROCM_SMI,GPU_4,2456.8,128.0,100.0
1781678816.97,ROCM_SMI,GPU_1,2456.8,126.0,100.0
1781678816.97,ROCM_SMI,GPU_2,2456.8,130.0,100.0
1781678816.97,ROCM_SMI,GPU_3,2456.8,130.0,73.0
1781678816.97,ROCM_SMI,GPU_4,2456.8,128.0,100.0
1781678819.16,ROCM_SMI,GPU_1,2456.8,126.0,100.0
1781678819.16,ROCM_SMI,GPU_2,2456.8,132.0,100.0
1781678819.16,ROCM_SMI,GPU_3,2456.8,135.0,100.0
1781678819.16,ROCM_SMI,GPU_4,2456.8,134.0,100.0
1781678821.36,ROCM_SMI,GPU_1,2456.8,136.0,100.0
1781678821.36,ROCM_SMI,GPU_2,2456.8,141.0,100.0
1781678821.36,ROCM_SMI,GPU_3,2456.8,143.0,100.0
1781678821.36,ROCM_SMI,GPU_4,2456.8,139.0,100.0
1781678823.55,ROCM_SMI,GPU_1,2456.8,132.0,100.0
1781678823.55,ROCM_SMI,GPU_2,2456.8,137.0,100.0
1781678823.55,ROCM_SMI,GPU_3,2456.8,138.0,100.0
1781678823.55,ROCM_SMI,GPU_4,2456.8,132.0,100.0
1781678825.74,ROCM_SMI,GPU_1,2456.8,132.0,100.0
1781678825.74,ROCM_SMI,GPU_2,2456.8,135.0,100.0
1781678825.74,ROCM_SMI,GPU_3,2456.8,135.0,100.0
1781678825.74,ROCM_SMI,GPU_4,2456.8,132.0,100.0
1781678827.93,ROCM_SMI,GPU_1,2456.8,126.0,100.0
1781678827.93,ROCM_SMI,GPU_2,2456.8,132.0,100.0
1781678827.93,ROCM_SMI,GPU_3,2456.8,131.0,100.0
1781678827.93,ROCM_SMI,GPU_4,2456.8,128.0,100.0
1781678830.13,ROCM_SMI,GPU_1,2456.8,127.0,100.0
1781678830.13,ROCM_SMI,GPU_2,2456.8,133.0,100.0
1781678830.13,ROCM_SMI,GPU_3,2456.8,132.0,100.0
1781678830.13,ROCM_SMI,GPU_4,2456.8,130.0,100.0
1781678832.32,ROCM_SMI,GPU_1,2456.8,128.0,100.0
1781678832.32,ROCM_SMI,GPU_2,2456.8,132.0,100.0
1781678832.32,ROCM_SMI,GPU_3,2456.8,132.0,100.0
1781678832.32,ROCM_SMI,GPU_4,2456.8,128.0,100.0
1781678834.51,ROCM_SMI,GPU_1,2456.8,130.0,100.0
1781678834.51,ROCM_SMI,GPU_2,2456.8,135.0,100.0
1781678834.51,ROCM_SMI,GPU_3,2456.8,136.0,100.0
1781678834.51,ROCM_SMI,GPU_4,2456.8,133.0,100.0
1781678836.70,ROCM_SMI,GPU_1,2456.8,128.0,100.0
1781678836.70,ROCM_SMI,GPU_2,2456.8,131.0,100.0
1781678836.70,ROCM_SMI,GPU_3,2456.8,133.0,100.0
1781678836.70,ROCM_SMI,GPU_4,2456.8,128.0,100.0
1781678838.89,ROCM_SMI,GPU_1,2456.8,128.0,100.0
1781678838.89,ROCM_SMI,GPU_2,2456.8,130.0,100.0
1781678838.89,ROCM_SMI,GPU_3,2456.8,132.0,100.0
1781678838.89,ROCM_SMI,GPU_4,2456.8,127.0,100.0
1781678841.09,ROCM_SMI,GPU_1,2456.8,128.0,100.0
1781678841.09,ROCM_SMI,GPU_2,2456.8,130.0,100.0
1781678841.09,ROCM_SMI,GPU_3,2456.8,131.0,98.0
1781678841.09,ROCM_SMI,GPU_4,2456.8,126.0,100.0
1781678843.28,ROCM_SMI,GPU_1,2456.8,126.0,100.0
1781678843.28,ROCM_SMI,GPU_2,2456.8,131.0,100.0
1781678843.28,ROCM_SMI,GPU_3,2456.8,133.0,100.0
1781678843.28,ROCM_SMI,GPU_4,2456.8,132.0,100.0
1781678845.47,ROCM_SMI,GPU_1,2456.8,133.0,100.0
1781678845.47,ROCM_SMI,GPU_2,2456.8,137.0,100.0
1781678845.47,ROCM_SMI,GPU_3,2456.8,138.0,100.0
1781678845.47,ROCM_SMI,GPU_4,2456.8,133.0,100.0
1781678847.66,ROCM_SMI,GPU_1,2456.8,132.0,100.0
1781678847.66,ROCM_SMI,GPU_2,2456.8,133.0,100.0
1781678847.66,ROCM_SMI,GPU_3,2456.8,133.0,100.0
1781678847.66,ROCM_SMI,GPU_4,2456.8,129.0,100.0
1781678849.86,ROCM_SMI,GPU_1,2456.8,132.0,100.0
1781678849.86,ROCM_SMI,GPU_2,2456.8,135.0,100.0
1781678849.86,ROCM_SMI,GPU_3,2456.8,136.0,100.0
1781678849.86,ROCM_SMI,GPU_4,2456.8,131.0,100.0
1781678852.05,ROCM_SMI,GPU_1,2456.8,127.0,100.0
1781678852.05,ROCM_SMI,GPU_2,2456.8,131.0,100.0
1781678852.05,ROCM_SMI,GPU_3,2456.8,132.0,100.0
1781678852.05,ROCM_SMI,GPU_4,2456.8,128.0,100.0
1781678854.24,ROCM_SMI,GPU_1,2456.8,128.0,100.0
1781678854.24,ROCM_SMI,GPU_2,2456.8,132.0,100.0
1781678854.24,ROCM_SMI,GPU_3,2456.8,132.0,100.0
1781678854.24,ROCM_SMI,GPU_4,2456.8,129.0,100.0
1781678856.44,ROCM_SMI,GPU_1,2456.8,129.0,100.0
1781678856.44,ROCM_SMI,GPU_2,2456.8,131.0,100.0
1781678856.44,ROCM_SMI,GPU_3,2456.8,132.0,100.0
1781678856.44,ROCM_SMI,GPU_4,2456.8,128.0,100.0
1781678858.63,ROCM_SMI,GPU_1,2456.8,128.0,100.0
1781678858.63,ROCM_SMI,GPU_2,2456.8,132.0,100.0
1781678858.63,ROCM_SMI,GPU_3,2456.8,133.0,100.0
1781678858.63,ROCM_SMI,GPU_4,2456.8,129.0,100.0
1781678860.82,ROCM_SMI,GPU_1,2456.8,127.0,100.0
1781678860.82,ROCM_SMI,GPU_2,2456.8,131.0,100.0
1781678860.82,ROCM_SMI,GPU_3,2456.8,133.0,100.0
1781678860.82,ROCM_SMI,GPU_4,2456.8,128.0,100.0
1781678863.02,ROCM_SMI,GPU_1,2456.8,122.0,100.0
1781678863.02,ROCM_SMI,GPU_2,2456.8,106.0,86.0
1781678863.02,ROCM_SMI,GPU_3,2456.8,195.0,100.0
1781678863.02,ROCM_SMI,GPU_4,2456.8,203.0,100.0
1781678865.22,ROCM_SMI,GPU_1,2456.8,131.0,100.0
1781678865.22,ROCM_SMI,GPU_2,2456.8,137.0,100.0
1781678865.22,ROCM_SMI,GPU_3,2456.8,138.0,100.0
1781678865.22,ROCM_SMI,GPU_4,2456.8,132.0,100.0
1781678867.41,ROCM_SMI,GPU_1,2456.8,132.0,100.0
1781678867.41,ROCM_SMI,GPU_2,2456.8,137.0,100.0
1781678867.41,ROCM_SMI,GPU_3,2456.8,138.0,100.0
1781678867.41,ROCM_SMI,GPU_4,2456.8,134.0,100.0
1781678869.60,ROCM_SMI,GPU_1,2456.8,132.0,100.0
1781678869.60,ROCM_SMI,GPU_2,2456.8,138.0,100.0
1781678869.60,ROCM_SMI,GPU_3,2456.8,138.0,100.0
1781678869.60,ROCM_SMI,GPU_4,2456.8,135.0,100.0
1781678871.79,ROCM_SMI,GPU_1,2456.8,131.0,100.0
1781678871.79,ROCM_SMI,GPU_2,2456.8,135.0,100.0
1781678871.79,ROCM_SMI,GPU_3,2456.8,135.0,100.0
1781678871.79,ROCM_SMI,GPU_4,2456.8,132.0,100.0
1781678873.98,ROCM_SMI,GPU_1,2456.8,128.0,100.0
1781678873.98,ROCM_SMI,GPU_2,2456.8,132.0,100.0
1781678873.98,ROCM_SMI,GPU_3,2456.8,132.0,100.0
1781678873.98,ROCM_SMI,GPU_4,2456.8,128.0,100.0
1781678876.18,ROCM_SMI,GPU_1,2456.8,125.0,100.0
1781678876.18,ROCM_SMI,GPU_2,2456.8,127.0,100.0
1781678876.18,ROCM_SMI,GPU_3,2456.8,126.0,100.0
1781678876.18,ROCM_SMI,GPU_4,2456.8,122.0,100.0
1781678878.37,ROCM_SMI,GPU_1,2456.8,128.0,100.0
1781678878.37,ROCM_SMI,GPU_2,2456.8,131.0,100.0
1781678878.37,ROCM_SMI,GPU_3,2456.8,132.0,100.0
1781678878.37,ROCM_SMI,GPU_4,2456.8,128.0,100.0
1781678880.56,ROCM_SMI,GPU_1,2456.8,127.0,100.0
1781678880.56,ROCM_SMI,GPU_2,2456.8,131.0,100.0
1781678880.56,ROCM_SMI,GPU_3,2456.8,131.0,100.0
1781678880.56,ROCM_SMI,GPU_4,2456.8,129.0,100.0
1781678882.75,ROCM_SMI,GPU_1,2456.8,128.0,100.0
1781678882.75,ROCM_SMI,GPU_2,2456.8,131.0,100.0
1781678882.75,ROCM_SMI,GPU_3,2456.8,132.0,100.0
1781678882.75,ROCM_SMI,GPU_4,2456.8,127.0,100.0
1781678884.94,ROCM_SMI,GPU_1,2456.8,128.0,100.0
1781678884.94,ROCM_SMI,GPU_2,2456.8,131.0,100.0
1781678884.94,ROCM_SMI,GPU_3,2456.8,131.0,100.0
1781678884.94,ROCM_SMI,GPU_4,2456.8,127.0,100.0
1781678887.14,ROCM_SMI,GPU_1,2456.8,127.0,100.0
1781678887.14,ROCM_SMI,GPU_2,2456.8,131.0,100.0
1781678887.14,ROCM_SMI,GPU_3,2456.8,131.0,100.0
1781678887.14,ROCM_SMI,GPU_4,2456.8,128.0,100.0
1781678889.33,ROCM_SMI,GPU_1,2456.8,121.0,100.0
1781678889.33,ROCM_SMI,GPU_2,2456.8,124.0,79.0
1781678889.33,ROCM_SMI,GPU_3,2456.8,125.0,100.0
1781678889.33,ROCM_SMI,GPU_4,2456.8,126.0,100.0
1781678891.52,ROCM_SMI,GPU_1,2456.8,129.0,100.0
1781678891.52,ROCM_SMI,GPU_2,2456.8,135.0,100.0
1781678891.52,ROCM_SMI,GPU_3,2456.8,137.0,100.0
1781678891.52,ROCM_SMI,GPU_4,2456.8,134.0,100.0
1781678893.71,ROCM_SMI,GPU_1,2456.8,132.0,100.0
1781678893.71,ROCM_SMI,GPU_2,2456.8,136.0,100.0
1781678893.71,ROCM_SMI,GPU_3,2456.8,138.0,100.0
1781678893.71,ROCM_SMI,GPU_4,2456.8,134.0,100.0
1781678895.91,ROCM_SMI,GPU_1,2456.8,134.0,100.0
1781678895.91,ROCM_SMI,GPU_2,2456.8,136.0,100.0
1781678895.91,ROCM_SMI,GPU_3,2456.8,138.0,100.0
1781678895.91,ROCM_SMI,GPU_4,2456.8,134.0,100.0
1781678898.10,ROCM_SMI,GPU_1,2456.8,131.0,100.0
1781678898.10,ROCM_SMI,GPU_2,2456.8,133.0,100.0
1781678898.10,ROCM_SMI,GPU_3,2456.8,133.0,100.0
1781678898.10,ROCM_SMI,GPU_4,2456.8,131.0,100.0
1781678900.29,ROCM_SMI,GPU_1,2456.8,128.0,100.0
1781678900.29,ROCM_SMI,GPU_2,2456.8,130.0,100.0
1781678900.29,ROCM_SMI,GPU_3,2456.8,132.0,100.0
1781678900.29,ROCM_SMI,GPU_4,2456.8,130.0,100.0
1781678902.48,ROCM_SMI,GPU_1,2456.8,127.0,100.0
1781678902.48,ROCM_SMI,GPU_2,2456.8,132.0,100.0
1781678902.48,ROCM_SMI,GPU_3,2456.8,132.0,100.0
1781678902.48,ROCM_SMI,GPU_4,2456.8,129.0,100.0
1781678904.67,ROCM_SMI,GPU_1,2456.8,127.0,100.0
1781678904.67,ROCM_SMI,GPU_2,2456.8,131.0,100.0
1781678904.67,ROCM_SMI,GPU_3,2456.8,133.0,100.0
1781678904.67,ROCM_SMI,GPU_4,2456.8,129.0,100.0
1781678906.87,ROCM_SMI,GPU_1,2456.8,129.0,100.0
1781678906.87,ROCM_SMI,GPU_2,2456.8,131.0,100.0
1781678906.87,ROCM_SMI,GPU_3,2456.8,132.0,100.0
1781678906.87,ROCM_SMI,GPU_4,2456.8,129.0,100.0
1781678909.06,ROCM_SMI,GPU_1,2456.8,128.0,100.0
1781678909.06,ROCM_SMI,GPU_2,2456.8,132.0,100.0
1781678909.06,ROCM_SMI,GPU_3,2456.8,132.0,100.0
1781678909.06,ROCM_SMI,GPU_4,2456.8,128.0,100.0
1781678911.25,ROCM_SMI,GPU_1,2456.8,127.0,100.0
1781678911.25,ROCM_SMI,GPU_2,2456.8,130.0,100.0
1781678911.25,ROCM_SMI,GPU_3,2456.8,131.0,100.0
1781678911.25,ROCM_SMI,GPU_4,2456.8,128.0,100.0
1781678913.44,ROCM_SMI,GPU_1,2456.8,127.0,100.0
1781678913.44,ROCM_SMI,GPU_2,2456.8,130.0,77.0
1781678913.44,ROCM_SMI,GPU_3,2456.8,131.0,100.0
1781678913.44,ROCM_SMI,GPU_4,2456.8,128.0,100.0
1781678915.63,ROCM_SMI,GPU_1,2456.8,128.0,100.0
1781678915.63,ROCM_SMI,GPU_2,2456.8,134.0,100.0
1781678915.63,ROCM_SMI,GPU_3,2456.8,137.0,100.0
1781678915.63,ROCM_SMI,GPU_4,2456.8,131.0,100.0
1781678917.83,ROCM_SMI,GPU_1,2456.8,131.0,100.0
1781678917.83,ROCM_SMI,GPU_2,2456.8,136.0,100.0
1781678917.83,ROCM_SMI,GPU_3,2456.8,137.0,100.0
1781678917.83,ROCM_SMI,GPU_4,2456.8,133.0,100.0
1781678920.02,ROCM_SMI,GPU_1,2456.8,134.0,100.0
1781678920.02,ROCM_SMI,GPU_2,2456.8,137.0,100.0
1781678920.02,ROCM_SMI,GPU_3,2456.8,138.0,100.0
1781678920.02,ROCM_SMI,GPU_4,2456.8,135.0,100.0
1781678922.22,ROCM_SMI,GPU_1,2456.8,127.0,100.0
1781678922.22,ROCM_SMI,GPU_2,2456.8,132.0,100.0
1781678922.22,ROCM_SMI,GPU_3,2456.8,133.0,100.0
1781678922.22,ROCM_SMI,GPU_4,2456.8,128.0,100.0
1781678924.41,ROCM_SMI,GPU_1,2456.8,127.0,100.0
1781678924.41,ROCM_SMI,GPU_2,2456.8,131.0,100.0
1781678924.41,ROCM_SMI,GPU_3,2456.8,132.0,100.0
1781678924.41,ROCM_SMI,GPU_4,2456.8,129.0,100.0
1781678926.60,ROCM_SMI,GPU_1,2456.8,129.0,100.0
1781678926.60,ROCM_SMI,GPU_2,2456.8,132.0,100.0
1781678926.60,ROCM_SMI,GPU_3,2456.8,133.0,100.0
1781678926.60,ROCM_SMI,GPU_4,2456.8,128.0,100.0
1781678928.79,ROCM_SMI,GPU_1,2456.8,127.0,100.0
1781678928.79,ROCM_SMI,GPU_2,2456.8,131.0,100.0
1781678928.79,ROCM_SMI,GPU_3,2456.8,132.0,100.0
1781678928.79,ROCM_SMI,GPU_4,2456.8,128.0,100.0
1781678930.99,ROCM_SMI,GPU_1,2456.8,124.0,100.0
1781678930.99,ROCM_SMI,GPU_2,2456.8,127.0,100.0
1781678930.99,ROCM_SMI,GPU_3,2456.8,126.0,100.0
1781678930.99,ROCM_SMI,GPU_4,2456.8,121.0,100.0
1781678933.18,ROCM_SMI,GPU_1,2456.8,127.0,100.0
1781678933.18,ROCM_SMI,GPU_2,2456.8,131.0,100.0
1781678933.18,ROCM_SMI,GPU_3,2456.8,131.0,100.0
1781678933.18,ROCM_SMI,GPU_4,2456.8,128.0,100.0
1781678935.37,ROCM_SMI,GPU_1,2456.8,128.0,100.0
1781678935.37,ROCM_SMI,GPU_2,2456.8,130.0,100.0
1781678935.37,ROCM_SMI,GPU_3,2456.8,130.0,83.0
1781678935.37,ROCM_SMI,GPU_4,2456.8,127.0,100.0
1781678937.56,ROCM_SMI,GPU_1,2456.8,127.0,100.0
1781678937.56,ROCM_SMI,GPU_2,2456.8,132.0,100.0
1781678937.56,ROCM_SMI,GPU_3,2456.8,135.0,100.0
1781678937.56,ROCM_SMI,GPU_4,2456.8,132.0,100.0
1781678939.75,ROCM_SMI,GPU_1,2456.8,133.0,100.0
1781678939.75,ROCM_SMI,GPU_2,2456.8,138.0,100.0
1781678939.75,ROCM_SMI,GPU_3,2456.8,138.0,100.0
1781678939.75,ROCM_SMI,GPU_4,2456.8,133.0,100.0
1781678941.94,ROCM_SMI,GPU_1,2456.8,132.0,100.0
1781678941.94,ROCM_SMI,GPU_2,2456.8,138.0,100.0
1781678941.94,ROCM_SMI,GPU_3,2456.8,139.0,100.0
1781678941.94,ROCM_SMI,GPU_4,2456.8,134.0,100.0
1781678944.14,ROCM_SMI,GPU_1,2456.8,130.0,100.0
1781678944.14,ROCM_SMI,GPU_2,2456.8,134.0,100.0
1781678944.14,ROCM_SMI,GPU_3,2456.8,137.0,100.0
1781678944.14,ROCM_SMI,GPU_4,2456.8,131.0,100.0
1781678946.33,ROCM_SMI,GPU_1,2456.8,128.0,100.0
1781678946.33,ROCM_SMI,GPU_2,2456.8,133.0,100.0
1781678946.33,ROCM_SMI,GPU_3,2456.8,131.0,100.0
1781678946.33,ROCM_SMI,GPU_4,2456.8,128.0,100.0
1781678948.52,ROCM_SMI,GPU_1,2456.8,128.0,100.0
1781678948.52,ROCM_SMI,GPU_2,2456.8,131.0,100.0
1781678948.52,ROCM_SMI,GPU_3,2456.8,133.0,100.0
1781678948.52,ROCM_SMI,GPU_4,2456.8,128.0,100.0
1781678950.71,ROCM_SMI,GPU_1,2456.8,127.0,100.0
1781678950.71,ROCM_SMI,GPU_2,2456.8,130.0,100.0
1781678950.71,ROCM_SMI,GPU_3,2456.8,132.0,100.0
1781678950.71,ROCM_SMI,GPU_4,2456.8,128.0,100.0
1781678952.91,ROCM_SMI,GPU_1,2456.8,127.0,100.0
1781678952.91,ROCM_SMI,GPU_2,2456.8,131.0,100.0
1781678952.91,ROCM_SMI,GPU_3,2456.8,131.0,100.0
1781678952.91,ROCM_SMI,GPU_4,2456.8,129.0,100.0
1781678955.10,ROCM_SMI,GPU_1,2456.8,129.0,100.0
1781678955.10,ROCM_SMI,GPU_2,2456.8,131.0,100.0
1781678955.10,ROCM_SMI,GPU_3,2456.8,133.0,100.0
1781678955.10,ROCM_SMI,GPU_4,2456.8,128.0,100.0
1781678957.29,ROCM_SMI,GPU_1,2456.8,128.0,100.0
1781678957.29,ROCM_SMI,GPU_2,2456.8,131.0,100.0
1781678957.29,ROCM_SMI,GPU_3,2456.8,133.0,100.0
1781678957.29,ROCM_SMI,GPU_4,2456.8,129.0,100.0
1781678959.48,ROCM_SMI,GPU_1,2456.8,127.0,100.0
1781678959.48,ROCM_SMI,GPU_2,2456.8,130.0,100.0
1781678959.48,ROCM_SMI,GPU_3,2456.8,132.0,100.0
1781678959.48,ROCM_SMI,GPU_4,2456.8,127.0,100.0
1781678961.67,ROCM_SMI,GPU_1,2456.8,126.0,100.0
1781678961.67,ROCM_SMI,GPU_2,2456.8,131.0,87.0
1781678961.67,ROCM_SMI,GPU_3,2456.8,131.0,100.0
1781678961.67,ROCM_SMI,GPU_4,2456.8,129.0,100.0
1781678963.87,ROCM_SMI,GPU_1,2456.8,129.0,100.0
1781678963.87,ROCM_SMI,GPU_2,2456.8,134.0,100.0
1781678963.87,ROCM_SMI,GPU_3,2456.8,137.0,100.0
1781678963.87,ROCM_SMI,GPU_4,2456.8,133.0,100.0
1781678966.06,ROCM_SMI,GPU_1,2456.8,133.0,100.0
1781678966.06,ROCM_SMI,GPU_2,2456.8,135.0,100.0
1781678966.06,ROCM_SMI,GPU_3,2456.8,137.0,100.0
1781678966.06,ROCM_SMI,GPU_4,2456.8,133.0,100.0
1781678968.25,ROCM_SMI,GPU_1,2456.8,133.0,100.0
1781678968.25,ROCM_SMI,GPU_2,2456.8,137.0,100.0
1781678968.25,ROCM_SMI,GPU_3,2456.8,138.0,100.0
1781678968.25,ROCM_SMI,GPU_4,2456.8,134.0,100.0
1781678970.44,ROCM_SMI,GPU_1,2456.8,131.0,100.0
1781678970.44,ROCM_SMI,GPU_2,2456.8,134.0,100.0
1781678970.44,ROCM_SMI,GPU_3,2456.8,134.0,100.0
1781678970.44,ROCM_SMI,GPU_4,2456.8,128.0,100.0
1781678972.63,ROCM_SMI,GPU_1,2456.8,128.0,100.0
1781678972.63,ROCM_SMI,GPU_2,2456.8,131.0,100.0
1781678972.63,ROCM_SMI,GPU_3,2456.8,133.0,100.0
1781678972.63,ROCM_SMI,GPU_4,2456.8,129.0,100.0
1781678974.83,ROCM_SMI,GPU_1,2456.8,128.0,100.0
1781678974.83,ROCM_SMI,GPU_2,2456.8,132.0,100.0
1781678974.83,ROCM_SMI,GPU_3,2456.8,132.0,100.0
1781678974.83,ROCM_SMI,GPU_4,2456.8,128.0,100.0
1781678977.02,ROCM_SMI,GPU_1,2456.8,127.0,100.0
1781678977.02,ROCM_SMI,GPU_2,2456.8,132.0,100.0
1781678977.02,ROCM_SMI,GPU_3,2456.8,133.0,100.0
1781678977.02,ROCM_SMI,GPU_4,2456.8,129.0,100.0
1781678979.21,ROCM_SMI,GPU_1,2456.8,126.0,100.0
1781678979.21,ROCM_SMI,GPU_2,2456.8,131.0,100.0
1781678979.21,ROCM_SMI,GPU_3,2456.8,133.0,100.0
1781678979.21,ROCM_SMI,GPU_4,2456.8,128.0,100.0
1781678981.40,ROCM_SMI,GPU_1,2456.8,127.0,100.0
1781678981.40,ROCM_SMI,GPU_2,2456.8,131.0,100.0
1781678981.40,ROCM_SMI,GPU_3,2456.8,131.0,100.0
1781678981.40,ROCM_SMI,GPU_4,2456.8,128.0,100.0
1781678983.59,ROCM_SMI,GPU_1,2456.8,128.0,100.0
1781678983.59,ROCM_SMI,GPU_2,2456.8,130.0,100.0
1781678983.59,ROCM_SMI,GPU_3,2456.8,131.0,100.0
1781678983.59,ROCM_SMI,GPU_4,2456.8,128.0,100.0
1781678985.79,ROCM_SMI,GPU_1,2456.8,119.0,100.0
1781678985.79,ROCM_SMI,GPU_2,2456.8,118.0,76.0
1781678985.79,ROCM_SMI,GPU_3,2456.8,170.0,100.0
1781678985.79,ROCM_SMI,GPU_4,2456.8,206.0,100.0
1781678987.98,ROCM_SMI,GPU_1,2456.8,131.0,100.0
1781678987.98,ROCM_SMI,GPU_2,2456.8,134.0,100.0
1781678987.98,ROCM_SMI,GPU_3,2456.8,137.0,100.0
1781678987.98,ROCM_SMI,GPU_4,2456.8,134.0,100.0
1781678990.17,ROCM_SMI,GPU_1,2456.8,133.0,100.0
1781678990.17,ROCM_SMI,GPU_2,2456.8,135.0,100.0
1781678990.17,ROCM_SMI,GPU_3,2456.8,137.0,100.0
1781678990.17,ROCM_SMI,GPU_4,2456.8,133.0,100.0
1781678992.37,ROCM_SMI,GPU_1,2456.8,133.0,100.0
1781678992.37,ROCM_SMI,GPU_2,2456.8,137.0,100.0
1781678992.37,ROCM_SMI,GPU_3,2456.8,139.0,100.0
1781678992.37,ROCM_SMI,GPU_4,2456.8,134.0,100.0
1781678994.56,ROCM_SMI,GPU_1,2456.8,129.0,100.0
1781678994.56,ROCM_SMI,GPU_2,2456.8,134.0,100.0
1781678994.56,ROCM_SMI,GPU_3,2456.8,134.0,100.0
1781678994.56,ROCM_SMI,GPU_4,2456.8,129.0,100.0
1781678996.75,ROCM_SMI,GPU_1,2456.8,127.0,100.0
1781678996.75,ROCM_SMI,GPU_2,2456.8,131.0,100.0
1781678996.75,ROCM_SMI,GPU_3,2456.8,132.0,100.0
1781678996.75,ROCM_SMI,GPU_4,2456.8,128.0,100.0
1781678998.94,ROCM_SMI,GPU_1,2456.8,126.0,100.0
1781678998.94,ROCM_SMI,GPU_2,2456.8,130.0,100.0
1781678998.94,ROCM_SMI,GPU_3,2456.8,131.0,100.0
1781678998.94,ROCM_SMI,GPU_4,2456.8,121.0,100.0
1781679001.14,ROCM_SMI,GPU_1,2456.8,129.0,100.0
1781679001.14,ROCM_SMI,GPU_2,2456.8,132.0,100.0
1781679001.14,ROCM_SMI,GPU_3,2456.8,131.0,100.0
1781679001.14,ROCM_SMI,GPU_4,2456.8,128.0,100.0
1781679003.33,ROCM_SMI,GPU_1,2456.8,127.0,100.0
1781679003.33,ROCM_SMI,GPU_2,2456.8,131.0,100.0
1781679003.33,ROCM_SMI,GPU_3,2456.8,132.0,100.0
1781679003.33,ROCM_SMI,GPU_4,2456.8,128.0,100.0
1781679005.52,ROCM_SMI,GPU_1,2456.8,123.0,100.0
1781679005.52,ROCM_SMI,GPU_2,2456.8,130.0,100.0
1781679005.52,ROCM_SMI,GPU_3,2456.8,135.0,100.0
1781679005.52,ROCM_SMI,GPU_4,2456.8,132.0,100.0
1781679007.71,ROCM_SMI,GPU_1,2456.8,127.0,100.0
1781679007.71,ROCM_SMI,GPU_2,2456.8,130.0,100.0
1781679007.71,ROCM_SMI,GPU_3,2456.8,130.0,100.0
1781679007.71,ROCM_SMI,GPU_4,2456.8,128.0,100.0
1781679009.90,ROCM_SMI,GPU_1,2456.8,126.0,100.0
1781679009.90,ROCM_SMI,GPU_2,2456.8,130.0,100.0
1781679009.90,ROCM_SMI,GPU_3,2456.8,131.0,76.0
1781679009.90,ROCM_SMI,GPU_4,2456.8,126.0,93.0
1781679012.10,ROCM_SMI,GPU_1,2456.8,120.0,100.0
1781679012.10,ROCM_SMI,GPU_2,2456.8,128.0,100.0
1781679012.10,ROCM_SMI,GPU_3,2456.8,134.0,100.0
1781679012.10,ROCM_SMI,GPU_4,2456.8,136.0,100.0
1781679014.29,ROCM_SMI,GPU_1,2456.8,132.0,100.0
1781679014.29,ROCM_SMI,GPU_2,2456.8,137.0,100.0
1781679014.29,ROCM_SMI,GPU_3,2456.8,138.0,100.0
1781679014.29,ROCM_SMI,GPU_4,2456.8,134.0,100.0
1781679016.48,ROCM_SMI,GPU_1,2456.8,133.0,100.0
1781679016.48,ROCM_SMI,GPU_2,2456.8,137.0,100.0
1781679016.48,ROCM_SMI,GPU_3,2456.8,137.0,100.0
1781679016.48,ROCM_SMI,GPU_4,2456.8,133.0,100.0
1781679018.67,ROCM_SMI,GPU_1,2456.8,134.0,100.0
1781679018.67,ROCM_SMI,GPU_2,2456.8,135.0,100.0
1781679018.67,ROCM_SMI,GPU_3,2456.8,136.0,100.0
1781679018.67,ROCM_SMI,GPU_4,2456.8,133.0,100.0
1781679020.87,ROCM_SMI,GPU_1,2456.8,126.0,100.0
1781679020.87,ROCM_SMI,GPU_2,2456.8,133.0,100.0
1781679020.87,ROCM_SMI,GPU_3,2456.8,131.0,100.0
1781679020.87,ROCM_SMI,GPU_4,2456.8,128.0,100.0
1781679023.06,ROCM_SMI,GPU_1,2456.8,127.0,100.0
1781679023.06,ROCM_SMI,GPU_2,2456.8,132.0,100.0
1781679023.06,ROCM_SMI,GPU_3,2456.8,132.0,100.0
1781679023.06,ROCM_SMI,GPU_4,2456.8,128.0,100.0
1781679025.25,ROCM_SMI,GPU_1,2456.8,131.0,100.0
1781679025.25,ROCM_SMI,GPU_2,2456.8,134.0,100.0
1781679025.25,ROCM_SMI,GPU_3,2456.8,137.0,100.0
1781679025.25,ROCM_SMI,GPU_4,2456.8,134.0,100.0
1781679027.44,ROCM_SMI,GPU_1,2456.8,127.0,100.0
1781679027.44,ROCM_SMI,GPU_2,2456.8,132.0,100.0
1781679027.44,ROCM_SMI,GPU_3,2456.8,132.0,100.0
1781679027.44,ROCM_SMI,GPU_4,2456.8,129.0,100.0
1781679029.63,ROCM_SMI,GPU_1,2456.8,128.0,100.0
1781679029.63,ROCM_SMI,GPU_2,2456.8,131.0,100.0
1781679029.63,ROCM_SMI,GPU_3,2456.8,128.0,100.0
1781679029.63,ROCM_SMI,GPU_4,2456.8,122.0,100.0
1781679031.83,ROCM_SMI,GPU_1,2456.8,128.0,100.0
1781679031.83,ROCM_SMI,GPU_2,2456.8,130.0,100.0
1781679031.83,ROCM_SMI,GPU_3,2456.8,131.0,100.0
1781679031.83,ROCM_SMI,GPU_4,2456.8,128.0,100.0
1781679034.02,ROCM_SMI,GPU_1,2456.8,127.0,100.0
1781679034.02,ROCM_SMI,GPU_2,2456.8,130.0,100.0
1781679034.02,ROCM_SMI,GPU_3,2456.8,130.0,100.0
1781679034.02,ROCM_SMI,GPU_4,2456.8,126.0,100.0
1781679036.21,ROCM_SMI,GPU_1,2456.8,127.0,100.0
1781679036.21,ROCM_SMI,GPU_2,2456.8,129.0,86.0
1781679036.21,ROCM_SMI,GPU_3,2456.8,130.0,100.0
1781679036.21,ROCM_SMI,GPU_4,2456.8,128.0,100.0
1781679038.40,ROCM_SMI,GPU_1,2456.8,131.0,100.0
1781679038.40,ROCM_SMI,GPU_2,2456.8,138.0,100.0
1781679038.40,ROCM_SMI,GPU_3,2456.8,138.0,100.0
1781679038.40,ROCM_SMI,GPU_4,2456.8,131.0,100.0
1781679040.60,ROCM_SMI,GPU_1,2456.8,132.0,100.0
1781679040.60,ROCM_SMI,GPU_2,2456.8,137.0,100.0
1781679040.60,ROCM_SMI,GPU_3,2456.8,137.0,100.0
1781679040.60,ROCM_SMI,GPU_4,2456.8,133.0,100.0
1781679042.79,ROCM_SMI,GPU_1,2456.8,135.0,100.0
1781679042.79,ROCM_SMI,GPU_2,2456.8,136.0,100.0
1781679042.79,ROCM_SMI,GPU_3,2456.8,138.0,100.0
1781679042.79,ROCM_SMI,GPU_4,2456.8,134.0,100.0
1781679044.98,ROCM_SMI,GPU_1,2456.8,130.0,100.0
1781679044.98,ROCM_SMI,GPU_2,2456.8,132.0,100.0
1781679044.98,ROCM_SMI,GPU_3,2456.8,133.0,100.0
1781679044.98,ROCM_SMI,GPU_4,2456.8,128.0,100.0
1781679047.17,ROCM_SMI,GPU_1,2456.8,126.0,100.0
1781679047.17,ROCM_SMI,GPU_2,2456.8,132.0,100.0
1781679047.17,ROCM_SMI,GPU_3,2456.8,132.0,100.0
1781679047.17,ROCM_SMI,GPU_4,2456.8,127.0,100.0
1781679049.37,ROCM_SMI,GPU_1,2456.8,127.0,100.0
1781679049.37,ROCM_SMI,GPU_2,2456.8,131.0,100.0
1781679049.37,ROCM_SMI,GPU_3,2456.8,133.0,100.0
1781679049.37,ROCM_SMI,GPU_4,2456.8,128.0,100.0
1781679051.56,ROCM_SMI,GPU_1,2456.8,127.0,100.0
1781679051.56,ROCM_SMI,GPU_2,2456.8,131.0,100.0
1781679051.56,ROCM_SMI,GPU_3,2456.8,131.0,100.0
1781679051.56,ROCM_SMI,GPU_4,2456.8,129.0,100.0
1781679053.75,ROCM_SMI,GPU_1,2456.8,127.0,100.0
1781679053.75,ROCM_SMI,GPU_2,2456.8,132.0,100.0
1781679053.75,ROCM_SMI,GPU_3,2456.8,132.0,100.0
1781679053.75,ROCM_SMI,GPU_4,2456.8,128.0,100.0
1781679055.95,ROCM_SMI,GPU_1,2456.8,127.0,100.0
1781679055.95,ROCM_SMI,GPU_2,2456.8,131.0,100.0
1781679055.95,ROCM_SMI,GPU_3,2456.8,131.0,100.0
1781679055.95,ROCM_SMI,GPU_4,2456.8,127.0,100.0
1781679058.14,ROCM_SMI,GPU_1,2456.8,126.0,100.0
1781679058.14,ROCM_SMI,GPU_2,2456.8,130.0,81.0
1781679058.14,ROCM_SMI,GPU_3,2456.8,130.0,100.0
1781679058.14,ROCM_SMI,GPU_4,2456.8,127.0,100.0
1781679060.33,ROCM_SMI,GPU_1,2456.8,129.0,100.0
1781679060.33,ROCM_SMI,GPU_2,2456.8,135.0,100.0
1781679060.33,ROCM_SMI,GPU_3,2456.8,136.0,100.0
1781679060.33,ROCM_SMI,GPU_4,2456.8,133.0,100.0
1781679062.53,ROCM_SMI,GPU_1,2456.8,133.0,100.0
1781679062.53,ROCM_SMI,GPU_2,2456.8,136.0,100.0
1781679062.53,ROCM_SMI,GPU_3,2456.8,137.0,100.0
1781679062.53,ROCM_SMI,GPU_4,2456.8,133.0,100.0
1781679064.72,ROCM_SMI,GPU_1,2456.8,133.0,100.0
1781679064.72,ROCM_SMI,GPU_2,2456.8,136.0,100.0
1781679064.72,ROCM_SMI,GPU_3,2456.8,136.0,100.0
1781679064.72,ROCM_SMI,GPU_4,2456.8,133.0,100.0
1781679066.92,ROCM_SMI,GPU_1,2456.8,130.0,100.0
1781679066.92,ROCM_SMI,GPU_2,2456.8,125.0,100.0
1781679066.92,ROCM_SMI,GPU_3,2456.8,128.0,100.0
1781679066.92,ROCM_SMI,GPU_4,2456.8,126.0,100.0
1781679069.11,ROCM_SMI,GPU_1,2456.8,128.0,100.0
1781679069.11,ROCM_SMI,GPU_2,2456.8,133.0,100.0
1781679069.11,ROCM_SMI,GPU_3,2456.8,132.0,100.0
1781679069.11,ROCM_SMI,GPU_4,2456.8,128.0,100.0
1781679071.30,ROCM_SMI,GPU_1,2456.8,128.0,100.0
1781679071.30,ROCM_SMI,GPU_2,2456.8,131.0,100.0
1781679071.30,ROCM_SMI,GPU_3,2456.8,132.0,100.0
1781679071.30,ROCM_SMI,GPU_4,2456.8,128.0,100.0
1781679073.49,ROCM_SMI,GPU_1,2456.8,128.0,100.0
1781679073.49,ROCM_SMI,GPU_2,2456.8,131.0,100.0
1781679073.49,ROCM_SMI,GPU_3,2456.8,132.0,100.0
1781679073.49,ROCM_SMI,GPU_4,2456.8,129.0,100.0
1781679075.68,ROCM_SMI,GPU_1,2456.8,129.0,100.0
1781679075.68,ROCM_SMI,GPU_2,2456.8,132.0,100.0
1781679075.68,ROCM_SMI,GPU_3,2456.8,131.0,100.0
1781679075.68,ROCM_SMI,GPU_4,2456.8,128.0,100.0
1781679077.88,ROCM_SMI,GPU_1,2456.8,128.0,100.0
1781679077.88,ROCM_SMI,GPU_2,2456.8,131.0,100.0
1781679077.88,ROCM_SMI,GPU_3,2456.8,132.0,100.0
1781679077.88,ROCM_SMI,GPU_4,2456.8,128.0,100.0
1781679080.07,ROCM_SMI,GPU_1,2456.8,123.0,100.0
1781679080.07,ROCM_SMI,GPU_2,2456.8,126.0,100.0
1781679080.07,ROCM_SMI,GPU_3,2456.8,128.0,100.0
1781679080.07,ROCM_SMI,GPU_4,2456.8,122.0,100.0
1781679082.26,ROCM_SMI,GPU_1,2456.8,126.0,100.0
1781679082.26,ROCM_SMI,GPU_2,2456.8,130.0,80.0
1781679082.26,ROCM_SMI,GPU_3,2456.8,130.0,100.0
1781679082.26,ROCM_SMI,GPU_4,2456.8,128.0,100.0
1781679084.45,ROCM_SMI,GPU_1,2456.8,129.0,100.0
1781679084.45,ROCM_SMI,GPU_2,2456.8,135.0,100.0
1781679084.45,ROCM_SMI,GPU_3,2456.8,136.0,100.0
1781679084.45,ROCM_SMI,GPU_4,2456.8,132.0,100.0
1781679086.65,ROCM_SMI,GPU_1,2456.8,132.0,100.0
1781679086.65,ROCM_SMI,GPU_2,2456.8,137.0,100.0
1781679086.65,ROCM_SMI,GPU_3,2456.8,136.0,100.0
1781679086.65,ROCM_SMI,GPU_4,2456.8,132.0,100.0
1781679088.84,ROCM_SMI,GPU_1,2456.8,133.0,100.0
1781679088.84,ROCM_SMI,GPU_2,2456.8,137.0,100.0
1781679088.84,ROCM_SMI,GPU_3,2456.8,139.0,100.0
1781679088.84,ROCM_SMI,GPU_4,2456.8,134.0,100.0
1781679091.03,ROCM_SMI,GPU_1,2456.8,133.0,100.0
1781679091.03,ROCM_SMI,GPU_2,2456.8,135.0,100.0
1781679091.03,ROCM_SMI,GPU_3,2456.8,136.0,100.0
1781679091.03,ROCM_SMI,GPU_4,2456.8,132.0,100.0
1781679093.22,ROCM_SMI,GPU_1,2456.8,129.0,100.0
1781679093.22,ROCM_SMI,GPU_2,2456.8,132.0,100.0
1781679093.22,ROCM_SMI,GPU_3,2456.8,133.0,100.0
1781679093.22,ROCM_SMI,GPU_4,2456.8,131.0,100.0
1781679095.41,ROCM_SMI,GPU_1,2456.8,128.0,100.0
1781679095.41,ROCM_SMI,GPU_2,2456.8,131.0,100.0
1781679095.41,ROCM_SMI,GPU_3,2456.8,132.0,100.0
1781679095.41,ROCM_SMI,GPU_4,2456.8,128.0,100.0
1781679097.61,ROCM_SMI,GPU_1,2456.8,128.0,100.0
1781679097.61,ROCM_SMI,GPU_2,2456.8,131.0,100.0
1781679097.61,ROCM_SMI,GPU_3,2456.8,132.0,100.0
1781679097.61,ROCM_SMI,GPU_4,2456.8,129.0,100.0
1781679099.80,ROCM_SMI,GPU_1,2456.8,127.0,100.0
1781679099.80,ROCM_SMI,GPU_2,2456.8,131.0,100.0
1781679099.80,ROCM_SMI,GPU_3,2456.8,132.0,100.0
1781679099.80,ROCM_SMI,GPU_4,2456.8,130.0,100.0
1781679101.99,ROCM_SMI,GPU_1,2456.8,128.0,100.0
1781679101.99,ROCM_SMI,GPU_2,2456.8,131.0,100.0
1781679101.99,ROCM_SMI,GPU_3,2456.8,131.0,100.0
1781679101.99,ROCM_SMI,GPU_4,2456.8,129.0,100.0
1781679104.18,ROCM_SMI,GPU_1,2456.8,128.0,100.0
1781679104.18,ROCM_SMI,GPU_2,2456.8,129.0,100.0
1781679104.18,ROCM_SMI,GPU_3,2456.8,131.0,100.0
1781679104.18,ROCM_SMI,GPU_4,2456.8,126.0,100.0
1781679106.37,ROCM_SMI,GPU_1,2456.8,127.0,100.0
1781679106.37,ROCM_SMI,GPU_2,2456.8,131.0,100.0
1781679106.37,ROCM_SMI,GPU_3,2456.8,132.0,100.0
1781679106.37,ROCM_SMI,GPU_4,2456.8,127.0,78.0
1781679108.56,ROCM_SMI,GPU_1,2456.8,126.0,82.0
1781679108.56,ROCM_SMI,GPU_2,2456.8,130.0,100.0
1781679108.56,ROCM_SMI,GPU_3,2456.8,133.0,100.0
1781679108.56,ROCM_SMI,GPU_4,2456.8,132.0,100.0
1781679110.76,ROCM_SMI,GPU_1,2456.8,132.0,100.0
1781679110.76,ROCM_SMI,GPU_2,2456.8,135.0,100.0
1781679110.76,ROCM_SMI,GPU_3,2456.8,136.0,100.0
1781679110.76,ROCM_SMI,GPU_4,2456.8,133.0,100.0
1781679112.95,ROCM_SMI,GPU_1,2456.8,132.0,100.0
1781679112.95,ROCM_SMI,GPU_2,2456.8,138.0,100.0
1781679112.95,ROCM_SMI,GPU_3,2456.8,138.0,100.0
1781679112.95,ROCM_SMI,GPU_4,2456.8,134.0,100.0
1781679115.14,ROCM_SMI,GPU_1,2456.8,131.0,100.0
1781679115.14,ROCM_SMI,GPU_2,2456.8,134.0,100.0
1781679115.14,ROCM_SMI,GPU_3,2456.8,136.0,100.0
1781679115.14,ROCM_SMI,GPU_4,2456.8,132.0,100.0
1781679117.33,ROCM_SMI,GPU_1,2456.8,128.0,100.0
1781679117.33,ROCM_SMI,GPU_2,2456.8,132.0,100.0
1781679117.33,ROCM_SMI,GPU_3,2456.8,132.0,100.0
1781679117.33,ROCM_SMI,GPU_4,2456.8,129.0,100.0
1781679119.52,ROCM_SMI,GPU_1,2456.8,127.0,100.0
1781679119.52,ROCM_SMI,GPU_2,2456.8,131.0,100.0
1781679119.52,ROCM_SMI,GPU_3,2456.8,132.0,100.0
1781679119.52,ROCM_SMI,GPU_4,2456.8,129.0,100.0
1781679121.72,ROCM_SMI,GPU_1,2456.8,128.0,100.0
1781679121.72,ROCM_SMI,GPU_2,2456.8,131.0,100.0
1781679121.72,ROCM_SMI,GPU_3,2456.8,133.0,100.0
1781679121.72,ROCM_SMI,GPU_4,2456.8,128.0,100.0
1781679123.91,ROCM_SMI,GPU_1,2456.8,128.0,100.0
1781679123.91,ROCM_SMI,GPU_2,2456.8,130.0,100.0
1781679123.91,ROCM_SMI,GPU_3,2456.8,131.0,100.0
1781679123.91,ROCM_SMI,GPU_4,2456.8,128.0,100.0
1781679126.10,ROCM_SMI,GPU_1,2456.8,127.0,100.0
1781679126.10,ROCM_SMI,GPU_2,2456.8,132.0,100.0
1781679126.10,ROCM_SMI,GPU_3,2456.8,132.0,100.0
1781679126.10,ROCM_SMI,GPU_4,2456.8,128.0,100.0
1781679128.29,ROCM_SMI,GPU_1,2456.8,127.0,100.0
1781679128.29,ROCM_SMI,GPU_2,2456.8,131.0,100.0
1781679128.29,ROCM_SMI,GPU_3,2456.8,132.0,100.0
1781679128.29,ROCM_SMI,GPU_4,2456.8,128.0,100.0
1781679130.49,ROCM_SMI,GPU_1,2456.8,127.0,100.0
1781679130.49,ROCM_SMI,GPU_2,2456.8,131.0,100.0
1781679130.49,ROCM_SMI,GPU_3,2456.8,132.0,100.0
1781679130.49,ROCM_SMI,GPU_4,2456.8,127.0,74.0
1781679132.68,ROCM_SMI,GPU_1,2456.8,125.0,75.0
1781679132.68,ROCM_SMI,GPU_2,2456.8,130.0,100.0
1781679132.68,ROCM_SMI,GPU_3,2456.8,133.0,100.0
1781679132.68,ROCM_SMI,GPU_4,2456.8,132.0,100.0
1781679134.88,ROCM_SMI,GPU_1,2456.8,178.0,100.0
1781679134.88,ROCM_SMI,GPU_2,2456.8,167.0,100.0
1781679134.88,ROCM_SMI,GPU_3,2456.8,152.0,100.0
1781679134.88,ROCM_SMI,GPU_4,2456.8,133.0,100.0
1781679137.07,ROCM_SMI,GPU_1,2456.8,133.0,100.0
1781679137.07,ROCM_SMI,GPU_2,2456.8,137.0,100.0
1781679137.07,ROCM_SMI,GPU_3,2456.8,138.0,100.0
1781679137.07,ROCM_SMI,GPU_4,2456.8,134.0,100.0
1781679139.26,ROCM_SMI,GPU_1,2456.8,128.0,100.0
1781679139.26,ROCM_SMI,GPU_2,2456.8,131.0,100.0
1781679139.26,ROCM_SMI,GPU_3,2456.8,133.0,100.0
1781679139.26,ROCM_SMI,GPU_4,2456.8,129.0,100.0
1781679141.46,ROCM_SMI,GPU_1,2456.8,128.0,100.0
1781679141.46,ROCM_SMI,GPU_2,2456.8,131.0,100.0
1781679141.46,ROCM_SMI,GPU_3,2456.8,133.0,100.0
1781679141.46,ROCM_SMI,GPU_4,2456.8,129.0,100.0
1781679143.65,ROCM_SMI,GPU_1,2456.8,128.0,100.0
1781679143.65,ROCM_SMI,GPU_2,2456.8,131.0,100.0
1781679143.65,ROCM_SMI,GPU_3,2456.8,132.0,100.0
1781679143.65,ROCM_SMI,GPU_4,2456.8,128.0,100.0
1781679145.84,ROCM_SMI,GPU_1,2456.8,127.0,100.0
1781679145.84,ROCM_SMI,GPU_2,2456.8,131.0,100.0
1781679145.84,ROCM_SMI,GPU_3,2456.8,131.0,100.0
1781679145.84,ROCM_SMI,GPU_4,2456.8,127.0,100.0
1781679148.03,ROCM_SMI,GPU_1,2456.8,124.0,100.0
1781679148.03,ROCM_SMI,GPU_2,2456.8,125.0,100.0
1781679148.03,ROCM_SMI,GPU_3,2456.8,127.0,100.0
1781679148.03,ROCM_SMI,GPU_4,2456.8,123.0,100.0
1781679150.23,ROCM_SMI,GPU_1,2456.8,126.0,100.0
1781679150.23,ROCM_SMI,GPU_2,2456.8,131.0,100.0
1781679150.23,ROCM_SMI,GPU_3,2456.8,131.0,100.0
1781679150.23,ROCM_SMI,GPU_4,2456.8,127.0,100.0
1781679152.42,ROCM_SMI,GPU_1,2456.8,126.0,100.0
1781679152.42,ROCM_SMI,GPU_2,2456.8,130.0,100.0
1781679152.42,ROCM_SMI,GPU_3,2456.8,130.0,100.0
1781679152.42,ROCM_SMI,GPU_4,2456.8,128.0,67.0
1781679154.61,ROCM_SMI,GPU_1,2456.8,125.0,72.0
1781679154.61,ROCM_SMI,GPU_2,2456.8,129.0,100.0
1781679154.61,ROCM_SMI,GPU_3,2456.8,132.0,100.0
1781679154.61,ROCM_SMI,GPU_4,2456.8,131.0,100.0
1781679156.80,ROCM_SMI,GPU_1,2456.8,130.0,100.0
1781679156.80,ROCM_SMI,GPU_2,2456.8,136.0,100.0
1781679156.80,ROCM_SMI,GPU_3,2456.8,136.0,100.0
1781679156.80,ROCM_SMI,GPU_4,2456.8,133.0,100.0
1781679158.99,ROCM_SMI,GPU_1,2456.8,133.0,100.0
1781679158.99,ROCM_SMI,GPU_2,2456.8,137.0,100.0
1781679158.99,ROCM_SMI,GPU_3,2456.8,137.0,100.0
1781679158.99,ROCM_SMI,GPU_4,2456.8,134.0,100.0
1781679161.19,ROCM_SMI,GPU_1,2456.8,130.0,100.0
1781679161.19,ROCM_SMI,GPU_2,2456.8,133.0,100.0
1781679161.19,ROCM_SMI,GPU_3,2456.8,134.0,100.0
1781679161.19,ROCM_SMI,GPU_4,2456.8,131.0,100.0
1781679163.38,ROCM_SMI,GPU_1,2456.8,129.0,100.0
1781679163.38,ROCM_SMI,GPU_2,2456.8,133.0,100.0
1781679163.38,ROCM_SMI,GPU_3,2456.8,132.0,100.0
1781679163.38,ROCM_SMI,GPU_4,2456.8,128.0,100.0
1781679165.57,ROCM_SMI,GPU_1,2456.8,128.0,100.0
1781679165.57,ROCM_SMI,GPU_2,2456.8,131.0,100.0
1781679165.57,ROCM_SMI,GPU_3,2456.8,133.0,100.0
1781679165.57,ROCM_SMI,GPU_4,2456.8,127.0,100.0
1781679167.76,ROCM_SMI,GPU_1,2456.8,127.0,100.0
1781679167.76,ROCM_SMI,GPU_2,2456.8,130.0,100.0
1781679167.76,ROCM_SMI,GPU_3,2456.8,132.0,100.0
1781679167.76,ROCM_SMI,GPU_4,2456.8,128.0,100.0
1781679169.95,ROCM_SMI,GPU_1,2456.8,127.0,100.0
1781679169.95,ROCM_SMI,GPU_2,2456.8,131.0,100.0
1781679169.95,ROCM_SMI,GPU_3,2456.8,132.0,100.0
1781679169.95,ROCM_SMI,GPU_4,2456.8,129.0,100.0
1781679172.14,ROCM_SMI,GPU_1,2456.8,128.0,100.0
1781679172.14,ROCM_SMI,GPU_2,2456.8,132.0,100.0
1781679172.14,ROCM_SMI,GPU_3,2456.8,133.0,100.0
1781679172.14,ROCM_SMI,GPU_4,2456.8,130.0,100.0
1781679174.34,ROCM_SMI,GPU_1,2456.8,127.0,100.0
1781679174.34,ROCM_SMI,GPU_2,2456.8,131.0,100.0
1781679174.34,ROCM_SMI,GPU_3,2456.8,132.0,100.0
1781679174.34,ROCM_SMI,GPU_4,2456.8,128.0,100.0
1781679176.53,ROCM_SMI,GPU_1,2456.8,127.0,100.0
1781679176.53,ROCM_SMI,GPU_2,2456.8,130.0,100.0
1781679176.53,ROCM_SMI,GPU_3,2456.8,131.0,90.0
1781679176.53,ROCM_SMI,GPU_4,2456.8,127.0,95.0
1781679178.72,ROCM_SMI,GPU_1,2456.8,126.0,74.0
1781679178.72,ROCM_SMI,GPU_2,2456.8,130.0,100.0
1781679178.72,ROCM_SMI,GPU_3,2456.8,133.0,100.0
1781679178.72,ROCM_SMI,GPU_4,2456.8,131.0,100.0
1781679180.92,ROCM_SMI,GPU_1,2456.8,131.0,100.0
1781679180.92,ROCM_SMI,GPU_2,2456.8,135.0,100.0
1781679180.92,ROCM_SMI,GPU_3,2456.8,136.0,100.0
1781679180.92,ROCM_SMI,GPU_4,2456.8,133.0,100.0
1781679183.11,ROCM_SMI,GPU_1,2456.8,133.0,100.0
1781679183.11,ROCM_SMI,GPU_2,2456.8,137.0,100.0
1781679183.11,ROCM_SMI,GPU_3,2456.8,137.0,100.0
1781679183.11,ROCM_SMI,GPU_4,2456.8,133.0,100.0
1781679185.30,ROCM_SMI,GPU_1,2456.8,132.0,100.0
1781679185.30,ROCM_SMI,GPU_2,2456.8,137.0,100.0
1781679185.30,ROCM_SMI,GPU_3,2456.8,137.0,100.0
1781679185.30,ROCM_SMI,GPU_4,2456.8,130.0,100.0
1781679187.49,ROCM_SMI,GPU_1,2456.8,126.0,100.0
1781679187.49,ROCM_SMI,GPU_2,2456.8,132.0,100.0
1781679187.49,ROCM_SMI,GPU_3,2456.8,132.0,100.0
1781679187.49,ROCM_SMI,GPU_4,2456.8,128.0,100.0
1781679189.69,ROCM_SMI,GPU_1,2456.8,127.0,100.0
1781679189.69,ROCM_SMI,GPU_2,2456.8,126.0,100.0
1781679189.69,ROCM_SMI,GPU_3,2456.8,137.0,100.0
1781679189.69,ROCM_SMI,GPU_4,2456.8,116.0,100.0
1781679191.89,ROCM_SMI,GPU_1,2456.8,128.0,100.0
1781679191.89,ROCM_SMI,GPU_2,2456.8,131.0,100.0
1781679191.89,ROCM_SMI,GPU_3,2456.8,132.0,100.0
1781679191.89,ROCM_SMI,GPU_4,2456.8,129.0,100.0
1781679194.08,ROCM_SMI,GPU_1,2456.8,128.0,100.0
1781679194.08,ROCM_SMI,GPU_2,2456.8,131.0,100.0
1781679194.08,ROCM_SMI,GPU_3,2456.8,132.0,100.0
1781679194.08,ROCM_SMI,GPU_4,2456.8,128.0,100.0
1781679196.27,ROCM_SMI,GPU_1,2456.8,127.0,100.0
1781679196.27,ROCM_SMI,GPU_2,2456.8,131.0,100.0
1781679196.27,ROCM_SMI,GPU_3,2456.8,131.0,100.0
1781679196.27,ROCM_SMI,GPU_4,2456.8,127.0,100.0
1781679198.46,ROCM_SMI,GPU_1,2456.8,126.0,100.0
1781679198.46,ROCM_SMI,GPU_2,2456.8,129.0,100.0
1781679198.46,ROCM_SMI,GPU_3,2456.8,131.0,100.0
1781679198.46,ROCM_SMI,GPU_4,2456.8,127.0,84.0
1781679200.65,ROCM_SMI,GPU_1,2456.8,125.0,100.0
1781679200.65,ROCM_SMI,GPU_2,2456.8,129.0,90.0
1781679200.65,ROCM_SMI,GPU_3,2456.8,132.0,100.0
1781679200.65,ROCM_SMI,GPU_4,2456.8,128.0,100.0
1781679202.85,ROCM_SMI,GPU_1,2456.8,128.0,100.0
1781679202.85,ROCM_SMI,GPU_2,2456.8,141.0,100.0
1781679202.85,ROCM_SMI,GPU_3,2456.8,142.0,100.0
1781679202.85,ROCM_SMI,GPU_4,2456.8,142.0,100.0
1781679205.04,ROCM_SMI,GPU_1,2456.8,133.0,100.0
1781679205.04,ROCM_SMI,GPU_2,2456.8,137.0,100.0
1781679205.04,ROCM_SMI,GPU_3,2456.8,137.0,100.0
1781679205.04,ROCM_SMI,GPU_4,2456.8,134.0,100.0
1781679207.24,ROCM_SMI,GPU_1,2456.8,133.0,100.0
1781679207.24,ROCM_SMI,GPU_2,2456.8,136.0,100.0
1781679207.24,ROCM_SMI,GPU_3,2456.8,138.0,100.0
1781679207.24,ROCM_SMI,GPU_4,2456.8,134.0,100.0
1781679209.43,ROCM_SMI,GPU_1,2456.8,129.0,100.0
1781679209.43,ROCM_SMI,GPU_2,2456.8,132.0,100.0
1781679209.43,ROCM_SMI,GPU_3,2456.8,134.0,100.0
1781679209.43,ROCM_SMI,GPU_4,2456.8,130.0,100.0
1781679211.62,ROCM_SMI,GPU_1,2456.8,128.0,100.0
1781679211.62,ROCM_SMI,GPU_2,2456.8,132.0,100.0
1781679211.62,ROCM_SMI,GPU_3,2456.8,132.0,100.0
1781679211.62,ROCM_SMI,GPU_4,2456.8,129.0,100.0
1781679213.81,ROCM_SMI,GPU_1,2456.8,127.0,100.0
1781679213.81,ROCM_SMI,GPU_2,2456.8,131.0,100.0
1781679213.81,ROCM_SMI,GPU_3,2456.8,133.0,100.0
1781679213.81,ROCM_SMI,GPU_4,2456.8,128.0,100.0
1781679216.01,ROCM_SMI,GPU_1,2456.8,130.0,100.0
1781679216.01,ROCM_SMI,GPU_2,2456.8,133.0,100.0
1781679216.01,ROCM_SMI,GPU_3,2456.8,134.0,100.0
1781679216.01,ROCM_SMI,GPU_4,2456.8,133.0,100.0
1781679218.20,ROCM_SMI,GPU_1,2456.8,127.0,100.0
1781679218.20,ROCM_SMI,GPU_2,2456.8,131.0,100.0
1781679218.20,ROCM_SMI,GPU_3,2456.8,131.0,100.0
1781679218.20,ROCM_SMI,GPU_4,2456.8,128.0,100.0
1781679220.40,ROCM_SMI,GPU_1,2456.8,127.0,100.0
1781679220.40,ROCM_SMI,GPU_2,2456.8,131.0,100.0
1781679220.40,ROCM_SMI,GPU_3,2456.8,131.0,100.0
1781679220.40,ROCM_SMI,GPU_4,2456.8,128.0,100.0
1781679222.59,ROCM_SMI,GPU_1,2456.8,126.0,100.0
1781679222.59,ROCM_SMI,GPU_2,2456.8,130.0,100.0
1781679222.59,ROCM_SMI,GPU_3,2456.8,130.0,92.0
1781679222.59,ROCM_SMI,GPU_4,2456.8,127.0,100.0
1781679224.78,ROCM_SMI,GPU_1,2456.8,127.0,84.0
1781679224.78,ROCM_SMI,GPU_2,2456.8,131.0,100.0
1781679224.78,ROCM_SMI,GPU_3,2456.8,134.0,100.0
1781679224.78,ROCM_SMI,GPU_4,2456.8,131.0,100.0
1781679226.98,ROCM_SMI,GPU_1,2456.8,132.0,100.0
1781679226.98,ROCM_SMI,GPU_2,2456.8,136.0,100.0
1781679226.98,ROCM_SMI,GPU_3,2456.8,136.0,100.0
1781679226.98,ROCM_SMI,GPU_4,2456.8,132.0,100.0
1781679229.17,ROCM_SMI,GPU_1,2456.8,127.0,100.0
1781679229.17,ROCM_SMI,GPU_2,2456.8,132.0,100.0
1781679229.17,ROCM_SMI,GPU_3,2456.8,134.0,100.0
1781679229.17,ROCM_SMI,GPU_4,2456.8,130.0,100.0
1781679231.37,ROCM_SMI,GPU_1,2456.8,133.0,100.0
1781679231.37,ROCM_SMI,GPU_2,2456.8,135.0,100.0
1781679231.37,ROCM_SMI,GPU_3,2456.8,137.0,100.0
1781679231.37,ROCM_SMI,GPU_4,2456.8,135.0,100.0
1781679233.56,ROCM_SMI,GPU_1,2456.8,127.0,100.0
1781679233.56,ROCM_SMI,GPU_2,2456.8,130.0,100.0
1781679233.56,ROCM_SMI,GPU_3,2456.8,131.0,100.0
1781679233.56,ROCM_SMI,GPU_4,2456.8,128.0,100.0
1781679235.75,ROCM_SMI,GPU_1,2456.8,129.0,100.0
1781679235.75,ROCM_SMI,GPU_2,2456.8,132.0,100.0
1781679235.75,ROCM_SMI,GPU_3,2456.8,131.0,100.0
1781679235.75,ROCM_SMI,GPU_4,2456.8,130.0,100.0
1781679237.94,ROCM_SMI,GPU_1,2456.8,128.0,100.0
1781679237.94,ROCM_SMI,GPU_2,2456.8,131.0,100.0
1781679237.94,ROCM_SMI,GPU_3,2456.8,131.0,100.0
1781679237.94,ROCM_SMI,GPU_4,2456.8,128.0,100.0
1781679240.13,ROCM_SMI,GPU_1,2456.8,129.0,100.0
1781679240.13,ROCM_SMI,GPU_2,2456.8,131.0,100.0
1781679240.13,ROCM_SMI,GPU_3,2456.8,132.0,100.0
1781679240.13,ROCM_SMI,GPU_4,2456.8,129.0,100.0
1781679242.33,ROCM_SMI,GPU_1,2456.8,128.0,100.0
1781679242.33,ROCM_SMI,GPU_2,2456.8,130.0,100.0
1781679242.33,ROCM_SMI,GPU_3,2456.8,131.0,100.0
1781679242.33,ROCM_SMI,GPU_4,2456.8,127.0,100.0
1781679244.52,ROCM_SMI,GPU_1,2456.8,126.0,100.0
1781679244.52,ROCM_SMI,GPU_2,2456.8,129.0,100.0
1781679244.52,ROCM_SMI,GPU_3,2456.8,130.0,100.0
1781679244.52,ROCM_SMI,GPU_4,2456.8,127.0,100.0
1781679246.71,ROCM_SMI,GPU_1,2456.8,128.0,100.0
1781679246.71,ROCM_SMI,GPU_2,2456.8,130.0,100.0
1781679246.71,ROCM_SMI,GPU_3,2456.8,131.0,100.0
1781679246.71,ROCM_SMI,GPU_4,2456.8,127.0,83.0
1781679248.90,ROCM_SMI,GPU_1,2456.8,126.0,81.0
1781679248.90,ROCM_SMI,GPU_2,2456.8,128.0,100.0
1781679248.90,ROCM_SMI,GPU_3,2456.8,131.0,100.0
1781679248.90,ROCM_SMI,GPU_4,2456.8,130.0,100.0
1781679251.10,ROCM_SMI,GPU_1,2456.8,132.0,100.0
1781679251.10,ROCM_SMI,GPU_2,2456.8,136.0,100.0
1781679251.10,ROCM_SMI,GPU_3,2456.8,137.0,100.0
1781679251.10,ROCM_SMI,GPU_4,2456.8,132.0,100.0
1781679253.29,ROCM_SMI,GPU_1,2456.8,132.0,100.0
1781679253.29,ROCM_SMI,GPU_2,2456.8,136.0,100.0
1781679253.29,ROCM_SMI,GPU_3,2456.8,137.0,100.0
1781679253.29,ROCM_SMI,GPU_4,2456.8,133.0,100.0
1781679255.49,ROCM_SMI,GPU_1,2456.8,133.0,100.0
1781679255.49,ROCM_SMI,GPU_2,2456.8,137.0,100.0
1781679255.49,ROCM_SMI,GPU_3,2456.8,137.0,100.0
1781679255.49,ROCM_SMI,GPU_4,2456.8,134.0,100.0
1781679257.68,ROCM_SMI,GPU_1,2456.8,124.0,100.0
1781679257.68,ROCM_SMI,GPU_2,2456.8,127.0,100.0
1781679257.68,ROCM_SMI,GPU_3,2456.8,128.0,100.0
1781679257.68,ROCM_SMI,GPU_4,2456.8,126.0,100.0
1781679259.87,ROCM_SMI,GPU_1,2456.8,127.0,100.0
1781679259.87,ROCM_SMI,GPU_2,2456.8,131.0,100.0
1781679259.87,ROCM_SMI,GPU_3,2456.8,133.0,100.0
1781679259.87,ROCM_SMI,GPU_4,2456.8,128.0,100.0
1781679262.06,ROCM_SMI,GPU_1,2456.8,128.0,100.0
1781679262.06,ROCM_SMI,GPU_2,2456.8,131.0,100.0
1781679262.06,ROCM_SMI,GPU_3,2456.8,133.0,100.0
1781679262.06,ROCM_SMI,GPU_4,2456.8,127.0,100.0
1781679264.25,ROCM_SMI,GPU_1,2456.8,127.0,100.0
1781679264.25,ROCM_SMI,GPU_2,2456.8,131.0,100.0
1781679264.25,ROCM_SMI,GPU_3,2456.8,132.0,100.0
1781679264.25,ROCM_SMI,GPU_4,2456.8,129.0,100.0
1781679266.44,ROCM_SMI,GPU_1,2456.8,127.0,100.0
1781679266.44,ROCM_SMI,GPU_2,2456.8,132.0,100.0
1781679266.44,ROCM_SMI,GPU_3,2456.8,132.0,100.0
1781679266.44,ROCM_SMI,GPU_4,2456.8,129.0,100.0
1781679268.64,ROCM_SMI,GPU_1,2456.8,127.0,100.0
1781679268.64,ROCM_SMI,GPU_2,2456.8,132.0,100.0
1781679268.64,ROCM_SMI,GPU_3,2456.8,133.0,100.0
1781679268.64,ROCM_SMI,GPU_4,2456.8,128.0,100.0
1781679270.83,ROCM_SMI,GPU_1,2456.8,121.0,100.0
1781679270.83,ROCM_SMI,GPU_2,2456.8,126.0,100.0
1781679270.83,ROCM_SMI,GPU_3,2456.8,125.0,100.0
1781679270.83,ROCM_SMI,GPU_4,2456.8,122.0,100.0
1781679273.02,ROCM_SMI,GPU_1,2456.8,126.0,100.0
1781679273.02,ROCM_SMI,GPU_2,2456.8,131.0,100.0
1781679273.02,ROCM_SMI,GPU_3,2456.8,130.0,85.0
1781679273.02,ROCM_SMI,GPU_4,2456.8,128.0,100.0
1781679275.21,ROCM_SMI,GPU_1,2456.8,128.0,100.0
1781679275.21,ROCM_SMI,GPU_2,2456.8,133.0,100.0
1781679275.21,ROCM_SMI,GPU_3,2456.8,137.0,100.0
1781679275.21,ROCM_SMI,GPU_4,2456.8,134.0,100.0
1781679277.41,ROCM_SMI,GPU_1,2456.8,133.0,100.0
1781679277.41,ROCM_SMI,GPU_2,2456.8,137.0,100.0
1781679277.41,ROCM_SMI,GPU_3,2456.8,137.0,100.0
1781679277.41,ROCM_SMI,GPU_4,2456.8,133.0,100.0
1781679279.60,ROCM_SMI,GPU_1,2456.8,134.0,100.0
1781679279.60,ROCM_SMI,GPU_2,2456.8,135.0,100.0
1781679279.60,ROCM_SMI,GPU_3,2456.8,139.0,100.0
1781679279.60,ROCM_SMI,GPU_4,2456.8,133.0,100.0
1781679281.79,ROCM_SMI,GPU_1,2456.8,131.0,100.0
1781679281.79,ROCM_SMI,GPU_2,2456.8,136.0,100.0
1781679281.79,ROCM_SMI,GPU_3,2456.8,135.0,100.0
1781679281.79,ROCM_SMI,GPU_4,2456.8,131.0,100.0
1781679283.98,ROCM_SMI,GPU_1,2456.8,129.0,100.0
1781679283.98,ROCM_SMI,GPU_2,2456.8,132.0,100.0
1781679283.98,ROCM_SMI,GPU_3,2456.8,134.0,100.0
1781679283.98,ROCM_SMI,GPU_4,2456.8,130.0,100.0
1781679286.18,ROCM_SMI,GPU_1,2456.8,128.0,100.0
1781679286.18,ROCM_SMI,GPU_2,2456.8,132.0,100.0
1781679286.18,ROCM_SMI,GPU_3,2456.8,132.0,100.0
1781679286.18,ROCM_SMI,GPU_4,2456.8,129.0,100.0
1781679288.37,ROCM_SMI,GPU_1,2456.8,128.0,100.0
1781679288.37,ROCM_SMI,GPU_2,2456.8,132.0,100.0
1781679288.37,ROCM_SMI,GPU_3,2456.8,132.0,100.0
1781679288.37,ROCM_SMI,GPU_4,2456.8,129.0,100.0
1781679290.56,ROCM_SMI,GPU_1,2456.8,127.0,100.0
1781679290.56,ROCM_SMI,GPU_2,2456.8,131.0,100.0
1781679290.56,ROCM_SMI,GPU_3,2456.8,132.0,100.0
1781679290.56,ROCM_SMI,GPU_4,2456.8,129.0,100.0
1781679292.75,ROCM_SMI,GPU_1,2456.8,127.0,100.0
1781679292.75,ROCM_SMI,GPU_2,2456.8,132.0,100.0
1781679292.75,ROCM_SMI,GPU_3,2456.8,131.0,100.0
1781679292.75,ROCM_SMI,GPU_4,2456.8,127.0,100.0
1781679294.94,ROCM_SMI,GPU_1,2456.8,127.0,100.0
1781679294.94,ROCM_SMI,GPU_2,2456.8,131.0,100.0
1781679294.94,ROCM_SMI,GPU_3,2456.8,131.0,100.0
1781679294.94,ROCM_SMI,GPU_4,2456.8,129.0,100.0
1781679297.13,ROCM_SMI,GPU_1,2456.8,126.0,100.0
1781679297.13,ROCM_SMI,GPU_2,2456.8,131.0,100.0
1781679297.13,ROCM_SMI,GPU_3,2456.8,130.0,100.0
1781679297.13,ROCM_SMI,GPU_4,2456.8,127.0,74.0
1781679299.32,ROCM_SMI,GPU_1,2456.8,125.0,79.0
1781679299.32,ROCM_SMI,GPU_2,2456.8,130.0,100.0
1781679299.32,ROCM_SMI,GPU_3,2456.8,134.0,100.0
1781679299.32,ROCM_SMI,GPU_4,2456.8,131.0,100.0
1781679301.52,ROCM_SMI,GPU_1,2456.8,133.0,100.0
1781679301.52,ROCM_SMI,GPU_2,2456.8,137.0,100.0
1781679301.52,ROCM_SMI,GPU_3,2456.8,137.0,100.0
1781679301.52,ROCM_SMI,GPU_4,2456.8,133.0,100.0
1781679303.71,ROCM_SMI,GPU_1,2456.8,132.0,100.0
1781679303.71,ROCM_SMI,GPU_2,2456.8,137.0,100.0
1781679303.71,ROCM_SMI,GPU_3,2456.8,137.0,100.0
1781679303.71,ROCM_SMI,GPU_4,2456.8,133.0,100.0
1781679305.90,ROCM_SMI,GPU_1,2456.8,133.0,100.0
1781679305.90,ROCM_SMI,GPU_2,2456.8,135.0,100.0
1781679305.90,ROCM_SMI,GPU_3,2456.8,136.0,100.0
1781679305.90,ROCM_SMI,GPU_4,2456.8,131.0,100.0
1781679308.09,ROCM_SMI,GPU_1,2456.8,127.0,100.0
1781679308.09,ROCM_SMI,GPU_2,2456.8,130.0,100.0
1781679308.09,ROCM_SMI,GPU_3,2456.8,132.0,100.0
1781679308.09,ROCM_SMI,GPU_4,2456.8,128.0,100.0
1781679310.28,ROCM_SMI,GPU_1,2456.8,127.0,100.0
1781679310.28,ROCM_SMI,GPU_2,2456.8,132.0,100.0
1781679310.28,ROCM_SMI,GPU_3,2456.8,132.0,100.0
1781679310.28,ROCM_SMI,GPU_4,2456.8,128.0,100.0
1781679312.48,ROCM_SMI,GPU_1,2456.8,125.0,100.0
1781679312.48,ROCM_SMI,GPU_2,2456.8,126.0,100.0
1781679312.48,ROCM_SMI,GPU_3,2456.8,138.0,100.0
1781679312.48,ROCM_SMI,GPU_4,2456.8,131.0,100.0
1781679314.67,ROCM_SMI,GPU_1,2456.8,128.0,100.0
1781679314.67,ROCM_SMI,GPU_2,2456.8,132.0,100.0
1781679314.67,ROCM_SMI,GPU_3,2456.8,133.0,100.0
1781679314.67,ROCM_SMI,GPU_4,2456.8,128.0,100.0
1781679316.87,ROCM_SMI,GPU_1,2456.8,127.0,100.0
1781679316.87,ROCM_SMI,GPU_2,2456.8,131.0,100.0
1781679316.87,ROCM_SMI,GPU_3,2456.8,131.0,100.0
1781679316.87,ROCM_SMI,GPU_4,2456.8,127.0,100.0
1781679319.06,ROCM_SMI,GPU_1,2456.8,127.0,100.0
1781679319.06,ROCM_SMI,GPU_2,2456.8,130.0,77.0
1781679319.06,ROCM_SMI,GPU_3,2456.8,130.0,100.0
1781679319.06,ROCM_SMI,GPU_4,2456.8,127.0,100.0
1781679321.25,ROCM_SMI,GPU_1,2456.8,130.0,100.0
1781679321.25,ROCM_SMI,GPU_2,2456.8,134.0,100.0
1781679321.25,ROCM_SMI,GPU_3,2456.8,137.0,100.0
1781679321.25,ROCM_SMI,GPU_4,2456.8,132.0,100.0
1781679323.44,ROCM_SMI,GPU_1,2456.8,133.0,100.0
1781679323.44,ROCM_SMI,GPU_2,2456.8,136.0,100.0
1781679323.44,ROCM_SMI,GPU_3,2456.8,136.0,100.0
1781679323.44,ROCM_SMI,GPU_4,2456.8,134.0,100.0
1781679325.64,ROCM_SMI,GPU_1,2456.8,142.0,100.0
1781679325.64,ROCM_SMI,GPU_2,2456.8,145.0,100.0
1781679325.64,ROCM_SMI,GPU_3,2456.8,149.0,100.0
1781679325.64,ROCM_SMI,GPU_4,2456.8,145.0,100.0
1781679327.83,ROCM_SMI,GPU_1,2456.8,128.0,100.0
1781679327.83,ROCM_SMI,GPU_2,2456.8,131.0,100.0
1781679327.83,ROCM_SMI,GPU_3,2456.8,133.0,100.0
1781679327.83,ROCM_SMI,GPU_4,2456.8,129.0,100.0
1781679330.02,ROCM_SMI,GPU_1,2456.8,128.0,100.0
1781679330.02,ROCM_SMI,GPU_2,2456.8,131.0,100.0
1781679330.02,ROCM_SMI,GPU_3,2456.8,132.0,100.0
1781679330.02,ROCM_SMI,GPU_4,2456.8,129.0,100.0
1781679332.22,ROCM_SMI,GPU_1,2456.8,128.0,100.0
1781679332.22,ROCM_SMI,GPU_2,2456.8,131.0,100.0
1781679332.22,ROCM_SMI,GPU_3,2456.8,133.0,100.0
1781679332.22,ROCM_SMI,GPU_4,2456.8,128.0,100.0
1781679334.41,ROCM_SMI,GPU_1,2456.8,129.0,100.0
1781679334.41,ROCM_SMI,GPU_2,2456.8,131.0,100.0
1781679334.41,ROCM_SMI,GPU_3,2456.8,133.0,100.0
1781679334.41,ROCM_SMI,GPU_4,2456.8,127.0,100.0
1781679336.60,ROCM_SMI,GPU_1,2456.8,129.0,100.0
1781679336.60,ROCM_SMI,GPU_2,2456.8,131.0,100.0
1781679336.60,ROCM_SMI,GPU_3,2456.8,132.0,100.0
1781679336.60,ROCM_SMI,GPU_4,2456.8,128.0,100.0
1781679338.79,ROCM_SMI,GPU_1,2456.8,123.0,100.0
1781679338.79,ROCM_SMI,GPU_2,2456.8,125.0,100.0
1781679338.79,ROCM_SMI,GPU_3,2456.8,126.0,100.0
1781679338.79,ROCM_SMI,GPU_4,2456.8,122.0,100.0
1781679340.98,ROCM_SMI,GPU_1,2456.8,126.0,100.0
1781679340.98,ROCM_SMI,GPU_2,2456.8,129.0,79.0
1781679340.98,ROCM_SMI,GPU_3,2456.8,130.0,100.0
1781679340.98,ROCM_SMI,GPU_4,2456.8,128.0,100.0
1781679343.18,ROCM_SMI,GPU_1,2456.8,130.0,100.0
1781679343.18,ROCM_SMI,GPU_2,2456.8,136.0,100.0
1781679343.18,ROCM_SMI,GPU_3,2456.8,137.0,100.0
1781679343.18,ROCM_SMI,GPU_4,2456.8,133.0,100.0
1781679345.37,ROCM_SMI,GPU_1,2456.8,133.0,100.0
1781679345.37,ROCM_SMI,GPU_2,2456.8,136.0,100.0
1781679345.37,ROCM_SMI,GPU_3,2456.8,137.0,100.0
1781679345.37,ROCM_SMI,GPU_4,2456.8,132.0,100.0
1781679347.56,ROCM_SMI,GPU_1,2456.8,133.0,100.0
1781679347.56,ROCM_SMI,GPU_2,2456.8,138.0,100.0
1781679347.56,ROCM_SMI,GPU_3,2456.8,138.0,100.0
1781679347.56,ROCM_SMI,GPU_4,2456.8,132.0,100.0
1781679349.76,ROCM_SMI,GPU_1,2456.8,130.0,100.0
1781679349.76,ROCM_SMI,GPU_2,2456.8,132.0,100.0
1781679349.76,ROCM_SMI,GPU_3,2456.8,133.0,100.0
1781679349.76,ROCM_SMI,GPU_4,2456.8,128.0,100.0
1781679351.95,ROCM_SMI,GPU_1,2456.8,128.0,100.0
1781679351.95,ROCM_SMI,GPU_2,2456.8,132.0,100.0
1781679351.95,ROCM_SMI,GPU_3,2456.8,132.0,100.0
1781679351.95,ROCM_SMI,GPU_4,2456.8,129.0,100.0
1781679354.14,ROCM_SMI,GPU_1,2456.8,127.0,100.0
1781679354.14,ROCM_SMI,GPU_2,2456.8,131.0,100.0
1781679354.14,ROCM_SMI,GPU_3,2456.8,132.0,100.0
1781679354.14,ROCM_SMI,GPU_4,2456.8,128.0,100.0
1781679356.34,ROCM_SMI,GPU_1,2456.8,127.0,100.0
1781679356.34,ROCM_SMI,GPU_2,2456.8,131.0,100.0
1781679356.34,ROCM_SMI,GPU_3,2456.8,133.0,100.0
1781679356.34,ROCM_SMI,GPU_4,2456.8,127.0,100.0
1781679358.53,ROCM_SMI,GPU_1,2456.8,128.0,100.0
1781679358.53,ROCM_SMI,GPU_2,2456.8,130.0,100.0
1781679358.53,ROCM_SMI,GPU_3,2456.8,132.0,100.0
1781679358.53,ROCM_SMI,GPU_4,2456.8,128.0,100.0
1781679360.72,ROCM_SMI,GPU_1,2456.8,126.0,100.0
1781679360.72,ROCM_SMI,GPU_2,2456.8,130.0,100.0
1781679360.72,ROCM_SMI,GPU_3,2456.8,131.0,100.0
1781679360.72,ROCM_SMI,GPU_4,2456.8,129.0,100.0
1781679362.91,ROCM_SMI,GPU_1,2456.8,127.0,100.0
1781679362.91,ROCM_SMI,GPU_2,2456.8,130.0,100.0
1781679362.91,ROCM_SMI,GPU_3,2456.8,131.0,100.0
1781679362.91,ROCM_SMI,GPU_4,2456.8,128.0,100.0
1781679365.10,ROCM_SMI,GPU_1,2456.8,126.0,100.0
1781679365.10,ROCM_SMI,GPU_2,2456.8,129.0,82.0
1781679365.10,ROCM_SMI,GPU_3,2456.8,129.0,100.0
1781679365.10,ROCM_SMI,GPU_4,2456.8,129.0,100.0
1781679367.30,ROCM_SMI,GPU_1,2456.8,131.0,100.0
1781679367.30,ROCM_SMI,GPU_2,2456.8,135.0,100.0
1781679367.30,ROCM_SMI,GPU_3,2456.8,136.0,100.0
1781679367.30,ROCM_SMI,GPU_4,2456.8,134.0,100.0
1781679369.49,ROCM_SMI,GPU_1,2456.8,132.0,100.0
1781679369.49,ROCM_SMI,GPU_2,2456.8,137.0,100.0
1781679369.49,ROCM_SMI,GPU_3,2456.8,138.0,100.0
1781679369.49,ROCM_SMI,GPU_4,2456.8,133.0,100.0
1781679371.68,ROCM_SMI,GPU_1,2456.8,133.0,100.0
1781679371.68,ROCM_SMI,GPU_2,2456.8,136.0,100.0
1781679371.68,ROCM_SMI,GPU_3,2456.8,138.0,100.0
1781679371.68,ROCM_SMI,GPU_4,2456.8,133.0,100.0
1781679373.87,ROCM_SMI,GPU_1,2456.8,131.0,100.0
1781679373.87,ROCM_SMI,GPU_2,2456.8,133.0,100.0
1781679373.87,ROCM_SMI,GPU_3,2456.8,135.0,100.0
1781679373.87,ROCM_SMI,GPU_4,2456.8,129.0,100.0
1781679376.06,ROCM_SMI,GPU_1,2456.8,128.0,100.0
1781679376.06,ROCM_SMI,GPU_2,2456.8,132.0,100.0
1781679376.06,ROCM_SMI,GPU_3,2456.8,132.0,100.0
1781679376.06,ROCM_SMI,GPU_4,2456.8,128.0,100.0
1781679378.25,ROCM_SMI,GPU_1,2456.8,127.0,100.0
1781679378.25,ROCM_SMI,GPU_2,2456.8,131.0,100.0
1781679378.25,ROCM_SMI,GPU_3,2456.8,132.0,100.0
1781679378.25,ROCM_SMI,GPU_4,2456.8,129.0,100.0
1781679380.45,ROCM_SMI,GPU_1,2456.8,124.0,100.0
1781679380.45,ROCM_SMI,GPU_2,2456.8,126.0,100.0
1781679380.45,ROCM_SMI,GPU_3,2456.8,127.0,100.0
1781679380.45,ROCM_SMI,GPU_4,2456.8,125.0,100.0
1781679382.65,ROCM_SMI,GPU_1,2456.8,129.0,100.0
1781679382.65,ROCM_SMI,GPU_2,2456.8,131.0,100.0
1781679382.65,ROCM_SMI,GPU_3,2456.8,130.0,100.0
1781679382.65,ROCM_SMI,GPU_4,2456.8,128.0,100.0
1781679384.84,ROCM_SMI,GPU_1,2456.8,127.0,100.0
1781679384.84,ROCM_SMI,GPU_2,2456.8,131.0,100.0
1781679384.84,ROCM_SMI,GPU_3,2456.8,131.0,100.0
1781679384.84,ROCM_SMI,GPU_4,2456.8,127.0,100.0
1781679387.03,ROCM_SMI,GPU_1,2456.8,126.0,100.0
1781679387.03,ROCM_SMI,GPU_2,2456.8,132.0,100.0
1781679387.03,ROCM_SMI,GPU_3,2456.8,131.0,100.0
1781679387.03,ROCM_SMI,GPU_4,2456.8,129.0,100.0
1781679389.22,ROCM_SMI,GPU_1,2456.8,127.0,100.0
1781679389.22,ROCM_SMI,GPU_2,2456.8,128.0,79.0
1781679389.22,ROCM_SMI,GPU_3,2456.8,130.0,100.0
1781679389.22,ROCM_SMI,GPU_4,2456.8,129.0,100.0
1781679391.41,ROCM_SMI,GPU_1,2456.8,129.0,100.0
1781679391.41,ROCM_SMI,GPU_2,2456.8,135.0,100.0
1781679391.41,ROCM_SMI,GPU_3,2456.8,137.0,100.0
1781679391.41,ROCM_SMI,GPU_4,2456.8,134.0,100.0
1781679393.61,ROCM_SMI,GPU_1,2456.8,140.0,100.0
1781679393.61,ROCM_SMI,GPU_2,2456.8,144.0,100.0
1781679393.61,ROCM_SMI,GPU_3,2456.8,145.0,100.0
1781679393.61,ROCM_SMI,GPU_4,2456.8,144.0,100.0
1781679395.80,ROCM_SMI,GPU_1,2456.8,134.0,100.0
1781679395.80,ROCM_SMI,GPU_2,2456.8,136.0,100.0
1781679395.80,ROCM_SMI,GPU_3,2456.8,137.0,100.0
1781679395.80,ROCM_SMI,GPU_4,2456.8,135.0,100.0
1781679397.99,ROCM_SMI,GPU_1,2456.8,132.0,100.0
1781679397.99,ROCM_SMI,GPU_2,2456.8,136.0,100.0
1781679397.99,ROCM_SMI,GPU_3,2456.8,135.0,100.0
1781679397.99,ROCM_SMI,GPU_4,2456.8,130.0,100.0
1781679400.19,ROCM_SMI,GPU_1,2456.8,129.0,100.0
1781679400.19,ROCM_SMI,GPU_2,2456.8,132.0,100.0
1781679400.19,ROCM_SMI,GPU_3,2456.8,132.0,100.0
1781679400.19,ROCM_SMI,GPU_4,2456.8,128.0,100.0
1781679402.38,ROCM_SMI,GPU_1,2456.8,126.0,100.0
1781679402.38,ROCM_SMI,GPU_2,2456.8,131.0,100.0
1781679402.38,ROCM_SMI,GPU_3,2456.8,133.0,100.0
1781679402.38,ROCM_SMI,GPU_4,2456.8,128.0,100.0
1781679404.57,ROCM_SMI,GPU_1,2456.8,128.0,100.0
1781679404.57,ROCM_SMI,GPU_2,2456.8,132.0,100.0
1781679404.57,ROCM_SMI,GPU_3,2456.8,132.0,100.0
1781679404.57,ROCM_SMI,GPU_4,2456.8,129.0,100.0
1781679406.76,ROCM_SMI,GPU_1,2456.8,132.0,100.0
1781679406.76,ROCM_SMI,GPU_2,2456.8,139.0,100.0
1781679406.76,ROCM_SMI,GPU_3,2456.8,138.0,100.0
1781679406.76,ROCM_SMI,GPU_4,2456.8,134.0,100.0
1781679408.95,ROCM_SMI,GPU_1,2456.8,128.0,100.0
1781679408.95,ROCM_SMI,GPU_2,2456.8,131.0,100.0
1781679408.95,ROCM_SMI,GPU_3,2456.8,131.0,100.0
1781679408.95,ROCM_SMI,GPU_4,2456.8,128.0,100.0
1781679411.14,ROCM_SMI,GPU_1,2456.8,127.0,100.0
1781679411.14,ROCM_SMI,GPU_2,2456.8,130.0,100.0
1781679411.14,ROCM_SMI,GPU_3,2456.8,131.0,100.0
1781679411.14,ROCM_SMI,GPU_4,2456.8,127.0,100.0
1781679413.34,ROCM_SMI,GPU_1,2456.8,127.0,100.0
1781679413.34,ROCM_SMI,GPU_2,2456.8,131.0,100.0
1781679413.34,ROCM_SMI,GPU_3,2456.8,131.0,100.0
1781679413.34,ROCM_SMI,GPU_4,2456.8,127.0,82.0
1781679415.53,ROCM_SMI,GPU_1,2456.8,125.0,81.0
1781679415.53,ROCM_SMI,GPU_2,2456.8,130.0,100.0
1781679415.53,ROCM_SMI,GPU_3,2456.8,133.0,100.0
1781679415.53,ROCM_SMI,GPU_4,2456.8,131.0,100.0
1781679417.74,ROCM_SMI,GPU_1,2456.8,132.0,100.0
1781679417.74,ROCM_SMI,GPU_2,2456.8,136.0,100.0
1781679417.74,ROCM_SMI,GPU_3,2456.8,135.0,100.0
1781679417.74,ROCM_SMI,GPU_4,2456.8,133.0,100.0
1781679419.93,ROCM_SMI,GPU_1,2456.8,127.0,100.0
1781679419.93,ROCM_SMI,GPU_2,2456.8,131.0,100.0
1781679419.93,ROCM_SMI,GPU_3,2456.8,133.0,100.0
1781679419.93,ROCM_SMI,GPU_4,2456.8,130.0,100.0
1781679422.12,ROCM_SMI,GPU_1,2456.8,128.0,100.0
1781679422.12,ROCM_SMI,GPU_2,2456.8,131.0,100.0
1781679422.12,ROCM_SMI,GPU_3,2456.8,132.0,100.0
1781679422.12,ROCM_SMI,GPU_4,2456.8,129.0,100.0
1781679424.31,ROCM_SMI,GPU_1,2456.8,128.0,100.0
1781679424.31,ROCM_SMI,GPU_2,2456.8,130.0,100.0
1781679424.31,ROCM_SMI,GPU_3,2456.8,131.0,100.0
1781679424.31,ROCM_SMI,GPU_4,2456.8,128.0,100.0
1781679426.50,ROCM_SMI,GPU_1,2456.8,127.0,100.0
1781679426.50,ROCM_SMI,GPU_2,2456.8,132.0,100.0
1781679426.50,ROCM_SMI,GPU_3,2456.8,131.0,100.0
1781679426.50,ROCM_SMI,GPU_4,2456.8,128.0,100.0
1781679428.69,ROCM_SMI,GPU_1,2456.8,127.0,100.0
1781679428.69,ROCM_SMI,GPU_2,2456.8,131.0,100.0
1781679428.69,ROCM_SMI,GPU_3,2456.8,132.0,100.0
1781679428.69,ROCM_SMI,GPU_4,2456.8,129.0,100.0
1781679430.89,ROCM_SMI,GPU_1,2456.8,128.0,100.0
1781679430.89,ROCM_SMI,GPU_2,2456.8,130.0,100.0
1781679430.89,ROCM_SMI,GPU_3,2456.8,131.0,100.0
1781679430.89,ROCM_SMI,GPU_4,2456.8,127.0,100.0
1781679433.08,ROCM_SMI,GPU_1,2456.8,128.0,100.0
1781679433.08,ROCM_SMI,GPU_2,2456.8,130.0,100.0
1781679433.08,ROCM_SMI,GPU_3,2456.8,131.0,100.0
1781679433.08,ROCM_SMI,GPU_4,2456.8,127.0,100.0
1781679435.27,ROCM_SMI,GPU_1,2456.8,127.0,100.0
1781679435.27,ROCM_SMI,GPU_2,2456.8,130.0,95.0
1781679435.27,ROCM_SMI,GPU_3,2456.8,130.0,94.0
1781679435.27,ROCM_SMI,GPU_4,2456.8,127.0,100.0
1781679437.47,ROCM_SMI,GPU_1,2456.8,130.0,100.0
1781679437.47,ROCM_SMI,GPU_2,2456.8,136.0,100.0
1781679437.47,ROCM_SMI,GPU_3,2456.8,137.0,100.0
1781679437.47,ROCM_SMI,GPU_4,2456.8,132.0,100.0
1781679439.66,ROCM_SMI,GPU_1,2456.8,132.0,100.0
1781679439.66,ROCM_SMI,GPU_2,2456.8,135.0,100.0
1781679439.66,ROCM_SMI,GPU_3,2456.8,137.0,100.0
1781679439.66,ROCM_SMI,GPU_4,2456.8,134.0,100.0
1781679441.85,ROCM_SMI,GPU_1,2456.8,132.0,100.0
1781679441.85,ROCM_SMI,GPU_2,2456.8,137.0,100.0
1781679441.85,ROCM_SMI,GPU_3,2456.8,137.0,100.0
1781679441.85,ROCM_SMI,GPU_4,2456.8,135.0,100.0
1781679444.04,ROCM_SMI,GPU_1,2456.8,132.0,100.0
1781679444.04,ROCM_SMI,GPU_2,2456.8,133.0,100.0
1781679444.04,ROCM_SMI,GPU_3,2456.8,136.0,100.0
1781679444.04,ROCM_SMI,GPU_4,2456.8,131.0,100.0
1781679446.24,ROCM_SMI,GPU_1,2456.8,128.0,100.0
1781679446.24,ROCM_SMI,GPU_2,2456.8,131.0,100.0
1781679446.24,ROCM_SMI,GPU_3,2456.8,132.0,100.0
1781679446.24,ROCM_SMI,GPU_4,2456.8,129.0,100.0
1781679448.44,ROCM_SMI,GPU_1,2456.8,133.0,100.0
1781679448.44,ROCM_SMI,GPU_2,2456.8,133.0,100.0
1781679448.44,ROCM_SMI,GPU_3,2456.8,122.0,100.0
1781679448.44,ROCM_SMI,GPU_4,2456.8,122.0,100.0
1781679450.63,ROCM_SMI,GPU_1,2456.8,128.0,100.0
1781679450.63,ROCM_SMI,GPU_2,2456.8,132.0,100.0
1781679450.63,ROCM_SMI,GPU_3,2456.8,133.0,100.0
1781679450.63,ROCM_SMI,GPU_4,2456.8,129.0,100.0
1781679452.82,ROCM_SMI,GPU_1,2456.8,128.0,100.0
1781679452.82,ROCM_SMI,GPU_2,2456.8,131.0,100.0
1781679452.82,ROCM_SMI,GPU_3,2456.8,131.0,100.0
1781679452.82,ROCM_SMI,GPU_4,2456.8,128.0,100.0
1781679455.01,ROCM_SMI,GPU_1,2456.8,127.0,100.0
1781679455.01,ROCM_SMI,GPU_2,2456.8,131.0,100.0
1781679455.01,ROCM_SMI,GPU_3,2456.8,131.0,100.0
1781679455.01,ROCM_SMI,GPU_4,2456.8,129.0,100.0
1781679457.20,ROCM_SMI,GPU_1,2456.8,127.0,100.0
1781679457.20,ROCM_SMI,GPU_2,2456.8,129.0,100.0
1781679457.20,ROCM_SMI,GPU_3,2456.8,130.0,100.0
1781679457.20,ROCM_SMI,GPU_4,2456.8,128.0,100.0
1781679459.40,ROCM_SMI,GPU_1,2456.8,126.0,100.0
1781679459.40,ROCM_SMI,GPU_2,2456.8,130.0,100.0
1781679459.40,ROCM_SMI,GPU_3,2456.8,130.0,81.0
1781679459.40,ROCM_SMI,GPU_4,2456.8,127.0,100.0
1781679461.59,ROCM_SMI,GPU_1,2456.8,124.0,100.0
1781679461.59,ROCM_SMI,GPU_2,2456.8,132.0,100.0
1781679461.59,ROCM_SMI,GPU_3,2456.8,141.0,100.0
1781679461.59,ROCM_SMI,GPU_4,2456.8,142.0,100.0
1781679463.79,ROCM_SMI,GPU_1,2456.8,132.0,100.0
1781679463.79,ROCM_SMI,GPU_2,2456.8,136.0,100.0
1781679463.79,ROCM_SMI,GPU_3,2456.8,136.0,100.0
1781679463.79,ROCM_SMI,GPU_4,2456.8,133.0,100.0
1781679465.98,ROCM_SMI,GPU_1,2456.8,132.0,100.0
1781679465.98,ROCM_SMI,GPU_2,2456.8,136.0,100.0
1781679465.98,ROCM_SMI,GPU_3,2456.8,138.0,100.0
1781679465.98,ROCM_SMI,GPU_4,2456.8,134.0,100.0
1781679468.17,ROCM_SMI,GPU_1,2456.8,133.0,100.0
1781679468.17,ROCM_SMI,GPU_2,2456.8,136.0,100.0
1781679468.17,ROCM_SMI,GPU_3,2456.8,136.0,100.0
1781679468.17,ROCM_SMI,GPU_4,2456.8,132.0,100.0
1781679470.36,ROCM_SMI,GPU_1,2456.8,128.0,100.0
1781679470.36,ROCM_SMI,GPU_2,2456.8,130.0,100.0
1781679470.36,ROCM_SMI,GPU_3,2456.8,131.0,100.0
1781679470.36,ROCM_SMI,GPU_4,2456.8,128.0,100.0
1781679472.55,ROCM_SMI,GPU_1,2456.8,127.0,100.0
1781679472.55,ROCM_SMI,GPU_2,2456.8,131.0,100.0
1781679472.55,ROCM_SMI,GPU_3,2456.8,132.0,100.0
1781679472.55,ROCM_SMI,GPU_4,2456.8,128.0,100.0
1781679474.74,ROCM_SMI,GPU_1,2456.8,131.0,100.0
1781679474.74,ROCM_SMI,GPU_2,2456.8,135.0,100.0
1781679474.74,ROCM_SMI,GPU_3,2456.8,136.0,100.0
1781679474.74,ROCM_SMI,GPU_4,2456.8,134.0,100.0
1781679476.94,ROCM_SMI,GPU_1,2456.8,128.0,100.0
1781679476.94,ROCM_SMI,GPU_2,2456.8,132.0,100.0
1781679476.94,ROCM_SMI,GPU_3,2456.8,132.0,100.0
1781679476.94,ROCM_SMI,GPU_4,2456.8,129.0,100.0
1781679479.13,ROCM_SMI,GPU_1,2456.8,127.0,100.0
1781679479.13,ROCM_SMI,GPU_2,2456.8,131.0,100.0
1781679479.13,ROCM_SMI,GPU_3,2456.8,132.0,100.0
1781679479.13,ROCM_SMI,GPU_4,2456.8,128.0,100.0
1781679481.32,ROCM_SMI,GPU_1,2456.8,127.0,100.0
1781679481.32,ROCM_SMI,GPU_2,2456.8,130.0,100.0
1781679481.32,ROCM_SMI,GPU_3,2456.8,133.0,100.0
1781679481.32,ROCM_SMI,GPU_4,2456.8,128.0,100.0
1781679483.52,ROCM_SMI,GPU_1,2456.8,125.0,100.0
1781679483.52,ROCM_SMI,GPU_2,2456.8,130.0,100.0
1781679483.52,ROCM_SMI,GPU_3,2456.8,131.0,100.0
1781679483.52,ROCM_SMI,GPU_4,2456.8,127.0,84.0
1781679485.71,ROCM_SMI,GPU_1,2456.8,126.0,76.0
1781679485.71,ROCM_SMI,GPU_2,2456.8,130.0,100.0
1781679485.71,ROCM_SMI,GPU_3,2456.8,132.0,100.0
1781679485.71,ROCM_SMI,GPU_4,2456.8,129.0,100.0
1781679487.90,ROCM_SMI,GPU_1,2456.8,132.0,100.0
1781679487.90,ROCM_SMI,GPU_2,2456.8,138.0,100.0
1781679487.90,ROCM_SMI,GPU_3,2456.8,140.0,100.0
1781679487.90,ROCM_SMI,GPU_4,2456.8,135.0,100.0
1781679490.09,ROCM_SMI,GPU_1,2456.8,134.0,100.0
1781679490.09,ROCM_SMI,GPU_2,2456.8,135.0,100.0
1781679490.09,ROCM_SMI,GPU_3,2456.8,137.0,100.0
1781679490.09,ROCM_SMI,GPU_4,2456.8,134.0,100.0
1781679492.28,ROCM_SMI,GPU_1,2456.8,134.0,100.0
1781679492.28,ROCM_SMI,GPU_2,2456.8,136.0,100.0
1781679492.28,ROCM_SMI,GPU_3,2456.8,138.0,100.0
1781679492.28,ROCM_SMI,GPU_4,2456.8,132.0,100.0
1781679494.47,ROCM_SMI,GPU_1,2456.8,127.0,100.0
1781679494.47,ROCM_SMI,GPU_2,2456.8,131.0,100.0
1781679494.47,ROCM_SMI,GPU_3,2456.8,133.0,100.0
1781679494.47,ROCM_SMI,GPU_4,2456.8,129.0,100.0
1781679496.67,ROCM_SMI,GPU_1,2456.8,128.0,100.0
1781679496.67,ROCM_SMI,GPU_2,2456.8,132.0,100.0
1781679496.67,ROCM_SMI,GPU_3,2456.8,132.0,100.0
1781679496.67,ROCM_SMI,GPU_4,2456.8,130.0,100.0
1781679498.86,ROCM_SMI,GPU_1,2456.8,129.0,100.0
1781679498.86,ROCM_SMI,GPU_2,2456.8,131.0,100.0
1781679498.86,ROCM_SMI,GPU_3,2456.8,132.0,100.0
1781679498.86,ROCM_SMI,GPU_4,2456.8,130.0,100.0
1781679501.05,ROCM_SMI,GPU_1,2456.8,128.0,100.0
1781679501.05,ROCM_SMI,GPU_2,2456.8,131.0,100.0
1781679501.05,ROCM_SMI,GPU_3,2456.8,132.0,100.0
1781679501.05,ROCM_SMI,GPU_4,2456.8,129.0,100.0
1781679503.25,ROCM_SMI,GPU_1,2456.8,127.0,100.0
1781679503.25,ROCM_SMI,GPU_2,2456.8,131.0,100.0
1781679503.25,ROCM_SMI,GPU_3,2456.8,131.0,100.0
1781679503.25,ROCM_SMI,GPU_4,2456.8,128.0,100.0
1781679505.44,ROCM_SMI,GPU_1,2456.8,128.0,100.0
1781679505.44,ROCM_SMI,GPU_2,2456.8,130.0,100.0
1781679505.44,ROCM_SMI,GPU_3,2456.8,131.0,100.0
1781679505.44,ROCM_SMI,GPU_4,2456.8,128.0,100.0
1781679507.63,ROCM_SMI,GPU_1,2456.8,128.0,100.0
1781679507.63,ROCM_SMI,GPU_2,2456.8,129.0,100.0
1781679507.63,ROCM_SMI,GPU_3,2456.8,130.0,100.0
1781679507.63,ROCM_SMI,GPU_4,2456.8,128.0,83.0
1781679509.82,ROCM_SMI,GPU_1,2456.8,126.0,75.0
1781679509.82,ROCM_SMI,GPU_2,2456.8,129.0,100.0
1781679509.82,ROCM_SMI,GPU_3,2456.8,133.0,100.0
1781679509.82,ROCM_SMI,GPU_4,2456.8,130.0,100.0
1781679512.02,ROCM_SMI,GPU_1,2456.8,130.0,100.0
1781679512.02,ROCM_SMI,GPU_2,2456.8,135.0,100.0
1781679512.02,ROCM_SMI,GPU_3,2456.8,137.0,100.0
1781679512.02,ROCM_SMI,GPU_4,2456.8,132.0,100.0
1781679514.20,ROCM_SMI,GPU_1,2456.8,133.0,100.0
1781679514.20,ROCM_SMI,GPU_2,2456.8,136.0,100.0
1781679514.20,ROCM_SMI,GPU_3,2456.8,136.0,100.0
1781679514.20,ROCM_SMI,GPU_4,2456.8,133.0,100.0
1781679516.40,ROCM_SMI,GPU_1,2456.8,131.0,100.0
1781679516.40,ROCM_SMI,GPU_2,2456.8,125.0,100.0
1781679516.40,ROCM_SMI,GPU_3,2456.8,126.0,100.0
1781679516.40,ROCM_SMI,GPU_4,2456.8,125.0,100.0
1781679518.60,ROCM_SMI,GPU_1,2456.8,130.0,100.0
1781679518.60,ROCM_SMI,GPU_2,2456.8,131.0,100.0
1781679518.60,ROCM_SMI,GPU_3,2456.8,131.0,100.0
1781679518.60,ROCM_SMI,GPU_4,2456.8,130.0,100.0
1781679520.79,ROCM_SMI,GPU_1,2456.8,128.0,100.0
1781679520.79,ROCM_SMI,GPU_2,2456.8,131.0,100.0
1781679520.79,ROCM_SMI,GPU_3,2456.8,133.0,100.0
1781679520.79,ROCM_SMI,GPU_4,2456.8,128.0,100.0
1781679522.98,ROCM_SMI,GPU_1,2456.8,128.0,100.0
1781679522.98,ROCM_SMI,GPU_2,2456.8,131.0,100.0
1781679522.98,ROCM_SMI,GPU_3,2456.8,132.0,100.0
1781679522.98,ROCM_SMI,GPU_4,2456.8,129.0,100.0
1781679525.17,ROCM_SMI,GPU_1,2456.8,128.0,100.0
1781679525.17,ROCM_SMI,GPU_2,2456.8,130.0,100.0
1781679525.17,ROCM_SMI,GPU_3,2456.8,132.0,100.0
1781679525.17,ROCM_SMI,GPU_4,2456.8,130.0,100.0
1781679527.37,ROCM_SMI,GPU_1,2456.8,128.0,100.0
1781679527.37,ROCM_SMI,GPU_2,2456.8,132.0,100.0
1781679527.37,ROCM_SMI,GPU_3,2456.8,132.0,100.0
1781679527.37,ROCM_SMI,GPU_4,2456.8,127.0,100.0
1781679529.56,ROCM_SMI,GPU_1,2456.8,125.0,100.0
1781679529.56,ROCM_SMI,GPU_2,2456.8,125.0,100.0
1781679529.56,ROCM_SMI,GPU_3,2456.8,129.0,100.0
1781679529.56,ROCM_SMI,GPU_4,2456.8,125.0,100.0
1781679531.75,ROCM_SMI,GPU_1,2456.8,127.0,100.0
1781679531.75,ROCM_SMI,GPU_2,2456.8,131.0,100.0
1781679531.75,ROCM_SMI,GPU_3,2456.8,132.0,100.0
1781679531.75,ROCM_SMI,GPU_4,2456.8,127.0,100.0
1781679533.94,ROCM_SMI,GPU_1,2456.8,126.0,100.0
1781679533.94,ROCM_SMI,GPU_2,2456.8,131.0,100.0
1781679533.94,ROCM_SMI,GPU_3,2456.8,130.0,81.0
1781679533.94,ROCM_SMI,GPU_4,2456.8,127.0,100.0
1781679536.14,ROCM_SMI,GPU_1,2456.8,132.0,100.0
1781679536.14,ROCM_SMI,GPU_2,2456.8,135.0,100.0
1781679536.14,ROCM_SMI,GPU_3,2456.8,136.0,100.0
1781679536.14,ROCM_SMI,GPU_4,2456.8,133.0,100.0
1781679538.34,ROCM_SMI,GPU_1,2456.8,134.0,100.0
1781679538.34,ROCM_SMI,GPU_2,2456.8,136.0,100.0
1781679538.34,ROCM_SMI,GPU_3,2456.8,138.0,100.0
1781679538.34,ROCM_SMI,GPU_4,2456.8,133.0,100.0
1781679540.53,ROCM_SMI,GPU_1,2456.8,133.0,100.0
1781679540.53,ROCM_SMI,GPU_2,2456.8,137.0,100.0
1781679540.53,ROCM_SMI,GPU_3,2456.8,138.0,100.0
1781679540.53,ROCM_SMI,GPU_4,2456.8,134.0,100.0
1781679542.72,ROCM_SMI,GPU_1,2456.8,129.0,100.0
1781679542.72,ROCM_SMI,GPU_2,2456.8,133.0,100.0
1781679542.72,ROCM_SMI,GPU_3,2456.8,133.0,100.0
1781679542.72,ROCM_SMI,GPU_4,2456.8,131.0,100.0
1781679544.91,ROCM_SMI,GPU_1,2456.8,127.0,100.0
1781679544.91,ROCM_SMI,GPU_2,2456.8,131.0,100.0
1781679544.91,ROCM_SMI,GPU_3,2456.8,132.0,100.0
1781679544.91,ROCM_SMI,GPU_4,2456.8,127.0,100.0
1781679547.10,ROCM_SMI,GPU_1,2456.8,128.0,100.0
1781679547.10,ROCM_SMI,GPU_2,2456.8,131.0,100.0
1781679547.10,ROCM_SMI,GPU_3,2456.8,131.0,100.0
1781679547.10,ROCM_SMI,GPU_4,2456.8,129.0,100.0
1781679549.30,ROCM_SMI,GPU_1,2456.8,128.0,100.0
1781679549.30,ROCM_SMI,GPU_2,2456.8,131.0,100.0
1781679549.30,ROCM_SMI,GPU_3,2456.8,131.0,100.0
1781679549.30,ROCM_SMI,GPU_4,2456.8,128.0,100.0
1781679551.49,ROCM_SMI,GPU_1,2456.8,128.0,100.0
1781679551.49,ROCM_SMI,GPU_2,2456.8,131.0,100.0
1781679551.49,ROCM_SMI,GPU_3,2456.8,132.0,100.0
1781679551.49,ROCM_SMI,GPU_4,2456.8,128.0,100.0
1781679553.68,ROCM_SMI,GPU_1,2456.8,128.0,100.0
1781679553.68,ROCM_SMI,GPU_2,2456.8,132.0,100.0
1781679553.68,ROCM_SMI,GPU_3,2456.8,132.0,100.0
1781679553.68,ROCM_SMI,GPU_4,2456.8,129.0,100.0
1781679555.88,ROCM_SMI,GPU_1,2456.8,128.0,100.0
1781679555.88,ROCM_SMI,GPU_2,2456.8,131.0,100.0
1781679555.88,ROCM_SMI,GPU_3,2456.8,133.0,100.0
1781679555.88,ROCM_SMI,GPU_4,2456.8,129.0,100.0
1781679558.07,ROCM_SMI,GPU_1,2456.8,126.0,100.0
1781679558.07,ROCM_SMI,GPU_2,2456.8,130.0,100.0
1781679558.07,ROCM_SMI,GPU_3,2456.8,130.0,73.0
1781679558.07,ROCM_SMI,GPU_4,2456.8,126.0,100.0
1781679560.26,ROCM_SMI,GPU_1,2456.8,126.0,100.0
1781679560.26,ROCM_SMI,GPU_2,2456.8,130.0,100.0
1781679560.26,ROCM_SMI,GPU_3,2456.8,133.0,100.0
1781679560.26,ROCM_SMI,GPU_4,2456.8,132.0,100.0
1781679562.46,ROCM_SMI,GPU_1,2456.8,132.0,100.0
1781679562.46,ROCM_SMI,GPU_2,2456.8,136.0,100.0
1781679562.46,ROCM_SMI,GPU_3,2456.8,137.0,100.0
1781679562.46,ROCM_SMI,GPU_4,2456.8,134.0,100.0
1781679564.65,ROCM_SMI,GPU_1,2456.8,133.0,100.0
1781679564.65,ROCM_SMI,GPU_2,2456.8,136.0,100.0
1781679564.65,ROCM_SMI,GPU_3,2456.8,138.0,100.0
1781679564.65,ROCM_SMI,GPU_4,2456.8,134.0,100.0
1781679566.84,ROCM_SMI,GPU_1,2456.8,134.0,100.0
1781679566.84,ROCM_SMI,GPU_2,2456.8,136.0,100.0
1781679566.84,ROCM_SMI,GPU_3,2456.8,139.0,100.0
1781679566.84,ROCM_SMI,GPU_4,2456.8,134.0,100.0
1781679569.03,ROCM_SMI,GPU_1,2456.8,130.0,100.0
1781679569.03,ROCM_SMI,GPU_2,2456.8,134.0,100.0
1781679569.03,ROCM_SMI,GPU_3,2456.8,135.0,100.0
1781679569.03,ROCM_SMI,GPU_4,2456.8,129.0,100.0
1781679571.23,ROCM_SMI,GPU_1,2456.8,127.0,100.0
1781679571.23,ROCM_SMI,GPU_2,2456.8,131.0,100.0
1781679571.23,ROCM_SMI,GPU_3,2456.8,133.0,100.0
1781679571.23,ROCM_SMI,GPU_4,2456.8,129.0,100.0
1781679573.42,ROCM_SMI,GPU_1,2456.8,129.0,100.0
1781679573.42,ROCM_SMI,GPU_2,2456.8,131.0,100.0
1781679573.42,ROCM_SMI,GPU_3,2456.8,133.0,100.0
1781679573.42,ROCM_SMI,GPU_4,2456.8,128.0,100.0
1781679575.62,ROCM_SMI,GPU_1,2456.8,127.0,100.0
1781679575.62,ROCM_SMI,GPU_2,2456.8,132.0,100.0
1781679575.62,ROCM_SMI,GPU_3,2456.8,132.0,100.0
1781679575.62,ROCM_SMI,GPU_4,2456.8,128.0,100.0
1781679577.81,ROCM_SMI,GPU_1,2456.8,127.0,100.0
1781679577.81,ROCM_SMI,GPU_2,2456.8,131.0,100.0
1781679577.81,ROCM_SMI,GPU_3,2456.8,132.0,100.0
1781679577.81,ROCM_SMI,GPU_4,2456.8,128.0,100.0
1781679580.00,ROCM_SMI,GPU_1,2456.8,128.0,100.0
1781679580.00,ROCM_SMI,GPU_2,2456.8,131.0,100.0
1781679580.00,ROCM_SMI,GPU_3,2456.8,132.0,100.0
1781679580.00,ROCM_SMI,GPU_4,2456.8,127.0,100.0
1781679582.20,ROCM_SMI,GPU_1,2456.8,126.0,100.0
1781679582.20,ROCM_SMI,GPU_2,2456.8,130.0,100.0
1781679582.20,ROCM_SMI,GPU_3,2456.8,131.0,100.0
1781679582.20,ROCM_SMI,GPU_4,2456.8,125.0,83.0
1781679584.39,ROCM_SMI,GPU_1,2456.8,120.0,100.0
1781679584.39,ROCM_SMI,GPU_2,2456.8,132.0,100.0
1781679584.39,ROCM_SMI,GPU_3,2456.8,151.0,100.0
1781679584.39,ROCM_SMI,GPU_4,2456.8,148.0,100.0
1781679586.59,ROCM_SMI,GPU_1,2456.8,134.0,100.0
1781679586.59,ROCM_SMI,GPU_2,2456.8,137.0,100.0
1781679586.59,ROCM_SMI,GPU_3,2456.8,136.0,100.0
1781679586.59,ROCM_SMI,GPU_4,2456.8,132.0,100.0
1781679588.78,ROCM_SMI,GPU_1,2456.8,133.0,100.0
1781679588.78,ROCM_SMI,GPU_2,2456.8,135.0,100.0
1781679588.78,ROCM_SMI,GPU_3,2456.8,137.0,100.0
1781679588.78,ROCM_SMI,GPU_4,2456.8,135.0,100.0
1781679590.97,ROCM_SMI,GPU_1,2456.8,134.0,100.0
1781679590.97,ROCM_SMI,GPU_2,2456.8,136.0,100.0
1781679590.97,ROCM_SMI,GPU_3,2456.8,136.0,100.0
1781679590.97,ROCM_SMI,GPU_4,2456.8,134.0,100.0
1781679593.16,ROCM_SMI,GPU_1,2456.8,127.0,100.0
1781679593.16,ROCM_SMI,GPU_2,2456.8,132.0,100.0
1781679593.16,ROCM_SMI,GPU_3,2456.8,132.0,100.0
1781679593.16,ROCM_SMI,GPU_4,2456.8,128.0,100.0
1781679595.36,ROCM_SMI,GPU_1,2456.8,127.0,100.0
1781679595.36,ROCM_SMI,GPU_2,2456.8,131.0,100.0
1781679595.36,ROCM_SMI,GPU_3,2456.8,132.0,100.0
1781679595.36,ROCM_SMI,GPU_4,2456.8,128.0,100.0
1781679597.55,ROCM_SMI,GPU_1,2456.8,134.0,100.0
1781679597.55,ROCM_SMI,GPU_2,2456.8,138.0,100.0
1781679597.55,ROCM_SMI,GPU_3,2456.8,141.0,100.0
1781679597.55,ROCM_SMI,GPU_4,2456.8,137.0,100.0
1781679599.74,ROCM_SMI,GPU_1,2456.8,129.0,100.0
1781679599.74,ROCM_SMI,GPU_2,2456.8,133.0,100.0
1781679599.74,ROCM_SMI,GPU_3,2456.8,134.0,100.0
1781679599.74,ROCM_SMI,GPU_4,2456.8,129.0,100.0
1781679601.93,ROCM_SMI,GPU_1,2456.8,128.0,100.0
1781679601.93,ROCM_SMI,GPU_2,2456.8,132.0,100.0
1781679601.93,ROCM_SMI,GPU_3,2456.8,131.0,100.0
1781679601.93,ROCM_SMI,GPU_4,2456.8,129.0,100.0
1781679604.12,ROCM_SMI,GPU_1,2456.8,127.0,100.0
1781679604.12,ROCM_SMI,GPU_2,2456.8,131.0,100.0
1781679604.12,ROCM_SMI,GPU_3,2456.8,131.0,100.0
1781679604.12,ROCM_SMI,GPU_4,2456.8,127.0,100.0
1781679606.31,ROCM_SMI,GPU_1,2456.8,127.0,100.0
1781679606.31,ROCM_SMI,GPU_2,2456.8,131.0,100.0
1781679606.31,ROCM_SMI,GPU_3,2456.8,131.0,100.0
1781679606.31,ROCM_SMI,GPU_4,2456.8,127.0,100.0
1781679608.50,ROCM_SMI,GPU_1,2456.8,127.0,100.0
1781679608.50,ROCM_SMI,GPU_2,2456.8,130.0,100.0
1781679608.50,ROCM_SMI,GPU_3,2456.8,131.0,100.0
1781679608.50,ROCM_SMI,GPU_4,2456.8,127.0,75.0
1781679610.70,ROCM_SMI,GPU_1,2456.8,123.0,76.0
1781679610.70,ROCM_SMI,GPU_2,2456.8,124.0,100.0
1781679610.70,ROCM_SMI,GPU_3,2456.8,129.0,100.0
1781679610.70,ROCM_SMI,GPU_4,2456.8,128.0,100.0
1781679612.89,ROCM_SMI,GPU_1,2456.8,130.0,100.0
1781679612.89,ROCM_SMI,GPU_2,2456.8,134.0,100.0
1781679612.89,ROCM_SMI,GPU_3,2456.8,138.0,100.0
1781679612.89,ROCM_SMI,GPU_4,2456.8,133.0,100.0
1781679615.08,ROCM_SMI,GPU_1,2456.8,133.0,100.0
1781679615.08,ROCM_SMI,GPU_2,2456.8,136.0,100.0
1781679615.08,ROCM_SMI,GPU_3,2456.8,137.0,100.0
1781679615.08,ROCM_SMI,GPU_4,2456.8,134.0,100.0
1781679617.27,ROCM_SMI,GPU_1,2456.8,132.0,100.0
1781679617.27,ROCM_SMI,GPU_2,2456.8,137.0,100.0
1781679617.27,ROCM_SMI,GPU_3,2456.8,138.0,100.0
1781679617.27,ROCM_SMI,GPU_4,2456.8,134.0,100.0
1781679619.46,ROCM_SMI,GPU_1,2456.8,130.0,100.0
1781679619.46,ROCM_SMI,GPU_2,2456.8,134.0,100.0
1781679619.46,ROCM_SMI,GPU_3,2456.8,134.0,100.0
1781679619.46,ROCM_SMI,GPU_4,2456.8,131.0,100.0
1781679621.65,ROCM_SMI,GPU_1,2456.8,127.0,100.0
1781679621.65,ROCM_SMI,GPU_2,2456.8,132.0,100.0
1781679621.65,ROCM_SMI,GPU_3,2456.8,133.0,100.0
1781679621.65,ROCM_SMI,GPU_4,2456.8,130.0,100.0
1781679623.85,ROCM_SMI,GPU_1,2456.8,127.0,100.0
1781679623.85,ROCM_SMI,GPU_2,2456.8,131.0,100.0
1781679623.85,ROCM_SMI,GPU_3,2456.8,133.0,100.0
1781679623.85,ROCM_SMI,GPU_4,2456.8,130.0,100.0
1781679626.04,ROCM_SMI,GPU_1,2456.8,127.0,100.0
1781679626.04,ROCM_SMI,GPU_2,2456.8,132.0,100.0
1781679626.04,ROCM_SMI,GPU_3,2456.8,132.0,100.0
1781679626.04,ROCM_SMI,GPU_4,2456.8,130.0,100.0
1781679628.23,ROCM_SMI,GPU_1,2456.8,128.0,100.0
1781679628.23,ROCM_SMI,GPU_2,2456.8,131.0,100.0
1781679628.23,ROCM_SMI,GPU_3,2456.8,132.0,100.0
1781679628.23,ROCM_SMI,GPU_4,2456.8,128.0,100.0
1781679630.42,ROCM_SMI,GPU_1,2456.8,128.0,100.0
1781679630.42,ROCM_SMI,GPU_2,2456.8,131.0,100.0
1781679630.42,ROCM_SMI,GPU_3,2456.8,132.0,100.0
1781679630.42,ROCM_SMI,GPU_4,2456.8,129.0,100.0
1781679632.61,ROCM_SMI,GPU_1,2456.8,127.0,100.0
1781679632.61,ROCM_SMI,GPU_2,2456.8,131.0,100.0
1781679632.61,ROCM_SMI,GPU_3,2456.8,131.0,100.0
1781679632.61,ROCM_SMI,GPU_4,2456.8,128.0,100.0
1781679634.80,ROCM_SMI,GPU_1,2456.8,127.0,100.0
1781679634.80,ROCM_SMI,GPU_2,2456.8,129.0,100.0
1781679634.80,ROCM_SMI,GPU_3,2456.8,130.0,100.0
1781679634.80,ROCM_SMI,GPU_4,2456.8,128.0,83.0
1781679637.00,ROCM_SMI,GPU_1,2456.8,127.0,84.0
1781679637.00,ROCM_SMI,GPU_2,2456.8,130.0,93.0
1781679637.00,ROCM_SMI,GPU_3,2456.8,132.0,100.0
1781679637.00,ROCM_SMI,GPU_4,2456.8,129.0,100.0
1781679639.21,ROCM_SMI,GPU_1,2456.8,133.0,100.0
1781679639.21,ROCM_SMI,GPU_2,2456.8,134.0,100.0
1781679639.21,ROCM_SMI,GPU_3,2456.8,137.0,100.0
1781679639.21,ROCM_SMI,GPU_4,2456.8,131.0,100.0
1781679641.40,ROCM_SMI,GPU_1,2456.8,131.0,100.0
1781679641.40,ROCM_SMI,GPU_2,2456.8,135.0,100.0
1781679641.40,ROCM_SMI,GPU_3,2456.8,137.0,100.0
1781679641.40,ROCM_SMI,GPU_4,2456.8,132.0,100.0
1781679643.60,ROCM_SMI,GPU_1,2456.8,128.0,100.0
1781679643.60,ROCM_SMI,GPU_2,2456.8,131.0,100.0
1781679643.60,ROCM_SMI,GPU_3,2456.8,132.0,100.0
1781679643.60,ROCM_SMI,GPU_4,2456.8,129.0,100.0
1781679645.79,ROCM_SMI,GPU_1,2456.8,128.0,100.0
1781679645.79,ROCM_SMI,GPU_2,2456.8,132.0,100.0
1781679645.79,ROCM_SMI,GPU_3,2456.8,132.0,100.0
1781679645.79,ROCM_SMI,GPU_4,2456.8,129.0,100.0
1781679647.98,ROCM_SMI,GPU_1,2456.8,127.0,100.0
1781679647.98,ROCM_SMI,GPU_2,2456.8,132.0,100.0
1781679647.98,ROCM_SMI,GPU_3,2456.8,133.0,100.0
1781679647.98,ROCM_SMI,GPU_4,2456.8,128.0,100.0
1781679650.17,ROCM_SMI,GPU_1,2456.8,128.0,100.0
1781679650.17,ROCM_SMI,GPU_2,2456.8,132.0,100.0
1781679650.17,ROCM_SMI,GPU_3,2456.8,131.0,100.0
1781679650.17,ROCM_SMI,GPU_4,2456.8,129.0,100.0
1781679652.37,ROCM_SMI,GPU_1,2456.8,122.0,100.0
1781679652.37,ROCM_SMI,GPU_2,2456.8,118.0,100.0
1781679652.37,ROCM_SMI,GPU_3,2456.8,120.0,100.0
1781679652.37,ROCM_SMI,GPU_4,2456.8,121.0,100.0
1781679654.56,ROCM_SMI,GPU_1,2456.8,127.0,100.0
1781679654.56,ROCM_SMI,GPU_2,2456.8,130.0,100.0
1781679654.56,ROCM_SMI,GPU_3,2456.8,131.0,100.0
1781679654.56,ROCM_SMI,GPU_4,2456.8,128.0,100.0
1781679656.75,ROCM_SMI,GPU_1,2456.8,127.0,100.0
1781679656.75,ROCM_SMI,GPU_2,2456.8,129.0,77.0
1781679656.75,ROCM_SMI,GPU_3,2456.8,130.0,100.0
1781679656.75,ROCM_SMI,GPU_4,2456.8,128.0,100.0
1781679658.95,ROCM_SMI,GPU_1,2456.8,129.0,100.0
1781679658.95,ROCM_SMI,GPU_2,2456.8,134.0,100.0
1781679658.95,ROCM_SMI,GPU_3,2456.8,137.0,100.0
1781679658.95,ROCM_SMI,GPU_4,2456.8,132.0,100.0
1781679661.14,ROCM_SMI,GPU_1,2456.8,132.0,100.0
1781679661.14,ROCM_SMI,GPU_2,2456.8,137.0,100.0
1781679661.14,ROCM_SMI,GPU_3,2456.8,137.0,100.0
1781679661.14,ROCM_SMI,GPU_4,2456.8,134.0,100.0
1781679663.33,ROCM_SMI,GPU_1,2456.8,134.0,100.0
1781679663.33,ROCM_SMI,GPU_2,2456.8,137.0,100.0
1781679663.33,ROCM_SMI,GPU_3,2456.8,138.0,100.0
1781679663.33,ROCM_SMI,GPU_4,2456.8,133.0,100.0
1781679665.53,ROCM_SMI,GPU_1,2456.8,135.0,100.0
1781679665.53,ROCM_SMI,GPU_2,2456.8,140.0,100.0
1781679665.53,ROCM_SMI,GPU_3,2456.8,143.0,100.0
1781679665.53,ROCM_SMI,GPU_4,2456.8,136.0,100.0
1781679667.72,ROCM_SMI,GPU_1,2456.8,128.0,100.0
1781679667.72,ROCM_SMI,GPU_2,2456.8,131.0,100.0
1781679667.72,ROCM_SMI,GPU_3,2456.8,132.0,100.0
1781679667.72,ROCM_SMI,GPU_4,2456.8,129.0,100.0
1781679669.91,ROCM_SMI,GPU_1,2456.8,128.0,100.0
1781679669.91,ROCM_SMI,GPU_2,2456.8,131.0,100.0
1781679669.91,ROCM_SMI,GPU_3,2456.8,132.0,100.0
1781679669.91,ROCM_SMI,GPU_4,2456.8,128.0,100.0
1781679672.10,ROCM_SMI,GPU_1,2456.8,128.0,100.0
1781679672.10,ROCM_SMI,GPU_2,2456.8,130.0,100.0
1781679672.10,ROCM_SMI,GPU_3,2456.8,132.0,100.0
1781679672.10,ROCM_SMI,GPU_4,2456.8,128.0,100.0
1781679674.29,ROCM_SMI,GPU_1,2456.8,128.0,100.0
1781679674.29,ROCM_SMI,GPU_2,2456.8,131.0,100.0
1781679674.29,ROCM_SMI,GPU_3,2456.8,131.0,100.0
1781679674.29,ROCM_SMI,GPU_4,2456.8,127.0,100.0
1781679676.48,ROCM_SMI,GPU_1,2456.8,127.0,100.0
1781679676.48,ROCM_SMI,GPU_2,2456.8,131.0,100.0
1781679676.48,ROCM_SMI,GPU_3,2456.8,131.0,100.0
1781679676.48,ROCM_SMI,GPU_4,2456.8,129.0,100.0
1781679678.68,ROCM_SMI,GPU_1,2456.8,130.0,100.0
1781679678.68,ROCM_SMI,GPU_2,2456.8,133.0,100.0
1781679678.68,ROCM_SMI,GPU_3,2456.8,128.0,100.0
1781679678.68,ROCM_SMI,GPU_4,2456.8,122.0,100.0
1781679680.87,ROCM_SMI,GPU_1,2456.8,127.0,100.0
1781679680.87,ROCM_SMI,GPU_2,2456.8,130.0,81.0
1781679680.87,ROCM_SMI,GPU_3,2456.8,131.0,100.0
1781679680.87,ROCM_SMI,GPU_4,2456.8,128.0,100.0
1781679683.06,ROCM_SMI,GPU_1,2456.8,127.0,100.0
1781679683.06,ROCM_SMI,GPU_2,2456.8,132.0,100.0
1781679683.06,ROCM_SMI,GPU_3,2456.8,135.0,100.0
1781679683.06,ROCM_SMI,GPU_4,2456.8,132.0,100.0
1781679685.25,ROCM_SMI,GPU_1,2456.8,132.0,100.0
1781679685.25,ROCM_SMI,GPU_2,2456.8,136.0,100.0
1781679685.25,ROCM_SMI,GPU_3,2456.8,137.0,100.0
1781679685.25,ROCM_SMI,GPU_4,2456.8,132.0,100.0
1781679687.45,ROCM_SMI,GPU_1,2456.8,132.0,100.0
1781679687.45,ROCM_SMI,GPU_2,2456.8,135.0,100.0
1781679687.45,ROCM_SMI,GPU_3,2456.8,136.0,100.0
1781679687.45,ROCM_SMI,GPU_4,2456.8,134.0,100.0
1781679689.64,ROCM_SMI,GPU_1,2456.8,136.0,100.0
1781679689.64,ROCM_SMI,GPU_2,2456.8,139.0,100.0
1781679689.64,ROCM_SMI,GPU_3,2456.8,142.0,100.0
1781679689.64,ROCM_SMI,GPU_4,2456.8,134.0,100.0
1781679691.84,ROCM_SMI,GPU_1,2456.8,129.0,100.0
1781679691.84,ROCM_SMI,GPU_2,2456.8,131.0,100.0
1781679691.84,ROCM_SMI,GPU_3,2456.8,133.0,100.0
1781679691.84,ROCM_SMI,GPU_4,2456.8,128.0,100.0
1781679694.03,ROCM_SMI,GPU_1,2456.8,128.0,100.0
1781679694.03,ROCM_SMI,GPU_2,2456.8,131.0,100.0
1781679694.03,ROCM_SMI,GPU_3,2456.8,132.0,100.0
1781679694.03,ROCM_SMI,GPU_4,2456.8,129.0,100.0
1781679696.22,ROCM_SMI,GPU_1,2456.8,127.0,100.0
1781679696.22,ROCM_SMI,GPU_2,2456.8,131.0,100.0
1781679696.22,ROCM_SMI,GPU_3,2456.8,132.0,100.0
1781679696.22,ROCM_SMI,GPU_4,2456.8,129.0,100.0
1781679698.41,ROCM_SMI,GPU_1,2456.8,127.0,100.0
1781679698.41,ROCM_SMI,GPU_2,2456.8,131.0,100.0
1781679698.41,ROCM_SMI,GPU_3,2456.8,131.0,100.0
1781679698.41,ROCM_SMI,GPU_4,2456.8,128.0,100.0
1781679700.61,ROCM_SMI,GPU_1,2456.8,126.0,100.0
1781679700.61,ROCM_SMI,GPU_2,2456.8,132.0,100.0
1781679700.61,ROCM_SMI,GPU_3,2456.8,131.0,100.0
1781679700.61,ROCM_SMI,GPU_4,2456.8,128.0,100.0
1781679702.80,ROCM_SMI,GPU_1,2456.8,128.0,100.0
1781679702.80,ROCM_SMI,GPU_2,2456.8,130.0,100.0
1781679702.80,ROCM_SMI,GPU_3,2456.8,131.0,100.0
1781679702.80,ROCM_SMI,GPU_4,2456.8,127.0,100.0
1781679704.99,ROCM_SMI,GPU_1,2456.8,126.0,100.0
1781679704.99,ROCM_SMI,GPU_2,2456.8,131.0,78.0
1781679704.99,ROCM_SMI,GPU_3,2456.8,131.0,100.0
1781679704.99,ROCM_SMI,GPU_4,2456.8,128.0,100.0
1781679707.19,ROCM_SMI,GPU_1,2456.8,128.0,100.0
1781679707.19,ROCM_SMI,GPU_2,2456.8,132.0,100.0
1781679707.19,ROCM_SMI,GPU_3,2456.8,136.0,100.0
1781679707.19,ROCM_SMI,GPU_4,2456.8,134.0,100.0
1781679709.38,ROCM_SMI,GPU_1,2456.8,132.0,100.0
1781679709.38,ROCM_SMI,GPU_2,2456.8,136.0,100.0
1781679709.38,ROCM_SMI,GPU_3,2456.8,137.0,100.0
1781679709.38,ROCM_SMI,GPU_4,2456.8,134.0,100.0
1781679711.57,ROCM_SMI,GPU_1,2456.8,134.0,100.0
1781679711.57,ROCM_SMI,GPU_2,2456.8,137.0,100.0
1781679711.57,ROCM_SMI,GPU_3,2456.8,138.0,100.0
1781679711.57,ROCM_SMI,GPU_4,2456.8,134.0,100.0
1781679713.77,ROCM_SMI,GPU_1,2456.8,131.0,100.0
1781679713.77,ROCM_SMI,GPU_2,2456.8,133.0,100.0
1781679713.77,ROCM_SMI,GPU_3,2456.8,134.0,100.0
1781679713.77,ROCM_SMI,GPU_4,2456.8,129.0,100.0
1781679715.96,ROCM_SMI,GPU_1,2456.8,128.0,100.0
1781679715.96,ROCM_SMI,GPU_2,2456.8,130.0,100.0
1781679715.96,ROCM_SMI,GPU_3,2456.8,132.0,100.0
1781679715.96,ROCM_SMI,GPU_4,2456.8,130.0,100.0
1781679718.15,ROCM_SMI,GPU_1,2456.8,127.0,100.0
1781679718.15,ROCM_SMI,GPU_2,2456.8,131.0,100.0
1781679718.15,ROCM_SMI,GPU_3,2456.8,132.0,100.0
1781679718.15,ROCM_SMI,GPU_4,2456.8,127.0,100.0
1781679720.35,ROCM_SMI,GPU_1,2456.8,125.0,100.0
1781679720.35,ROCM_SMI,GPU_2,2456.8,123.0,100.0
1781679720.35,ROCM_SMI,GPU_3,2456.8,125.0,100.0
1781679720.35,ROCM_SMI,GPU_4,2456.8,125.0,100.0
1781679722.54,ROCM_SMI,GPU_1,2456.8,129.0,100.0
1781679722.54,ROCM_SMI,GPU_2,2456.8,132.0,100.0
1781679722.54,ROCM_SMI,GPU_3,2456.8,131.0,100.0
1781679722.54,ROCM_SMI,GPU_4,2456.8,128.0,100.0
1781679724.73,ROCM_SMI,GPU_1,2456.8,128.0,100.0
1781679724.73,ROCM_SMI,GPU_2,2456.8,131.0,100.0
1781679724.73,ROCM_SMI,GPU_3,2456.8,131.0,100.0
1781679724.73,ROCM_SMI,GPU_4,2456.8,128.0,100.0
1781679726.93,ROCM_SMI,GPU_1,2456.8,128.0,100.0
1781679726.93,ROCM_SMI,GPU_2,2456.8,130.0,100.0
1781679726.93,ROCM_SMI,GPU_3,2456.8,130.0,100.0
1781679726.93,ROCM_SMI,GPU_4,2456.8,127.0,79.0
1781679729.13,ROCM_SMI,GPU_1,2456.8,126.0,84.0
1781679729.13,ROCM_SMI,GPU_2,2456.8,131.0,100.0
1781679729.13,ROCM_SMI,GPU_3,2456.8,133.0,100.0
1781679729.13,ROCM_SMI,GPU_4,2456.8,132.0,100.0
1781679731.32,ROCM_SMI,GPU_1,2456.8,130.0,100.0
1781679731.32,ROCM_SMI,GPU_2,2456.8,135.0,100.0
1781679731.32,ROCM_SMI,GPU_3,2456.8,138.0,100.0
1781679731.32,ROCM_SMI,GPU_4,2456.8,132.0,100.0
1781679733.51,ROCM_SMI,GPU_1,2456.8,132.0,100.0
1781679733.51,ROCM_SMI,GPU_2,2456.8,136.0,100.0
1781679733.51,ROCM_SMI,GPU_3,2456.8,137.0,100.0
1781679733.51,ROCM_SMI,GPU_4,2456.8,132.0,100.0
1781679735.70,ROCM_SMI,GPU_1,2456.8,135.0,100.0
1781679735.70,ROCM_SMI,GPU_2,2456.8,138.0,100.0
1781679735.70,ROCM_SMI,GPU_3,2456.8,137.0,100.0
1781679735.70,ROCM_SMI,GPU_4,2456.8,132.0,100.0
1781679737.90,ROCM_SMI,GPU_1,2456.8,131.0,100.0
1781679737.90,ROCM_SMI,GPU_2,2456.8,132.0,100.0
1781679737.90,ROCM_SMI,GPU_3,2456.8,132.0,100.0
1781679737.90,ROCM_SMI,GPU_4,2456.8,130.0,100.0
1781679740.09,ROCM_SMI,GPU_1,2456.8,128.0,100.0
1781679740.09,ROCM_SMI,GPU_2,2456.8,132.0,100.0
1781679740.09,ROCM_SMI,GPU_3,2456.8,132.0,100.0
1781679740.09,ROCM_SMI,GPU_4,2456.8,129.0,100.0
1781679742.28,ROCM_SMI,GPU_1,2456.8,127.0,100.0
1781679742.28,ROCM_SMI,GPU_2,2456.8,132.0,100.0
1781679742.28,ROCM_SMI,GPU_3,2456.8,133.0,100.0
1781679742.28,ROCM_SMI,GPU_4,2456.8,129.0,100.0
1781679744.47,ROCM_SMI,GPU_1,2456.8,128.0,100.0
1781679744.47,ROCM_SMI,GPU_2,2456.8,131.0,100.0
1781679744.47,ROCM_SMI,GPU_3,2456.8,131.0,100.0
1781679744.47,ROCM_SMI,GPU_4,2456.8,129.0,100.0
1781679746.66,ROCM_SMI,GPU_1,2456.8,129.0,100.0
1781679746.66,ROCM_SMI,GPU_2,2456.8,133.0,100.0
1781679746.66,ROCM_SMI,GPU_3,2456.8,136.0,100.0
1781679746.66,ROCM_SMI,GPU_4,2456.8,131.0,100.0
1781679748.85,ROCM_SMI,GPU_1,2456.8,127.0,100.0
1781679748.85,ROCM_SMI,GPU_2,2456.8,132.0,100.0
1781679748.85,ROCM_SMI,GPU_3,2456.8,132.0,100.0
1781679748.85,ROCM_SMI,GPU_4,2456.8,128.0,100.0
1781679751.04,ROCM_SMI,GPU_1,2456.8,127.0,100.0
1781679751.04,ROCM_SMI,GPU_2,2456.8,131.0,100.0
1781679751.04,ROCM_SMI,GPU_3,2456.8,131.0,100.0
1781679751.04,ROCM_SMI,GPU_4,2456.8,129.0,100.0
1781679753.24,ROCM_SMI,GPU_1,2456.8,127.0,100.0
1781679753.24,ROCM_SMI,GPU_2,2456.8,132.0,100.0
1781679753.24,ROCM_SMI,GPU_3,2456.8,130.0,100.0
1781679753.24,ROCM_SMI,GPU_4,2456.8,128.0,77.0
1781679755.43,ROCM_SMI,GPU_1,2456.8,127.0,73.0
1781679755.43,ROCM_SMI,GPU_2,2456.8,131.0,100.0
1781679755.43,ROCM_SMI,GPU_3,2456.8,133.0,100.0
1781679755.43,ROCM_SMI,GPU_4,2456.8,131.0,100.0
1781679757.62,ROCM_SMI,GPU_1,2456.8,129.0,100.0
1781679757.62,ROCM_SMI,GPU_2,2456.8,133.0,100.0
1781679757.62,ROCM_SMI,GPU_3,2456.8,136.0,100.0
1781679757.62,ROCM_SMI,GPU_4,2456.8,133.0,100.0
1781679759.81,ROCM_SMI,GPU_1,2456.8,134.0,100.0
1781679759.81,ROCM_SMI,GPU_2,2456.8,138.0,100.0
1781679759.81,ROCM_SMI,GPU_3,2456.8,137.0,100.0
1781679759.81,ROCM_SMI,GPU_4,2456.8,130.0,100.0
1781679762.01,ROCM_SMI,GPU_1,2456.8,132.0,100.0
1781679762.01,ROCM_SMI,GPU_2,2456.8,137.0,100.0
1781679762.01,ROCM_SMI,GPU_3,2456.8,138.0,100.0
1781679762.01,ROCM_SMI,GPU_4,2456.8,134.0,100.0
1781679764.20,ROCM_SMI,GPU_1,2456.8,128.0,100.0
1781679764.20,ROCM_SMI,GPU_2,2456.8,132.0,100.0
1781679764.20,ROCM_SMI,GPU_3,2456.8,133.0,100.0
1781679764.20,ROCM_SMI,GPU_4,2456.8,128.0,100.0
1781679766.39,ROCM_SMI,GPU_1,2456.8,127.0,100.0
1781679766.39,ROCM_SMI,GPU_2,2456.8,131.0,100.0
1781679766.39,ROCM_SMI,GPU_3,2456.8,132.0,100.0
1781679766.39,ROCM_SMI,GPU_4,2456.8,128.0,100.0
1781679768.58,ROCM_SMI,GPU_1,2456.8,128.0,100.0
1781679768.58,ROCM_SMI,GPU_2,2456.8,131.0,100.0
1781679768.58,ROCM_SMI,GPU_3,2456.8,131.0,100.0
1781679768.58,ROCM_SMI,GPU_4,2456.8,128.0,100.0
1781679770.77,ROCM_SMI,GPU_1,2456.8,127.0,100.0
1781679770.77,ROCM_SMI,GPU_2,2456.8,131.0,100.0
1781679770.77,ROCM_SMI,GPU_3,2456.8,132.0,100.0
1781679770.77,ROCM_SMI,GPU_4,2456.8,127.0,100.0
1781679772.97,ROCM_SMI,GPU_1,2456.8,127.0,100.0
1781679772.97,ROCM_SMI,GPU_2,2456.8,131.0,100.0
1781679772.97,ROCM_SMI,GPU_3,2456.8,133.0,100.0
1781679772.97,ROCM_SMI,GPU_4,2456.8,129.0,100.0
1781679775.16,ROCM_SMI,GPU_1,2456.8,127.0,100.0
1781679775.16,ROCM_SMI,GPU_2,2456.8,132.0,100.0
1781679775.16,ROCM_SMI,GPU_3,2456.8,132.0,100.0
1781679775.16,ROCM_SMI,GPU_4,2456.8,127.0,100.0
1781679777.35,ROCM_SMI,GPU_1,2456.8,127.0,100.0
1781679777.35,ROCM_SMI,GPU_2,2456.8,130.0,100.0
1781679777.35,ROCM_SMI,GPU_3,2456.8,131.0,100.0
1781679777.35,ROCM_SMI,GPU_4,2456.8,127.0,100.0
1781679779.55,ROCM_SMI,GPU_1,2456.8,126.0,100.0
1781679779.55,ROCM_SMI,GPU_2,2456.8,131.0,100.0
1781679779.55,ROCM_SMI,GPU_3,2456.8,131.0,82.0
1781679779.55,ROCM_SMI,GPU_4,2456.8,127.0,100.0
1781679781.74,ROCM_SMI,GPU_1,2456.8,127.0,100.0
1781679781.74,ROCM_SMI,GPU_2,2456.8,130.0,100.0
1781679781.74,ROCM_SMI,GPU_3,2456.8,134.0,100.0
1781679781.74,ROCM_SMI,GPU_4,2456.8,132.0,100.0
1781679783.93,ROCM_SMI,GPU_1,2456.8,132.0,100.0
1781679783.93,ROCM_SMI,GPU_2,2456.8,137.0,100.0
1781679783.93,ROCM_SMI,GPU_3,2456.8,137.0,100.0
1781679783.93,ROCM_SMI,GPU_4,2456.8,133.0,100.0
1781679786.12,ROCM_SMI,GPU_1,2456.8,132.0,100.0
1781679786.12,ROCM_SMI,GPU_2,2456.8,136.0,100.0
1781679786.12,ROCM_SMI,GPU_3,2456.8,137.0,100.0
1781679786.12,ROCM_SMI,GPU_4,2456.8,132.0,100.0
1781679788.32,ROCM_SMI,GPU_1,2456.8,148.0,100.0
1781679788.32,ROCM_SMI,GPU_2,2456.8,155.0,100.0
1781679788.32,ROCM_SMI,GPU_3,2456.8,141.0,100.0
1781679788.32,ROCM_SMI,GPU_4,2456.8,126.0,100.0
1781679790.51,ROCM_SMI,GPU_1,2456.8,129.0,100.0
1781679790.51,ROCM_SMI,GPU_2,2456.8,132.0,100.0
1781679790.51,ROCM_SMI,GPU_3,2456.8,132.0,100.0
1781679790.51,ROCM_SMI,GPU_4,2456.8,127.0,100.0
1781679792.70,ROCM_SMI,GPU_1,2456.8,129.0,100.0
1781679792.70,ROCM_SMI,GPU_2,2456.8,130.0,100.0
1781679792.70,ROCM_SMI,GPU_3,2456.8,132.0,100.0
1781679792.70,ROCM_SMI,GPU_4,2456.8,128.0,100.0
1781679794.89,ROCM_SMI,GPU_1,2456.8,127.0,100.0
1781679794.89,ROCM_SMI,GPU_2,2456.8,131.0,100.0
1781679794.89,ROCM_SMI,GPU_3,2456.8,132.0,100.0
1781679794.89,ROCM_SMI,GPU_4,2456.8,128.0,100.0
1781679797.08,ROCM_SMI,GPU_1,2456.8,127.0,100.0
1781679797.08,ROCM_SMI,GPU_2,2456.8,132.0,100.0
1781679797.08,ROCM_SMI,GPU_3,2456.8,131.0,100.0
1781679797.08,ROCM_SMI,GPU_4,2456.8,128.0,100.0
1781679799.27,ROCM_SMI,GPU_1,2456.8,127.0,100.0
1781679799.27,ROCM_SMI,GPU_2,2456.8,131.0,100.0
1781679799.27,ROCM_SMI,GPU_3,2456.8,131.0,100.0
1781679799.27,ROCM_SMI,GPU_4,2456.8,130.0,100.0
1781679801.46,ROCM_SMI,GPU_1,2456.8,124.0,100.0
1781679801.46,ROCM_SMI,GPU_2,2456.8,128.0,100.0
1781679801.46,ROCM_SMI,GPU_3,2456.8,127.0,100.0
1781679801.46,ROCM_SMI,GPU_4,2456.8,122.0,100.0
1781679803.66,ROCM_SMI,GPU_1,2456.8,128.0,100.0
1781679803.66,ROCM_SMI,GPU_2,2456.8,130.0,100.0
1781679803.66,ROCM_SMI,GPU_3,2456.8,130.0,100.0
1781679803.66,ROCM_SMI,GPU_4,2456.8,128.0,100.0
1781679805.85,ROCM_SMI,GPU_1,2456.8,126.0,100.0
1781679805.85,ROCM_SMI,GPU_2,2456.8,130.0,100.0
1781679805.85,ROCM_SMI,GPU_3,2456.8,132.0,100.0
1781679805.85,ROCM_SMI,GPU_4,2456.8,128.0,93.0
1781679808.04,ROCM_SMI,GPU_1,2456.8,126.0,100.0
1781679808.04,ROCM_SMI,GPU_2,2456.8,130.0,76.0
1781679808.04,ROCM_SMI,GPU_3,2456.8,130.0,100.0
1781679808.04,ROCM_SMI,GPU_4,2456.8,129.0,100.0
1781679810.24,ROCM_SMI,GPU_1,2456.8,131.0,100.0
1781679810.24,ROCM_SMI,GPU_2,2456.8,135.0,100.0
1781679810.24,ROCM_SMI,GPU_3,2456.8,136.0,100.0
1781679810.24,ROCM_SMI,GPU_4,2456.8,133.0,100.0
1781679812.43,ROCM_SMI,GPU_1,2456.8,133.0,100.0
1781679812.43,ROCM_SMI,GPU_2,2456.8,137.0,100.0
1781679812.43,ROCM_SMI,GPU_3,2456.8,137.0,100.0
1781679812.43,ROCM_SMI,GPU_4,2456.8,133.0,100.0
1781679814.62,ROCM_SMI,GPU_1,2456.8,130.0,100.0
1781679814.62,ROCM_SMI,GPU_2,2456.8,131.0,100.0
1781679814.62,ROCM_SMI,GPU_3,2456.8,132.0,100.0
1781679814.62,ROCM_SMI,GPU_4,2456.8,130.0,100.0
1781679816.82,ROCM_SMI,GPU_1,2456.8,128.0,100.0
1781679816.82,ROCM_SMI,GPU_2,2456.8,130.0,100.0
1781679816.82,ROCM_SMI,GPU_3,2456.8,131.0,100.0
1781679816.82,ROCM_SMI,GPU_4,2456.8,128.0,100.0
1781679819.01,ROCM_SMI,GPU_1,2456.8,128.0,100.0
1781679819.01,ROCM_SMI,GPU_2,2456.8,131.0,100.0
1781679819.01,ROCM_SMI,GPU_3,2456.8,131.0,100.0
1781679819.01,ROCM_SMI,GPU_4,2456.8,129.0,100.0
1781679821.20,ROCM_SMI,GPU_1,2456.8,127.0,100.0
1781679821.20,ROCM_SMI,GPU_2,2456.8,131.0,100.0
1781679821.20,ROCM_SMI,GPU_3,2456.8,131.0,100.0
1781679821.20,ROCM_SMI,GPU_4,2456.8,129.0,100.0
1781679823.39,ROCM_SMI,GPU_1,2456.8,128.0,100.0
1781679823.39,ROCM_SMI,GPU_2,2456.8,131.0,100.0
1781679823.39,ROCM_SMI,GPU_3,2456.8,132.0,100.0
1781679823.39,ROCM_SMI,GPU_4,2456.8,129.0,100.0
1781679825.58,ROCM_SMI,GPU_1,2456.8,128.0,100.0
1781679825.58,ROCM_SMI,GPU_2,2456.8,131.0,100.0
1781679825.58,ROCM_SMI,GPU_3,2456.8,132.0,100.0
1781679825.58,ROCM_SMI,GPU_4,2456.8,126.0,100.0
1781679827.78,ROCM_SMI,GPU_1,2456.8,127.0,100.0
1781679827.78,ROCM_SMI,GPU_2,2456.8,131.0,100.0
1781679827.78,ROCM_SMI,GPU_3,2456.8,130.0,100.0
1781679827.78,ROCM_SMI,GPU_4,2456.8,127.0,100.0
1781679829.97,ROCM_SMI,GPU_1,2456.8,126.0,100.0
1781679829.97,ROCM_SMI,GPU_2,2456.8,131.0,100.0
1781679829.97,ROCM_SMI,GPU_3,2456.8,131.0,71.0
1781679829.97,ROCM_SMI,GPU_4,2456.8,127.0,100.0
1781679832.17,ROCM_SMI,GPU_1,2456.8,127.0,100.0
1781679832.17,ROCM_SMI,GPU_2,2456.8,130.0,100.0
1781679832.17,ROCM_SMI,GPU_3,2456.8,134.0,100.0
1781679832.17,ROCM_SMI,GPU_4,2456.8,133.0,100.0
1781679834.36,ROCM_SMI,GPU_1,2456.8,131.0,100.0
1781679834.36,ROCM_SMI,GPU_2,2456.8,137.0,100.0
1781679834.36,ROCM_SMI,GPU_3,2456.8,138.0,100.0
1781679834.36,ROCM_SMI,GPU_4,2456.8,132.0,100.0
1781679836.55,ROCM_SMI,GPU_1,2456.8,132.0,100.0
1781679836.55,ROCM_SMI,GPU_2,2456.8,137.0,100.0
1781679836.55,ROCM_SMI,GPU_3,2456.8,137.0,100.0
1781679836.55,ROCM_SMI,GPU_4,2456.8,134.0,100.0
1781679838.74,ROCM_SMI,GPU_1,2456.8,133.0,100.0
1781679838.74,ROCM_SMI,GPU_2,2456.8,137.0,100.0
1781679838.74,ROCM_SMI,GPU_3,2456.8,139.0,100.0
1781679838.74,ROCM_SMI,GPU_4,2456.8,134.0,100.0
1781679840.93,ROCM_SMI,GPU_1,2456.8,129.0,100.0
1781679840.93,ROCM_SMI,GPU_2,2456.8,135.0,100.0
1781679840.93,ROCM_SMI,GPU_3,2456.8,133.0,100.0
1781679840.93,ROCM_SMI,GPU_4,2456.8,129.0,100.0
1781679843.13,ROCM_SMI,GPU_1,2456.8,126.0,100.0
1781679843.13,ROCM_SMI,GPU_2,2456.8,126.0,100.0
1781679843.13,ROCM_SMI,GPU_3,2456.8,127.0,100.0
1781679843.13,ROCM_SMI,GPU_4,2456.8,124.0,100.0
1781679845.32,ROCM_SMI,GPU_1,2456.8,129.0,100.0
1781679845.32,ROCM_SMI,GPU_2,2456.8,131.0,100.0
1781679845.32,ROCM_SMI,GPU_3,2456.8,132.0,100.0
1781679845.32,ROCM_SMI,GPU_4,2456.8,128.0,100.0
1781679847.51,ROCM_SMI,GPU_1,2456.8,129.0,100.0
1781679847.51,ROCM_SMI,GPU_2,2456.8,131.0,100.0
1781679847.51,ROCM_SMI,GPU_3,2456.8,132.0,100.0
1781679847.51,ROCM_SMI,GPU_4,2456.8,127.0,100.0
1781679849.71,ROCM_SMI,GPU_1,2456.8,128.0,100.0
1781679849.71,ROCM_SMI,GPU_2,2456.8,131.0,100.0
1781679849.71,ROCM_SMI,GPU_3,2456.8,131.0,100.0
1781679849.71,ROCM_SMI,GPU_4,2456.8,127.0,100.0
1781679851.90,ROCM_SMI,GPU_1,2456.8,126.0,100.0
1781679851.90,ROCM_SMI,GPU_2,2456.8,131.0,100.0
1781679851.90,ROCM_SMI,GPU_3,2456.8,131.0,100.0
1781679851.90,ROCM_SMI,GPU_4,2456.8,127.0,100.0
1781679854.09,ROCM_SMI,GPU_1,2456.8,127.0,100.0
1781679854.09,ROCM_SMI,GPU_2,2456.8,130.0,100.0
1781679854.09,ROCM_SMI,GPU_3,2456.8,132.0,100.0
1781679854.09,ROCM_SMI,GPU_4,2456.8,128.0,97.0
1781679856.28,ROCM_SMI,GPU_1,2456.8,119.0,100.0
1781679856.28,ROCM_SMI,GPU_2,2456.8,121.0,88.0
1781679856.28,ROCM_SMI,GPU_3,2456.8,123.0,100.0
1781679856.28,ROCM_SMI,GPU_4,2456.8,128.0,100.0
1781679858.47,ROCM_SMI,GPU_1,2456.8,128.0,100.0
1781679858.47,ROCM_SMI,GPU_2,2456.8,133.0,100.0
1781679858.47,ROCM_SMI,GPU_3,2456.8,137.0,100.0
1781679858.47,ROCM_SMI,GPU_4,2456.8,132.0,100.0
1781679860.67,ROCM_SMI,GPU_1,2456.8,133.0,100.0
1781679860.67,ROCM_SMI,GPU_2,2456.8,136.0,100.0
1781679860.67,ROCM_SMI,GPU_3,2456.8,137.0,100.0
1781679860.67,ROCM_SMI,GPU_4,2456.8,133.0,100.0
1781679862.86,ROCM_SMI,GPU_1,2456.8,132.0,100.0
1781679862.86,ROCM_SMI,GPU_2,2456.8,138.0,100.0
1781679862.86,ROCM_SMI,GPU_3,2456.8,138.0,100.0
1781679862.86,ROCM_SMI,GPU_4,2456.8,134.0,100.0
1781679865.05,ROCM_SMI,GPU_1,2456.8,130.0,100.0
1781679865.05,ROCM_SMI,GPU_2,2456.8,133.0,100.0
1781679865.05,ROCM_SMI,GPU_3,2456.8,133.0,100.0
1781679865.05,ROCM_SMI,GPU_4,2456.8,131.0,100.0
1781679867.24,ROCM_SMI,GPU_1,2456.8,127.0,100.0
1781679867.24,ROCM_SMI,GPU_2,2456.8,132.0,100.0
1781679867.24,ROCM_SMI,GPU_3,2456.8,131.0,100.0
1781679867.24,ROCM_SMI,GPU_4,2456.8,129.0,100.0
1781679869.43,ROCM_SMI,GPU_1,2456.8,130.0,100.0
1781679869.43,ROCM_SMI,GPU_2,2456.8,134.0,100.0
1781679869.43,ROCM_SMI,GPU_3,2456.8,134.0,100.0
1781679869.43,ROCM_SMI,GPU_4,2456.8,130.0,100.0
1781679871.62,ROCM_SMI,GPU_1,2456.8,128.0,100.0
1781679871.62,ROCM_SMI,GPU_2,2456.8,131.0,100.0
1781679871.62,ROCM_SMI,GPU_3,2456.8,132.0,100.0
1781679871.62,ROCM_SMI,GPU_4,2456.8,129.0,100.0
1781679873.81,ROCM_SMI,GPU_1,2456.8,127.0,100.0
1781679873.81,ROCM_SMI,GPU_2,2456.8,131.0,100.0
1781679873.81,ROCM_SMI,GPU_3,2456.8,131.0,100.0
1781679873.81,ROCM_SMI,GPU_4,2456.8,128.0,100.0
1781679876.01,ROCM_SMI,GPU_1,2456.8,128.0,100.0
1781679876.01,ROCM_SMI,GPU_2,2456.8,131.0,100.0
1781679876.01,ROCM_SMI,GPU_3,2456.8,132.0,100.0
1781679876.01,ROCM_SMI,GPU_4,2456.8,128.0,100.0
1781679878.20,ROCM_SMI,GPU_1,2456.8,127.0,100.0
1781679878.20,ROCM_SMI,GPU_2,2456.8,131.0,100.0
1781679878.20,ROCM_SMI,GPU_3,2456.8,132.0,100.0
1781679878.20,ROCM_SMI,GPU_4,2456.8,128.0,100.0
1781679880.39,ROCM_SMI,GPU_1,2456.8,127.0,100.0
1781679880.39,ROCM_SMI,GPU_2,2456.8,130.0,100.0
1781679880.39,ROCM_SMI,GPU_3,2456.8,131.0,100.0
1781679880.39,ROCM_SMI,GPU_4,2456.8,127.0,83.0
1781679882.58,ROCM_SMI,GPU_1,2456.8,126.0,82.0
1781679882.58,ROCM_SMI,GPU_2,2456.8,130.0,89.0
1781679882.58,ROCM_SMI,GPU_3,2456.8,133.0,100.0
1781679882.58,ROCM_SMI,GPU_4,2456.8,132.0,100.0
1781679884.78,ROCM_SMI,GPU_1,2456.8,130.0,100.0
1781679884.78,ROCM_SMI,GPU_2,2456.8,135.0,100.0
1781679884.78,ROCM_SMI,GPU_3,2456.8,136.0,100.0
1781679884.78,ROCM_SMI,GPU_4,2456.8,131.0,100.0
1781679886.97,ROCM_SMI,GPU_1,2456.8,133.0,100.0
1781679886.97,ROCM_SMI,GPU_2,2456.8,136.0,100.0
1781679886.97,ROCM_SMI,GPU_3,2456.8,137.0,100.0
1781679886.97,ROCM_SMI,GPU_4,2456.8,133.0,100.0
1781679889.16,ROCM_SMI,GPU_1,2456.8,134.0,100.0
1781679889.16,ROCM_SMI,GPU_2,2456.8,137.0,100.0
1781679889.16,ROCM_SMI,GPU_3,2456.8,137.0,100.0
1781679889.16,ROCM_SMI,GPU_4,2456.8,134.0,100.0
1781679891.35,ROCM_SMI,GPU_1,2456.8,130.0,100.0
1781679891.35,ROCM_SMI,GPU_2,2456.8,134.0,100.0
1781679891.35,ROCM_SMI,GPU_3,2456.8,136.0,100.0
1781679891.35,ROCM_SMI,GPU_4,2456.8,128.0,100.0
1781679893.54,ROCM_SMI,GPU_1,2456.8,127.0,100.0
1781679893.54,ROCM_SMI,GPU_2,2456.8,132.0,100.0
1781679893.54,ROCM_SMI,GPU_3,2456.8,132.0,100.0
1781679893.54,ROCM_SMI,GPU_4,2456.8,128.0,100.0
1781679895.73,ROCM_SMI,GPU_1,2456.8,127.0,100.0
1781679895.73,ROCM_SMI,GPU_2,2456.8,131.0,100.0
1781679895.73,ROCM_SMI,GPU_3,2456.8,133.0,100.0
1781679895.73,ROCM_SMI,GPU_4,2456.8,129.0,100.0
1781679897.92,ROCM_SMI,GPU_1,2456.8,126.0,100.0
1781679897.92,ROCM_SMI,GPU_2,2456.8,132.0,100.0
1781679897.92,ROCM_SMI,GPU_3,2456.8,132.0,100.0
1781679897.92,ROCM_SMI,GPU_4,2456.8,128.0,100.0
1781679900.12,ROCM_SMI,GPU_1,2456.8,127.0,100.0
1781679900.12,ROCM_SMI,GPU_2,2456.8,133.0,100.0
1781679900.12,ROCM_SMI,GPU_3,2456.8,132.0,100.0
1781679900.12,ROCM_SMI,GPU_4,2456.8,127.0,100.0
1781679902.31,ROCM_SMI,GPU_1,2456.8,127.0,100.0
1781679902.31,ROCM_SMI,GPU_2,2456.8,132.0,100.0
1781679902.31,ROCM_SMI,GPU_3,2456.8,131.0,100.0
1781679902.31,ROCM_SMI,GPU_4,2456.8,129.0,100.0
1781679904.50,ROCM_SMI,GPU_1,2456.8,127.0,100.0
1781679904.50,ROCM_SMI,GPU_2,2456.8,130.0,100.0
1781679904.50,ROCM_SMI,GPU_3,2456.8,132.0,100.0
1781679904.50,ROCM_SMI,GPU_4,2456.8,127.0,100.0
1781679906.69,ROCM_SMI,GPU_1,2456.8,127.0,100.0
1781679906.69,ROCM_SMI,GPU_2,2456.8,129.0,100.0
1781679906.69,ROCM_SMI,GPU_3,2456.8,132.0,82.0
1781679906.69,ROCM_SMI,GPU_4,2456.8,126.0,100.0
1781679908.88,ROCM_SMI,GPU_1,2456.8,126.0,98.0
1781679908.88,ROCM_SMI,GPU_2,2456.8,130.0,97.0
1781679908.88,ROCM_SMI,GPU_3,2456.8,132.0,100.0
1781679908.88,ROCM_SMI,GPU_4,2456.8,131.0,100.0
1781679911.08,ROCM_SMI,GPU_1,2456.8,167.0,100.0
1781679911.08,ROCM_SMI,GPU_2,2456.8,168.0,100.0
1781679911.08,ROCM_SMI,GPU_3,2456.8,167.0,100.0
1781679911.08,ROCM_SMI,GPU_4,2456.8,154.0,100.0
1781679913.28,ROCM_SMI,GPU_1,2456.8,132.0,100.0
1781679913.28,ROCM_SMI,GPU_2,2456.8,136.0,100.0
1781679913.28,ROCM_SMI,GPU_3,2456.8,137.0,100.0
1781679913.28,ROCM_SMI,GPU_4,2456.8,134.0,100.0
1781679915.47,ROCM_SMI,GPU_1,2456.8,131.0,100.0
1781679915.47,ROCM_SMI,GPU_2,2456.8,134.0,100.0
1781679915.47,ROCM_SMI,GPU_3,2456.8,134.0,100.0
1781679915.47,ROCM_SMI,GPU_4,2456.8,133.0,100.0
1781679917.66,ROCM_SMI,GPU_1,2456.8,127.0,100.0
1781679917.66,ROCM_SMI,GPU_2,2456.8,132.0,100.0
1781679917.66,ROCM_SMI,GPU_3,2456.8,132.0,100.0
1781679917.66,ROCM_SMI,GPU_4,2456.8,128.0,100.0
1781679919.85,ROCM_SMI,GPU_1,2456.8,128.0,100.0
1781679919.85,ROCM_SMI,GPU_2,2456.8,132.0,100.0
1781679919.85,ROCM_SMI,GPU_3,2456.8,132.0,100.0
1781679919.85,ROCM_SMI,GPU_4,2456.8,128.0,100.0
1781679922.04,ROCM_SMI,GPU_1,2456.8,128.0,100.0
1781679922.04,ROCM_SMI,GPU_2,2456.8,130.0,100.0
1781679922.04,ROCM_SMI,GPU_3,2456.8,132.0,100.0
1781679922.04,ROCM_SMI,GPU_4,2456.8,128.0,100.0
1781679924.23,ROCM_SMI,GPU_1,2456.8,123.0,100.0
1781679924.23,ROCM_SMI,GPU_2,2456.8,126.0,100.0
1781679924.23,ROCM_SMI,GPU_3,2456.8,127.0,100.0
1781679924.23,ROCM_SMI,GPU_4,2456.8,125.0,100.0
1781679926.42,ROCM_SMI,GPU_1,2456.8,127.0,100.0
1781679926.42,ROCM_SMI,GPU_2,2456.8,132.0,100.0
1781679926.42,ROCM_SMI,GPU_3,2456.8,132.0,100.0
1781679926.42,ROCM_SMI,GPU_4,2456.8,128.0,100.0
1781679928.62,ROCM_SMI,GPU_1,2456.8,126.0,100.0
1781679928.62,ROCM_SMI,GPU_2,2456.8,131.0,100.0
1781679928.62,ROCM_SMI,GPU_3,2456.8,131.0,100.0
1781679928.62,ROCM_SMI,GPU_4,2456.8,127.0,100.0
1781679930.81,ROCM_SMI,GPU_1,2456.8,127.0,100.0
1781679930.81,ROCM_SMI,GPU_2,2456.8,130.0,100.0
1781679930.81,ROCM_SMI,GPU_3,2456.8,131.0,100.0
1781679930.81,ROCM_SMI,GPU_4,2456.8,128.0,100.0
1781679933.00,ROCM_SMI,GPU_1,2456.8,126.0,100.0
1781679933.00,ROCM_SMI,GPU_2,2456.8,129.0,100.0
1781679933.00,ROCM_SMI,GPU_3,2456.8,130.0,74.0
1781679933.00,ROCM_SMI,GPU_4,2456.8,126.0,100.0
1781679935.19,ROCM_SMI,GPU_1,2456.8,126.0,100.0
1781679935.19,ROCM_SMI,GPU_2,2456.8,131.0,100.0
1781679935.19,ROCM_SMI,GPU_3,2456.8,134.0,100.0
1781679935.19,ROCM_SMI,GPU_4,2456.8,132.0,100.0
1781679937.39,ROCM_SMI,GPU_1,2456.8,130.0,100.0
1781679937.39,ROCM_SMI,GPU_2,2456.8,133.0,100.0
1781679937.39,ROCM_SMI,GPU_3,2456.8,134.0,100.0
1781679937.39,ROCM_SMI,GPU_4,2456.8,132.0,100.0
1781679939.58,ROCM_SMI,GPU_1,2456.8,133.0,100.0
1781679939.58,ROCM_SMI,GPU_2,2456.8,137.0,100.0
1781679939.58,ROCM_SMI,GPU_3,2456.8,138.0,100.0
1781679939.58,ROCM_SMI,GPU_4,2456.8,133.0,100.0
1781679941.77,ROCM_SMI,GPU_1,2456.8,132.0,100.0
1781679941.77,ROCM_SMI,GPU_2,2456.8,137.0,100.0
1781679941.77,ROCM_SMI,GPU_3,2456.8,136.0,100.0
1781679941.77,ROCM_SMI,GPU_4,2456.8,131.0,100.0
1781679943.96,ROCM_SMI,GPU_1,2456.8,127.0,100.0
1781679943.96,ROCM_SMI,GPU_2,2456.8,131.0,100.0
1781679943.96,ROCM_SMI,GPU_3,2456.8,131.0,100.0
1781679943.96,ROCM_SMI,GPU_4,2456.8,129.0,100.0
1781679946.15,ROCM_SMI,GPU_1,2456.8,128.0,100.0
1781679946.15,ROCM_SMI,GPU_2,2456.8,132.0,100.0
1781679946.15,ROCM_SMI,GPU_3,2456.8,132.0,100.0
1781679946.15,ROCM_SMI,GPU_4,2456.8,128.0,100.0
1781679948.35,ROCM_SMI,GPU_1,2456.8,128.0,100.0
1781679948.35,ROCM_SMI,GPU_2,2456.8,131.0,100.0
1781679948.35,ROCM_SMI,GPU_3,2456.8,133.0,100.0
1781679948.35,ROCM_SMI,GPU_4,2456.8,128.0,100.0
1781679950.54,ROCM_SMI,GPU_1,2456.8,128.0,100.0
1781679950.54,ROCM_SMI,GPU_2,2456.8,133.0,100.0
1781679950.54,ROCM_SMI,GPU_3,2456.8,134.0,100.0
1781679950.54,ROCM_SMI,GPU_4,2456.8,129.0,100.0
1781679952.73,ROCM_SMI,GPU_1,2456.8,127.0,100.0
1781679952.73,ROCM_SMI,GPU_2,2456.8,131.0,100.0
1781679952.73,ROCM_SMI,GPU_3,2456.8,131.0,100.0
1781679952.73,ROCM_SMI,GPU_4,2456.8,129.0,100.0
1781679954.92,ROCM_SMI,GPU_1,2456.8,127.0,100.0
1781679954.92,ROCM_SMI,GPU_2,2456.8,130.0,100.0
1781679954.92,ROCM_SMI,GPU_3,2456.8,132.0,100.0
1781679954.92,ROCM_SMI,GPU_4,2456.8,127.0,100.0
1781679957.11,ROCM_SMI,GPU_1,2456.8,128.0,100.0
1781679957.11,ROCM_SMI,GPU_2,2456.8,131.0,100.0
1781679957.11,ROCM_SMI,GPU_3,2456.8,132.0,100.0
1781679957.11,ROCM_SMI,GPU_4,2456.8,129.0,100.0
1781679959.30,ROCM_SMI,GPU_1,2456.8,126.0,100.0
1781679959.30,ROCM_SMI,GPU_2,2456.8,129.0,100.0
1781679959.30,ROCM_SMI,GPU_3,2456.8,131.0,71.0
1781679959.30,ROCM_SMI,GPU_4,2456.8,126.0,100.0
1781679961.49,ROCM_SMI,GPU_1,2456.8,126.0,83.0
1781679961.49,ROCM_SMI,GPU_2,2456.8,130.0,100.0
1781679961.49,ROCM_SMI,GPU_3,2456.8,132.0,100.0
1781679961.49,ROCM_SMI,GPU_4,2456.8,132.0,100.0
1781679963.69,ROCM_SMI,GPU_1,2456.8,132.0,100.0
1781679963.69,ROCM_SMI,GPU_2,2456.8,135.0,100.0
1781679963.69,ROCM_SMI,GPU_3,2456.8,136.0,100.0
1781679963.69,ROCM_SMI,GPU_4,2456.8,133.0,100.0
1781679965.88,ROCM_SMI,GPU_1,2456.8,132.0,100.0
1781679965.88,ROCM_SMI,GPU_2,2456.8,136.0,100.0
1781679965.88,ROCM_SMI,GPU_3,2456.8,137.0,100.0
1781679965.88,ROCM_SMI,GPU_4,2456.8,134.0,100.0
1781679968.08,ROCM_SMI,GPU_1,2456.8,131.0,100.0
1781679968.08,ROCM_SMI,GPU_2,2456.8,135.0,100.0
1781679968.08,ROCM_SMI,GPU_3,2456.8,136.0,100.0
1781679968.08,ROCM_SMI,GPU_4,2456.8,131.0,100.0
1781679970.26,ROCM_SMI,GPU_1,2456.8,128.0,100.0
1781679970.26,ROCM_SMI,GPU_2,2456.8,130.0,100.0
1781679970.26,ROCM_SMI,GPU_3,2456.8,132.0,100.0
1781679970.26,ROCM_SMI,GPU_4,2456.8,129.0,100.0
1781679972.46,ROCM_SMI,GPU_1,2456.8,129.0,100.0
1781679972.46,ROCM_SMI,GPU_2,2456.8,131.0,100.0
1781679972.46,ROCM_SMI,GPU_3,2456.8,133.0,100.0
1781679972.46,ROCM_SMI,GPU_4,2456.8,129.0,100.0
1781679974.65,ROCM_SMI,GPU_1,2456.8,128.0,100.0
1781679974.65,ROCM_SMI,GPU_2,2456.8,132.0,100.0
1781679974.65,ROCM_SMI,GPU_3,2456.8,131.0,100.0
1781679974.65,ROCM_SMI,GPU_4,2456.8,130.0,100.0
1781679976.84,ROCM_SMI,GPU_1,2456.8,127.0,100.0
1781679976.84,ROCM_SMI,GPU_2,2456.8,130.0,100.0
1781679976.84,ROCM_SMI,GPU_3,2456.8,131.0,100.0
1781679976.84,ROCM_SMI,GPU_4,2456.8,129.0,100.0
1781679979.04,ROCM_SMI,GPU_1,2456.8,125.0,100.0
1781679979.04,ROCM_SMI,GPU_2,2456.8,126.0,100.0
1781679979.04,ROCM_SMI,GPU_3,2456.8,126.0,100.0
1781679979.04,ROCM_SMI,GPU_4,2456.8,119.0,100.0
1781679981.23,ROCM_SMI,GPU_1,2456.8,127.0,100.0
1781679981.23,ROCM_SMI,GPU_2,2456.8,130.0,100.0
1781679981.23,ROCM_SMI,GPU_3,2456.8,132.0,100.0
1781679981.23,ROCM_SMI,GPU_4,2456.8,127.0,100.0
1781679983.42,ROCM_SMI,GPU_1,2456.8,128.0,100.0
1781679983.42,ROCM_SMI,GPU_2,2456.8,130.0,100.0
1781679983.42,ROCM_SMI,GPU_3,2456.8,130.0,100.0
1781679983.42,ROCM_SMI,GPU_4,2456.8,127.0,64.0
1781679985.61,ROCM_SMI,GPU_1,2456.8,127.0,82.0
1781679985.61,ROCM_SMI,GPU_2,2456.8,130.0,100.0
1781679985.61,ROCM_SMI,GPU_3,2456.8,133.0,100.0
1781679985.61,ROCM_SMI,GPU_4,2456.8,130.0,100.0
1781679987.81,ROCM_SMI,GPU_1,2456.8,130.0,100.0
1781679987.81,ROCM_SMI,GPU_2,2456.8,135.0,100.0
1781679987.81,ROCM_SMI,GPU_3,2456.8,137.0,100.0
1781679987.81,ROCM_SMI,GPU_4,2456.8,134.0,100.0
1781679990.00,ROCM_SMI,GPU_1,2456.8,133.0,100.0
1781679990.00,ROCM_SMI,GPU_2,2456.8,137.0,100.0
1781679990.00,ROCM_SMI,GPU_3,2456.8,137.0,100.0
1781679990.00,ROCM_SMI,GPU_4,2456.8,134.0,100.0
1781679992.19,ROCM_SMI,GPU_1,2456.8,134.0,100.0
1781679992.19,ROCM_SMI,GPU_2,2456.8,138.0,100.0
1781679992.19,ROCM_SMI,GPU_3,2456.8,138.0,100.0
1781679992.19,ROCM_SMI,GPU_4,2456.8,134.0,100.0
1781679994.39,ROCM_SMI,GPU_1,2456.8,127.0,100.0
1781679994.39,ROCM_SMI,GPU_2,2456.8,131.0,100.0
1781679994.39,ROCM_SMI,GPU_3,2456.8,132.0,100.0
1781679994.39,ROCM_SMI,GPU_4,2456.8,128.0,100.0
1781679996.58,ROCM_SMI,GPU_1,2456.8,128.0,100.0
1781679996.58,ROCM_SMI,GPU_2,2456.8,131.0,100.0
1781679996.58,ROCM_SMI,GPU_3,2456.8,132.0,100.0
1781679996.58,ROCM_SMI,GPU_4,2456.8,128.0,100.0
1781679998.77,ROCM_SMI,GPU_1,2456.8,126.0,100.0
1781679998.77,ROCM_SMI,GPU_2,2456.8,131.0,100.0
1781679998.77,ROCM_SMI,GPU_3,2456.8,132.0,100.0
1781679998.77,ROCM_SMI,GPU_4,2456.8,128.0,100.0
1781680000.96,ROCM_SMI,GPU_1,2456.8,127.0,100.0
1781680000.96,ROCM_SMI,GPU_2,2456.8,132.0,100.0
1781680000.96,ROCM_SMI,GPU_3,2456.8,132.0,100.0
1781680000.96,ROCM_SMI,GPU_4,2456.8,129.0,100.0
1781680003.15,ROCM_SMI,GPU_1,2456.8,126.0,100.0
1781680003.15,ROCM_SMI,GPU_2,2456.8,132.0,100.0
1781680003.15,ROCM_SMI,GPU_3,2456.8,131.0,100.0
1781680003.15,ROCM_SMI,GPU_4,2456.8,128.0,100.0
1781680005.35,ROCM_SMI,GPU_1,2456.8,130.0,100.0
1781680005.35,ROCM_SMI,GPU_2,2456.8,133.0,100.0
1781680005.35,ROCM_SMI,GPU_3,2456.8,137.0,100.0
1781680005.35,ROCM_SMI,GPU_4,2456.8,129.0,100.0
1781680007.54,ROCM_SMI,GPU_1,2456.8,127.0,100.0
1781680007.54,ROCM_SMI,GPU_2,2456.8,131.0,100.0
1781680007.54,ROCM_SMI,GPU_3,2456.8,131.0,100.0
1781680007.54,ROCM_SMI,GPU_4,2456.8,127.0,100.0
1781680009.73,ROCM_SMI,GPU_1,2456.8,127.0,100.0
1781680009.73,ROCM_SMI,GPU_2,2456.8,129.0,84.0
1781680009.73,ROCM_SMI,GPU_3,2456.8,130.0,100.0
1781680009.73,ROCM_SMI,GPU_4,2456.8,127.0,100.0
1781680011.92,ROCM_SMI,GPU_1,2456.8,129.0,100.0
1781680011.92,ROCM_SMI,GPU_2,2456.8,133.0,100.0
1781680011.92,ROCM_SMI,GPU_3,2456.8,136.0,100.0
1781680011.92,ROCM_SMI,GPU_4,2456.8,133.0,100.0
1781680014.11,ROCM_SMI,GPU_1,2456.8,133.0,100.0
1781680014.11,ROCM_SMI,GPU_2,2456.8,136.0,100.0
1781680014.11,ROCM_SMI,GPU_3,2456.8,136.0,100.0
1781680014.11,ROCM_SMI,GPU_4,2456.8,133.0,100.0
1781680016.31,ROCM_SMI,GPU_1,2456.8,133.0,100.0
1781680016.31,ROCM_SMI,GPU_2,2456.8,137.0,100.0
1781680016.31,ROCM_SMI,GPU_3,2456.8,137.0,100.0
1781680016.31,ROCM_SMI,GPU_4,2456.8,134.0,100.0
1781680018.50,ROCM_SMI,GPU_1,2456.8,127.0,100.0
1781680018.50,ROCM_SMI,GPU_2,2456.8,132.0,100.0
1781680018.50,ROCM_SMI,GPU_3,2456.8,133.0,100.0
1781680018.50,ROCM_SMI,GPU_4,2456.8,130.0,100.0
1781680020.69,ROCM_SMI,GPU_1,2456.8,128.0,100.0
1781680020.69,ROCM_SMI,GPU_2,2456.8,133.0,100.0
1781680020.69,ROCM_SMI,GPU_3,2456.8,131.0,100.0
1781680020.69,ROCM_SMI,GPU_4,2456.8,129.0,100.0
1781680022.88,ROCM_SMI,GPU_1,2456.8,127.0,100.0
1781680022.88,ROCM_SMI,GPU_2,2456.8,131.0,100.0
1781680022.88,ROCM_SMI,GPU_3,2456.8,132.0,100.0
1781680022.88,ROCM_SMI,GPU_4,2456.8,128.0,100.0
1781680025.08,ROCM_SMI,GPU_1,2456.8,128.0,100.0
1781680025.08,ROCM_SMI,GPU_2,2456.8,131.0,100.0
1781680025.08,ROCM_SMI,GPU_3,2456.8,132.0,100.0
1781680025.08,ROCM_SMI,GPU_4,2456.8,128.0,100.0
1781680027.26,ROCM_SMI,GPU_1,2456.8,127.0,100.0
1781680027.26,ROCM_SMI,GPU_2,2456.8,131.0,100.0
1781680027.26,ROCM_SMI,GPU_3,2456.8,132.0,100.0
1781680027.26,ROCM_SMI,GPU_4,2456.8,129.0,100.0
1781680029.45,ROCM_SMI,GPU_1,2456.8,127.0,100.0
1781680029.45,ROCM_SMI,GPU_2,2456.8,130.0,100.0
1781680029.45,ROCM_SMI,GPU_3,2456.8,132.0,100.0
1781680029.45,ROCM_SMI,GPU_4,2456.8,130.0,100.0
1781680031.65,ROCM_SMI,GPU_1,2456.8,128.0,100.0
1781680031.65,ROCM_SMI,GPU_2,2456.8,132.0,100.0
1781680031.65,ROCM_SMI,GPU_3,2456.8,131.0,100.0
1781680031.65,ROCM_SMI,GPU_4,2456.8,129.0,100.0
1781680033.84,ROCM_SMI,GPU_1,2456.8,127.0,100.0
1781680033.84,ROCM_SMI,GPU_2,2456.8,131.0,100.0
1781680033.84,ROCM_SMI,GPU_3,2456.8,131.0,100.0
1781680033.84,ROCM_SMI,GPU_4,2456.8,128.0,100.0
1781680036.03,ROCM_SMI,GPU_1,2456.8,126.0,96.0
1781680036.03,ROCM_SMI,GPU_2,2456.8,129.0,100.0
1781680036.03,ROCM_SMI,GPU_3,2456.8,131.0,100.0
1781680036.03,ROCM_SMI,GPU_4,2456.8,129.0,100.0
1781680038.23,ROCM_SMI,GPU_1,2456.8,129.0,100.0
1781680038.23,ROCM_SMI,GPU_2,2456.8,133.0,100.0
1781680038.23,ROCM_SMI,GPU_3,2456.8,137.0,100.0
1781680038.23,ROCM_SMI,GPU_4,2456.8,133.0,100.0
1781680040.42,ROCM_SMI,GPU_1,2456.8,133.0,100.0
1781680040.42,ROCM_SMI,GPU_2,2456.8,137.0,100.0
1781680040.42,ROCM_SMI,GPU_3,2456.8,136.0,100.0
1781680040.42,ROCM_SMI,GPU_4,2456.8,134.0,100.0
1781680042.61,ROCM_SMI,GPU_1,2456.8,133.0,100.0
1781680042.61,ROCM_SMI,GPU_2,2456.8,136.0,100.0
1781680042.61,ROCM_SMI,GPU_3,2456.8,138.0,100.0
1781680042.61,ROCM_SMI,GPU_4,2456.8,132.0,100.0
1781680044.80,ROCM_SMI,GPU_1,2456.8,134.0,100.0
1781680044.80,ROCM_SMI,GPU_2,2456.8,136.0,100.0
1781680044.80,ROCM_SMI,GPU_3,2456.8,138.0,100.0
1781680044.80,ROCM_SMI,GPU_4,2456.8,133.0,100.0
1781680047.00,ROCM_SMI,GPU_1,2456.8,126.0,100.0
1781680047.00,ROCM_SMI,GPU_2,2456.8,123.0,100.0
1781680047.00,ROCM_SMI,GPU_3,2456.8,128.0,100.0
1781680047.00,ROCM_SMI,GPU_4,2456.8,124.0,100.0
1781680049.19,ROCM_SMI,GPU_1,2456.8,128.0,100.0
1781680049.19,ROCM_SMI,GPU_2,2456.8,132.0,100.0
1781680049.19,ROCM_SMI,GPU_3,2456.8,132.0,100.0
1781680049.19,ROCM_SMI,GPU_4,2456.8,129.0,100.0
1781680051.38,ROCM_SMI,GPU_1,2456.8,127.0,100.0
1781680051.38,ROCM_SMI,GPU_2,2456.8,130.0,100.0
1781680051.38,ROCM_SMI,GPU_3,2456.8,131.0,100.0
1781680051.38,ROCM_SMI,GPU_4,2456.8,128.0,100.0
1781680053.57,ROCM_SMI,GPU_1,2456.8,127.0,100.0
1781680053.57,ROCM_SMI,GPU_2,2456.8,131.0,100.0
1781680053.57,ROCM_SMI,GPU_3,2456.8,132.0,100.0
1781680053.57,ROCM_SMI,GPU_4,2456.8,128.0,100.0
1781680055.76,ROCM_SMI,GPU_1,2456.8,128.0,100.0
1781680055.76,ROCM_SMI,GPU_2,2456.8,131.0,100.0
1781680055.76,ROCM_SMI,GPU_3,2456.8,133.0,100.0
1781680055.76,ROCM_SMI,GPU_4,2456.8,128.0,100.0
1781680057.95,ROCM_SMI,GPU_1,2456.8,128.0,100.0
1781680057.95,ROCM_SMI,GPU_2,2456.8,130.0,100.0
1781680057.95,ROCM_SMI,GPU_3,2456.8,131.0,100.0
1781680057.95,ROCM_SMI,GPU_4,2456.8,128.0,100.0
1781680060.15,ROCM_SMI,GPU_1,2456.8,120.0,100.0
1781680060.15,ROCM_SMI,GPU_2,2456.8,125.0,100.0
1781680060.15,ROCM_SMI,GPU_3,2456.8,126.0,100.0
1781680060.15,ROCM_SMI,GPU_4,2456.8,120.0,100.0
1781680062.34,ROCM_SMI,GPU_1,2456.8,127.0,100.0
1781680062.34,ROCM_SMI,GPU_2,2456.8,129.0,100.0
1781680062.34,ROCM_SMI,GPU_3,2456.8,130.0,76.0
1781680062.34,ROCM_SMI,GPU_4,2456.8,127.0,100.0
1781680064.53,ROCM_SMI,GPU_1,2456.8,128.0,100.0
1781680064.53,ROCM_SMI,GPU_2,2456.8,133.0,100.0
1781680064.53,ROCM_SMI,GPU_3,2456.8,136.0,100.0
1781680064.53,ROCM_SMI,GPU_4,2456.8,133.0,100.0
1781680066.73,ROCM_SMI,GPU_1,2456.8,132.0,100.0
1781680066.73,ROCM_SMI,GPU_2,2456.8,136.0,100.0
1781680066.73,ROCM_SMI,GPU_3,2456.8,136.0,100.0
1781680066.73,ROCM_SMI,GPU_4,2456.8,132.0,100.0
1781680068.92,ROCM_SMI,GPU_1,2456.8,134.0,100.0
1781680068.92,ROCM_SMI,GPU_2,2456.8,136.0,100.0
1781680068.92,ROCM_SMI,GPU_3,2456.8,138.0,100.0
1781680068.92,ROCM_SMI,GPU_4,2456.8,134.0,100.0
1781680071.11,ROCM_SMI,GPU_1,2456.8,132.0,100.0
1781680071.11,ROCM_SMI,GPU_2,2456.8,134.0,100.0
1781680071.11,ROCM_SMI,GPU_3,2456.8,134.0,100.0
1781680071.11,ROCM_SMI,GPU_4,2456.8,131.0,100.0
1781680073.30,ROCM_SMI,GPU_1,2456.8,130.0,100.0
1781680073.30,ROCM_SMI,GPU_2,2456.8,135.0,100.0
1781680073.30,ROCM_SMI,GPU_3,2456.8,137.0,100.0
1781680073.30,ROCM_SMI,GPU_4,2456.8,131.0,100.0
1781680075.49,ROCM_SMI,GPU_1,2456.8,129.0,100.0
1781680075.49,ROCM_SMI,GPU_2,2456.8,131.0,100.0
1781680075.49,ROCM_SMI,GPU_3,2456.8,131.0,100.0
1781680075.49,ROCM_SMI,GPU_4,2456.8,128.0,100.0
1781680077.69,ROCM_SMI,GPU_1,2456.8,128.0,100.0
1781680077.69,ROCM_SMI,GPU_2,2456.8,130.0,100.0
1781680077.69,ROCM_SMI,GPU_3,2456.8,133.0,100.0
1781680077.69,ROCM_SMI,GPU_4,2456.8,128.0,100.0
1781680079.88,ROCM_SMI,GPU_1,2456.8,128.0,100.0
1781680079.88,ROCM_SMI,GPU_2,2456.8,130.0,100.0
1781680079.88,ROCM_SMI,GPU_3,2456.8,132.0,100.0
1781680079.88,ROCM_SMI,GPU_4,2456.8,129.0,100.0
1781680082.07,ROCM_SMI,GPU_1,2456.8,127.0,100.0
1781680082.07,ROCM_SMI,GPU_2,2456.8,131.0,100.0
1781680082.07,ROCM_SMI,GPU_3,2456.8,131.0,100.0
1781680082.07,ROCM_SMI,GPU_4,2456.8,129.0,100.0
1781680084.26,ROCM_SMI,GPU_1,2456.8,127.0,100.0
1781680084.26,ROCM_SMI,GPU_2,2456.8,131.0,100.0
1781680084.26,ROCM_SMI,GPU_3,2456.8,130.0,100.0
1781680084.26,ROCM_SMI,GPU_4,2456.8,128.0,100.0
1781680086.46,ROCM_SMI,GPU_1,2456.8,128.0,88.0
1781680086.46,ROCM_SMI,GPU_2,2456.8,133.0,100.0
1781680086.46,ROCM_SMI,GPU_3,2456.8,137.0,100.0
1781680086.46,ROCM_SMI,GPU_4,2456.8,135.0,100.0
1781680088.66,ROCM_SMI,GPU_1,2456.8,132.0,100.0
1781680088.66,ROCM_SMI,GPU_2,2456.8,136.0,100.0
1781680088.66,ROCM_SMI,GPU_3,2456.8,137.0,100.0
1781680088.66,ROCM_SMI,GPU_4,2456.8,134.0,100.0
1781680090.85,ROCM_SMI,GPU_1,2456.8,133.0,100.0
1781680090.85,ROCM_SMI,GPU_2,2456.8,136.0,100.0
1781680090.85,ROCM_SMI,GPU_3,2456.8,138.0,100.0
1781680090.85,ROCM_SMI,GPU_4,2456.8,134.0,100.0
1781680093.04,ROCM_SMI,GPU_1,2456.8,130.0,100.0
1781680093.04,ROCM_SMI,GPU_2,2456.8,133.0,100.0
1781680093.04,ROCM_SMI,GPU_3,2456.8,133.0,100.0
1781680093.04,ROCM_SMI,GPU_4,2456.8,133.0,100.0
1781680095.23,ROCM_SMI,GPU_1,2456.8,127.0,100.0
1781680095.23,ROCM_SMI,GPU_2,2456.8,130.0,100.0
1781680095.23,ROCM_SMI,GPU_3,2456.8,131.0,100.0
1781680095.23,ROCM_SMI,GPU_4,2456.8,128.0,100.0
1781680097.42,ROCM_SMI,GPU_1,2456.8,128.0,100.0
1781680097.42,ROCM_SMI,GPU_2,2456.8,132.0,100.0
1781680097.42,ROCM_SMI,GPU_3,2456.8,132.0,100.0
1781680097.42,ROCM_SMI,GPU_4,2456.8,128.0,100.0
1781680099.62,ROCM_SMI,GPU_1,2456.8,128.0,100.0
1781680099.62,ROCM_SMI,GPU_2,2456.8,130.0,100.0
1781680099.62,ROCM_SMI,GPU_3,2456.8,132.0,100.0
1781680099.62,ROCM_SMI,GPU_4,2456.8,128.0,100.0
1781680101.81,ROCM_SMI,GPU_1,2456.8,127.0,100.0
1781680101.81,ROCM_SMI,GPU_2,2456.8,131.0,100.0
1781680101.81,ROCM_SMI,GPU_3,2456.8,132.0,100.0
1781680101.81,ROCM_SMI,GPU_4,2456.8,129.0,100.0
1781680104.00,ROCM_SMI,GPU_1,2456.8,128.0,100.0
1781680104.00,ROCM_SMI,GPU_2,2456.8,132.0,100.0
1781680104.00,ROCM_SMI,GPU_3,2456.8,133.0,100.0
1781680104.00,ROCM_SMI,GPU_4,2456.8,128.0,100.0
1781680106.19,ROCM_SMI,GPU_1,2456.8,127.0,100.0
1781680106.19,ROCM_SMI,GPU_2,2456.8,130.0,100.0
1781680106.19,ROCM_SMI,GPU_3,2456.8,131.0,100.0
1781680106.19,ROCM_SMI,GPU_4,2456.8,127.0,100.0
1781680108.39,ROCM_SMI,GPU_1,2456.8,126.0,100.0
1781680108.39,ROCM_SMI,GPU_2,2456.8,130.0,100.0
1781680108.39,ROCM_SMI,GPU_3,2456.8,131.0,100.0
1781680108.39,ROCM_SMI,GPU_4,2456.8,128.0,75.0
1781680110.58,ROCM_SMI,GPU_1,2456.8,126.0,91.0
1781680110.58,ROCM_SMI,GPU_2,2456.8,129.0,97.0
1781680110.58,ROCM_SMI,GPU_3,2456.8,131.0,100.0
1781680110.58,ROCM_SMI,GPU_4,2456.8,130.0,100.0
1781680112.77,ROCM_SMI,GPU_1,2456.8,127.0,100.0
1781680112.77,ROCM_SMI,GPU_2,2456.8,135.0,100.0
1781680112.77,ROCM_SMI,GPU_3,2456.8,137.0,100.0
1781680112.77,ROCM_SMI,GPU_4,2456.8,134.0,100.0
1781680114.97,ROCM_SMI,GPU_1,2456.8,171.0,100.0
1781680114.97,ROCM_SMI,GPU_2,2456.8,161.0,100.0
1781680114.97,ROCM_SMI,GPU_3,2456.8,140.0,100.0
1781680114.97,ROCM_SMI,GPU_4,2456.8,125.0,100.0
1781680117.16,ROCM_SMI,GPU_1,2456.8,133.0,100.0
1781680117.16,ROCM_SMI,GPU_2,2456.8,138.0,100.0
1781680117.16,ROCM_SMI,GPU_3,2456.8,138.0,100.0
1781680117.16,ROCM_SMI,GPU_4,2456.8,134.0,100.0
1781680119.35,ROCM_SMI,GPU_1,2456.8,129.0,100.0
1781680119.35,ROCM_SMI,GPU_2,2456.8,132.0,100.0
1781680119.35,ROCM_SMI,GPU_3,2456.8,133.0,100.0
1781680119.35,ROCM_SMI,GPU_4,2456.8,129.0,100.0
1781680121.54,ROCM_SMI,GPU_1,2456.8,127.0,100.0
1781680121.54,ROCM_SMI,GPU_2,2456.8,131.0,100.0
1781680121.54,ROCM_SMI,GPU_3,2456.8,133.0,100.0
1781680121.54,ROCM_SMI,GPU_4,2456.8,128.0,100.0
1781680123.73,ROCM_SMI,GPU_1,2456.8,127.0,100.0
1781680123.73,ROCM_SMI,GPU_2,2456.8,131.0,100.0
1781680123.73,ROCM_SMI,GPU_3,2456.8,131.0,100.0
1781680123.73,ROCM_SMI,GPU_4,2456.8,128.0,100.0
1781680125.93,ROCM_SMI,GPU_1,2456.8,127.0,100.0
1781680125.93,ROCM_SMI,GPU_2,2456.8,131.0,100.0
1781680125.93,ROCM_SMI,GPU_3,2456.8,133.0,100.0
1781680125.93,ROCM_SMI,GPU_4,2456.8,127.0,100.0
1781680128.12,ROCM_SMI,GPU_1,2456.8,123.0,100.0
1781680128.12,ROCM_SMI,GPU_2,2456.8,126.0,100.0
1781680128.12,ROCM_SMI,GPU_3,2456.8,130.0,100.0
1781680128.12,ROCM_SMI,GPU_4,2456.8,126.0,100.0
1781680130.31,ROCM_SMI,GPU_1,2456.8,127.0,100.0
1781680130.31,ROCM_SMI,GPU_2,2456.8,131.0,100.0
1781680130.31,ROCM_SMI,GPU_3,2456.8,132.0,100.0
1781680130.31,ROCM_SMI,GPU_4,2456.8,127.0,100.0
1781680132.50,ROCM_SMI,GPU_1,2456.8,127.0,100.0
1781680132.50,ROCM_SMI,GPU_2,2456.8,131.0,100.0
1781680132.50,ROCM_SMI,GPU_3,2456.8,132.0,100.0
1781680132.50,ROCM_SMI,GPU_4,2456.8,129.0,100.0
1781680134.70,ROCM_SMI,GPU_1,2456.8,126.0,100.0
1781680134.70,ROCM_SMI,GPU_2,2456.8,130.0,100.0
1781680134.70,ROCM_SMI,GPU_3,2456.8,130.0,77.0
1781680134.70,ROCM_SMI,GPU_4,2456.8,126.0,100.0
1781680136.89,ROCM_SMI,GPU_1,2456.8,128.0,100.0
1781680136.89,ROCM_SMI,GPU_2,2456.8,135.0,100.0
1781680136.89,ROCM_SMI,GPU_3,2456.8,136.0,100.0
1781680136.89,ROCM_SMI,GPU_4,2456.8,132.0,100.0
1781680139.09,ROCM_SMI,GPU_1,2456.8,132.0,100.0
1781680139.09,ROCM_SMI,GPU_2,2456.8,136.0,100.0
1781680139.09,ROCM_SMI,GPU_3,2456.8,137.0,100.0
1781680139.09,ROCM_SMI,GPU_4,2456.8,133.0,100.0
1781680141.28,ROCM_SMI,GPU_1,2456.8,129.0,100.0
1781680141.28,ROCM_SMI,GPU_2,2456.8,133.0,100.0
1781680141.28,ROCM_SMI,GPU_3,2456.8,132.0,100.0
1781680141.28,ROCM_SMI,GPU_4,2456.8,129.0,100.0
1781680143.47,ROCM_SMI,GPU_1,2456.8,128.0,100.0
1781680143.47,ROCM_SMI,GPU_2,2456.8,132.0,100.0
1781680143.47,ROCM_SMI,GPU_3,2456.8,131.0,100.0
1781680143.47,ROCM_SMI,GPU_4,2456.8,129.0,100.0
1781680145.66,ROCM_SMI,GPU_1,2456.8,127.0,100.0
1781680145.66,ROCM_SMI,GPU_2,2456.8,131.0,100.0
1781680145.66,ROCM_SMI,GPU_3,2456.8,131.0,100.0
1781680145.66,ROCM_SMI,GPU_4,2456.8,129.0,100.0
1781680147.86,ROCM_SMI,GPU_1,2456.8,128.0,100.0
1781680147.86,ROCM_SMI,GPU_2,2456.8,132.0,100.0
1781680147.86,ROCM_SMI,GPU_3,2456.8,132.0,100.0
1781680147.86,ROCM_SMI,GPU_4,2456.8,129.0,100.0
1781680150.05,ROCM_SMI,GPU_1,2456.8,127.0,100.0
1781680150.05,ROCM_SMI,GPU_2,2456.8,131.0,100.0
1781680150.05,ROCM_SMI,GPU_3,2456.8,132.0,100.0
1781680150.05,ROCM_SMI,GPU_4,2456.8,130.0,100.0
1781680152.24,ROCM_SMI,GPU_1,2456.8,128.0,100.0
1781680152.24,ROCM_SMI,GPU_2,2456.8,131.0,100.0
1781680152.24,ROCM_SMI,GPU_3,2456.8,132.0,100.0
1781680152.24,ROCM_SMI,GPU_4,2456.8,129.0,100.0
1781680154.43,ROCM_SMI,GPU_1,2456.8,128.0,100.0
1781680154.43,ROCM_SMI,GPU_2,2456.8,133.0,100.0
1781680154.43,ROCM_SMI,GPU_3,2456.8,133.0,100.0
1781680154.43,ROCM_SMI,GPU_4,2456.8,130.0,100.0
1781680156.62,ROCM_SMI,GPU_1,2456.8,128.0,100.0
1781680156.62,ROCM_SMI,GPU_2,2456.8,131.0,100.0
1781680156.62,ROCM_SMI,GPU_3,2456.8,130.0,100.0
1781680156.62,ROCM_SMI,GPU_4,2456.8,127.0,100.0
1781680158.81,ROCM_SMI,GPU_1,2456.8,127.0,100.0
1781680158.81,ROCM_SMI,GPU_2,2456.8,129.0,74.0
1781680158.81,ROCM_SMI,GPU_3,2456.8,131.0,100.0
1781680158.81,ROCM_SMI,GPU_4,2456.8,128.0,100.0
1781680161.00,ROCM_SMI,GPU_1,2456.8,127.0,100.0
1781680161.00,ROCM_SMI,GPU_2,2456.8,130.0,100.0
1781680161.00,ROCM_SMI,GPU_3,2456.8,135.0,100.0
1781680161.00,ROCM_SMI,GPU_4,2456.8,132.0,100.0
1781680163.20,ROCM_SMI,GPU_1,2456.8,133.0,100.0
1781680163.20,ROCM_SMI,GPU_2,2456.8,136.0,100.0
1781680163.20,ROCM_SMI,GPU_3,2456.8,138.0,100.0
1781680163.20,ROCM_SMI,GPU_4,2456.8,133.0,100.0
1781680165.39,ROCM_SMI,GPU_1,2456.8,132.0,100.0
1781680165.39,ROCM_SMI,GPU_2,2456.8,136.0,100.0
1781680165.39,ROCM_SMI,GPU_3,2456.8,137.0,100.0
1781680165.39,ROCM_SMI,GPU_4,2456.8,133.0,100.0
1781680167.58,ROCM_SMI,GPU_1,2456.8,133.0,100.0
1781680167.58,ROCM_SMI,GPU_2,2456.8,137.0,100.0
1781680167.58,ROCM_SMI,GPU_3,2456.8,138.0,100.0
1781680167.58,ROCM_SMI,GPU_4,2456.8,134.0,100.0
1781680169.78,ROCM_SMI,GPU_1,2456.8,130.0,100.0
1781680169.78,ROCM_SMI,GPU_2,2456.8,132.0,100.0
1781680169.78,ROCM_SMI,GPU_3,2456.8,134.0,100.0
1781680169.78,ROCM_SMI,GPU_4,2456.8,129.0,100.0
1781680171.97,ROCM_SMI,GPU_1,2456.8,128.0,100.0
1781680171.97,ROCM_SMI,GPU_2,2456.8,130.0,100.0
1781680171.97,ROCM_SMI,GPU_3,2456.8,132.0,100.0
1781680171.97,ROCM_SMI,GPU_4,2456.8,129.0,100.0
1781680174.16,ROCM_SMI,GPU_1,2456.8,128.0,100.0
1781680174.16,ROCM_SMI,GPU_2,2456.8,132.0,100.0
1781680174.16,ROCM_SMI,GPU_3,2456.8,131.0,100.0
1781680174.16,ROCM_SMI,GPU_4,2456.8,129.0,100.0
1781680176.36,ROCM_SMI,GPU_1,2456.8,128.0,100.0
1781680176.36,ROCM_SMI,GPU_2,2456.8,130.0,100.0
1781680176.36,ROCM_SMI,GPU_3,2456.8,131.0,100.0
1781680176.36,ROCM_SMI,GPU_4,2456.8,128.0,100.0
1781680178.55,ROCM_SMI,GPU_1,2456.8,127.0,100.0
1781680178.55,ROCM_SMI,GPU_2,2456.8,131.0,100.0
1781680178.55,ROCM_SMI,GPU_3,2456.8,132.0,100.0
1781680178.55,ROCM_SMI,GPU_4,2456.8,128.0,100.0
1781680180.74,ROCM_SMI,GPU_1,2456.8,127.0,100.0
1781680180.74,ROCM_SMI,GPU_2,2456.8,130.0,100.0
1781680180.74,ROCM_SMI,GPU_3,2456.8,131.0,100.0
1781680180.74,ROCM_SMI,GPU_4,2456.8,126.0,100.0
1781680182.94,ROCM_SMI,GPU_1,2456.8,113.0,100.0
1781680182.94,ROCM_SMI,GPU_2,2456.8,124.0,86.0
1781680182.94,ROCM_SMI,GPU_3,2456.8,113.0,100.0
1781680182.94,ROCM_SMI,GPU_4,2456.8,145.0,100.0
1781680185.13,ROCM_SMI,GPU_1,2456.8,128.0,100.0
1781680185.13,ROCM_SMI,GPU_2,2456.8,135.0,100.0
1781680185.13,ROCM_SMI,GPU_3,2456.8,137.0,100.0
1781680185.13,ROCM_SMI,GPU_4,2456.8,134.0,100.0
1781680187.33,ROCM_SMI,GPU_1,2456.8,132.0,100.0
1781680187.33,ROCM_SMI,GPU_2,2456.8,136.0,100.0
1781680187.33,ROCM_SMI,GPU_3,2456.8,136.0,100.0
1781680187.33,ROCM_SMI,GPU_4,2456.8,134.0,100.0
1781680189.52,ROCM_SMI,GPU_1,2456.8,133.0,100.0
1781680189.52,ROCM_SMI,GPU_2,2456.8,137.0,100.0
1781680189.52,ROCM_SMI,GPU_3,2456.8,137.0,100.0
1781680189.52,ROCM_SMI,GPU_4,2456.8,135.0,100.0
1781680191.71,ROCM_SMI,GPU_1,2456.8,133.0,100.0
1781680191.71,ROCM_SMI,GPU_2,2456.8,135.0,100.0
1781680191.71,ROCM_SMI,GPU_3,2456.8,135.0,100.0
1781680191.71,ROCM_SMI,GPU_4,2456.8,130.0,100.0
1781680193.90,ROCM_SMI,GPU_1,2456.8,127.0,100.0
1781680193.90,ROCM_SMI,GPU_2,2456.8,131.0,100.0
1781680193.90,ROCM_SMI,GPU_3,2456.8,131.0,100.0
1781680193.90,ROCM_SMI,GPU_4,2456.8,128.0,100.0
1781680196.10,ROCM_SMI,GPU_1,2456.8,135.0,100.0
1781680196.10,ROCM_SMI,GPU_2,2456.8,134.0,100.0
1781680196.10,ROCM_SMI,GPU_3,2456.8,128.0,100.0
1781680196.10,ROCM_SMI,GPU_4,2456.8,122.0,100.0
1781680198.29,ROCM_SMI,GPU_1,2456.8,128.0,100.0
1781680198.29,ROCM_SMI,GPU_2,2456.8,130.0,100.0
1781680198.29,ROCM_SMI,GPU_3,2456.8,132.0,100.0
1781680198.29,ROCM_SMI,GPU_4,2456.8,130.0,100.0
1781680200.48,ROCM_SMI,GPU_1,2456.8,127.0,100.0
1781680200.48,ROCM_SMI,GPU_2,2456.8,131.0,100.0
1781680200.48,ROCM_SMI,GPU_3,2456.8,131.0,100.0
1781680200.48,ROCM_SMI,GPU_4,2456.8,128.0,100.0
1781680202.67,ROCM_SMI,GPU_1,2456.8,127.0,100.0
1781680202.67,ROCM_SMI,GPU_2,2456.8,130.0,100.0
1781680202.67,ROCM_SMI,GPU_3,2456.8,131.0,100.0
1781680202.67,ROCM_SMI,GPU_4,2456.8,129.0,100.0
1781680204.86,ROCM_SMI,GPU_1,2456.8,127.0,100.0
1781680204.86,ROCM_SMI,GPU_2,2456.8,129.0,100.0
1781680204.86,ROCM_SMI,GPU_3,2456.8,132.0,100.0
1781680204.86,ROCM_SMI,GPU_4,2456.8,128.0,100.0
1781680207.06,ROCM_SMI,GPU_1,2456.8,126.0,100.0
1781680207.06,ROCM_SMI,GPU_2,2456.8,131.0,100.0
1781680207.06,ROCM_SMI,GPU_3,2456.8,131.0,80.0
1781680207.06,ROCM_SMI,GPU_4,2456.8,126.0,100.0
1781680209.25,ROCM_SMI,GPU_1,2456.8,121.0,100.0
1781680209.25,ROCM_SMI,GPU_2,2456.8,126.0,100.0
1781680209.25,ROCM_SMI,GPU_3,2456.8,131.0,100.0
1781680209.25,ROCM_SMI,GPU_4,2456.8,133.0,100.0
1781680211.44,ROCM_SMI,GPU_1,2456.8,132.0,100.0
1781680211.44,ROCM_SMI,GPU_2,2456.8,136.0,100.0
1781680211.44,ROCM_SMI,GPU_3,2456.8,137.0,100.0
1781680211.44,ROCM_SMI,GPU_4,2456.8,133.0,100.0
1781680213.63,ROCM_SMI,GPU_1,2456.8,132.0,100.0
1781680213.63,ROCM_SMI,GPU_2,2456.8,135.0,100.0
1781680213.63,ROCM_SMI,GPU_3,2456.8,139.0,100.0
1781680213.63,ROCM_SMI,GPU_4,2456.8,133.0,100.0
1781680215.82,ROCM_SMI,GPU_1,2456.8,132.0,100.0
1781680215.82,ROCM_SMI,GPU_2,2456.8,136.0,100.0
1781680215.82,ROCM_SMI,GPU_3,2456.8,137.0,100.0
1781680215.82,ROCM_SMI,GPU_4,2456.8,133.0,100.0
1781680218.01,ROCM_SMI,GPU_1,2456.8,128.0,100.0
1781680218.01,ROCM_SMI,GPU_2,2456.8,131.0,100.0
1781680218.01,ROCM_SMI,GPU_3,2456.8,132.0,100.0
1781680218.01,ROCM_SMI,GPU_4,2456.8,129.0,100.0
1781680220.20,ROCM_SMI,GPU_1,2456.8,127.0,100.0
1781680220.20,ROCM_SMI,GPU_2,2456.8,132.0,100.0
1781680220.20,ROCM_SMI,GPU_3,2456.8,133.0,100.0
1781680220.20,ROCM_SMI,GPU_4,2456.8,128.0,100.0
1781680222.39,ROCM_SMI,GPU_1,2456.8,129.0,100.0
1781680222.39,ROCM_SMI,GPU_2,2456.8,131.0,100.0
1781680222.39,ROCM_SMI,GPU_3,2456.8,134.0,100.0
1781680222.39,ROCM_SMI,GPU_4,2456.8,129.0,100.0
1781680224.59,ROCM_SMI,GPU_1,2456.8,127.0,100.0
1781680224.59,ROCM_SMI,GPU_2,2456.8,131.0,100.0
1781680224.59,ROCM_SMI,GPU_3,2456.8,131.0,100.0
1781680224.59,ROCM_SMI,GPU_4,2456.8,129.0,100.0
1781680226.78,ROCM_SMI,GPU_1,2456.8,128.0,100.0
1781680226.78,ROCM_SMI,GPU_2,2456.8,131.0,100.0
1781680226.78,ROCM_SMI,GPU_3,2456.8,132.0,100.0
1781680226.78,ROCM_SMI,GPU_4,2456.8,129.0,100.0
1781680228.97,ROCM_SMI,GPU_1,2456.8,128.0,100.0
1781680228.97,ROCM_SMI,GPU_2,2456.8,131.0,100.0
1781680228.97,ROCM_SMI,GPU_3,2456.8,131.0,100.0
1781680228.97,ROCM_SMI,GPU_4,2456.8,128.0,100.0
1781680231.16,ROCM_SMI,GPU_1,2456.8,128.0,100.0
1781680231.16,ROCM_SMI,GPU_2,2456.8,131.0,100.0
1781680231.16,ROCM_SMI,GPU_3,2456.8,131.0,100.0
1781680231.16,ROCM_SMI,GPU_4,2456.8,129.0,100.0
1781680233.35,ROCM_SMI,GPU_1,2456.8,127.0,100.0
1781680233.35,ROCM_SMI,GPU_2,2456.8,130.0,100.0
1781680233.35,ROCM_SMI,GPU_3,2456.8,131.0,100.0
1781680233.35,ROCM_SMI,GPU_4,2456.8,127.0,100.0
1781680235.55,ROCM_SMI,GPU_1,2456.8,122.0,90.0
1781680235.55,ROCM_SMI,GPU_2,2456.8,123.0,88.0
1781680235.55,ROCM_SMI,GPU_3,2456.8,127.0,100.0
1781680235.55,ROCM_SMI,GPU_4,2456.8,135.0,100.0
1781680237.74,ROCM_SMI,GPU_1,2456.8,129.0,100.0
1781680237.74,ROCM_SMI,GPU_2,2456.8,136.0,100.0
1781680237.74,ROCM_SMI,GPU_3,2456.8,137.0,100.0
1781680237.74,ROCM_SMI,GPU_4,2456.8,133.0,100.0
1781680239.94,ROCM_SMI,GPU_1,2456.8,133.0,100.0
1781680239.94,ROCM_SMI,GPU_2,2456.8,137.0,100.0
1781680239.94,ROCM_SMI,GPU_3,2456.8,138.0,100.0
1781680239.94,ROCM_SMI,GPU_4,2456.8,134.0,100.0
1781680242.13,ROCM_SMI,GPU_1,2456.8,134.0,100.0
1781680242.13,ROCM_SMI,GPU_2,2456.8,137.0,100.0
1781680242.13,ROCM_SMI,GPU_3,2456.8,138.0,100.0
1781680242.13,ROCM_SMI,GPU_4,2456.8,134.0,100.0
1781680244.32,ROCM_SMI,GPU_1,2456.8,128.0,100.0
1781680244.32,ROCM_SMI,GPU_2,2456.8,131.0,100.0
1781680244.32,ROCM_SMI,GPU_3,2456.8,133.0,100.0
1781680244.32,ROCM_SMI,GPU_4,2456.8,128.0,100.0
1781680246.51,ROCM_SMI,GPU_1,2456.8,129.0,100.0
1781680246.51,ROCM_SMI,GPU_2,2456.8,131.0,100.0
1781680246.51,ROCM_SMI,GPU_3,2456.8,132.0,100.0
1781680246.51,ROCM_SMI,GPU_4,2456.8,128.0,100.0
1781680248.70,ROCM_SMI,GPU_1,2456.8,127.0,100.0
1781680248.70,ROCM_SMI,GPU_2,2456.8,132.0,100.0
1781680248.70,ROCM_SMI,GPU_3,2456.8,133.0,100.0
1781680248.70,ROCM_SMI,GPU_4,2456.8,129.0,100.0
1781680250.90,ROCM_SMI,GPU_1,2456.8,122.0,100.0
1781680250.90,ROCM_SMI,GPU_2,2456.8,126.0,100.0
1781680250.90,ROCM_SMI,GPU_3,2456.8,126.0,100.0
1781680250.90,ROCM_SMI,GPU_4,2456.8,127.0,100.0
1781680253.09,ROCM_SMI,GPU_1,2456.8,128.0,100.0
1781680253.09,ROCM_SMI,GPU_2,2456.8,131.0,100.0
1781680253.09,ROCM_SMI,GPU_3,2456.8,133.0,100.0
1781680253.09,ROCM_SMI,GPU_4,2456.8,127.0,100.0
1781680255.28,ROCM_SMI,GPU_1,2456.8,128.0,100.0
1781680255.28,ROCM_SMI,GPU_2,2456.8,132.0,100.0
1781680255.28,ROCM_SMI,GPU_3,2456.8,132.0,100.0
1781680255.28,ROCM_SMI,GPU_4,2456.8,127.0,100.0
1781680257.48,ROCM_SMI,GPU_1,2456.8,128.0,100.0
1781680257.48,ROCM_SMI,GPU_2,2456.8,131.0,100.0
1781680257.48,ROCM_SMI,GPU_3,2456.8,131.0,100.0
1781680257.48,ROCM_SMI,GPU_4,2456.8,126.0,74.0
1781680259.67,ROCM_SMI,GPU_1,2456.8,121.0,100.0
1781680259.67,ROCM_SMI,GPU_2,2456.8,125.0,100.0
1781680259.67,ROCM_SMI,GPU_3,2456.8,134.0,100.0
1781680259.67,ROCM_SMI,GPU_4,2456.8,131.0,100.0
1781680261.87,ROCM_SMI,GPU_1,2456.8,132.0,100.0
1781680261.87,ROCM_SMI,GPU_2,2456.8,136.0,100.0
1781680261.87,ROCM_SMI,GPU_3,2456.8,138.0,100.0
1781680261.87,ROCM_SMI,GPU_4,2456.8,133.0,100.0
1781680264.06,ROCM_SMI,GPU_1,2456.8,131.0,100.0
1781680264.06,ROCM_SMI,GPU_2,2456.8,134.0,100.0
1781680264.06,ROCM_SMI,GPU_3,2456.8,136.0,100.0
1781680264.06,ROCM_SMI,GPU_4,2456.8,131.0,100.0
1781680266.25,ROCM_SMI,GPU_1,2456.8,133.0,100.0
1781680266.25,ROCM_SMI,GPU_2,2456.8,135.0,100.0
1781680266.25,ROCM_SMI,GPU_3,2456.8,135.0,100.0
1781680266.25,ROCM_SMI,GPU_4,2456.8,132.0,100.0
1781680268.45,ROCM_SMI,GPU_1,2456.8,128.0,100.0
1781680268.45,ROCM_SMI,GPU_2,2456.8,131.0,100.0
1781680268.45,ROCM_SMI,GPU_3,2456.8,132.0,100.0
1781680268.45,ROCM_SMI,GPU_4,2456.8,128.0,100.0
1781680270.64,ROCM_SMI,GPU_1,2456.8,128.0,100.0
1781680270.64,ROCM_SMI,GPU_2,2456.8,131.0,100.0
1781680270.64,ROCM_SMI,GPU_3,2456.8,132.0,100.0
1781680270.64,ROCM_SMI,GPU_4,2456.8,129.0,100.0
1781680272.83,ROCM_SMI,GPU_1,2456.8,128.0,100.0
1781680272.83,ROCM_SMI,GPU_2,2456.8,132.0,100.0
1781680272.83,ROCM_SMI,GPU_3,2456.8,133.0,100.0
1781680272.83,ROCM_SMI,GPU_4,2456.8,129.0,100.0
1781680275.02,ROCM_SMI,GPU_1,2456.8,128.0,100.0
1781680275.02,ROCM_SMI,GPU_2,2456.8,131.0,100.0
1781680275.02,ROCM_SMI,GPU_3,2456.8,133.0,100.0
1781680275.02,ROCM_SMI,GPU_4,2456.8,128.0,100.0
1781680277.21,ROCM_SMI,GPU_1,2456.8,129.0,100.0
1781680277.21,ROCM_SMI,GPU_2,2456.8,131.0,100.0
1781680277.21,ROCM_SMI,GPU_3,2456.8,133.0,100.0
1781680277.21,ROCM_SMI,GPU_4,2456.8,130.0,100.0
1781680279.41,ROCM_SMI,GPU_1,2456.8,127.0,100.0
1781680279.41,ROCM_SMI,GPU_2,2456.8,132.0,100.0
1781680279.41,ROCM_SMI,GPU_3,2456.8,132.0,100.0
1781680279.41,ROCM_SMI,GPU_4,2456.8,127.0,100.0
1781680281.60,ROCM_SMI,GPU_1,2456.8,128.0,100.0
1781680281.60,ROCM_SMI,GPU_2,2456.8,131.0,100.0
1781680281.60,ROCM_SMI,GPU_3,2456.8,132.0,100.0
1781680281.60,ROCM_SMI,GPU_4,2456.8,128.0,100.0
1781680283.79,ROCM_SMI,GPU_1,2456.8,127.0,100.0
1781680283.79,ROCM_SMI,GPU_2,2456.8,130.0,92.0
1781680283.79,ROCM_SMI,GPU_3,2456.8,129.0,88.0
1781680283.79,ROCM_SMI,GPU_4,2456.8,128.0,100.0
1781680285.98,ROCM_SMI,GPU_1,2456.8,126.0,100.0
1781680285.98,ROCM_SMI,GPU_2,2456.8,131.0,100.0
1781680285.98,ROCM_SMI,GPU_3,2456.8,135.0,100.0
1781680285.98,ROCM_SMI,GPU_4,2456.8,133.0,100.0
1781680288.18,ROCM_SMI,GPU_1,2456.8,133.0,100.0
1781680288.18,ROCM_SMI,GPU_2,2456.8,136.0,100.0
1781680288.18,ROCM_SMI,GPU_3,2456.8,137.0,100.0
1781680288.18,ROCM_SMI,GPU_4,2456.8,133.0,100.0
1781680290.37,ROCM_SMI,GPU_1,2456.8,132.0,100.0
1781680290.37,ROCM_SMI,GPU_2,2456.8,137.0,100.0
1781680290.37,ROCM_SMI,GPU_3,2456.8,137.0,100.0
1781680290.37,ROCM_SMI,GPU_4,2456.8,133.0,100.0
1781680292.57,ROCM_SMI,GPU_1,2456.8,130.0,100.0
1781680292.57,ROCM_SMI,GPU_2,2456.8,136.0,100.0
1781680292.57,ROCM_SMI,GPU_3,2456.8,136.0,100.0
1781680292.57,ROCM_SMI,GPU_4,2456.8,133.0,100.0
1781680294.76,ROCM_SMI,GPU_1,2456.8,128.0,100.0
1781680294.76,ROCM_SMI,GPU_2,2456.8,132.0,100.0
1781680294.76,ROCM_SMI,GPU_3,2456.8,133.0,100.0
1781680294.76,ROCM_SMI,GPU_4,2456.8,129.0,100.0
1781680296.95,ROCM_SMI,GPU_1,2456.8,128.0,100.0
1781680296.95,ROCM_SMI,GPU_2,2456.8,132.0,100.0
1781680296.95,ROCM_SMI,GPU_3,2456.8,132.0,100.0
1781680296.95,ROCM_SMI,GPU_4,2456.8,128.0,100.0
1781680299.14,ROCM_SMI,GPU_1,2456.8,128.0,100.0
1781680299.14,ROCM_SMI,GPU_2,2456.8,132.0,100.0
1781680299.14,ROCM_SMI,GPU_3,2456.8,132.0,100.0
1781680299.14,ROCM_SMI,GPU_4,2456.8,127.0,100.0
1781680301.33,ROCM_SMI,GPU_1,2456.8,127.0,100.0
1781680301.33,ROCM_SMI,GPU_2,2456.8,131.0,100.0
1781680301.33,ROCM_SMI,GPU_3,2456.8,132.0,100.0
1781680301.33,ROCM_SMI,GPU_4,2456.8,128.0,100.0
1781680303.53,ROCM_SMI,GPU_1,2456.8,128.0,100.0
1781680303.53,ROCM_SMI,GPU_2,2456.8,132.0,100.0
1781680303.53,ROCM_SMI,GPU_3,2456.8,131.0,100.0
1781680303.53,ROCM_SMI,GPU_4,2456.8,128.0,100.0
1781680305.72,ROCM_SMI,GPU_1,2456.8,125.0,100.0
1781680305.72,ROCM_SMI,GPU_2,2456.8,125.0,100.0
1781680305.72,ROCM_SMI,GPU_3,2456.8,121.0,100.0
1781680305.72,ROCM_SMI,GPU_4,2456.8,118.0,100.0
1781680307.91,ROCM_SMI,GPU_1,2456.8,128.0,100.0
1781680307.91,ROCM_SMI,GPU_2,2456.8,130.0,100.0
1781680307.91,ROCM_SMI,GPU_3,2456.8,130.0,100.0
1781680307.91,ROCM_SMI,GPU_4,2456.8,127.0,82.0
1781680310.10,ROCM_SMI,GPU_1,2456.8,126.0,100.0
1781680310.10,ROCM_SMI,GPU_2,2456.8,129.0,77.0
1781680310.10,ROCM_SMI,GPU_3,2456.8,131.0,100.0
1781680310.10,ROCM_SMI,GPU_4,2456.8,129.0,100.0
1781680312.30,ROCM_SMI,GPU_1,2456.8,128.0,100.0
1781680312.30,ROCM_SMI,GPU_2,2456.8,134.0,100.0
1781680312.30,ROCM_SMI,GPU_3,2456.8,137.0,100.0
1781680312.30,ROCM_SMI,GPU_4,2456.8,133.0,100.0
1781680314.49,ROCM_SMI,GPU_1,2456.8,133.0,100.0
1781680314.49,ROCM_SMI,GPU_2,2456.8,137.0,100.0
1781680314.49,ROCM_SMI,GPU_3,2456.8,138.0,100.0
1781680314.49,ROCM_SMI,GPU_4,2456.8,133.0,100.0
1781680316.69,ROCM_SMI,GPU_1,2456.8,133.0,100.0
1781680316.69,ROCM_SMI,GPU_2,2456.8,138.0,100.0
1781680316.69,ROCM_SMI,GPU_3,2456.8,137.0,100.0
1781680316.69,ROCM_SMI,GPU_4,2456.8,133.0,100.0
1781680318.88,ROCM_SMI,GPU_1,2456.8,133.0,100.0
1781680318.88,ROCM_SMI,GPU_2,2456.8,136.0,100.0
1781680318.88,ROCM_SMI,GPU_3,2456.8,137.0,100.0
1781680318.88,ROCM_SMI,GPU_4,2456.8,134.0,100.0
1781680321.07,ROCM_SMI,GPU_1,2456.8,128.0,100.0
1781680321.07,ROCM_SMI,GPU_2,2456.8,130.0,100.0
1781680321.07,ROCM_SMI,GPU_3,2456.8,131.0,100.0
1781680321.07,ROCM_SMI,GPU_4,2456.8,129.0,100.0
1781680323.27,ROCM_SMI,GPU_1,2456.8,127.0,100.0
1781680323.27,ROCM_SMI,GPU_2,2456.8,130.0,100.0
1781680323.27,ROCM_SMI,GPU_3,2456.8,132.0,100.0
1781680323.27,ROCM_SMI,GPU_4,2456.8,129.0,100.0
1781680325.46,ROCM_SMI,GPU_1,2456.8,132.0,100.0
1781680325.46,ROCM_SMI,GPU_2,2456.8,127.0,100.0
1781680325.46,ROCM_SMI,GPU_3,2456.8,126.0,100.0
1781680325.46,ROCM_SMI,GPU_4,2456.8,122.0,100.0
1781680327.65,ROCM_SMI,GPU_1,2456.8,127.0,100.0
1781680327.65,ROCM_SMI,GPU_2,2456.8,132.0,100.0
1781680327.65,ROCM_SMI,GPU_3,2456.8,132.0,100.0
1781680327.65,ROCM_SMI,GPU_4,2456.8,130.0,100.0
1781680329.84,ROCM_SMI,GPU_1,2456.8,128.0,100.0
1781680329.84,ROCM_SMI,GPU_2,2456.8,132.0,100.0
1781680329.84,ROCM_SMI,GPU_3,2456.8,132.0,100.0
1781680329.84,ROCM_SMI,GPU_4,2456.8,129.0,100.0
1781680332.04,ROCM_SMI,GPU_1,2456.8,128.0,100.0
1781680332.04,ROCM_SMI,GPU_2,2456.8,132.0,100.0
1781680332.04,ROCM_SMI,GPU_3,2456.8,133.0,100.0
1781680332.04,ROCM_SMI,GPU_4,2456.8,131.0,100.0
1781680334.23,ROCM_SMI,GPU_1,2456.8,127.0,100.0
1781680334.23,ROCM_SMI,GPU_2,2456.8,130.0,100.0
1781680334.23,ROCM_SMI,GPU_3,2456.8,132.0,85.0
1781680334.23,ROCM_SMI,GPU_4,2456.8,128.0,100.0
1781680336.43,ROCM_SMI,GPU_1,2456.8,129.0,100.0
1781680336.43,ROCM_SMI,GPU_2,2456.8,135.0,100.0
1781680336.43,ROCM_SMI,GPU_3,2456.8,135.0,100.0
1781680336.43,ROCM_SMI,GPU_4,2456.8,132.0,100.0
1781680338.62,ROCM_SMI,GPU_1,2456.8,133.0,100.0
1781680338.62,ROCM_SMI,GPU_2,2456.8,136.0,100.0
1781680338.62,ROCM_SMI,GPU_3,2456.8,138.0,100.0
1781680338.62,ROCM_SMI,GPU_4,2456.8,134.0,100.0
1781680340.81,ROCM_SMI,GPU_1,2456.8,133.0,100.0
1781680340.81,ROCM_SMI,GPU_2,2456.8,136.0,100.0
1781680340.81,ROCM_SMI,GPU_3,2456.8,138.0,100.0
1781680340.81,ROCM_SMI,GPU_4,2456.8,134.0,100.0
1781680343.00,ROCM_SMI,GPU_1,2456.8,133.0,100.0
1781680343.00,ROCM_SMI,GPU_2,2456.8,137.0,100.0
1781680343.00,ROCM_SMI,GPU_3,2456.8,137.0,100.0
1781680343.00,ROCM_SMI,GPU_4,2456.8,133.0,100.0
1781680345.19,ROCM_SMI,GPU_1,2456.8,129.0,100.0
1781680345.19,ROCM_SMI,GPU_2,2456.8,132.0,100.0
1781680345.19,ROCM_SMI,GPU_3,2456.8,134.0,100.0
1781680345.19,ROCM_SMI,GPU_4,2456.8,129.0,100.0
1781680347.39,ROCM_SMI,GPU_1,2456.8,128.0,100.0
1781680347.39,ROCM_SMI,GPU_2,2456.8,131.0,100.0
1781680347.39,ROCM_SMI,GPU_3,2456.8,132.0,100.0
1781680347.39,ROCM_SMI,GPU_4,2456.8,128.0,100.0
1781680349.58,ROCM_SMI,GPU_1,2456.8,127.0,100.0
1781680349.58,ROCM_SMI,GPU_2,2456.8,131.0,100.0
1781680349.58,ROCM_SMI,GPU_3,2456.8,132.0,100.0
1781680349.58,ROCM_SMI,GPU_4,2456.8,129.0,100.0
1781680351.78,ROCM_SMI,GPU_1,2456.8,128.0,100.0
1781680351.78,ROCM_SMI,GPU_2,2456.8,132.0,100.0
1781680351.78,ROCM_SMI,GPU_3,2456.8,132.0,100.0
1781680351.78,ROCM_SMI,GPU_4,2456.8,127.0,100.0
1781680353.97,ROCM_SMI,GPU_1,2456.8,127.0,100.0
1781680353.97,ROCM_SMI,GPU_2,2456.8,131.0,100.0
1781680353.97,ROCM_SMI,GPU_3,2456.8,132.0,100.0
1781680353.97,ROCM_SMI,GPU_4,2456.8,129.0,100.0
1781680356.16,ROCM_SMI,GPU_1,2456.8,128.0,100.0
1781680356.16,ROCM_SMI,GPU_2,2456.8,131.0,100.0
1781680356.16,ROCM_SMI,GPU_3,2456.8,132.0,100.0
1781680356.16,ROCM_SMI,GPU_4,2456.8,128.0,100.0
1781680358.35,ROCM_SMI,GPU_1,2456.8,128.0,100.0
1781680358.35,ROCM_SMI,GPU_2,2456.8,131.0,100.0
1781680358.35,ROCM_SMI,GPU_3,2456.8,131.0,100.0
1781680358.35,ROCM_SMI,GPU_4,2456.8,128.0,100.0
1781680360.55,ROCM_SMI,GPU_1,2456.8,127.0,100.0
1781680360.55,ROCM_SMI,GPU_2,2456.8,127.0,100.0
1781680360.55,ROCM_SMI,GPU_3,2456.8,110.0,78.0
1781680360.55,ROCM_SMI,GPU_4,2456.8,150.0,100.0
1781680362.74,ROCM_SMI,GPU_1,2456.8,125.0,100.0
1781680362.74,ROCM_SMI,GPU_2,2456.8,131.0,100.0
1781680362.74,ROCM_SMI,GPU_3,2456.8,135.0,100.0
1781680362.74,ROCM_SMI,GPU_4,2456.8,132.0,100.0
1781680364.93,ROCM_SMI,GPU_1,2456.8,131.0,100.0
1781680364.93,ROCM_SMI,GPU_2,2456.8,137.0,100.0
1781680364.93,ROCM_SMI,GPU_3,2456.8,136.0,100.0
1781680364.93,ROCM_SMI,GPU_4,2456.8,134.0,100.0
1781680367.12,ROCM_SMI,GPU_1,2456.8,132.0,100.0
1781680367.12,ROCM_SMI,GPU_2,2456.8,136.0,100.0
1781680367.12,ROCM_SMI,GPU_3,2456.8,137.0,100.0
1781680367.12,ROCM_SMI,GPU_4,2456.8,134.0,100.0
1781680369.32,ROCM_SMI,GPU_1,2456.8,134.0,100.0
1781680369.32,ROCM_SMI,GPU_2,2456.8,138.0,100.0
1781680369.32,ROCM_SMI,GPU_3,2456.8,138.0,100.0
1781680369.32,ROCM_SMI,GPU_4,2456.8,133.0,100.0
1781680371.51,ROCM_SMI,GPU_1,2456.8,130.0,100.0
1781680371.51,ROCM_SMI,GPU_2,2456.8,133.0,100.0
1781680371.51,ROCM_SMI,GPU_3,2456.8,133.0,100.0
1781680371.51,ROCM_SMI,GPU_4,2456.8,128.0,100.0
1781680373.71,ROCM_SMI,GPU_1,2456.8,138.0,100.0
1781680373.71,ROCM_SMI,GPU_2,2456.8,144.0,100.0
1781680373.71,ROCM_SMI,GPU_3,2456.8,145.0,100.0
1781680373.71,ROCM_SMI,GPU_4,2456.8,139.0,100.0
1781680375.90,ROCM_SMI,GPU_1,2456.8,127.0,100.0
1781680375.90,ROCM_SMI,GPU_2,2456.8,131.0,100.0
1781680375.90,ROCM_SMI,GPU_3,2456.8,131.0,100.0
1781680375.90,ROCM_SMI,GPU_4,2456.8,129.0,100.0
1781680378.09,ROCM_SMI,GPU_1,2456.8,127.0,100.0
1781680378.09,ROCM_SMI,GPU_2,2456.8,131.0,100.0
1781680378.09,ROCM_SMI,GPU_3,2456.8,131.0,100.0
1781680378.09,ROCM_SMI,GPU_4,2456.8,128.0,100.0
1781680380.29,ROCM_SMI,GPU_1,2456.8,128.0,100.0
1781680380.29,ROCM_SMI,GPU_2,2456.8,131.0,100.0
1781680380.29,ROCM_SMI,GPU_3,2456.8,132.0,100.0
1781680380.29,ROCM_SMI,GPU_4,2456.8,130.0,100.0
1781680382.48,ROCM_SMI,GPU_1,2456.8,128.0,100.0
1781680382.48,ROCM_SMI,GPU_2,2456.8,131.0,100.0
1781680382.48,ROCM_SMI,GPU_3,2456.8,132.0,100.0
1781680382.48,ROCM_SMI,GPU_4,2456.8,128.0,100.0
1781680384.67,ROCM_SMI,GPU_1,2456.8,126.0,100.0
1781680384.67,ROCM_SMI,GPU_2,2456.8,131.0,100.0
1781680384.67,ROCM_SMI,GPU_3,2456.8,131.0,100.0
1781680384.67,ROCM_SMI,GPU_4,2456.8,128.0,100.0
1781680386.86,ROCM_SMI,GPU_1,2456.8,130.0,100.0
1781680386.86,ROCM_SMI,GPU_2,2456.8,134.0,100.0
1781680386.86,ROCM_SMI,GPU_3,2456.8,137.0,100.0
1781680386.86,ROCM_SMI,GPU_4,2456.8,132.0,100.0
1781680389.06,ROCM_SMI,GPU_1,2456.8,127.0,100.0
1781680389.06,ROCM_SMI,GPU_2,2456.8,131.0,100.0
1781680389.06,ROCM_SMI,GPU_3,2456.8,131.0,100.0
1781680389.06,ROCM_SMI,GPU_4,2456.8,128.0,100.0
1781680391.25,ROCM_SMI,GPU_1,2456.8,126.0,100.0
1781680391.25,ROCM_SMI,GPU_2,2456.8,130.0,93.0
1781680391.25,ROCM_SMI,GPU_3,2456.8,130.0,100.0
1781680391.25,ROCM_SMI,GPU_4,2456.8,128.0,100.0
1781680393.44,ROCM_SMI,GPU_1,2456.8,126.0,97.0
1781680393.44,ROCM_SMI,GPU_2,2456.8,130.0,100.0
1781680393.44,ROCM_SMI,GPU_3,2456.8,134.0,100.0
1781680393.44,ROCM_SMI,GPU_4,2456.8,132.0,100.0
1781680395.63,ROCM_SMI,GPU_1,2456.8,128.0,100.0
1781680395.63,ROCM_SMI,GPU_2,2456.8,134.0,100.0
1781680395.63,ROCM_SMI,GPU_3,2456.8,136.0,100.0
1781680395.63,ROCM_SMI,GPU_4,2456.8,134.0,100.0
1781680397.83,ROCM_SMI,GPU_1,2456.8,132.0,100.0
1781680397.83,ROCM_SMI,GPU_2,2456.8,137.0,100.0
1781680397.83,ROCM_SMI,GPU_3,2456.8,137.0,100.0
1781680397.83,ROCM_SMI,GPU_4,2456.8,134.0,100.0
1781680400.02,ROCM_SMI,GPU_1,2456.8,133.0,100.0
1781680400.02,ROCM_SMI,GPU_2,2456.8,136.0,100.0
1781680400.02,ROCM_SMI,GPU_3,2456.8,137.0,100.0
1781680400.02,ROCM_SMI,GPU_4,2456.8,135.0,100.0
1781680402.21,ROCM_SMI,GPU_1,2456.8,131.0,100.0
1781680402.21,ROCM_SMI,GPU_2,2456.8,135.0,100.0
1781680402.21,ROCM_SMI,GPU_3,2456.8,134.0,100.0
1781680402.21,ROCM_SMI,GPU_4,2456.8,132.0,100.0
1781680404.40,ROCM_SMI,GPU_1,2456.8,127.0,100.0
1781680404.40,ROCM_SMI,GPU_2,2456.8,132.0,100.0
1781680404.40,ROCM_SMI,GPU_3,2456.8,133.0,100.0
1781680404.40,ROCM_SMI,GPU_4,2456.8,129.0,100.0
1781680406.60,ROCM_SMI,GPU_1,2456.8,127.0,100.0
1781680406.60,ROCM_SMI,GPU_2,2456.8,132.0,100.0
1781680406.60,ROCM_SMI,GPU_3,2456.8,132.0,100.0
1781680406.60,ROCM_SMI,GPU_4,2456.8,128.0,100.0
1781680408.79,ROCM_SMI,GPU_1,2456.8,127.0,100.0
1781680408.79,ROCM_SMI,GPU_2,2456.8,131.0,100.0
1781680408.79,ROCM_SMI,GPU_3,2456.8,132.0,100.0
1781680408.79,ROCM_SMI,GPU_4,2456.8,128.0,100.0
1781680410.98,ROCM_SMI,GPU_1,2456.8,127.0,100.0
1781680410.98,ROCM_SMI,GPU_2,2456.8,131.0,100.0
1781680410.98,ROCM_SMI,GPU_3,2456.8,133.0,100.0
1781680410.98,ROCM_SMI,GPU_4,2456.8,128.0,100.0
1781680413.17,ROCM_SMI,GPU_1,2456.8,126.0,100.0
1781680413.17,ROCM_SMI,GPU_2,2456.8,132.0,100.0
1781680413.17,ROCM_SMI,GPU_3,2456.8,132.0,100.0
1781680413.17,ROCM_SMI,GPU_4,2456.8,128.0,100.0
1781680415.37,ROCM_SMI,GPU_1,2456.8,121.0,100.0
1781680415.37,ROCM_SMI,GPU_2,2456.8,119.0,100.0
1781680415.37,ROCM_SMI,GPU_3,2456.8,120.0,100.0
1781680415.37,ROCM_SMI,GPU_4,2456.8,120.0,100.0
1781680417.56,ROCM_SMI,GPU_1,2456.8,127.0,100.0
1781680417.56,ROCM_SMI,GPU_2,2456.8,130.0,100.0
1781680417.56,ROCM_SMI,GPU_3,2456.8,132.0,87.0
1781680417.56,ROCM_SMI,GPU_4,2456.8,127.0,100.0
1781680419.76,ROCM_SMI,GPU_1,2456.8,127.0,82.0
1781680419.76,ROCM_SMI,GPU_2,2456.8,130.0,100.0
1781680419.76,ROCM_SMI,GPU_3,2456.8,133.0,100.0
1781680419.76,ROCM_SMI,GPU_4,2456.8,132.0,100.0
1781680421.95,ROCM_SMI,GPU_1,2456.8,132.0,100.0
1781680421.95,ROCM_SMI,GPU_2,2456.8,136.0,100.0
1781680421.95,ROCM_SMI,GPU_3,2456.8,136.0,100.0
1781680421.95,ROCM_SMI,GPU_4,2456.8,133.0,100.0
1781680424.14,ROCM_SMI,GPU_1,2456.8,131.0,100.0
1781680424.14,ROCM_SMI,GPU_2,2456.8,136.0,100.0
1781680424.14,ROCM_SMI,GPU_3,2456.8,137.0,100.0
1781680424.14,ROCM_SMI,GPU_4,2456.8,132.0,100.0
1781680426.33,ROCM_SMI,GPU_1,2456.8,133.0,100.0
1781680426.33,ROCM_SMI,GPU_2,2456.8,137.0,100.0
1781680426.33,ROCM_SMI,GPU_3,2456.8,138.0,100.0
1781680426.33,ROCM_SMI,GPU_4,2456.8,134.0,100.0
1781680428.53,ROCM_SMI,GPU_1,2456.8,135.0,100.0
1781680428.53,ROCM_SMI,GPU_2,2456.8,141.0,100.0
1781680428.53,ROCM_SMI,GPU_3,2456.8,142.0,100.0
1781680428.53,ROCM_SMI,GPU_4,2456.8,140.0,100.0
1781680430.72,ROCM_SMI,GPU_1,2456.8,128.0,100.0
1781680430.72,ROCM_SMI,GPU_2,2456.8,131.0,100.0
1781680430.72,ROCM_SMI,GPU_3,2456.8,131.0,100.0
1781680430.72,ROCM_SMI,GPU_4,2456.8,128.0,100.0
1781680432.91,ROCM_SMI,GPU_1,2456.8,128.0,100.0
1781680432.91,ROCM_SMI,GPU_2,2456.8,131.0,100.0
1781680432.91,ROCM_SMI,GPU_3,2456.8,131.0,100.0
1781680432.91,ROCM_SMI,GPU_4,2456.8,128.0,100.0
1781680435.10,ROCM_SMI,GPU_1,2456.8,127.0,100.0
1781680435.10,ROCM_SMI,GPU_2,2456.8,132.0,100.0
1781680435.10,ROCM_SMI,GPU_3,2456.8,132.0,100.0
1781680435.10,ROCM_SMI,GPU_4,2456.8,129.0,100.0
1781680437.29,ROCM_SMI,GPU_1,2456.8,128.0,100.0
1781680437.29,ROCM_SMI,GPU_2,2456.8,131.0,100.0
1781680437.29,ROCM_SMI,GPU_3,2456.8,131.0,100.0
1781680437.29,ROCM_SMI,GPU_4,2456.8,129.0,100.0
1781680439.49,ROCM_SMI,GPU_1,2456.8,127.0,100.0
1781680439.49,ROCM_SMI,GPU_2,2456.8,133.0,100.0
1781680439.49,ROCM_SMI,GPU_3,2456.8,131.0,100.0
1781680439.49,ROCM_SMI,GPU_4,2456.8,128.0,100.0
1781680441.68,ROCM_SMI,GPU_1,2456.8,127.0,100.0
1781680441.68,ROCM_SMI,GPU_2,2456.8,126.0,100.0
1781680441.68,ROCM_SMI,GPU_3,2456.8,127.0,100.0
1781680441.68,ROCM_SMI,GPU_4,2456.8,121.0,100.0
1781680443.87,ROCM_SMI,GPU_1,2456.8,127.0,100.0
1781680443.87,ROCM_SMI,GPU_2,2456.8,128.0,100.0
1781680443.87,ROCM_SMI,GPU_3,2456.8,130.0,72.0
1781680443.87,ROCM_SMI,GPU_4,2456.8,127.0,100.0
1781680446.06,ROCM_SMI,GPU_1,2456.8,126.0,100.0
1781680446.06,ROCM_SMI,GPU_2,2456.8,132.0,100.0
1781680446.06,ROCM_SMI,GPU_3,2456.8,135.0,100.0
1781680446.06,ROCM_SMI,GPU_4,2456.8,132.0,100.0
1781680448.25,ROCM_SMI,GPU_1,2456.8,131.0,100.0
1781680448.25,ROCM_SMI,GPU_2,2456.8,137.0,100.0
1781680448.25,ROCM_SMI,GPU_3,2456.8,137.0,100.0
1781680448.25,ROCM_SMI,GPU_4,2456.8,132.0,100.0
1781680450.45,ROCM_SMI,GPU_1,2456.8,133.0,100.0
1781680450.45,ROCM_SMI,GPU_2,2456.8,136.0,100.0
1781680450.45,ROCM_SMI,GPU_3,2456.8,137.0,100.0
1781680450.45,ROCM_SMI,GPU_4,2456.8,133.0,100.0
1781680452.64,ROCM_SMI,GPU_1,2456.8,134.0,100.0
1781680452.64,ROCM_SMI,GPU_2,2456.8,137.0,100.0
1781680452.64,ROCM_SMI,GPU_3,2456.8,136.0,100.0
1781680452.64,ROCM_SMI,GPU_4,2456.8,133.0,100.0
1781680454.83,ROCM_SMI,GPU_1,2456.8,128.0,100.0
1781680454.83,ROCM_SMI,GPU_2,2456.8,131.0,100.0
1781680454.83,ROCM_SMI,GPU_3,2456.8,133.0,100.0
1781680454.83,ROCM_SMI,GPU_4,2456.8,129.0,100.0
1781680457.03,ROCM_SMI,GPU_1,2456.8,128.0,100.0
1781680457.03,ROCM_SMI,GPU_2,2456.8,132.0,100.0
1781680457.03,ROCM_SMI,GPU_3,2456.8,133.0,100.0
1781680457.03,ROCM_SMI,GPU_4,2456.8,128.0,100.0
1781680459.22,ROCM_SMI,GPU_1,2456.8,128.0,100.0
1781680459.22,ROCM_SMI,GPU_2,2456.8,131.0,100.0
1781680459.22,ROCM_SMI,GPU_3,2456.8,131.0,100.0
1781680459.22,ROCM_SMI,GPU_4,2456.8,128.0,100.0
1781680461.41,ROCM_SMI,GPU_1,2456.8,128.0,100.0
1781680461.41,ROCM_SMI,GPU_2,2456.8,131.0,100.0
1781680461.41,ROCM_SMI,GPU_3,2456.8,132.0,100.0
1781680461.41,ROCM_SMI,GPU_4,2456.8,128.0,100.0
1781680463.60,ROCM_SMI,GPU_1,2456.8,127.0,100.0
1781680463.60,ROCM_SMI,GPU_2,2456.8,131.0,100.0
1781680463.60,ROCM_SMI,GPU_3,2456.8,132.0,100.0
1781680463.60,ROCM_SMI,GPU_4,2456.8,127.0,100.0
1781680465.80,ROCM_SMI,GPU_1,2456.8,127.0,100.0
1781680465.80,ROCM_SMI,GPU_2,2456.8,132.0,100.0
1781680465.80,ROCM_SMI,GPU_3,2456.8,131.0,100.0
1781680465.80,ROCM_SMI,GPU_4,2456.8,128.0,100.0
1781680467.99,ROCM_SMI,GPU_1,2456.8,127.0,100.0
1781680467.99,ROCM_SMI,GPU_2,2456.8,129.0,100.0
1781680467.99,ROCM_SMI,GPU_3,2456.8,132.0,100.0
1781680467.99,ROCM_SMI,GPU_4,2456.8,127.0,87.0
1781680470.19,ROCM_SMI,GPU_1,2456.8,126.0,82.0
1781680470.19,ROCM_SMI,GPU_2,2456.8,130.0,100.0
1781680470.19,ROCM_SMI,GPU_3,2456.8,132.0,100.0
1781680470.19,ROCM_SMI,GPU_4,2456.8,131.0,100.0
1781680472.38,ROCM_SMI,GPU_1,2456.8,132.0,100.0
1781680472.38,ROCM_SMI,GPU_2,2456.8,137.0,100.0
1781680472.38,ROCM_SMI,GPU_3,2456.8,137.0,100.0
1781680472.38,ROCM_SMI,GPU_4,2456.8,131.0,100.0
1781680474.57,ROCM_SMI,GPU_1,2456.8,133.0,100.0
1781680474.57,ROCM_SMI,GPU_2,2456.8,136.0,100.0
1781680474.57,ROCM_SMI,GPU_3,2456.8,136.0,100.0
1781680474.57,ROCM_SMI,GPU_4,2456.8,134.0,100.0
1781680476.77,ROCM_SMI,GPU_1,2456.8,134.0,100.0
1781680476.77,ROCM_SMI,GPU_2,2456.8,136.0,100.0
1781680476.77,ROCM_SMI,GPU_3,2456.8,138.0,100.0
1781680476.77,ROCM_SMI,GPU_4,2456.8,133.0,100.0
1781680478.96,ROCM_SMI,GPU_1,2456.8,128.0,100.0
1781680478.96,ROCM_SMI,GPU_2,2456.8,131.0,100.0
1781680478.96,ROCM_SMI,GPU_3,2456.8,132.0,100.0
1781680478.96,ROCM_SMI,GPU_4,2456.8,129.0,100.0
1781680481.16,ROCM_SMI,GPU_1,2456.8,129.0,100.0
1781680481.16,ROCM_SMI,GPU_2,2456.8,131.0,100.0
1781680481.16,ROCM_SMI,GPU_3,2456.8,132.0,100.0
1781680481.16,ROCM_SMI,GPU_4,2456.8,130.0,100.0
1781680483.35,ROCM_SMI,GPU_1,2456.8,125.0,100.0
1781680483.35,ROCM_SMI,GPU_2,2456.8,127.0,100.0
1781680483.35,ROCM_SMI,GPU_3,2456.8,128.0,100.0
1781680483.35,ROCM_SMI,GPU_4,2456.8,124.0,100.0
1781680485.54,ROCM_SMI,GPU_1,2456.8,129.0,100.0
1781680485.54,ROCM_SMI,GPU_2,2456.8,131.0,100.0
1781680485.54,ROCM_SMI,GPU_3,2456.8,132.0,100.0
1781680485.54,ROCM_SMI,GPU_4,2456.8,129.0,100.0
1781680487.74,ROCM_SMI,GPU_1,2456.8,129.0,100.0
1781680487.74,ROCM_SMI,GPU_2,2456.8,130.0,100.0
1781680487.74,ROCM_SMI,GPU_3,2456.8,132.0,100.0
1781680487.74,ROCM_SMI,GPU_4,2456.8,127.0,100.0
1781680489.93,ROCM_SMI,GPU_1,2456.8,127.0,100.0
1781680489.93,ROCM_SMI,GPU_2,2456.8,131.0,100.0
1781680489.93,ROCM_SMI,GPU_3,2456.8,132.0,100.0
1781680489.93,ROCM_SMI,GPU_4,2456.8,128.0,100.0
1781680492.12,ROCM_SMI,GPU_1,2456.8,127.0,100.0
1781680492.12,ROCM_SMI,GPU_2,2456.8,131.0,100.0
1781680492.12,ROCM_SMI,GPU_3,2456.8,131.0,100.0
1781680492.12,ROCM_SMI,GPU_4,2456.8,126.0,100.0
1781680494.31,ROCM_SMI,GPU_1,2456.8,126.0,100.0
1781680494.31,ROCM_SMI,GPU_2,2456.8,129.0,81.0
1781680494.31,ROCM_SMI,GPU_3,2456.8,130.0,100.0
1781680494.31,ROCM_SMI,GPU_4,2456.8,129.0,100.0
1781680496.51,ROCM_SMI,GPU_1,2456.8,123.0,100.0
1781680496.51,ROCM_SMI,GPU_2,2456.8,131.0,100.0
1781680496.51,ROCM_SMI,GPU_3,2456.8,135.0,100.0
1781680496.51,ROCM_SMI,GPU_4,2456.8,131.0,100.0
1781680498.70,ROCM_SMI,GPU_1,2456.8,133.0,100.0
1781680498.70,ROCM_SMI,GPU_2,2456.8,136.0,100.0
1781680498.70,ROCM_SMI,GPU_3,2456.8,137.0,100.0
1781680498.70,ROCM_SMI,GPU_4,2456.8,132.0,100.0
1781680500.89,ROCM_SMI,GPU_1,2456.8,132.0,100.0
1781680500.89,ROCM_SMI,GPU_2,2456.8,137.0,100.0
1781680500.89,ROCM_SMI,GPU_3,2456.8,137.0,100.0
1781680500.89,ROCM_SMI,GPU_4,2456.8,134.0,100.0
1781680503.09,ROCM_SMI,GPU_1,2456.8,131.0,100.0
1781680503.09,ROCM_SMI,GPU_2,2456.8,136.0,100.0
1781680503.09,ROCM_SMI,GPU_3,2456.8,136.0,100.0
1781680503.09,ROCM_SMI,GPU_4,2456.8,129.0,100.0
1781680505.28,ROCM_SMI,GPU_1,2456.8,128.0,100.0
1781680505.28,ROCM_SMI,GPU_2,2456.8,131.0,100.0
1781680505.28,ROCM_SMI,GPU_3,2456.8,133.0,100.0
1781680505.28,ROCM_SMI,GPU_4,2456.8,129.0,100.0
1781680507.47,ROCM_SMI,GPU_1,2456.8,128.0,100.0
1781680507.47,ROCM_SMI,GPU_2,2456.8,131.0,100.0
1781680507.47,ROCM_SMI,GPU_3,2456.8,132.0,100.0
1781680507.47,ROCM_SMI,GPU_4,2456.8,128.0,100.0
1781680509.67,ROCM_SMI,GPU_1,2456.8,128.0,100.0
1781680509.67,ROCM_SMI,GPU_2,2456.8,131.0,100.0
1781680509.67,ROCM_SMI,GPU_3,2456.8,132.0,100.0
1781680509.67,ROCM_SMI,GPU_4,2456.8,129.0,100.0
1781680511.86,ROCM_SMI,GPU_1,2456.8,128.0,100.0
1781680511.86,ROCM_SMI,GPU_2,2456.8,131.0,100.0
1781680511.86,ROCM_SMI,GPU_3,2456.8,131.0,100.0
1781680511.86,ROCM_SMI,GPU_4,2456.8,128.0,100.0
1781680514.06,ROCM_SMI,GPU_1,2456.8,128.0,100.0
1781680514.06,ROCM_SMI,GPU_2,2456.8,130.0,100.0
1781680514.06,ROCM_SMI,GPU_3,2456.8,131.0,100.0
1781680514.06,ROCM_SMI,GPU_4,2456.8,128.0,100.0
1781680516.25,ROCM_SMI,GPU_1,2456.8,127.0,100.0
1781680516.25,ROCM_SMI,GPU_2,2456.8,131.0,100.0
1781680516.25,ROCM_SMI,GPU_3,2456.8,131.0,100.0
1781680516.25,ROCM_SMI,GPU_4,2456.8,126.0,82.0
1781680518.44,ROCM_SMI,GPU_1,2456.8,127.0,83.0
1781680518.44,ROCM_SMI,GPU_2,2456.8,129.0,100.0
1781680518.44,ROCM_SMI,GPU_3,2456.8,132.0,100.0
1781680518.44,ROCM_SMI,GPU_4,2456.8,130.0,100.0
1781680520.64,ROCM_SMI,GPU_1,2456.8,133.0,100.0
1781680520.64,ROCM_SMI,GPU_2,2456.8,137.0,100.0
1781680520.64,ROCM_SMI,GPU_3,2456.8,137.0,100.0
1781680520.64,ROCM_SMI,GPU_4,2456.8,132.0,100.0
1781680522.83,ROCM_SMI,GPU_1,2456.8,133.0,100.0
1781680522.83,ROCM_SMI,GPU_2,2456.8,135.0,100.0
1781680522.83,ROCM_SMI,GPU_3,2456.8,137.0,100.0
1781680522.83,ROCM_SMI,GPU_4,2456.8,132.0,100.0
1781680525.03,ROCM_SMI,GPU_1,2456.8,133.0,100.0
1781680525.03,ROCM_SMI,GPU_2,2456.8,135.0,100.0
1781680525.03,ROCM_SMI,GPU_3,2456.8,136.0,100.0
1781680525.03,ROCM_SMI,GPU_4,2456.8,132.0,100.0
1781680527.22,ROCM_SMI,GPU_1,2456.8,128.0,100.0
1781680527.22,ROCM_SMI,GPU_2,2456.8,131.0,100.0
1781680527.22,ROCM_SMI,GPU_3,2456.8,132.0,100.0
1781680527.22,ROCM_SMI,GPU_4,2456.8,129.0,100.0
1781680529.41,ROCM_SMI,GPU_1,2456.8,127.0,100.0
1781680529.41,ROCM_SMI,GPU_2,2456.8,132.0,100.0
1781680529.41,ROCM_SMI,GPU_3,2456.8,131.0,100.0
1781680529.41,ROCM_SMI,GPU_4,2456.8,127.0,100.0
1781680531.61,ROCM_SMI,GPU_1,2456.8,128.0,100.0
1781680531.61,ROCM_SMI,GPU_2,2456.8,130.0,100.0
1781680531.61,ROCM_SMI,GPU_3,2456.8,133.0,100.0
1781680531.61,ROCM_SMI,GPU_4,2456.8,127.0,100.0
1781680533.80,ROCM_SMI,GPU_1,2456.8,127.0,100.0
1781680533.80,ROCM_SMI,GPU_2,2456.8,132.0,100.0
1781680533.80,ROCM_SMI,GPU_3,2456.8,132.0,100.0
1781680533.80,ROCM_SMI,GPU_4,2456.8,128.0,100.0
1781680535.99,ROCM_SMI,GPU_1,2456.8,128.0,100.0
1781680535.99,ROCM_SMI,GPU_2,2456.8,131.0,100.0
1781680535.99,ROCM_SMI,GPU_3,2456.8,131.0,100.0
1781680535.99,ROCM_SMI,GPU_4,2456.8,127.0,100.0
1781680538.19,ROCM_SMI,GPU_1,2456.8,124.0,100.0
1781680538.19,ROCM_SMI,GPU_2,2456.8,122.0,100.0
1781680538.19,ROCM_SMI,GPU_3,2456.8,123.0,100.0
1781680538.19,ROCM_SMI,GPU_4,2456.8,116.0,78.0
1781680540.38,ROCM_SMI,GPU_1,2456.8,126.0,100.0
1781680540.38,ROCM_SMI,GPU_2,2456.8,130.0,75.0
1781680540.38,ROCM_SMI,GPU_3,2456.8,130.0,100.0
1781680540.38,ROCM_SMI,GPU_4,2456.8,131.0,100.0
1781680542.58,ROCM_SMI,GPU_1,2456.8,131.0,100.0
1781680542.58,ROCM_SMI,GPU_2,2456.8,136.0,100.0
1781680542.58,ROCM_SMI,GPU_3,2456.8,137.0,100.0
1781680542.58,ROCM_SMI,GPU_4,2456.8,134.0,100.0
1781680544.77,ROCM_SMI,GPU_1,2456.8,131.0,100.0
1781680544.77,ROCM_SMI,GPU_2,2456.8,137.0,100.0
1781680544.77,ROCM_SMI,GPU_3,2456.8,138.0,100.0
1781680544.77,ROCM_SMI,GPU_4,2456.8,133.0,100.0
1781680546.97,ROCM_SMI,GPU_1,2456.8,133.0,100.0
1781680546.97,ROCM_SMI,GPU_2,2456.8,137.0,100.0
1781680546.97,ROCM_SMI,GPU_3,2456.8,137.0,100.0
1781680546.97,ROCM_SMI,GPU_4,2456.8,133.0,100.0
1781680549.16,ROCM_SMI,GPU_1,2456.8,127.0,100.0
1781680549.16,ROCM_SMI,GPU_2,2456.8,131.0,100.0
1781680549.16,ROCM_SMI,GPU_3,2456.8,132.0,100.0
1781680549.16,ROCM_SMI,GPU_4,2456.8,128.0,100.0
1781680551.35,ROCM_SMI,GPU_1,2456.8,129.0,100.0
1781680551.35,ROCM_SMI,GPU_2,2456.8,134.0,100.0
1781680551.35,ROCM_SMI,GPU_3,2456.8,136.0,100.0
1781680551.35,ROCM_SMI,GPU_4,2456.8,131.0,100.0
1781680553.54,ROCM_SMI,GPU_1,2456.8,129.0,100.0
1781680553.54,ROCM_SMI,GPU_2,2456.8,131.0,100.0
1781680553.54,ROCM_SMI,GPU_3,2456.8,132.0,100.0
1781680553.54,ROCM_SMI,GPU_4,2456.8,128.0,100.0
1781680555.74,ROCM_SMI,GPU_1,2456.8,127.0,100.0
1781680555.74,ROCM_SMI,GPU_2,2456.8,132.0,100.0
1781680555.74,ROCM_SMI,GPU_3,2456.8,131.0,100.0
1781680555.74,ROCM_SMI,GPU_4,2456.8,128.0,100.0
1781680557.94,ROCM_SMI,GPU_1,2456.8,127.0,100.0
1781680557.94,ROCM_SMI,GPU_2,2456.8,131.0,100.0
1781680557.94,ROCM_SMI,GPU_3,2456.8,131.0,100.0
1781680557.94,ROCM_SMI,GPU_4,2456.8,128.0,100.0
1781680560.13,ROCM_SMI,GPU_1,2456.8,128.0,100.0
1781680560.13,ROCM_SMI,GPU_2,2456.8,131.0,100.0
1781680560.13,ROCM_SMI,GPU_3,2456.8,131.0,100.0
1781680560.13,ROCM_SMI,GPU_4,2456.8,125.0,76.0
1781680562.33,ROCM_SMI,GPU_1,2456.8,126.0,96.0
1781680562.33,ROCM_SMI,GPU_2,2456.8,130.0,100.0
1781680562.33,ROCM_SMI,GPU_3,2456.8,133.0,100.0
1781680562.33,ROCM_SMI,GPU_4,2456.8,132.0,100.0
1781680564.52,ROCM_SMI,GPU_1,2456.8,134.0,100.0
1781680564.52,ROCM_SMI,GPU_2,2456.8,136.0,100.0
1781680564.52,ROCM_SMI,GPU_3,2456.8,134.0,100.0
1781680564.52,ROCM_SMI,GPU_4,2456.8,128.0,100.0
1781680566.72,ROCM_SMI,GPU_1,2456.8,133.0,100.0
1781680566.72,ROCM_SMI,GPU_2,2456.8,138.0,100.0
1781680566.72,ROCM_SMI,GPU_3,2456.8,136.0,100.0
1781680566.72,ROCM_SMI,GPU_4,2456.8,133.0,100.0
1781680568.91,ROCM_SMI,GPU_1,2456.8,133.0,100.0
1781680568.91,ROCM_SMI,GPU_2,2456.8,135.0,100.0
1781680568.91,ROCM_SMI,GPU_3,2456.8,136.0,100.0
1781680568.91,ROCM_SMI,GPU_4,2456.8,133.0,100.0
1781680571.10,ROCM_SMI,GPU_1,2456.8,128.0,100.0
1781680571.10,ROCM_SMI,GPU_2,2456.8,131.0,100.0
1781680571.10,ROCM_SMI,GPU_3,2456.8,132.0,100.0
1781680571.10,ROCM_SMI,GPU_4,2456.8,128.0,100.0
1781680573.30,ROCM_SMI,GPU_1,2456.8,127.0,100.0
1781680573.30,ROCM_SMI,GPU_2,2456.8,131.0,100.0
1781680573.30,ROCM_SMI,GPU_3,2456.8,133.0,100.0
1781680573.30,ROCM_SMI,GPU_4,2456.8,129.0,100.0
1781680575.49,ROCM_SMI,GPU_1,2456.8,128.0,100.0
1781680575.49,ROCM_SMI,GPU_2,2456.8,132.0,100.0
1781680575.49,ROCM_SMI,GPU_3,2456.8,132.0,100.0
1781680575.49,ROCM_SMI,GPU_4,2456.8,129.0,100.0
1781680577.68,ROCM_SMI,GPU_1,2456.8,127.0,100.0
1781680577.68,ROCM_SMI,GPU_2,2456.8,132.0,100.0
1781680577.68,ROCM_SMI,GPU_3,2456.8,132.0,100.0
1781680577.68,ROCM_SMI,GPU_4,2456.8,128.0,100.0
1781680579.88,ROCM_SMI,GPU_1,2456.8,127.0,100.0
1781680579.88,ROCM_SMI,GPU_2,2456.8,132.0,100.0
1781680579.88,ROCM_SMI,GPU_3,2456.8,132.0,100.0
1781680579.88,ROCM_SMI,GPU_4,2456.8,128.0,100.0
1781680582.07,ROCM_SMI,GPU_1,2456.8,127.0,100.0
1781680582.07,ROCM_SMI,GPU_2,2456.8,131.0,100.0
1781680582.07,ROCM_SMI,GPU_3,2456.8,131.0,100.0
1781680582.07,ROCM_SMI,GPU_4,2456.8,127.0,100.0
1781680584.27,ROCM_SMI,GPU_1,2456.8,125.0,82.0
1781680584.27,ROCM_SMI,GPU_2,2456.8,130.0,100.0
1781680584.27,ROCM_SMI,GPU_3,2456.8,133.0,100.0
1781680584.27,ROCM_SMI,GPU_4,2456.8,132.0,100.0
1781680586.47,ROCM_SMI,GPU_1,2456.8,132.0,100.0
1781680586.47,ROCM_SMI,GPU_2,2456.8,135.0,100.0
1781680586.47,ROCM_SMI,GPU_3,2456.8,136.0,100.0
1781680586.47,ROCM_SMI,GPU_4,2456.8,132.0,100.0
1781680588.66,ROCM_SMI,GPU_1,2456.8,132.0,100.0
1781680588.66,ROCM_SMI,GPU_2,2456.8,137.0,100.0
1781680588.66,ROCM_SMI,GPU_3,2456.8,137.0,100.0
1781680588.66,ROCM_SMI,GPU_4,2456.8,133.0,100.0
1781680590.86,ROCM_SMI,GPU_1,2456.8,130.0,100.0
1781680590.86,ROCM_SMI,GPU_2,2456.8,134.0,100.0
1781680590.86,ROCM_SMI,GPU_3,2456.8,134.0,100.0
1781680590.86,ROCM_SMI,GPU_4,2456.8,129.0,100.0
1781680593.05,ROCM_SMI,GPU_1,2456.8,135.0,100.0
1781680593.05,ROCM_SMI,GPU_2,2456.8,130.0,100.0
1781680593.05,ROCM_SMI,GPU_3,2456.8,127.0,100.0
1781680593.05,ROCM_SMI,GPU_4,2456.8,125.0,100.0
1781680595.25,ROCM_SMI,GPU_1,2456.8,128.0,100.0
1781680595.25,ROCM_SMI,GPU_2,2456.8,131.0,100.0
1781680595.25,ROCM_SMI,GPU_3,2456.8,132.0,100.0
1781680595.25,ROCM_SMI,GPU_4,2456.8,127.0,100.0
1781680597.44,ROCM_SMI,GPU_1,2456.8,128.0,100.0
1781680597.44,ROCM_SMI,GPU_2,2456.8,132.0,100.0
1781680597.44,ROCM_SMI,GPU_3,2456.8,132.0,100.0
1781680597.44,ROCM_SMI,GPU_4,2456.8,127.0,100.0
1781680599.63,ROCM_SMI,GPU_1,2456.8,128.0,100.0
1781680599.63,ROCM_SMI,GPU_2,2456.8,132.0,100.0
1781680599.63,ROCM_SMI,GPU_3,2456.8,132.0,100.0
1781680599.63,ROCM_SMI,GPU_4,2456.8,128.0,100.0
1781680601.83,ROCM_SMI,GPU_1,2456.8,129.0,100.0
1781680601.83,ROCM_SMI,GPU_2,2456.8,130.0,100.0
1781680601.83,ROCM_SMI,GPU_3,2456.8,131.0,100.0
1781680601.83,ROCM_SMI,GPU_4,2456.8,128.0,100.0
1781680604.02,ROCM_SMI,GPU_1,2456.8,128.0,100.0
1781680604.02,ROCM_SMI,GPU_2,2456.8,130.0,100.0
1781680604.02,ROCM_SMI,GPU_3,2456.8,130.0,100.0
1781680604.02,ROCM_SMI,GPU_4,2456.8,127.0,83.0
1781680606.22,ROCM_SMI,GPU_1,2456.8,121.0,100.0
1781680606.22,ROCM_SMI,GPU_2,2456.8,127.0,100.0
1781680606.22,ROCM_SMI,GPU_3,2456.8,130.0,100.0
1781680606.22,ROCM_SMI,GPU_4,2456.8,131.0,100.0
1781680608.41,ROCM_SMI,GPU_1,2456.8,132.0,100.0
1781680608.41,ROCM_SMI,GPU_2,2456.8,137.0,100.0
1781680608.41,ROCM_SMI,GPU_3,2456.8,137.0,100.0
1781680608.41,ROCM_SMI,GPU_4,2456.8,133.0,100.0
1781680610.60,ROCM_SMI,GPU_1,2456.8,134.0,100.0
1781680610.60,ROCM_SMI,GPU_2,2456.8,138.0,100.0
1781680610.60,ROCM_SMI,GPU_3,2456.8,138.0,100.0
1781680610.60,ROCM_SMI,GPU_4,2456.8,135.0,100.0
1781680612.80,ROCM_SMI,GPU_1,2456.8,129.0,100.0
1781680612.80,ROCM_SMI,GPU_2,2456.8,133.0,100.0
1781680612.80,ROCM_SMI,GPU_3,2456.8,133.0,100.0
1781680612.80,ROCM_SMI,GPU_4,2456.8,129.0,100.0
1781680614.99,ROCM_SMI,GPU_1,2456.8,128.0,100.0
1781680614.99,ROCM_SMI,GPU_2,2456.8,131.0,100.0
1781680614.99,ROCM_SMI,GPU_3,2456.8,133.0,100.0
1781680614.99,ROCM_SMI,GPU_4,2456.8,128.0,100.0
1781680617.18,ROCM_SMI,GPU_1,2456.8,127.0,100.0
1781680617.18,ROCM_SMI,GPU_2,2456.8,130.0,100.0
1781680617.18,ROCM_SMI,GPU_3,2456.8,132.0,100.0
1781680617.18,ROCM_SMI,GPU_4,2456.8,129.0,100.0
1781680619.38,ROCM_SMI,GPU_1,2456.8,129.0,100.0
1781680619.38,ROCM_SMI,GPU_2,2456.8,131.0,100.0
1781680619.38,ROCM_SMI,GPU_3,2456.8,132.0,100.0
1781680619.38,ROCM_SMI,GPU_4,2456.8,129.0,100.0
1781680621.57,ROCM_SMI,GPU_1,2456.8,129.0,100.0
1781680621.57,ROCM_SMI,GPU_2,2456.8,131.0,100.0
1781680621.57,ROCM_SMI,GPU_3,2456.8,131.0,100.0
1781680621.57,ROCM_SMI,GPU_4,2456.8,127.0,100.0
1781680623.78,ROCM_SMI,GPU_1,2456.8,127.0,100.0
1781680623.78,ROCM_SMI,GPU_2,2456.8,130.0,100.0
1781680623.78,ROCM_SMI,GPU_3,2456.8,132.0,100.0
1781680623.78,ROCM_SMI,GPU_4,2456.8,127.0,100.0
1781680625.97,ROCM_SMI,GPU_1,2456.8,126.0,100.0
1781680625.97,ROCM_SMI,GPU_2,2456.8,129.0,100.0
1781680625.97,ROCM_SMI,GPU_3,2456.8,130.0,100.0
1781680625.97,ROCM_SMI,GPU_4,2456.8,126.0,100.0
1781680628.16,ROCM_SMI,GPU_1,2456.8,129.0,100.0
1781680628.16,ROCM_SMI,GPU_2,2456.8,134.0,100.0
1781680628.16,ROCM_SMI,GPU_3,2456.8,135.0,100.0
1781680628.16,ROCM_SMI,GPU_4,2456.8,133.0,100.0
1781680630.35,ROCM_SMI,GPU_1,2456.8,134.0,100.0
1781680630.35,ROCM_SMI,GPU_2,2456.8,137.0,100.0
1781680630.35,ROCM_SMI,GPU_3,2456.8,136.0,100.0
1781680630.35,ROCM_SMI,GPU_4,2456.8,133.0,100.0
1781680632.56,ROCM_SMI,GPU_1,2456.8,132.0,100.0
1781680632.56,ROCM_SMI,GPU_2,2456.8,136.0,100.0
1781680632.56,ROCM_SMI,GPU_3,2456.8,137.0,100.0
1781680632.56,ROCM_SMI,GPU_4,2456.8,134.0,100.0
1781680634.75,ROCM_SMI,GPU_1,2456.8,117.0,100.0
1781680634.75,ROCM_SMI,GPU_2,2456.8,128.0,100.0
1781680634.75,ROCM_SMI,GPU_3,2456.8,125.0,100.0
1781680634.75,ROCM_SMI,GPU_4,2456.8,122.0,100.0
1781680636.95,ROCM_SMI,GPU_1,2456.8,127.0,100.0
1781680636.95,ROCM_SMI,GPU_2,2456.8,129.0,100.0
1781680636.95,ROCM_SMI,GPU_3,2456.8,132.0,100.0
1781680636.95,ROCM_SMI,GPU_4,2456.8,129.0,100.0
1781680639.14,ROCM_SMI,GPU_1,2456.8,127.0,100.0
1781680639.14,ROCM_SMI,GPU_2,2456.8,131.0,100.0
1781680639.14,ROCM_SMI,GPU_3,2456.8,132.0,100.0
1781680639.14,ROCM_SMI,GPU_4,2456.8,128.0,100.0
1781680641.34,ROCM_SMI,GPU_1,2456.8,127.0,100.0
1781680641.34,ROCM_SMI,GPU_2,2456.8,131.0,100.0
1781680641.34,ROCM_SMI,GPU_3,2456.8,131.0,100.0
1781680641.34,ROCM_SMI,GPU_4,2456.8,129.0,100.0
1781680643.53,ROCM_SMI,GPU_1,2456.8,127.0,100.0
1781680643.53,ROCM_SMI,GPU_2,2456.8,130.0,100.0
1781680643.53,ROCM_SMI,GPU_3,2456.8,131.0,100.0
1781680643.53,ROCM_SMI,GPU_4,2456.8,128.0,100.0
1781680645.72,ROCM_SMI,GPU_1,2456.8,127.0,100.0
1781680645.72,ROCM_SMI,GPU_2,2456.8,131.0,100.0
1781680645.72,ROCM_SMI,GPU_3,2456.8,130.0,72.0
1781680645.72,ROCM_SMI,GPU_4,2456.8,127.0,100.0
1781680647.92,ROCM_SMI,GPU_1,2456.8,118.0,100.0
1781680647.92,ROCM_SMI,GPU_2,2456.8,127.0,100.0
1781680647.92,ROCM_SMI,GPU_3,2456.8,134.0,100.0
1781680647.92,ROCM_SMI,GPU_4,2456.8,132.0,100.0
1781680650.11,ROCM_SMI,GPU_1,2456.8,131.0,100.0
1781680650.11,ROCM_SMI,GPU_2,2456.8,134.0,100.0
1781680650.11,ROCM_SMI,GPU_3,2456.8,137.0,100.0
1781680650.11,ROCM_SMI,GPU_4,2456.8,133.0,100.0
1781680652.31,ROCM_SMI,GPU_1,2456.8,133.0,100.0
1781680652.31,ROCM_SMI,GPU_2,2456.8,137.0,100.0
1781680652.31,ROCM_SMI,GPU_3,2456.8,138.0,100.0
1781680652.31,ROCM_SMI,GPU_4,2456.8,135.0,100.0
1781680654.50,ROCM_SMI,GPU_1,2456.8,131.0,100.0
1781680654.50,ROCM_SMI,GPU_2,2456.8,132.0,100.0
1781680654.50,ROCM_SMI,GPU_3,2456.8,135.0,100.0
1781680654.50,ROCM_SMI,GPU_4,2456.8,129.0,100.0
1781680656.69,ROCM_SMI,GPU_1,2456.8,127.0,100.0
1781680656.69,ROCM_SMI,GPU_2,2456.8,131.0,100.0
1781680656.69,ROCM_SMI,GPU_3,2456.8,132.0,100.0
1781680656.69,ROCM_SMI,GPU_4,2456.8,128.0,100.0
1781680658.89,ROCM_SMI,GPU_1,2456.8,128.0,100.0
1781680658.89,ROCM_SMI,GPU_2,2456.8,131.0,100.0
1781680658.89,ROCM_SMI,GPU_3,2456.8,132.0,100.0
1781680658.89,ROCM_SMI,GPU_4,2456.8,128.0,100.0
1781680661.08,ROCM_SMI,GPU_1,2456.8,129.0,100.0
1781680661.08,ROCM_SMI,GPU_2,2456.8,134.0,100.0
1781680661.08,ROCM_SMI,GPU_3,2456.8,134.0,100.0
1781680661.08,ROCM_SMI,GPU_4,2456.8,130.0,100.0
1781680663.28,ROCM_SMI,GPU_1,2456.8,127.0,100.0
1781680663.28,ROCM_SMI,GPU_2,2456.8,131.0,100.0
1781680663.28,ROCM_SMI,GPU_3,2456.8,132.0,100.0
1781680663.28,ROCM_SMI,GPU_4,2456.8,126.0,100.0
1781680665.47,ROCM_SMI,GPU_1,2456.8,127.0,100.0
1781680665.47,ROCM_SMI,GPU_2,2456.8,130.0,100.0
1781680665.47,ROCM_SMI,GPU_3,2456.8,130.0,100.0
1781680665.47,ROCM_SMI,GPU_4,2456.8,127.0,77.0
1781680667.67,ROCM_SMI,GPU_1,2456.8,127.0,74.0
1781680667.67,ROCM_SMI,GPU_2,2456.8,130.0,100.0
1781680667.67,ROCM_SMI,GPU_3,2456.8,132.0,100.0
1781680667.67,ROCM_SMI,GPU_4,2456.8,131.0,100.0
1781680669.86,ROCM_SMI,GPU_1,2456.8,131.0,100.0
1781680669.86,ROCM_SMI,GPU_2,2456.8,136.0,100.0
1781680669.86,ROCM_SMI,GPU_3,2456.8,136.0,100.0
1781680669.86,ROCM_SMI,GPU_4,2456.8,133.0,100.0
1781680672.05,ROCM_SMI,GPU_1,2456.8,132.0,100.0
1781680672.05,ROCM_SMI,GPU_2,2456.8,135.0,100.0
1781680672.05,ROCM_SMI,GPU_3,2456.8,137.0,100.0
1781680672.05,ROCM_SMI,GPU_4,2456.8,132.0,100.0
1781680674.25,ROCM_SMI,GPU_1,2456.8,132.0,100.0
1781680674.25,ROCM_SMI,GPU_2,2456.8,136.0,100.0
1781680674.25,ROCM_SMI,GPU_3,2456.8,136.0,100.0
1781680674.25,ROCM_SMI,GPU_4,2456.8,133.0,100.0
1781680676.45,ROCM_SMI,GPU_1,2456.8,127.0,100.0
1781680676.45,ROCM_SMI,GPU_2,2456.8,132.0,100.0
1781680676.45,ROCM_SMI,GPU_3,2456.8,131.0,100.0
1781680676.45,ROCM_SMI,GPU_4,2456.8,128.0,100.0
1781680678.64,ROCM_SMI,GPU_1,2456.8,127.0,100.0
1781680678.64,ROCM_SMI,GPU_2,2456.8,130.0,100.0
1781680678.64,ROCM_SMI,GPU_3,2456.8,131.0,100.0
1781680678.64,ROCM_SMI,GPU_4,2456.8,128.0,100.0
1781680680.84,ROCM_SMI,GPU_1,2456.8,127.0,100.0
1781680680.84,ROCM_SMI,GPU_2,2456.8,130.0,100.0
1781680680.84,ROCM_SMI,GPU_3,2456.8,132.0,100.0
1781680680.84,ROCM_SMI,GPU_4,2456.8,128.0,100.0
1781680683.03,ROCM_SMI,GPU_1,2456.8,127.0,100.0
1781680683.03,ROCM_SMI,GPU_2,2456.8,131.0,100.0
1781680683.03,ROCM_SMI,GPU_3,2456.8,131.0,100.0
1781680683.03,ROCM_SMI,GPU_4,2456.8,127.0,100.0
1781680685.22,ROCM_SMI,GPU_1,2456.8,127.0,100.0
1781680685.22,ROCM_SMI,GPU_2,2456.8,130.0,100.0
1781680685.22,ROCM_SMI,GPU_3,2456.8,131.0,100.0
1781680685.22,ROCM_SMI,GPU_4,2456.8,128.0,100.0
1781680687.42,ROCM_SMI,GPU_1,2456.8,127.0,100.0
1781680687.42,ROCM_SMI,GPU_2,2456.8,130.0,100.0
1781680687.42,ROCM_SMI,GPU_3,2456.8,130.0,81.0
1781680687.42,ROCM_SMI,GPU_4,2456.8,127.0,100.0
1781680689.62,ROCM_SMI,GPU_1,2456.8,143.0,100.0
1781680689.62,ROCM_SMI,GPU_2,2456.8,147.0,100.0
1781680689.62,ROCM_SMI,GPU_3,2456.8,148.0,100.0
1781680689.62,ROCM_SMI,GPU_4,2456.8,143.0,100.0
1781680691.82,ROCM_SMI,GPU_1,2456.8,132.0,100.0
1781680691.82,ROCM_SMI,GPU_2,2456.8,136.0,100.0
1781680691.82,ROCM_SMI,GPU_3,2456.8,138.0,100.0
1781680691.82,ROCM_SMI,GPU_4,2456.8,133.0,100.0
1781680694.01,ROCM_SMI,GPU_1,2456.8,130.0,100.0
1781680694.01,ROCM_SMI,GPU_2,2456.8,134.0,100.0
1781680694.01,ROCM_SMI,GPU_3,2456.8,134.0,100.0
1781680694.01,ROCM_SMI,GPU_4,2456.8,130.0,100.0
1781680696.21,ROCM_SMI,GPU_1,2456.8,128.0,100.0
1781680696.21,ROCM_SMI,GPU_2,2456.8,131.0,100.0
1781680696.21,ROCM_SMI,GPU_3,2456.8,132.0,100.0
1781680696.21,ROCM_SMI,GPU_4,2456.8,129.0,100.0
1781680698.40,ROCM_SMI,GPU_1,2456.8,126.0,100.0
1781680698.40,ROCM_SMI,GPU_2,2456.8,131.0,100.0
1781680698.40,ROCM_SMI,GPU_3,2456.8,132.0,100.0
1781680698.40,ROCM_SMI,GPU_4,2456.8,127.0,100.0
1781680700.59,ROCM_SMI,GPU_1,2456.8,127.0,100.0
1781680700.59,ROCM_SMI,GPU_2,2456.8,132.0,100.0
1781680700.59,ROCM_SMI,GPU_3,2456.8,132.0,100.0
1781680700.59,ROCM_SMI,GPU_4,2456.8,129.0,100.0
1781680702.79,ROCM_SMI,GPU_1,2456.8,134.0,100.0
1781680702.79,ROCM_SMI,GPU_2,2456.8,137.0,100.0
1781680702.79,ROCM_SMI,GPU_3,2456.8,137.0,100.0
1781680702.79,ROCM_SMI,GPU_4,2456.8,130.0,100.0
1781680704.98,ROCM_SMI,GPU_1,2456.8,127.0,100.0
1781680704.98,ROCM_SMI,GPU_2,2456.8,131.0,100.0
1781680704.98,ROCM_SMI,GPU_3,2456.8,132.0,100.0
1781680704.98,ROCM_SMI,GPU_4,2456.8,128.0,100.0
1781680707.17,ROCM_SMI,GPU_1,2456.8,127.0,100.0
1781680707.17,ROCM_SMI,GPU_2,2456.8,131.0,100.0
1781680707.17,ROCM_SMI,GPU_3,2456.8,131.0,100.0
1781680707.17,ROCM_SMI,GPU_4,2456.8,127.0,74.0
1781680709.37,ROCM_SMI,GPU_1,2456.8,126.0,100.0
1781680709.37,ROCM_SMI,GPU_2,2456.8,131.0,100.0
1781680709.37,ROCM_SMI,GPU_3,2456.8,132.0,100.0
1781680709.37,ROCM_SMI,GPU_4,2456.8,132.0,100.0
1781680711.56,ROCM_SMI,GPU_1,2456.8,131.0,100.0
1781680711.56,ROCM_SMI,GPU_2,2456.8,137.0,100.0
1781680711.56,ROCM_SMI,GPU_3,2456.8,136.0,100.0
1781680711.56,ROCM_SMI,GPU_4,2456.8,133.0,100.0
1781680713.76,ROCM_SMI,GPU_1,2456.8,132.0,100.0
1781680713.76,ROCM_SMI,GPU_2,2456.8,136.0,100.0
1781680713.76,ROCM_SMI,GPU_3,2456.8,139.0,100.0
1781680713.76,ROCM_SMI,GPU_4,2456.8,134.0,100.0
1781680715.95,ROCM_SMI,GPU_1,2456.8,132.0,100.0
1781680715.95,ROCM_SMI,GPU_2,2456.8,132.0,100.0
1781680715.95,ROCM_SMI,GPU_3,2456.8,131.0,100.0
1781680715.95,ROCM_SMI,GPU_4,2456.8,130.0,100.0
1781680718.15,ROCM_SMI,GPU_1,2456.8,127.0,100.0
1781680718.15,ROCM_SMI,GPU_2,2456.8,132.0,100.0
1781680718.15,ROCM_SMI,GPU_3,2456.8,131.0,100.0
1781680718.15,ROCM_SMI,GPU_4,2456.8,129.0,100.0
1781680720.34,ROCM_SMI,GPU_1,2456.8,127.0,100.0
1781680720.34,ROCM_SMI,GPU_2,2456.8,131.0,100.0
1781680720.34,ROCM_SMI,GPU_3,2456.8,132.0,100.0
1781680720.34,ROCM_SMI,GPU_4,2456.8,129.0,100.0
1781680722.53,ROCM_SMI,GPU_1,2456.8,127.0,100.0
1781680722.53,ROCM_SMI,GPU_2,2456.8,131.0,100.0
1781680722.53,ROCM_SMI,GPU_3,2456.8,132.0,100.0
1781680722.53,ROCM_SMI,GPU_4,2456.8,127.0,100.0
1781680724.73,ROCM_SMI,GPU_1,2456.8,129.0,100.0
1781680724.73,ROCM_SMI,GPU_2,2456.8,130.0,100.0
1781680724.73,ROCM_SMI,GPU_3,2456.8,132.0,100.0
1781680724.73,ROCM_SMI,GPU_4,2456.8,129.0,100.0
1781680726.92,ROCM_SMI,GPU_1,2456.8,127.0,100.0
1781680726.92,ROCM_SMI,GPU_2,2456.8,130.0,100.0
1781680726.92,ROCM_SMI,GPU_3,2456.8,130.0,100.0
1781680726.92,ROCM_SMI,GPU_4,2456.8,128.0,100.0
1781680729.12,ROCM_SMI,GPU_1,2456.8,126.0,100.0
1781680729.12,ROCM_SMI,GPU_2,2456.8,129.0,100.0
1781680729.12,ROCM_SMI,GPU_3,2456.8,130.0,100.0
1781680729.12,ROCM_SMI,GPU_4,2456.8,127.0,93.0
1781680731.32,ROCM_SMI,GPU_1,2456.8,203.0,100.0
1781680731.32,ROCM_SMI,GPU_2,2456.8,214.0,100.0
1781680731.32,ROCM_SMI,GPU_3,2456.8,173.0,100.0
1781680731.32,ROCM_SMI,GPU_4,2456.8,117.0,100.0
1781680733.51,ROCM_SMI,GPU_1,2456.8,132.0,100.0
1781680733.51,ROCM_SMI,GPU_2,2456.8,137.0,100.0
1781680733.51,ROCM_SMI,GPU_3,2456.8,137.0,100.0
1781680733.51,ROCM_SMI,GPU_4,2456.8,136.0,100.0
1781680735.71,ROCM_SMI,GPU_1,2456.8,133.0,100.0
1781680735.71,ROCM_SMI,GPU_2,2456.8,136.0,100.0
1781680735.71,ROCM_SMI,GPU_3,2456.8,136.0,100.0
1781680735.71,ROCM_SMI,GPU_4,2456.8,132.0,100.0
1781680737.90,ROCM_SMI,GPU_1,2456.8,127.0,100.0
1781680737.90,ROCM_SMI,GPU_2,2456.8,130.0,100.0
1781680737.90,ROCM_SMI,GPU_3,2456.8,132.0,100.0
1781680737.90,ROCM_SMI,GPU_4,2456.8,128.0,100.0
1781680740.09,ROCM_SMI,GPU_1,2456.8,127.0,100.0
1781680740.09,ROCM_SMI,GPU_2,2456.8,130.0,100.0
1781680740.09,ROCM_SMI,GPU_3,2456.8,131.0,100.0
1781680740.09,ROCM_SMI,GPU_4,2456.8,127.0,100.0
1781680742.29,ROCM_SMI,GPU_1,2456.8,127.0,100.0
1781680742.29,ROCM_SMI,GPU_2,2456.8,132.0,100.0
1781680742.29,ROCM_SMI,GPU_3,2456.8,132.0,100.0
1781680742.29,ROCM_SMI,GPU_4,2456.8,127.0,100.0
1781680744.48,ROCM_SMI,GPU_1,2456.8,124.0,100.0
1781680744.48,ROCM_SMI,GPU_2,2456.8,128.0,100.0
1781680744.48,ROCM_SMI,GPU_3,2456.8,128.0,100.0
1781680744.48,ROCM_SMI,GPU_4,2456.8,124.0,100.0
1781680746.68,ROCM_SMI,GPU_1,2456.8,128.0,100.0
1781680746.68,ROCM_SMI,GPU_2,2456.8,131.0,100.0
1781680746.68,ROCM_SMI,GPU_3,2456.8,131.0,100.0
1781680746.68,ROCM_SMI,GPU_4,2456.8,128.0,100.0
1781680748.87,ROCM_SMI,GPU_1,2456.8,127.0,100.0
1781680748.87,ROCM_SMI,GPU_2,2456.8,131.0,100.0
1781680748.87,ROCM_SMI,GPU_3,2456.8,132.0,100.0
1781680748.87,ROCM_SMI,GPU_4,2456.8,127.0,100.0
1781680751.06,ROCM_SMI,GPU_1,2456.8,126.0,100.0
1781680751.06,ROCM_SMI,GPU_2,2456.8,130.0,100.0
1781680751.06,ROCM_SMI,GPU_3,2456.8,129.0,72.0
1781680751.06,ROCM_SMI,GPU_4,2456.8,127.0,100.0
1781680753.26,ROCM_SMI,GPU_1,2456.8,127.0,100.0
1781680753.26,ROCM_SMI,GPU_2,2456.8,131.0,100.0
1781680753.26,ROCM_SMI,GPU_3,2456.8,135.0,100.0
1781680753.26,ROCM_SMI,GPU_4,2456.8,131.0,100.0
1781680755.45,ROCM_SMI,GPU_1,2456.8,133.0,100.0
1781680755.45,ROCM_SMI,GPU_2,2456.8,136.0,100.0
1781680755.45,ROCM_SMI,GPU_3,2456.8,137.0,100.0
1781680755.45,ROCM_SMI,GPU_4,2456.8,133.0,100.0
1781680757.64,ROCM_SMI,GPU_1,2456.8,131.0,100.0
1781680757.64,ROCM_SMI,GPU_2,2456.8,133.0,100.0
1781680757.64,ROCM_SMI,GPU_3,2456.8,135.0,100.0
1781680757.64,ROCM_SMI,GPU_4,2456.8,129.0,100.0
1781680759.84,ROCM_SMI,GPU_1,2456.8,132.0,100.0
1781680759.84,ROCM_SMI,GPU_2,2456.8,135.0,100.0
1781680759.84,ROCM_SMI,GPU_3,2456.8,135.0,100.0
1781680759.84,ROCM_SMI,GPU_4,2456.8,132.0,100.0
1781680762.03,ROCM_SMI,GPU_1,2456.8,127.0,100.0
1781680762.03,ROCM_SMI,GPU_2,2456.8,131.0,100.0
1781680762.03,ROCM_SMI,GPU_3,2456.8,131.0,100.0
1781680762.03,ROCM_SMI,GPU_4,2456.8,128.0,100.0
1781680764.22,ROCM_SMI,GPU_1,2456.8,128.0,100.0
1781680764.22,ROCM_SMI,GPU_2,2456.8,130.0,100.0
1781680764.22,ROCM_SMI,GPU_3,2456.8,132.0,100.0
1781680764.22,ROCM_SMI,GPU_4,2456.8,127.0,100.0
1781680766.41,ROCM_SMI,GPU_1,2456.8,127.0,100.0
1781680766.41,ROCM_SMI,GPU_2,2456.8,131.0,100.0
1781680766.41,ROCM_SMI,GPU_3,2456.8,132.0,100.0
1781680766.41,ROCM_SMI,GPU_4,2456.8,130.0,100.0
1781680768.61,ROCM_SMI,GPU_1,2456.8,127.0,100.0
1781680768.61,ROCM_SMI,GPU_2,2456.8,132.0,100.0
1781680768.61,ROCM_SMI,GPU_3,2456.8,131.0,100.0
1781680768.61,ROCM_SMI,GPU_4,2456.8,129.0,100.0
1781680770.80,ROCM_SMI,GPU_1,2456.8,128.0,100.0
1781680770.80,ROCM_SMI,GPU_2,2456.8,131.0,100.0
1781680770.80,ROCM_SMI,GPU_3,2456.8,131.0,100.0
1781680770.80,ROCM_SMI,GPU_4,2456.8,129.0,100.0
1781680772.99,ROCM_SMI,GPU_1,2456.8,129.0,100.0
1781680772.99,ROCM_SMI,GPU_2,2456.8,130.0,100.0
1781680772.99,ROCM_SMI,GPU_3,2456.8,131.0,100.0
1781680772.99,ROCM_SMI,GPU_4,2456.8,128.0,100.0
1781680775.18,ROCM_SMI,GPU_1,2456.8,127.0,100.0
1781680775.18,ROCM_SMI,GPU_2,2456.8,130.0,100.0
1781680775.18,ROCM_SMI,GPU_3,2456.8,130.0,81.0
1781680775.18,ROCM_SMI,GPU_4,2456.8,127.0,100.0
1781680777.38,ROCM_SMI,GPU_1,2456.8,126.0,100.0
1781680777.38,ROCM_SMI,GPU_2,2456.8,132.0,100.0
1781680777.38,ROCM_SMI,GPU_3,2456.8,135.0,100.0
1781680777.38,ROCM_SMI,GPU_4,2456.8,131.0,100.0
1781680779.57,ROCM_SMI,GPU_1,2456.8,132.0,100.0
1781680779.57,ROCM_SMI,GPU_2,2456.8,136.0,100.0
1781680779.57,ROCM_SMI,GPU_3,2456.8,137.0,100.0
1781680779.57,ROCM_SMI,GPU_4,2456.8,132.0,100.0
1781680781.76,ROCM_SMI,GPU_1,2456.8,133.0,100.0
1781680781.76,ROCM_SMI,GPU_2,2456.8,135.0,100.0
1781680781.76,ROCM_SMI,GPU_3,2456.8,139.0,100.0
1781680781.76,ROCM_SMI,GPU_4,2456.8,133.0,100.0
1781680783.96,ROCM_SMI,GPU_1,2456.8,133.0,100.0
1781680783.96,ROCM_SMI,GPU_2,2456.8,136.0,100.0
1781680783.96,ROCM_SMI,GPU_3,2456.8,135.0,100.0
1781680783.96,ROCM_SMI,GPU_4,2456.8,132.0,100.0
1781680786.18,ROCM_SMI,GPU_1,2456.8,126.0,100.0
1781680786.18,ROCM_SMI,GPU_2,2456.8,131.0,100.0
1781680786.18,ROCM_SMI,GPU_3,2456.8,131.0,100.0
1781680786.18,ROCM_SMI,GPU_4,2456.8,129.0,100.0
1781680788.37,ROCM_SMI,GPU_1,2456.8,127.0,100.0
1781680788.37,ROCM_SMI,GPU_2,2456.8,132.0,100.0
1781680788.37,ROCM_SMI,GPU_3,2456.8,131.0,100.0
1781680788.37,ROCM_SMI,GPU_4,2456.8,127.0,100.0
1781680790.56,ROCM_SMI,GPU_1,2456.8,128.0,100.0
1781680790.56,ROCM_SMI,GPU_2,2456.8,130.0,100.0
1781680790.56,ROCM_SMI,GPU_3,2456.8,129.0,100.0
1781680790.56,ROCM_SMI,GPU_4,2456.8,128.0,100.0
1781680792.76,ROCM_SMI,GPU_1,2456.8,127.0,100.0
1781680792.76,ROCM_SMI,GPU_2,2456.8,131.0,100.0
1781680792.76,ROCM_SMI,GPU_3,2456.8,130.0,100.0
1781680792.76,ROCM_SMI,GPU_4,2456.8,127.0,75.0
1781680794.95,ROCM_SMI,GPU_1,2456.8,126.0,76.0
1781680794.95,ROCM_SMI,GPU_2,2456.8,130.0,100.0
1781680794.95,ROCM_SMI,GPU_3,2456.8,133.0,100.0
1781680794.95,ROCM_SMI,GPU_4,2456.8,132.0,100.0
1781680797.15,ROCM_SMI,GPU_1,2456.8,132.0,100.0
1781680797.15,ROCM_SMI,GPU_2,2456.8,136.0,100.0
1781680797.15,ROCM_SMI,GPU_3,2456.8,137.0,100.0
1781680797.15,ROCM_SMI,GPU_4,2456.8,133.0,100.0
1781680799.34,ROCM_SMI,GPU_1,2456.8,136.0,100.0
1781680799.34,ROCM_SMI,GPU_2,2456.8,143.0,100.0
1781680799.34,ROCM_SMI,GPU_3,2456.8,146.0,100.0
1781680799.34,ROCM_SMI,GPU_4,2456.8,138.0,100.0
1781680801.54,ROCM_SMI,GPU_1,2456.8,130.0,100.0
1781680801.54,ROCM_SMI,GPU_2,2456.8,134.0,100.0
1781680801.54,ROCM_SMI,GPU_3,2456.8,133.0,100.0
1781680801.54,ROCM_SMI,GPU_4,2456.8,129.0,100.0
1781680803.73,ROCM_SMI,GPU_1,2456.8,127.0,100.0
1781680803.73,ROCM_SMI,GPU_2,2456.8,131.0,100.0
1781680803.73,ROCM_SMI,GPU_3,2456.8,131.0,100.0
1781680803.73,ROCM_SMI,GPU_4,2456.8,129.0,100.0
1781680805.92,ROCM_SMI,GPU_1,2456.8,127.0,100.0
1781680805.92,ROCM_SMI,GPU_2,2456.8,131.0,100.0
1781680805.92,ROCM_SMI,GPU_3,2456.8,132.0,100.0
1781680805.92,ROCM_SMI,GPU_4,2456.8,129.0,100.0
1781680808.12,ROCM_SMI,GPU_1,2456.8,127.0,100.0
1781680808.12,ROCM_SMI,GPU_2,2456.8,131.0,100.0
1781680808.12,ROCM_SMI,GPU_3,2456.8,131.0,100.0
1781680808.12,ROCM_SMI,GPU_4,2456.8,127.0,100.0
1781680810.31,ROCM_SMI,GPU_1,2456.8,127.0,100.0
1781680810.31,ROCM_SMI,GPU_2,2456.8,131.0,100.0
1781680810.31,ROCM_SMI,GPU_3,2456.8,133.0,100.0
1781680810.31,ROCM_SMI,GPU_4,2456.8,128.0,100.0
1781680812.51,ROCM_SMI,GPU_1,2456.8,130.0,100.0
1781680812.51,ROCM_SMI,GPU_2,2456.8,131.0,100.0
1781680812.51,ROCM_SMI,GPU_3,2456.8,129.0,100.0
1781680812.51,ROCM_SMI,GPU_4,2456.8,124.0,100.0
1781680814.70,ROCM_SMI,GPU_1,2456.8,127.0,100.0
1781680814.70,ROCM_SMI,GPU_2,2456.8,129.0,100.0
1781680814.70,ROCM_SMI,GPU_3,2456.8,131.0,100.0
1781680814.70,ROCM_SMI,GPU_4,2456.8,126.0,81.0
1781680816.89,ROCM_SMI,GPU_1,2456.8,126.0,100.0
1781680816.89,ROCM_SMI,GPU_2,2456.8,130.0,100.0
1781680816.89,ROCM_SMI,GPU_3,2456.8,135.0,100.0
1781680816.89,ROCM_SMI,GPU_4,2456.8,133.0,100.0
1781680819.09,ROCM_SMI,GPU_1,2456.8,132.0,100.0
1781680819.09,ROCM_SMI,GPU_2,2456.8,135.0,100.0
1781680819.09,ROCM_SMI,GPU_3,2456.8,137.0,100.0
1781680819.09,ROCM_SMI,GPU_4,2456.8,133.0,100.0
1781680821.29,ROCM_SMI,GPU_1,2456.8,133.0,100.0
1781680821.29,ROCM_SMI,GPU_2,2456.8,136.0,100.0
1781680821.29,ROCM_SMI,GPU_3,2456.8,138.0,100.0
1781680821.29,ROCM_SMI,GPU_4,2456.8,135.0,100.0
1781680823.48,ROCM_SMI,GPU_1,2456.8,127.0,100.0
1781680823.48,ROCM_SMI,GPU_2,2456.8,130.0,100.0
1781680823.48,ROCM_SMI,GPU_3,2456.8,133.0,100.0
1781680823.48,ROCM_SMI,GPU_4,2456.8,128.0,100.0
1781680825.68,ROCM_SMI,GPU_1,2456.8,128.0,100.0
1781680825.68,ROCM_SMI,GPU_2,2456.8,131.0,100.0
1781680825.68,ROCM_SMI,GPU_3,2456.8,133.0,100.0
1781680825.68,ROCM_SMI,GPU_4,2456.8,130.0,100.0
1781680827.87,ROCM_SMI,GPU_1,2456.8,127.0,100.0
1781680827.87,ROCM_SMI,GPU_2,2456.8,131.0,100.0
1781680827.87,ROCM_SMI,GPU_3,2456.8,132.0,100.0
1781680827.87,ROCM_SMI,GPU_4,2456.8,127.0,100.0
1781680830.07,ROCM_SMI,GPU_1,2456.8,127.0,100.0
1781680830.07,ROCM_SMI,GPU_2,2456.8,132.0,100.0
1781680830.07,ROCM_SMI,GPU_3,2456.8,131.0,100.0
1781680830.07,ROCM_SMI,GPU_4,2456.8,127.0,100.0
1781680832.27,ROCM_SMI,GPU_1,2456.8,126.0,100.0
1781680832.27,ROCM_SMI,GPU_2,2456.8,130.0,100.0
1781680832.27,ROCM_SMI,GPU_3,2456.8,130.0,100.0
1781680832.27,ROCM_SMI,GPU_4,2456.8,128.0,100.0
1781680834.46,ROCM_SMI,GPU_1,2456.8,126.0,100.0
1781680834.46,ROCM_SMI,GPU_2,2456.8,130.0,98.0
1781680834.46,ROCM_SMI,GPU_3,2456.8,131.0,100.0
1781680834.46,ROCM_SMI,GPU_4,2456.8,129.0,100.0
1781680836.66,ROCM_SMI,GPU_1,2456.8,131.0,100.0
1781680836.66,ROCM_SMI,GPU_2,2456.8,135.0,100.0
1781680836.66,ROCM_SMI,GPU_3,2456.8,136.0,100.0
1781680836.66,ROCM_SMI,GPU_4,2456.8,133.0,100.0
1781680838.85,ROCM_SMI,GPU_1,2456.8,133.0,100.0
1781680838.85,ROCM_SMI,GPU_2,2456.8,136.0,100.0
1781680838.85,ROCM_SMI,GPU_3,2456.8,138.0,100.0
1781680838.85,ROCM_SMI,GPU_4,2456.8,135.0,100.0
1781680841.05,ROCM_SMI,GPU_1,2456.8,121.0,100.0
1781680841.05,ROCM_SMI,GPU_2,2456.8,127.0,100.0
1781680841.05,ROCM_SMI,GPU_3,2456.8,140.0,100.0
1781680841.05,ROCM_SMI,GPU_4,2456.8,129.0,100.0
1781680843.25,ROCM_SMI,GPU_1,2456.8,127.0,100.0
1781680843.25,ROCM_SMI,GPU_2,2456.8,131.0,100.0
1781680843.25,ROCM_SMI,GPU_3,2456.8,132.0,100.0
1781680843.25,ROCM_SMI,GPU_4,2456.8,129.0,100.0
1781680845.44,ROCM_SMI,GPU_1,2456.8,127.0,100.0
1781680845.44,ROCM_SMI,GPU_2,2456.8,131.0,100.0
1781680845.44,ROCM_SMI,GPU_3,2456.8,132.0,100.0
1781680845.44,ROCM_SMI,GPU_4,2456.8,127.0,100.0
1781680847.64,ROCM_SMI,GPU_1,2456.8,128.0,100.0
1781680847.64,ROCM_SMI,GPU_2,2456.8,131.0,100.0
1781680847.64,ROCM_SMI,GPU_3,2456.8,132.0,100.0
1781680847.64,ROCM_SMI,GPU_4,2456.8,128.0,100.0
1781680849.83,ROCM_SMI,GPU_1,2456.8,127.0,100.0
1781680849.83,ROCM_SMI,GPU_2,2456.8,130.0,100.0
1781680849.83,ROCM_SMI,GPU_3,2456.8,131.0,100.0
1781680849.83,ROCM_SMI,GPU_4,2456.8,128.0,100.0
1781680852.03,ROCM_SMI,GPU_1,2456.8,127.0,100.0
1781680852.03,ROCM_SMI,GPU_2,2456.8,130.0,100.0
1781680852.03,ROCM_SMI,GPU_3,2456.8,130.0,81.0
1781680852.03,ROCM_SMI,GPU_4,2456.8,127.0,100.0
1781680854.24,ROCM_SMI,GPU_1,2456.8,131.0,100.0
1781680854.24,ROCM_SMI,GPU_2,2456.8,134.0,100.0
1781680854.24,ROCM_SMI,GPU_3,2456.8,136.0,100.0
1781680854.24,ROCM_SMI,GPU_4,2456.8,130.0,100.0
1781680856.44,ROCM_SMI,GPU_1,2456.8,133.0,100.0
1781680856.44,ROCM_SMI,GPU_2,2456.8,135.0,100.0
1781680856.44,ROCM_SMI,GPU_3,2456.8,136.0,100.0
1781680856.44,ROCM_SMI,GPU_4,2456.8,133.0,100.0
1781680858.64,ROCM_SMI,GPU_1,2456.8,127.0,100.0
1781680858.64,ROCM_SMI,GPU_2,2456.8,130.0,100.0
1781680858.64,ROCM_SMI,GPU_3,2456.8,133.0,100.0
1781680858.64,ROCM_SMI,GPU_4,2456.8,127.0,100.0
1781680860.84,ROCM_SMI,GPU_1,2456.8,128.0,100.0
1781680860.84,ROCM_SMI,GPU_2,2456.8,131.0,100.0
1781680860.84,ROCM_SMI,GPU_3,2456.8,131.0,100.0
1781680860.84,ROCM_SMI,GPU_4,2456.8,128.0,100.0
1781680863.04,ROCM_SMI,GPU_1,2456.8,128.0,100.0
1781680863.04,ROCM_SMI,GPU_2,2456.8,130.0,100.0
1781680863.04,ROCM_SMI,GPU_3,2456.8,132.0,100.0
1781680863.04,ROCM_SMI,GPU_4,2456.8,128.0,100.0
1781680865.23,ROCM_SMI,GPU_1,2456.8,127.0,100.0
1781680865.23,ROCM_SMI,GPU_2,2456.8,131.0,100.0
1781680865.23,ROCM_SMI,GPU_3,2456.8,130.0,100.0
1781680865.23,ROCM_SMI,GPU_4,2456.8,127.0,100.0
1781680867.43,ROCM_SMI,GPU_1,2456.8,125.0,83.0
1781680867.43,ROCM_SMI,GPU_2,2456.8,130.0,100.0
1781680867.43,ROCM_SMI,GPU_3,2456.8,133.0,100.0
1781680867.43,ROCM_SMI,GPU_4,2456.8,131.0,100.0
1781680869.63,ROCM_SMI,GPU_1,2456.8,131.0,100.0
1781680869.63,ROCM_SMI,GPU_2,2456.8,136.0,100.0
1781680869.63,ROCM_SMI,GPU_3,2456.8,136.0,100.0
1781680869.63,ROCM_SMI,GPU_4,2456.8,132.0,100.0
1781680871.84,ROCM_SMI,GPU_1,2456.8,130.0,100.0
1781680871.84,ROCM_SMI,GPU_2,2456.8,136.0,100.0
1781680871.84,ROCM_SMI,GPU_3,2456.8,121.0,100.0
1781680871.84,ROCM_SMI,GPU_4,2456.8,114.0,100.0
1781680874.04,ROCM_SMI,GPU_1,2456.8,128.0,100.0
1781680874.04,ROCM_SMI,GPU_2,2456.8,122.0,100.0
1781680874.04,ROCM_SMI,GPU_3,2456.8,137.0,100.0
1781680874.04,ROCM_SMI,GPU_4,2456.8,115.0,100.0
1781680876.24,ROCM_SMI,GPU_1,2456.8,135.0,100.0
1781680876.24,ROCM_SMI,GPU_2,2456.8,124.0,100.0
1781680876.24,ROCM_SMI,GPU_3,2456.8,135.0,100.0
1781680876.24,ROCM_SMI,GPU_4,2456.8,114.0,100.0
1781680878.44,ROCM_SMI,GPU_1,2456.8,115.0,100.0
1781680878.44,ROCM_SMI,GPU_2,2456.8,117.0,100.0
1781680878.44,ROCM_SMI,GPU_3,2456.8,124.0,100.0
1781680878.44,ROCM_SMI,GPU_4,2456.8,118.0,100.0
1781680880.64,ROCM_SMI,GPU_1,2456.8,115.0,100.0
1781680880.64,ROCM_SMI,GPU_2,2456.8,118.0,80.0
1781680880.64,ROCM_SMI,GPU_3,2456.8,122.0,100.0
1781680880.64,ROCM_SMI,GPU_4,2456.8,146.0,100.0
1781680882.83,ROCM_SMI,GPU_1,2456.8,172.0,100.0
1781680882.83,ROCM_SMI,GPU_2,2456.8,197.0,100.0
1781680882.83,ROCM_SMI,GPU_3,2456.8,183.0,100.0
1781680882.83,ROCM_SMI,GPU_4,2456.8,142.0,100.0
1781680885.03,ROCM_SMI,GPU_1,2456.8,116.0,100.0
1781680885.03,ROCM_SMI,GPU_2,2456.8,129.0,100.0
1781680885.03,ROCM_SMI,GPU_3,2456.8,130.0,100.0
1781680885.03,ROCM_SMI,GPU_4,2456.8,125.0,100.0
1781680887.23,ROCM_SMI,GPU_1,2456.8,123.0,100.0
1781680887.23,ROCM_SMI,GPU_2,2456.8,130.0,100.0
1781680887.23,ROCM_SMI,GPU_3,2456.8,139.0,100.0
1781680887.23,ROCM_SMI,GPU_4,2456.8,126.0,100.0
1781680889.43,ROCM_SMI,GPU_1,2456.8,124.0,100.0
1781680889.43,ROCM_SMI,GPU_2,2456.8,129.0,100.0
1781680889.43,ROCM_SMI,GPU_3,2456.8,121.0,100.0
1781680889.43,ROCM_SMI,GPU_4,2456.8,121.0,100.0
1781680891.63,ROCM_SMI,GPU_1,2456.8,123.0,100.0
1781680891.63,ROCM_SMI,GPU_2,2456.8,129.0,100.0
1781680891.63,ROCM_SMI,GPU_3,2456.8,126.0,100.0
1781680891.63,ROCM_SMI,GPU_4,2456.8,121.0,100.0
1781680893.82,ROCM_SMI,GPU_1,2456.8,121.0,100.0
1781680893.82,ROCM_SMI,GPU_2,2456.8,124.0,100.0
1781680893.82,ROCM_SMI,GPU_3,2456.8,126.0,100.0
1781680893.82,ROCM_SMI,GPU_4,2456.8,124.0,100.0
1781680896.02,ROCM_SMI,GPU_1,2456.8,124.0,100.0
1781680896.02,ROCM_SMI,GPU_2,2456.8,120.0,100.0
1781680896.02,ROCM_SMI,GPU_3,2456.8,121.0,100.0
1781680896.02,ROCM_SMI,GPU_4,2456.8,117.0,100.0
1781680898.21,ROCM_SMI,GPU_1,2456.8,118.0,83.0
1781680898.21,ROCM_SMI,GPU_2,2456.8,119.0,100.0
1781680898.21,ROCM_SMI,GPU_3,2456.8,125.0,100.0
1781680898.21,ROCM_SMI,GPU_4,2456.8,133.0,100.0
1781680900.42,ROCM_SMI,GPU_1,2456.8,135.0,100.0
1781680900.42,ROCM_SMI,GPU_2,2456.8,141.0,100.0
1781680900.42,ROCM_SMI,GPU_3,2456.8,143.0,100.0
1781680900.42,ROCM_SMI,GPU_4,2456.8,138.0,100.0
1781680902.62,ROCM_SMI,GPU_1,2456.8,137.0,100.0
1781680902.62,ROCM_SMI,GPU_2,2456.8,140.0,100.0
1781680902.62,ROCM_SMI,GPU_3,2456.8,144.0,100.0
1781680902.62,ROCM_SMI,GPU_4,2456.8,139.0,100.0
1781680904.81,ROCM_SMI,GPU_1,2456.8,137.0,100.0
1781680904.81,ROCM_SMI,GPU_2,2456.8,141.0,100.0
1781680904.81,ROCM_SMI,GPU_3,2456.8,144.0,100.0
1781680904.81,ROCM_SMI,GPU_4,2456.8,139.0,100.0
1781680907.00,ROCM_SMI,GPU_1,2456.8,138.0,100.0
1781680907.00,ROCM_SMI,GPU_2,2456.8,138.0,100.0
1781680907.00,ROCM_SMI,GPU_3,2456.8,135.0,100.0
1781680907.00,ROCM_SMI,GPU_4,2456.8,126.0,100.0
1781680909.20,ROCM_SMI,GPU_1,2456.8,123.0,100.0
1781680909.20,ROCM_SMI,GPU_2,2456.8,127.0,100.0
1781680909.20,ROCM_SMI,GPU_3,2456.8,128.0,100.0
1781680909.20,ROCM_SMI,GPU_4,2456.8,123.0,100.0
1781680911.39,ROCM_SMI,GPU_1,2456.8,120.0,100.0
1781680911.39,ROCM_SMI,GPU_2,2456.8,124.0,100.0
1781680911.39,ROCM_SMI,GPU_3,2456.8,128.0,100.0
1781680911.39,ROCM_SMI,GPU_4,2456.8,123.0,100.0
1781680913.59,ROCM_SMI,GPU_1,2456.8,123.0,100.0
1781680913.59,ROCM_SMI,GPU_2,2456.8,126.0,100.0
1781680913.59,ROCM_SMI,GPU_3,2456.8,125.0,100.0
1781680913.59,ROCM_SMI,GPU_4,2456.8,123.0,100.0
1781680915.78,ROCM_SMI,GPU_1,2456.8,122.0,100.0
1781680915.78,ROCM_SMI,GPU_2,2456.8,125.0,100.0
1781680915.78,ROCM_SMI,GPU_3,2456.8,125.0,100.0
1781680915.78,ROCM_SMI,GPU_4,2456.8,121.0,83.0
1781680917.97,ROCM_SMI,GPU_1,2456.8,120.0,74.0
1781680917.97,ROCM_SMI,GPU_2,2456.8,125.0,100.0
1781680917.97,ROCM_SMI,GPU_3,2456.8,129.0,100.0
1781680917.97,ROCM_SMI,GPU_4,2456.8,130.0,100.0
1781680920.18,ROCM_SMI,GPU_1,2456.8,130.0,100.0
1781680920.18,ROCM_SMI,GPU_2,2456.8,134.0,100.0
1781680920.18,ROCM_SMI,GPU_3,2456.8,136.0,100.0
1781680920.18,ROCM_SMI,GPU_4,2456.8,132.0,100.0
1781680922.37,ROCM_SMI,GPU_1,2456.8,132.0,100.0
1781680922.37,ROCM_SMI,GPU_2,2456.8,134.0,100.0
1781680922.37,ROCM_SMI,GPU_3,2456.8,135.0,100.0
1781680922.37,ROCM_SMI,GPU_4,2456.8,133.0,100.0
1781680924.57,ROCM_SMI,GPU_1,2456.8,132.0,100.0
1781680924.57,ROCM_SMI,GPU_2,2456.8,137.0,100.0
1781680924.57,ROCM_SMI,GPU_3,2456.8,139.0,100.0
1781680924.57,ROCM_SMI,GPU_4,2456.8,135.0,100.0
1781680926.76,ROCM_SMI,GPU_1,2456.8,131.0,100.0
1781680926.76,ROCM_SMI,GPU_2,2456.8,135.0,100.0
1781680926.76,ROCM_SMI,GPU_3,2456.8,135.0,100.0
1781680926.76,ROCM_SMI,GPU_4,2456.8,133.0,100.0
1781680928.95,ROCM_SMI,GPU_1,2456.8,130.0,100.0
1781680928.95,ROCM_SMI,GPU_2,2456.8,135.0,100.0
1781680928.95,ROCM_SMI,GPU_3,2456.8,136.0,100.0
1781680928.95,ROCM_SMI,GPU_4,2456.8,133.0,100.0
1781680931.14,ROCM_SMI,GPU_1,2456.8,132.0,100.0
1781680931.14,ROCM_SMI,GPU_2,2456.8,137.0,100.0
1781680931.14,ROCM_SMI,GPU_3,2456.8,138.0,100.0
1781680931.14,ROCM_SMI,GPU_4,2456.8,132.0,100.0
1781680933.33,ROCM_SMI,GPU_1,2456.8,133.0,100.0
1781680933.33,ROCM_SMI,GPU_2,2456.8,136.0,100.0
1781680933.33,ROCM_SMI,GPU_3,2456.8,139.0,100.0
1781680933.33,ROCM_SMI,GPU_4,2456.8,135.0,100.0
1781680935.52,ROCM_SMI,GPU_1,2456.8,134.0,100.0
1781680935.52,ROCM_SMI,GPU_2,2456.8,135.0,100.0
1781680935.52,ROCM_SMI,GPU_3,2456.8,132.0,100.0
1781680935.52,ROCM_SMI,GPU_4,2456.8,124.0,100.0
1781680937.72,ROCM_SMI,GPU_1,2456.8,122.0,100.0
1781680937.72,ROCM_SMI,GPU_2,2456.8,127.0,100.0
1781680937.72,ROCM_SMI,GPU_3,2456.8,126.0,100.0
1781680937.72,ROCM_SMI,GPU_4,2456.8,120.0,100.0
1781680939.91,ROCM_SMI,GPU_1,2456.8,122.0,100.0
1781680939.91,ROCM_SMI,GPU_2,2456.8,127.0,100.0
1781680939.91,ROCM_SMI,GPU_3,2456.8,127.0,100.0
1781680939.91,ROCM_SMI,GPU_4,2456.8,122.0,100.0
1781680942.10,ROCM_SMI,GPU_1,2456.8,120.0,100.0
1781680942.10,ROCM_SMI,GPU_2,2456.8,125.0,78.0
1781680942.10,ROCM_SMI,GPU_3,2456.8,127.0,100.0
1781680942.10,ROCM_SMI,GPU_4,2456.8,127.0,100.0
1781680944.29,ROCM_SMI,GPU_1,2456.8,124.0,100.0
1781680944.29,ROCM_SMI,GPU_2,2456.8,127.0,100.0
1781680944.29,ROCM_SMI,GPU_3,2456.8,136.0,100.0
1781680944.29,ROCM_SMI,GPU_4,2456.8,132.0,100.0
1781680946.48,ROCM_SMI,GPU_1,2456.8,131.0,100.0
1781680946.48,ROCM_SMI,GPU_2,2456.8,134.0,100.0
1781680946.48,ROCM_SMI,GPU_3,2456.8,135.0,100.0
1781680946.48,ROCM_SMI,GPU_4,2456.8,132.0,100.0
1781680948.68,ROCM_SMI,GPU_1,2456.8,129.0,100.0
1781680948.68,ROCM_SMI,GPU_2,2456.8,135.0,100.0
1781680948.68,ROCM_SMI,GPU_3,2456.8,135.0,100.0
1781680948.68,ROCM_SMI,GPU_4,2456.8,132.0,100.0
1781680950.87,ROCM_SMI,GPU_1,2456.8,130.0,100.0
1781680950.87,ROCM_SMI,GPU_2,2456.8,134.0,100.0
1781680950.87,ROCM_SMI,GPU_3,2456.8,134.0,100.0
1781680950.87,ROCM_SMI,GPU_4,2456.8,132.0,100.0
1781680953.07,ROCM_SMI,GPU_1,2456.8,132.0,100.0
1781680953.07,ROCM_SMI,GPU_2,2456.8,133.0,100.0
1781680953.07,ROCM_SMI,GPU_3,2456.8,135.0,100.0
1781680953.07,ROCM_SMI,GPU_4,2456.8,131.0,100.0
1781680955.26,ROCM_SMI,GPU_1,2456.8,130.0,100.0
1781680955.26,ROCM_SMI,GPU_2,2456.8,136.0,100.0
1781680955.26,ROCM_SMI,GPU_3,2456.8,137.0,100.0
1781680955.26,ROCM_SMI,GPU_4,2456.8,133.0,100.0
1781680957.45,ROCM_SMI,GPU_1,2456.8,132.0,100.0
1781680957.45,ROCM_SMI,GPU_2,2456.8,133.0,100.0
1781680957.45,ROCM_SMI,GPU_3,2456.8,136.0,100.0
1781680957.45,ROCM_SMI,GPU_4,2456.8,135.0,100.0
1781680959.65,ROCM_SMI,GPU_1,2456.8,132.0,100.0
1781680959.65,ROCM_SMI,GPU_2,2456.8,136.0,100.0
1781680959.65,ROCM_SMI,GPU_3,2456.8,139.0,100.0
1781680959.65,ROCM_SMI,GPU_4,2456.8,133.0,100.0
1781680961.84,ROCM_SMI,GPU_1,2456.8,132.0,100.0
1781680961.84,ROCM_SMI,GPU_2,2456.8,135.0,100.0
1781680961.84,ROCM_SMI,GPU_3,2456.8,136.0,100.0
1781680961.84,ROCM_SMI,GPU_4,2456.8,130.0,100.0
1781680964.03,ROCM_SMI,GPU_1,2456.8,131.0,100.0
1781680964.03,ROCM_SMI,GPU_2,2456.8,133.0,100.0
1781680964.03,ROCM_SMI,GPU_3,2456.8,132.0,100.0
1781680964.03,ROCM_SMI,GPU_4,2456.8,123.0,100.0
1781680966.23,ROCM_SMI,GPU_1,2456.8,114.0,94.0
1781680966.23,ROCM_SMI,GPU_2,2456.8,119.0,89.0
1781680966.23,ROCM_SMI,GPU_3,2456.8,129.0,100.0
1781680966.23,ROCM_SMI,GPU_4,2456.8,157.0,100.0
1781680968.43,ROCM_SMI,GPU_1,2456.8,130.0,100.0
1781680968.43,ROCM_SMI,GPU_2,2456.8,133.0,100.0
1781680968.43,ROCM_SMI,GPU_3,2456.8,133.0,100.0
1781680968.43,ROCM_SMI,GPU_4,2456.8,129.0,100.0
1781680970.62,ROCM_SMI,GPU_1,2456.8,128.0,100.0
1781680970.62,ROCM_SMI,GPU_2,2456.8,133.0,100.0
1781680970.62,ROCM_SMI,GPU_3,2456.8,133.0,100.0
1781680970.62,ROCM_SMI,GPU_4,2456.8,129.0,100.0
1781680972.82,ROCM_SMI,GPU_1,2456.8,127.0,100.0
1781680972.82,ROCM_SMI,GPU_2,2456.8,132.0,100.0
1781680972.82,ROCM_SMI,GPU_3,2456.8,134.0,100.0
1781680972.82,ROCM_SMI,GPU_4,2456.8,130.0,100.0
1781680975.01,ROCM_SMI,GPU_1,2456.8,128.0,100.0
1781680975.01,ROCM_SMI,GPU_2,2456.8,131.0,100.0
1781680975.01,ROCM_SMI,GPU_3,2456.8,132.0,100.0
1781680975.01,ROCM_SMI,GPU_4,2456.8,130.0,100.0
1781680977.20,ROCM_SMI,GPU_1,2456.8,129.0,100.0
1781680977.20,ROCM_SMI,GPU_2,2456.8,131.0,100.0
1781680977.20,ROCM_SMI,GPU_3,2456.8,135.0,100.0
1781680977.20,ROCM_SMI,GPU_4,2456.8,129.0,100.0
1781680979.39,ROCM_SMI,GPU_1,2456.8,133.0,100.0
1781680979.39,ROCM_SMI,GPU_2,2456.8,133.0,100.0
1781680979.39,ROCM_SMI,GPU_3,2456.8,128.0,100.0
1781680979.39,ROCM_SMI,GPU_4,2456.8,126.0,100.0
1781680981.58,ROCM_SMI,GPU_1,2456.8,128.0,100.0
1781680981.58,ROCM_SMI,GPU_2,2456.8,133.0,100.0
1781680981.58,ROCM_SMI,GPU_3,2456.8,134.0,100.0
1781680981.58,ROCM_SMI,GPU_4,2456.8,129.0,100.0
1781680983.78,ROCM_SMI,GPU_1,2456.8,129.0,100.0
1781680983.78,ROCM_SMI,GPU_2,2456.8,132.0,100.0
1781680983.78,ROCM_SMI,GPU_3,2456.8,133.0,100.0
1781680983.78,ROCM_SMI,GPU_4,2456.8,131.0,100.0
1781680985.97,ROCM_SMI,GPU_1,2456.8,128.0,100.0
1781680985.97,ROCM_SMI,GPU_2,2456.8,133.0,100.0
1781680985.97,ROCM_SMI,GPU_3,2456.8,132.0,100.0
1781680985.97,ROCM_SMI,GPU_4,2456.8,129.0,100.0
1781680988.16,ROCM_SMI,GPU_1,2456.8,128.0,100.0
1781680988.16,ROCM_SMI,GPU_2,2456.8,133.0,100.0
1781680988.16,ROCM_SMI,GPU_3,2456.8,134.0,88.0
1781680988.16,ROCM_SMI,GPU_4,2456.8,128.0,83.0
1781680990.35,ROCM_SMI,GPU_1,2456.8,129.0,83.0
1781680990.35,ROCM_SMI,GPU_2,2456.8,132.0,100.0
1781680990.35,ROCM_SMI,GPU_3,2456.8,133.0,100.0
1781680990.35,ROCM_SMI,GPU_4,2456.8,129.0,100.0
1781680992.54,ROCM_SMI,GPU_1,2456.8,128.0,100.0
1781680992.54,ROCM_SMI,GPU_2,2456.8,133.0,100.0
1781680992.54,ROCM_SMI,GPU_3,2456.8,135.0,100.0
1781680992.54,ROCM_SMI,GPU_4,2456.8,130.0,100.0
1781680994.74,ROCM_SMI,GPU_1,2456.8,129.0,100.0
1781680994.74,ROCM_SMI,GPU_2,2456.8,133.0,100.0
1781680994.74,ROCM_SMI,GPU_3,2456.8,134.0,100.0
1781680994.74,ROCM_SMI,GPU_4,2456.8,130.0,100.0
1781680996.93,ROCM_SMI,GPU_1,2456.8,129.0,100.0
1781680996.93,ROCM_SMI,GPU_2,2456.8,131.0,100.0
1781680996.93,ROCM_SMI,GPU_3,2456.8,133.0,100.0
1781680996.93,ROCM_SMI,GPU_4,2456.8,130.0,100.0
1781680999.12,ROCM_SMI,GPU_1,2456.8,127.0,100.0
1781680999.12,ROCM_SMI,GPU_2,2456.8,132.0,100.0
1781680999.12,ROCM_SMI,GPU_3,2456.8,133.0,100.0
1781680999.12,ROCM_SMI,GPU_4,2456.8,129.0,100.0
1781681001.31,ROCM_SMI,GPU_1,2456.8,129.0,100.0
1781681001.31,ROCM_SMI,GPU_2,2456.8,132.0,100.0
1781681001.31,ROCM_SMI,GPU_3,2456.8,132.0,100.0
1781681001.31,ROCM_SMI,GPU_4,2456.8,129.0,100.0
1781681003.51,ROCM_SMI,GPU_1,2456.8,130.0,100.0
1781681003.51,ROCM_SMI,GPU_2,2456.8,133.0,100.0
1781681003.51,ROCM_SMI,GPU_3,2456.8,132.0,100.0
1781681003.51,ROCM_SMI,GPU_4,2456.8,128.0,100.0
1781681005.70,ROCM_SMI,GPU_1,2456.8,129.0,100.0
1781681005.70,ROCM_SMI,GPU_2,2456.8,132.0,100.0
1781681005.70,ROCM_SMI,GPU_3,2456.8,132.0,100.0
1781681005.70,ROCM_SMI,GPU_4,2456.8,130.0,100.0
1781681007.89,ROCM_SMI,GPU_1,2456.8,127.0,100.0
1781681007.89,ROCM_SMI,GPU_2,2456.8,132.0,100.0
1781681007.89,ROCM_SMI,GPU_3,2456.8,133.0,100.0
1781681007.89,ROCM_SMI,GPU_4,2456.8,127.0,100.0
1781681010.08,ROCM_SMI,GPU_1,2456.8,127.0,100.0
1781681010.08,ROCM_SMI,GPU_2,2456.8,130.0,100.0
1781681010.08,ROCM_SMI,GPU_3,2456.8,132.0,100.0
1781681010.08,ROCM_SMI,GPU_4,2456.8,127.0,100.0
1781681012.28,ROCM_SMI,GPU_1,2456.8,126.0,100.0
1781681012.28,ROCM_SMI,GPU_2,2456.8,132.0,100.0
1781681012.28,ROCM_SMI,GPU_3,2456.8,131.0,100.0
1781681012.28,ROCM_SMI,GPU_4,2456.8,128.0,83.0
1781681014.47,ROCM_SMI,GPU_1,2456.8,127.0,88.0
1781681014.47,ROCM_SMI,GPU_2,2456.8,131.0,100.0
1781681014.47,ROCM_SMI,GPU_3,2456.8,133.0,100.0
1781681014.47,ROCM_SMI,GPU_4,2456.8,131.0,100.0
1781681016.66,ROCM_SMI,GPU_1,2456.8,132.0,100.0
1781681016.66,ROCM_SMI,GPU_2,2456.8,136.0,100.0
1781681016.66,ROCM_SMI,GPU_3,2456.8,139.0,100.0
1781681016.66,ROCM_SMI,GPU_4,2456.8,136.0,100.0
1781681018.85,ROCM_SMI,GPU_1,2456.8,134.0,100.0
1781681018.85,ROCM_SMI,GPU_2,2456.8,137.0,100.0
1781681018.85,ROCM_SMI,GPU_3,2456.8,136.0,100.0
1781681018.85,ROCM_SMI,GPU_4,2456.8,130.0,100.0
1781681021.05,ROCM_SMI,GPU_1,2456.8,122.0,100.0
1781681021.05,ROCM_SMI,GPU_2,2456.8,126.0,100.0
1781681021.05,ROCM_SMI,GPU_3,2456.8,125.0,100.0
1781681021.05,ROCM_SMI,GPU_4,2456.8,129.0,100.0
1781681023.24,ROCM_SMI,GPU_1,2456.8,129.0,100.0
1781681023.24,ROCM_SMI,GPU_2,2456.8,133.0,100.0
1781681023.24,ROCM_SMI,GPU_3,2456.8,133.0,100.0
1781681023.24,ROCM_SMI,GPU_4,2456.8,128.0,100.0
1781681025.44,ROCM_SMI,GPU_1,2456.8,130.0,100.0
1781681025.44,ROCM_SMI,GPU_2,2456.8,131.0,100.0
1781681025.44,ROCM_SMI,GPU_3,2456.8,132.0,100.0
1781681025.44,ROCM_SMI,GPU_4,2456.8,129.0,100.0
1781681027.63,ROCM_SMI,GPU_1,2456.8,127.0,100.0
1781681027.63,ROCM_SMI,GPU_2,2456.8,132.0,100.0
1781681027.63,ROCM_SMI,GPU_3,2456.8,132.0,100.0
1781681027.63,ROCM_SMI,GPU_4,2456.8,130.0,100.0
1781681029.82,ROCM_SMI,GPU_1,2456.8,127.0,100.0
1781681029.82,ROCM_SMI,GPU_2,2456.8,131.0,100.0
1781681029.82,ROCM_SMI,GPU_3,2456.8,131.0,100.0
1781681029.82,ROCM_SMI,GPU_4,2456.8,128.0,100.0
1781681032.01,ROCM_SMI,GPU_1,2456.8,129.0,100.0
1781681032.01,ROCM_SMI,GPU_2,2456.8,132.0,100.0
1781681032.01,ROCM_SMI,GPU_3,2456.8,134.0,100.0
1781681032.01,ROCM_SMI,GPU_4,2456.8,130.0,100.0
1781681034.20,ROCM_SMI,GPU_1,2456.8,123.0,100.0
1781681034.20,ROCM_SMI,GPU_2,2456.8,127.0,100.0
1781681034.20,ROCM_SMI,GPU_3,2456.8,125.0,100.0
1781681034.20,ROCM_SMI,GPU_4,2456.8,122.0,100.0
1781681036.40,ROCM_SMI,GPU_1,2456.8,128.0,100.0
1781681036.40,ROCM_SMI,GPU_2,2456.8,131.0,100.0
1781681036.40,ROCM_SMI,GPU_3,2456.8,131.0,100.0
1781681036.40,ROCM_SMI,GPU_4,2456.8,128.0,100.0
1781681038.59,ROCM_SMI,GPU_1,2456.8,128.0,100.0
1781681038.59,ROCM_SMI,GPU_2,2456.8,131.0,100.0
1781681038.59,ROCM_SMI,GPU_3,2456.8,134.0,82.0
1781681038.59,ROCM_SMI,GPU_4,2456.8,129.0,100.0
1781681040.78,ROCM_SMI,GPU_1,2456.8,127.0,84.0
1781681040.78,ROCM_SMI,GPU_2,2456.8,131.0,100.0
1781681040.78,ROCM_SMI,GPU_3,2456.8,135.0,100.0
1781681040.78,ROCM_SMI,GPU_4,2456.8,133.0,100.0
1781681042.97,ROCM_SMI,GPU_1,2456.8,133.0,100.0
1781681042.97,ROCM_SMI,GPU_2,2456.8,138.0,100.0
1781681042.97,ROCM_SMI,GPU_3,2456.8,139.0,100.0
1781681042.97,ROCM_SMI,GPU_4,2456.8,134.0,100.0
1781681045.18,ROCM_SMI,GPU_1,2456.8,133.0,100.0
1781681045.18,ROCM_SMI,GPU_2,2456.8,134.0,100.0
1781681045.18,ROCM_SMI,GPU_3,2456.8,132.0,100.0
1781681045.18,ROCM_SMI,GPU_4,2456.8,128.0,100.0
1781681047.37,ROCM_SMI,GPU_1,2456.8,129.0,100.0
1781681047.37,ROCM_SMI,GPU_2,2456.8,132.0,100.0
1781681047.37,ROCM_SMI,GPU_3,2456.8,134.0,100.0
1781681047.37,ROCM_SMI,GPU_4,2456.8,129.0,100.0
1781681049.56,ROCM_SMI,GPU_1,2456.8,128.0,100.0
1781681049.56,ROCM_SMI,GPU_2,2456.8,132.0,100.0
1781681049.56,ROCM_SMI,GPU_3,2456.8,134.0,100.0
1781681049.56,ROCM_SMI,GPU_4,2456.8,129.0,100.0
1781681051.75,ROCM_SMI,GPU_1,2456.8,127.0,100.0
1781681051.75,ROCM_SMI,GPU_2,2456.8,131.0,100.0
1781681051.75,ROCM_SMI,GPU_3,2456.8,131.0,100.0
1781681051.75,ROCM_SMI,GPU_4,2456.8,129.0,100.0
1781681053.94,ROCM_SMI,GPU_1,2456.8,127.0,100.0
1781681053.94,ROCM_SMI,GPU_2,2456.8,132.0,100.0
1781681053.94,ROCM_SMI,GPU_3,2456.8,133.0,100.0
1781681053.94,ROCM_SMI,GPU_4,2456.8,128.0,100.0
1781681056.14,ROCM_SMI,GPU_1,2456.8,127.0,100.0
1781681056.14,ROCM_SMI,GPU_2,2456.8,131.0,100.0
1781681056.14,ROCM_SMI,GPU_3,2456.8,131.0,100.0
1781681056.14,ROCM_SMI,GPU_4,2456.8,128.0,100.0
1781681058.33,ROCM_SMI,GPU_1,2456.8,127.0,100.0
1781681058.33,ROCM_SMI,GPU_2,2456.8,131.0,100.0
1781681058.33,ROCM_SMI,GPU_3,2456.8,132.0,100.0
1781681058.33,ROCM_SMI,GPU_4,2456.8,127.0,100.0
1781681060.52,ROCM_SMI,GPU_1,2456.8,128.0,100.0
1781681060.52,ROCM_SMI,GPU_2,2456.8,131.0,100.0
1781681060.52,ROCM_SMI,GPU_3,2456.8,131.0,100.0
1781681060.52,ROCM_SMI,GPU_4,2456.8,127.0,100.0
1781681062.71,ROCM_SMI,GPU_1,2456.8,127.0,100.0
1781681062.71,ROCM_SMI,GPU_2,2456.8,131.0,100.0
1781681062.71,ROCM_SMI,GPU_3,2456.8,131.0,100.0
1781681062.71,ROCM_SMI,GPU_4,2456.8,126.0,75.0
1781681064.91,ROCM_SMI,GPU_1,2456.8,127.0,83.0
1781681064.91,ROCM_SMI,GPU_2,2456.8,129.0,100.0
1781681064.91,ROCM_SMI,GPU_3,2456.8,133.0,100.0
1781681064.91,ROCM_SMI,GPU_4,2456.8,131.0,100.0
1781681067.10,ROCM_SMI,GPU_1,2456.8,129.0,100.0
1781681067.10,ROCM_SMI,GPU_2,2456.8,135.0,100.0
1781681067.10,ROCM_SMI,GPU_3,2456.8,137.0,100.0
1781681067.10,ROCM_SMI,GPU_4,2456.8,134.0,100.0
1781681069.29,ROCM_SMI,GPU_1,2456.8,133.0,100.0
1781681069.29,ROCM_SMI,GPU_2,2456.8,135.0,100.0
1781681069.29,ROCM_SMI,GPU_3,2456.8,137.0,100.0
1781681069.29,ROCM_SMI,GPU_4,2456.8,135.0,100.0
1781681071.48,ROCM_SMI,GPU_1,2456.8,133.0,100.0
1781681071.48,ROCM_SMI,GPU_2,2456.8,137.0,100.0
1781681071.48,ROCM_SMI,GPU_3,2456.8,138.0,100.0
1781681071.48,ROCM_SMI,GPU_4,2456.8,132.0,100.0
1781681073.67,ROCM_SMI,GPU_1,2456.8,132.0,100.0
1781681073.67,ROCM_SMI,GPU_2,2456.8,135.0,100.0
1781681073.67,ROCM_SMI,GPU_3,2456.8,133.0,100.0
1781681073.67,ROCM_SMI,GPU_4,2456.8,128.0,100.0
1781681075.87,ROCM_SMI,GPU_1,2456.8,125.0,100.0
1781681075.87,ROCM_SMI,GPU_2,2456.8,127.0,100.0
1781681075.87,ROCM_SMI,GPU_3,2456.8,131.0,100.0
1781681075.87,ROCM_SMI,GPU_4,2456.8,126.0,100.0
1781681078.06,ROCM_SMI,GPU_1,2456.8,128.0,100.0
1781681078.06,ROCM_SMI,GPU_2,2456.8,131.0,100.0
1781681078.06,ROCM_SMI,GPU_3,2456.8,133.0,100.0
1781681078.06,ROCM_SMI,GPU_4,2456.8,127.0,100.0
1781681080.25,ROCM_SMI,GPU_1,2456.8,128.0,100.0
1781681080.25,ROCM_SMI,GPU_2,2456.8,132.0,100.0
1781681080.25,ROCM_SMI,GPU_3,2456.8,132.0,100.0
1781681080.25,ROCM_SMI,GPU_4,2456.8,130.0,100.0
1781681082.45,ROCM_SMI,GPU_1,2456.8,127.0,100.0
1781681082.45,ROCM_SMI,GPU_2,2456.8,132.0,100.0
1781681082.45,ROCM_SMI,GPU_3,2456.8,132.0,100.0
1781681082.45,ROCM_SMI,GPU_4,2456.8,128.0,100.0
1781681084.64,ROCM_SMI,GPU_1,2456.8,128.0,100.0
1781681084.64,ROCM_SMI,GPU_2,2456.8,132.0,100.0
1781681084.64,ROCM_SMI,GPU_3,2456.8,131.0,100.0
1781681084.64,ROCM_SMI,GPU_4,2456.8,128.0,100.0
1781681086.83,ROCM_SMI,GPU_1,2456.8,126.0,100.0
1781681086.83,ROCM_SMI,GPU_2,2456.8,130.0,100.0
1781681086.83,ROCM_SMI,GPU_3,2456.8,131.0,100.0
1781681086.83,ROCM_SMI,GPU_4,2456.8,127.0,100.0
1781681089.02,ROCM_SMI,GPU_1,2456.8,123.0,100.0
1781681089.02,ROCM_SMI,GPU_2,2456.8,123.0,100.0
1781681089.02,ROCM_SMI,GPU_3,2456.8,124.0,100.0
1781681089.02,ROCM_SMI,GPU_4,2456.8,119.0,76.0
1781681091.22,ROCM_SMI,GPU_1,2456.8,125.0,83.0
1781681091.22,ROCM_SMI,GPU_2,2456.8,130.0,100.0
1781681091.22,ROCM_SMI,GPU_3,2456.8,131.0,100.0
1781681091.22,ROCM_SMI,GPU_4,2456.8,131.0,100.0
1781681093.41,ROCM_SMI,GPU_1,2456.8,132.0,100.0
1781681093.41,ROCM_SMI,GPU_2,2456.8,137.0,100.0
1781681093.41,ROCM_SMI,GPU_3,2456.8,136.0,100.0
1781681093.41,ROCM_SMI,GPU_4,2456.8,133.0,100.0
1781681095.61,ROCM_SMI,GPU_1,2456.8,134.0,100.0
1781681095.61,ROCM_SMI,GPU_2,2456.8,136.0,100.0
1781681095.61,ROCM_SMI,GPU_3,2456.8,137.0,100.0
1781681095.61,ROCM_SMI,GPU_4,2456.8,134.0,100.0
1781681097.80,ROCM_SMI,GPU_1,2456.8,130.0,100.0
1781681097.80,ROCM_SMI,GPU_2,2456.8,133.0,100.0
1781681097.80,ROCM_SMI,GPU_3,2456.8,133.0,100.0
1781681097.80,ROCM_SMI,GPU_4,2456.8,129.0,100.0
1781681100.00,ROCM_SMI,GPU_1,2456.8,127.0,100.0
1781681100.00,ROCM_SMI,GPU_2,2456.8,131.0,100.0
1781681100.00,ROCM_SMI,GPU_3,2456.8,131.0,100.0
1781681100.00,ROCM_SMI,GPU_4,2456.8,129.0,100.0
1781681102.19,ROCM_SMI,GPU_1,2456.8,129.0,100.0
1781681102.19,ROCM_SMI,GPU_2,2456.8,134.0,100.0
1781681102.19,ROCM_SMI,GPU_3,2456.8,135.0,100.0
1781681102.19,ROCM_SMI,GPU_4,2456.8,131.0,100.0
1781681104.38,ROCM_SMI,GPU_1,2456.8,127.0,100.0
1781681104.38,ROCM_SMI,GPU_2,2456.8,131.0,100.0
1781681104.38,ROCM_SMI,GPU_3,2456.8,133.0,100.0
1781681104.38,ROCM_SMI,GPU_4,2456.8,129.0,100.0
1781681106.57,ROCM_SMI,GPU_1,2456.8,128.0,100.0
1781681106.57,ROCM_SMI,GPU_2,2456.8,132.0,100.0
1781681106.57,ROCM_SMI,GPU_3,2456.8,133.0,100.0
1781681106.57,ROCM_SMI,GPU_4,2456.8,130.0,100.0
1781681108.76,ROCM_SMI,GPU_1,2456.8,127.0,100.0
1781681108.76,ROCM_SMI,GPU_2,2456.8,131.0,100.0
1781681108.76,ROCM_SMI,GPU_3,2456.8,131.0,100.0
1781681108.76,ROCM_SMI,GPU_4,2456.8,129.0,100.0
1781681110.96,ROCM_SMI,GPU_1,2456.8,128.0,100.0
1781681110.96,ROCM_SMI,GPU_2,2456.8,131.0,100.0
1781681110.96,ROCM_SMI,GPU_3,2456.8,132.0,100.0
1781681110.96,ROCM_SMI,GPU_4,2456.8,127.0,100.0
1781681113.15,ROCM_SMI,GPU_1,2456.8,127.0,89.0
1781681113.15,ROCM_SMI,GPU_2,2456.8,130.0,100.0
1781681113.15,ROCM_SMI,GPU_3,2456.8,132.0,100.0
1781681113.15,ROCM_SMI,GPU_4,2456.8,131.0,100.0
1781681115.35,ROCM_SMI,GPU_1,2456.8,132.0,100.0
1781681115.35,ROCM_SMI,GPU_2,2456.8,137.0,100.0
1781681115.35,ROCM_SMI,GPU_3,2456.8,137.0,100.0
1781681115.35,ROCM_SMI,GPU_4,2456.8,135.0,100.0
1781681117.54,ROCM_SMI,GPU_1,2456.8,133.0,100.0
1781681117.54,ROCM_SMI,GPU_2,2456.8,137.0,100.0
1781681117.54,ROCM_SMI,GPU_3,2456.8,138.0,100.0
1781681117.54,ROCM_SMI,GPU_4,2456.8,133.0,100.0
1781681119.73,ROCM_SMI,GPU_1,2456.8,130.0,100.0
1781681119.73,ROCM_SMI,GPU_2,2456.8,133.0,100.0
1781681119.73,ROCM_SMI,GPU_3,2456.8,134.0,100.0
1781681119.73,ROCM_SMI,GPU_4,2456.8,127.0,100.0
1781681121.92,ROCM_SMI,GPU_1,2456.8,127.0,100.0
1781681121.92,ROCM_SMI,GPU_2,2456.8,131.0,100.0
1781681121.92,ROCM_SMI,GPU_3,2456.8,133.0,100.0
1781681121.92,ROCM_SMI,GPU_4,2456.8,130.0,100.0
1781681124.12,ROCM_SMI,GPU_1,2456.8,128.0,100.0
1781681124.12,ROCM_SMI,GPU_2,2456.8,131.0,100.0
1781681124.12,ROCM_SMI,GPU_3,2456.8,132.0,100.0
1781681124.12,ROCM_SMI,GPU_4,2456.8,129.0,100.0
1781681126.31,ROCM_SMI,GPU_1,2456.8,127.0,100.0
1781681126.31,ROCM_SMI,GPU_2,2456.8,131.0,100.0
1781681126.31,ROCM_SMI,GPU_3,2456.8,132.0,100.0
1781681126.31,ROCM_SMI,GPU_4,2456.8,128.0,100.0
1781681128.50,ROCM_SMI,GPU_1,2456.8,127.0,100.0
1781681128.50,ROCM_SMI,GPU_2,2456.8,131.0,100.0
1781681128.50,ROCM_SMI,GPU_3,2456.8,132.0,100.0
1781681128.50,ROCM_SMI,GPU_4,2456.8,129.0,100.0
1781681130.70,ROCM_SMI,GPU_1,2456.8,110.0,100.0
1781681130.70,ROCM_SMI,GPU_2,2456.8,123.0,100.0
1781681130.70,ROCM_SMI,GPU_3,2456.8,119.0,100.0
1781681130.70,ROCM_SMI,GPU_4,2456.8,117.0,100.0
1781681132.89,ROCM_SMI,GPU_1,2456.8,127.0,100.0
1781681132.89,ROCM_SMI,GPU_2,2456.8,130.0,100.0
1781681132.89,ROCM_SMI,GPU_3,2456.8,132.0,100.0
1781681132.89,ROCM_SMI,GPU_4,2456.8,128.0,83.0
1781681135.09,ROCM_SMI,GPU_1,2456.8,126.0,74.0
1781681135.09,ROCM_SMI,GPU_2,2456.8,131.0,100.0
1781681135.09,ROCM_SMI,GPU_3,2456.8,133.0,100.0
1781681135.09,ROCM_SMI,GPU_4,2456.8,130.0,100.0
1781681137.28,ROCM_SMI,GPU_1,2456.8,131.0,100.0
1781681137.28,ROCM_SMI,GPU_2,2456.8,137.0,100.0
1781681137.28,ROCM_SMI,GPU_3,2456.8,136.0,100.0
1781681137.28,ROCM_SMI,GPU_4,2456.8,133.0,100.0
1781681139.47,ROCM_SMI,GPU_1,2456.8,132.0,100.0
1781681139.47,ROCM_SMI,GPU_2,2456.8,136.0,100.0
1781681139.47,ROCM_SMI,GPU_3,2456.8,138.0,100.0
1781681139.47,ROCM_SMI,GPU_4,2456.8,134.0,100.0
1781681141.66,ROCM_SMI,GPU_1,2456.8,135.0,100.0
1781681141.66,ROCM_SMI,GPU_2,2456.8,136.0,100.0
1781681141.66,ROCM_SMI,GPU_3,2456.8,139.0,100.0
1781681141.66,ROCM_SMI,GPU_4,2456.8,133.0,100.0
1781681143.86,ROCM_SMI,GPU_1,2456.8,142.0,100.0
1781681143.86,ROCM_SMI,GPU_2,2456.8,150.0,100.0
1781681143.86,ROCM_SMI,GPU_3,2456.8,140.0,100.0
1781681143.86,ROCM_SMI,GPU_4,2456.8,132.0,100.0
1781681146.05,ROCM_SMI,GPU_1,2456.8,129.0,100.0
1781681146.05,ROCM_SMI,GPU_2,2456.8,132.0,100.0
1781681146.05,ROCM_SMI,GPU_3,2456.8,132.0,100.0
1781681146.05,ROCM_SMI,GPU_4,2456.8,128.0,100.0
1781681148.24,ROCM_SMI,GPU_1,2456.8,128.0,100.0
1781681148.24,ROCM_SMI,GPU_2,2456.8,132.0,100.0
1781681148.24,ROCM_SMI,GPU_3,2456.8,132.0,100.0
1781681148.24,ROCM_SMI,GPU_4,2456.8,129.0,100.0
1781681150.43,ROCM_SMI,GPU_1,2456.8,128.0,100.0
1781681150.43,ROCM_SMI,GPU_2,2456.8,132.0,100.0
1781681150.43,ROCM_SMI,GPU_3,2456.8,133.0,100.0
1781681150.43,ROCM_SMI,GPU_4,2456.8,127.0,100.0
1781681152.63,ROCM_SMI,GPU_1,2456.8,127.0,100.0
1781681152.63,ROCM_SMI,GPU_2,2456.8,130.0,100.0
1781681152.63,ROCM_SMI,GPU_3,2456.8,132.0,100.0
1781681152.63,ROCM_SMI,GPU_4,2456.8,128.0,100.0
1781681154.82,ROCM_SMI,GPU_1,2456.8,128.0,100.0
1781681154.82,ROCM_SMI,GPU_2,2456.8,131.0,100.0
1781681154.82,ROCM_SMI,GPU_3,2456.8,130.0,100.0
1781681154.82,ROCM_SMI,GPU_4,2456.8,128.0,100.0
1781681157.01,ROCM_SMI,GPU_1,2456.8,121.0,100.0
1781681157.01,ROCM_SMI,GPU_2,2456.8,125.0,79.0
1781681157.01,ROCM_SMI,GPU_3,2456.8,127.0,100.0
1781681157.01,ROCM_SMI,GPU_4,2456.8,127.0,100.0
1781681159.21,ROCM_SMI,GPU_1,2456.8,129.0,100.0
1781681159.21,ROCM_SMI,GPU_2,2456.8,135.0,100.0
1781681159.21,ROCM_SMI,GPU_3,2456.8,138.0,100.0
1781681159.21,ROCM_SMI,GPU_4,2456.8,132.0,100.0
1781681161.40,ROCM_SMI,GPU_1,2456.8,132.0,100.0
1781681161.40,ROCM_SMI,GPU_2,2456.8,138.0,100.0
1781681161.40,ROCM_SMI,GPU_3,2456.8,137.0,100.0
1781681161.40,ROCM_SMI,GPU_4,2456.8,134.0,100.0
1781681163.59,ROCM_SMI,GPU_1,2456.8,133.0,100.0
1781681163.59,ROCM_SMI,GPU_2,2456.8,137.0,100.0
1781681163.59,ROCM_SMI,GPU_3,2456.8,136.0,100.0
1781681163.59,ROCM_SMI,GPU_4,2456.8,134.0,100.0
1781681165.79,ROCM_SMI,GPU_1,2456.8,127.0,100.0
1781681165.79,ROCM_SMI,GPU_2,2456.8,131.0,100.0
1781681165.79,ROCM_SMI,GPU_3,2456.8,132.0,100.0
1781681165.79,ROCM_SMI,GPU_4,2456.8,128.0,100.0
1781681167.98,ROCM_SMI,GPU_1,2456.8,129.0,100.0
1781681167.98,ROCM_SMI,GPU_2,2456.8,131.0,100.0
1781681167.98,ROCM_SMI,GPU_3,2456.8,133.0,100.0
1781681167.98,ROCM_SMI,GPU_4,2456.8,128.0,100.0
1781681170.17,ROCM_SMI,GPU_1,2456.8,127.0,100.0
1781681170.17,ROCM_SMI,GPU_2,2456.8,131.0,100.0
1781681170.17,ROCM_SMI,GPU_3,2456.8,131.0,100.0
1781681170.17,ROCM_SMI,GPU_4,2456.8,129.0,100.0
1781681172.36,ROCM_SMI,GPU_1,2456.8,127.0,100.0
1781681172.36,ROCM_SMI,GPU_2,2456.8,131.0,100.0
1781681172.36,ROCM_SMI,GPU_3,2456.8,133.0,100.0
1781681172.36,ROCM_SMI,GPU_4,2456.8,128.0,100.0
1781681174.55,ROCM_SMI,GPU_1,2456.8,128.0,100.0
1781681174.55,ROCM_SMI,GPU_2,2456.8,132.0,100.0
1781681174.55,ROCM_SMI,GPU_3,2456.8,132.0,100.0
1781681174.55,ROCM_SMI,GPU_4,2456.8,128.0,100.0
1781681176.75,ROCM_SMI,GPU_1,2456.8,127.0,100.0
1781681176.75,ROCM_SMI,GPU_2,2456.8,131.0,100.0
1781681176.75,ROCM_SMI,GPU_3,2456.8,131.0,100.0
1781681176.75,ROCM_SMI,GPU_4,2456.8,127.0,83.0
1781681178.94,ROCM_SMI,GPU_1,2456.8,126.0,71.0
1781681178.94,ROCM_SMI,GPU_2,2456.8,130.0,100.0
1781681178.94,ROCM_SMI,GPU_3,2456.8,132.0,100.0
1781681178.94,ROCM_SMI,GPU_4,2456.8,130.0,100.0
1781681181.13,ROCM_SMI,GPU_1,2456.8,130.0,100.0
1781681181.13,ROCM_SMI,GPU_2,2456.8,136.0,100.0
1781681181.13,ROCM_SMI,GPU_3,2456.8,138.0,100.0
1781681181.13,ROCM_SMI,GPU_4,2456.8,133.0,100.0
1781681183.32,ROCM_SMI,GPU_1,2456.8,134.0,100.0
1781681183.32,ROCM_SMI,GPU_2,2456.8,137.0,100.0
1781681183.32,ROCM_SMI,GPU_3,2456.8,137.0,100.0
1781681183.32,ROCM_SMI,GPU_4,2456.8,134.0,100.0
1781681185.52,ROCM_SMI,GPU_1,2456.8,124.0,100.0
1781681185.52,ROCM_SMI,GPU_2,2456.8,120.0,100.0
1781681185.52,ROCM_SMI,GPU_3,2456.8,127.0,100.0
1781681185.52,ROCM_SMI,GPU_4,2456.8,132.0,100.0
1781681187.71,ROCM_SMI,GPU_1,2456.8,128.0,100.0
1781681187.71,ROCM_SMI,GPU_2,2456.8,133.0,100.0
1781681187.71,ROCM_SMI,GPU_3,2456.8,132.0,100.0
1781681187.71,ROCM_SMI,GPU_4,2456.8,129.0,100.0
1781681189.90,ROCM_SMI,GPU_1,2456.8,128.0,100.0
1781681189.91,ROCM_SMI,GPU_2,2456.8,131.0,100.0
1781681189.91,ROCM_SMI,GPU_3,2456.8,132.0,100.0
1781681189.91,ROCM_SMI,GPU_4,2456.8,128.0,100.0
1781681192.10,ROCM_SMI,GPU_1,2456.8,128.0,100.0
1781681192.10,ROCM_SMI,GPU_2,2456.8,131.0,100.0
1781681192.10,ROCM_SMI,GPU_3,2456.8,132.0,100.0
1781681192.10,ROCM_SMI,GPU_4,2456.8,129.0,100.0
1781681194.29,ROCM_SMI,GPU_1,2456.8,128.0,100.0
1781681194.29,ROCM_SMI,GPU_2,2456.8,132.0,100.0
1781681194.29,ROCM_SMI,GPU_3,2456.8,133.0,100.0
1781681194.29,ROCM_SMI,GPU_4,2456.8,129.0,100.0
1781681196.48,ROCM_SMI,GPU_1,2456.8,128.0,100.0
1781681196.48,ROCM_SMI,GPU_2,2456.8,131.0,100.0
1781681196.48,ROCM_SMI,GPU_3,2456.8,133.0,100.0
1781681196.48,ROCM_SMI,GPU_4,2456.8,128.0,100.0
1781681198.67,ROCM_SMI,GPU_1,2456.8,120.0,100.0
1781681198.67,ROCM_SMI,GPU_2,2456.8,124.0,100.0
1781681198.67,ROCM_SMI,GPU_3,2456.8,123.0,91.0
1781681198.67,ROCM_SMI,GPU_4,2456.8,120.0,90.0
1781681200.87,ROCM_SMI,GPU_1,2456.8,126.0,100.0
1781681200.87,ROCM_SMI,GPU_2,2456.8,131.0,100.0
1781681200.87,ROCM_SMI,GPU_3,2456.8,134.0,100.0
1781681200.87,ROCM_SMI,GPU_4,2456.8,133.0,100.0
1781681203.06,ROCM_SMI,GPU_1,2456.8,132.0,100.0
1781681203.06,ROCM_SMI,GPU_2,2456.8,136.0,100.0
1781681203.06,ROCM_SMI,GPU_3,2456.8,138.0,100.0
1781681203.06,ROCM_SMI,GPU_4,2456.8,133.0,100.0
1781681205.25,ROCM_SMI,GPU_1,2456.8,133.0,100.0
1781681205.25,ROCM_SMI,GPU_2,2456.8,136.0,100.0
1781681205.25,ROCM_SMI,GPU_3,2456.8,137.0,100.0
1781681205.25,ROCM_SMI,GPU_4,2456.8,134.0,100.0
1781681207.44,ROCM_SMI,GPU_1,2456.8,132.0,100.0
1781681207.44,ROCM_SMI,GPU_2,2456.8,136.0,100.0
1781681207.44,ROCM_SMI,GPU_3,2456.8,135.0,100.0
1781681207.44,ROCM_SMI,GPU_4,2456.8,132.0,100.0
1781681209.64,ROCM_SMI,GPU_1,2456.8,129.0,100.0
1781681209.64,ROCM_SMI,GPU_2,2456.8,132.0,100.0
1781681209.64,ROCM_SMI,GPU_3,2456.8,133.0,100.0
1781681209.64,ROCM_SMI,GPU_4,2456.8,128.0,100.0
1781681211.83,ROCM_SMI,GPU_1,2456.8,133.0,100.0
1781681211.83,ROCM_SMI,GPU_2,2456.8,138.0,100.0
1781681211.83,ROCM_SMI,GPU_3,2456.8,140.0,100.0
1781681211.83,ROCM_SMI,GPU_4,2456.8,134.0,100.0
1781681214.02,ROCM_SMI,GPU_1,2456.8,128.0,100.0
1781681214.02,ROCM_SMI,GPU_2,2456.8,132.0,100.0
1781681214.02,ROCM_SMI,GPU_3,2456.8,132.0,100.0
1781681214.02,ROCM_SMI,GPU_4,2456.8,129.0,100.0
1781681216.22,ROCM_SMI,GPU_1,2456.8,129.0,100.0
1781681216.22,ROCM_SMI,GPU_2,2456.8,131.0,100.0
1781681216.22,ROCM_SMI,GPU_3,2456.8,133.0,100.0
1781681216.22,ROCM_SMI,GPU_4,2456.8,128.0,100.0
1781681218.41,ROCM_SMI,GPU_1,2456.8,128.0,100.0
1781681218.41,ROCM_SMI,GPU_2,2456.8,131.0,100.0
1781681218.41,ROCM_SMI,GPU_3,2456.8,132.0,100.0
1781681218.41,ROCM_SMI,GPU_4,2456.8,128.0,100.0
1781681220.60,ROCM_SMI,GPU_1,2456.8,126.0,100.0
1781681220.60,ROCM_SMI,GPU_2,2456.8,131.0,100.0
1781681220.60,ROCM_SMI,GPU_3,2456.8,131.0,100.0
1781681220.60,ROCM_SMI,GPU_4,2456.8,128.0,76.0
1781681222.79,ROCM_SMI,GPU_1,2456.8,126.0,98.0
1781681222.79,ROCM_SMI,GPU_2,2456.8,131.0,100.0
1781681222.79,ROCM_SMI,GPU_3,2456.8,135.0,100.0
1781681222.79,ROCM_SMI,GPU_4,2456.8,132.0,100.0
1781681224.99,ROCM_SMI,GPU_1,2456.8,128.0,100.0
1781681224.99,ROCM_SMI,GPU_2,2456.8,134.0,100.0
1781681224.99,ROCM_SMI,GPU_3,2456.8,135.0,100.0
1781681224.99,ROCM_SMI,GPU_4,2456.8,130.0,100.0
1781681227.18,ROCM_SMI,GPU_1,2456.8,133.0,100.0
1781681227.18,ROCM_SMI,GPU_2,2456.8,137.0,100.0
1781681227.18,ROCM_SMI,GPU_3,2456.8,137.0,100.0
1781681227.18,ROCM_SMI,GPU_4,2456.8,133.0,100.0
1781681229.37,ROCM_SMI,GPU_1,2456.8,130.0,100.0
1781681229.37,ROCM_SMI,GPU_2,2456.8,135.0,100.0
1781681229.37,ROCM_SMI,GPU_3,2456.8,134.0,100.0
1781681229.37,ROCM_SMI,GPU_4,2456.8,129.0,100.0
1781681231.57,ROCM_SMI,GPU_1,2456.8,129.0,100.0
1781681231.57,ROCM_SMI,GPU_2,2456.8,132.0,100.0
1781681231.57,ROCM_SMI,GPU_3,2456.8,132.0,100.0
1781681231.57,ROCM_SMI,GPU_4,2456.8,128.0,100.0
1781681233.76,ROCM_SMI,GPU_1,2456.8,128.0,100.0
1781681233.76,ROCM_SMI,GPU_2,2456.8,132.0,100.0
1781681233.76,ROCM_SMI,GPU_3,2456.8,132.0,100.0
1781681233.76,ROCM_SMI,GPU_4,2456.8,128.0,100.0
1781681235.95,ROCM_SMI,GPU_1,2456.8,127.0,100.0
1781681235.95,ROCM_SMI,GPU_2,2456.8,131.0,100.0
1781681235.95,ROCM_SMI,GPU_3,2456.8,131.0,100.0
1781681235.95,ROCM_SMI,GPU_4,2456.8,128.0,100.0
1781681238.14,ROCM_SMI,GPU_1,2456.8,130.0,100.0
1781681238.14,ROCM_SMI,GPU_2,2456.8,134.0,100.0
1781681238.14,ROCM_SMI,GPU_3,2456.8,137.0,100.0
1781681238.14,ROCM_SMI,GPU_4,2456.8,133.0,100.0
1781681240.33,ROCM_SMI,GPU_1,2456.8,127.0,100.0
1781681240.33,ROCM_SMI,GPU_2,2456.8,132.0,100.0
1781681240.33,ROCM_SMI,GPU_3,2456.8,132.0,100.0
1781681240.33,ROCM_SMI,GPU_4,2456.8,128.0,100.0
1781681242.53,ROCM_SMI,GPU_1,2456.8,127.0,100.0
1781681242.53,ROCM_SMI,GPU_2,2456.8,131.0,100.0
1781681242.53,ROCM_SMI,GPU_3,2456.8,132.0,100.0
1781681242.53,ROCM_SMI,GPU_4,2456.8,126.0,95.0
1781681244.72,ROCM_SMI,GPU_1,2456.8,127.0,100.0
1781681244.72,ROCM_SMI,GPU_2,2456.8,132.0,100.0
1781681244.72,ROCM_SMI,GPU_3,2456.8,134.0,100.0
1781681244.72,ROCM_SMI,GPU_4,2456.8,132.0,100.0
1781681246.91,ROCM_SMI,GPU_1,2456.8,134.0,100.0
1781681246.91,ROCM_SMI,GPU_2,2456.8,137.0,100.0
1781681246.91,ROCM_SMI,GPU_3,2456.8,137.0,100.0
1781681246.91,ROCM_SMI,GPU_4,2456.8,135.0,100.0
1781681249.11,ROCM_SMI,GPU_1,2456.8,133.0,100.0
1781681249.11,ROCM_SMI,GPU_2,2456.8,137.0,100.0
1781681249.11,ROCM_SMI,GPU_3,2456.8,139.0,100.0
1781681249.11,ROCM_SMI,GPU_4,2456.8,133.0,100.0
1781681251.30,ROCM_SMI,GPU_1,2456.8,128.0,100.0
1781681251.30,ROCM_SMI,GPU_2,2456.8,131.0,100.0
1781681251.30,ROCM_SMI,GPU_3,2456.8,132.0,100.0
1781681251.30,ROCM_SMI,GPU_4,2456.8,129.0,100.0
1781681253.49,ROCM_SMI,GPU_1,2456.8,127.0,100.0
1781681253.49,ROCM_SMI,GPU_2,2456.8,131.0,100.0
1781681253.49,ROCM_SMI,GPU_3,2456.8,133.0,100.0
1781681253.49,ROCM_SMI,GPU_4,2456.8,128.0,100.0
1781681255.69,ROCM_SMI,GPU_1,2456.8,127.0,100.0
1781681255.69,ROCM_SMI,GPU_2,2456.8,131.0,100.0
1781681255.69,ROCM_SMI,GPU_3,2456.8,133.0,100.0
1781681255.69,ROCM_SMI,GPU_4,2456.8,129.0,100.0
1781681257.88,ROCM_SMI,GPU_1,2456.8,129.0,100.0
1781681257.88,ROCM_SMI,GPU_2,2456.8,130.0,100.0
1781681257.88,ROCM_SMI,GPU_3,2456.8,133.0,100.0
1781681257.88,ROCM_SMI,GPU_4,2456.8,129.0,100.0
1781681260.07,ROCM_SMI,GPU_1,2456.8,128.0,100.0
1781681260.07,ROCM_SMI,GPU_2,2456.8,131.0,100.0
1781681260.07,ROCM_SMI,GPU_3,2456.8,134.0,100.0
1781681260.07,ROCM_SMI,GPU_4,2456.8,129.0,100.0
1781681262.27,ROCM_SMI,GPU_1,2456.8,127.0,100.0
1781681262.27,ROCM_SMI,GPU_2,2456.8,131.0,100.0
1781681262.27,ROCM_SMI,GPU_3,2456.8,131.0,100.0
1781681262.27,ROCM_SMI,GPU_4,2456.8,128.0,100.0
1781681264.46,ROCM_SMI,GPU_1,2456.8,128.0,100.0
1781681264.46,ROCM_SMI,GPU_2,2456.8,129.0,100.0
1781681264.46,ROCM_SMI,GPU_3,2456.8,130.0,73.0
1781681264.46,ROCM_SMI,GPU_4,2456.8,125.0,100.0
1781681266.66,ROCM_SMI,GPU_1,2456.8,127.0,100.0
1781681266.66,ROCM_SMI,GPU_2,2456.8,134.0,100.0
1781681266.66,ROCM_SMI,GPU_3,2456.8,136.0,100.0
1781681266.66,ROCM_SMI,GPU_4,2456.8,133.0,100.0
1781681268.85,ROCM_SMI,GPU_1,2456.8,133.0,100.0
1781681268.85,ROCM_SMI,GPU_2,2456.8,138.0,100.0
1781681268.85,ROCM_SMI,GPU_3,2456.8,138.0,100.0
1781681268.85,ROCM_SMI,GPU_4,2456.8,134.0,100.0
1781681271.04,ROCM_SMI,GPU_1,2456.8,133.0,100.0
1781681271.04,ROCM_SMI,GPU_2,2456.8,138.0,100.0
1781681271.04,ROCM_SMI,GPU_3,2456.8,139.0,100.0
1781681271.04,ROCM_SMI,GPU_4,2456.8,133.0,100.0
1781681273.23,ROCM_SMI,GPU_1,2456.8,131.0,100.0
1781681273.23,ROCM_SMI,GPU_2,2456.8,135.0,100.0
1781681273.23,ROCM_SMI,GPU_3,2456.8,135.0,100.0
1781681273.23,ROCM_SMI,GPU_4,2456.8,131.0,100.0
1781681275.42,ROCM_SMI,GPU_1,2456.8,128.0,100.0
1781681275.42,ROCM_SMI,GPU_2,2456.8,132.0,100.0
1781681275.42,ROCM_SMI,GPU_3,2456.8,133.0,100.0
1781681275.42,ROCM_SMI,GPU_4,2456.8,129.0,100.0
1781681277.62,ROCM_SMI,GPU_1,2456.8,129.0,100.0
1781681277.62,ROCM_SMI,GPU_2,2456.8,132.0,100.0
1781681277.62,ROCM_SMI,GPU_3,2456.8,132.0,100.0
1781681277.62,ROCM_SMI,GPU_4,2456.8,129.0,100.0
1781681279.81,ROCM_SMI,GPU_1,2456.8,121.0,100.0
1781681279.81,ROCM_SMI,GPU_2,2456.8,125.0,100.0
1781681279.81,ROCM_SMI,GPU_3,2456.8,129.0,100.0
1781681279.81,ROCM_SMI,GPU_4,2456.8,124.0,100.0
1781681282.00,ROCM_SMI,GPU_1,2456.8,128.0,100.0
1781681282.00,ROCM_SMI,GPU_2,2456.8,131.0,100.0
1781681282.00,ROCM_SMI,GPU_3,2456.8,132.0,100.0
1781681282.00,ROCM_SMI,GPU_4,2456.8,128.0,100.0
1781681284.19,ROCM_SMI,GPU_1,2456.8,127.0,100.0
1781681284.19,ROCM_SMI,GPU_2,2456.8,131.0,100.0
1781681284.19,ROCM_SMI,GPU_3,2456.8,132.0,100.0
1781681284.19,ROCM_SMI,GPU_4,2456.8,128.0,100.0
1781681286.39,ROCM_SMI,GPU_1,2456.8,127.0,100.0
1781681286.39,ROCM_SMI,GPU_2,2456.8,129.0,100.0
1781681286.39,ROCM_SMI,GPU_3,2456.8,131.0,100.0
1781681286.39,ROCM_SMI,GPU_4,2456.8,125.0,100.0
1781681288.58,ROCM_SMI,GPU_1,2456.8,126.0,100.0
1781681288.58,ROCM_SMI,GPU_2,2456.8,132.0,100.0
1781681288.58,ROCM_SMI,GPU_3,2456.8,135.0,100.0
1781681288.58,ROCM_SMI,GPU_4,2456.8,132.0,100.0
1781681290.77,ROCM_SMI,GPU_1,2456.8,132.0,100.0
1781681290.77,ROCM_SMI,GPU_2,2456.8,138.0,100.0
1781681290.77,ROCM_SMI,GPU_3,2456.8,137.0,100.0
1781681290.77,ROCM_SMI,GPU_4,2456.8,133.0,100.0
1781681292.96,ROCM_SMI,GPU_1,2456.8,129.0,100.0
1781681292.96,ROCM_SMI,GPU_2,2456.8,134.0,100.0
1781681292.96,ROCM_SMI,GPU_3,2456.8,137.0,100.0
1781681292.96,ROCM_SMI,GPU_4,2456.8,130.0,100.0
1781681295.16,ROCM_SMI,GPU_1,2456.8,133.0,100.0
1781681295.16,ROCM_SMI,GPU_2,2456.8,134.0,100.0
1781681295.16,ROCM_SMI,GPU_3,2456.8,136.0,100.0
1781681295.16,ROCM_SMI,GPU_4,2456.8,131.0,100.0
1781681297.35,ROCM_SMI,GPU_1,2456.8,127.0,100.0
1781681297.35,ROCM_SMI,GPU_2,2456.8,131.0,100.0
1781681297.35,ROCM_SMI,GPU_3,2456.8,132.0,100.0
1781681297.35,ROCM_SMI,GPU_4,2456.8,129.0,100.0
1781681299.54,ROCM_SMI,GPU_1,2456.8,127.0,100.0
1781681299.54,ROCM_SMI,GPU_2,2456.8,131.0,100.0
1781681299.54,ROCM_SMI,GPU_3,2456.8,132.0,100.0
1781681299.54,ROCM_SMI,GPU_4,2456.8,129.0,100.0
1781681301.73,ROCM_SMI,GPU_1,2456.8,129.0,100.0
1781681301.73,ROCM_SMI,GPU_2,2456.8,132.0,100.0
1781681301.73,ROCM_SMI,GPU_3,2456.8,133.0,100.0
1781681301.73,ROCM_SMI,GPU_4,2456.8,130.0,100.0
1781681303.92,ROCM_SMI,GPU_1,2456.8,128.0,100.0
1781681303.92,ROCM_SMI,GPU_2,2456.8,133.0,100.0
1781681303.92,ROCM_SMI,GPU_3,2456.8,132.0,100.0
1781681303.92,ROCM_SMI,GPU_4,2456.8,128.0,100.0
1781681306.12,ROCM_SMI,GPU_1,2456.8,128.0,100.0
1781681306.12,ROCM_SMI,GPU_2,2456.8,132.0,100.0
1781681306.12,ROCM_SMI,GPU_3,2456.8,132.0,100.0
1781681306.12,ROCM_SMI,GPU_4,2456.8,130.0,100.0
1781681308.31,ROCM_SMI,GPU_1,2456.8,127.0,100.0
1781681308.31,ROCM_SMI,GPU_2,2456.8,130.0,100.0
1781681308.31,ROCM_SMI,GPU_3,2456.8,132.0,100.0
1781681308.31,ROCM_SMI,GPU_4,2456.8,127.0,100.0
1781681310.50,ROCM_SMI,GPU_1,2456.8,126.0,100.0
1781681310.50,ROCM_SMI,GPU_2,2456.8,130.0,77.0
1781681310.50,ROCM_SMI,GPU_3,2456.8,131.0,100.0
1781681310.50,ROCM_SMI,GPU_4,2456.8,128.0,100.0
1781681312.69,ROCM_SMI,GPU_1,2456.8,128.0,100.0
1781681312.69,ROCM_SMI,GPU_2,2456.8,134.0,100.0
1781681312.69,ROCM_SMI,GPU_3,2456.8,137.0,100.0
1781681312.69,ROCM_SMI,GPU_4,2456.8,133.0,100.0
1781681314.89,ROCM_SMI,GPU_1,2456.8,133.0,100.0
1781681314.89,ROCM_SMI,GPU_2,2456.8,137.0,100.0
1781681314.89,ROCM_SMI,GPU_3,2456.8,137.0,100.0
1781681314.89,ROCM_SMI,GPU_4,2456.8,132.0,100.0
1781681317.08,ROCM_SMI,GPU_1,2456.8,134.0,100.0
1781681317.08,ROCM_SMI,GPU_2,2456.8,136.0,100.0
1781681317.08,ROCM_SMI,GPU_3,2456.8,138.0,100.0
1781681317.08,ROCM_SMI,GPU_4,2456.8,134.0,100.0
1781681319.28,ROCM_SMI,GPU_1,2456.8,128.0,100.0
1781681319.28,ROCM_SMI,GPU_2,2456.8,132.0,100.0
1781681319.28,ROCM_SMI,GPU_3,2456.8,133.0,100.0
1781681319.28,ROCM_SMI,GPU_4,2456.8,127.0,100.0
1781681321.48,ROCM_SMI,GPU_1,2456.8,128.0,100.0
1781681321.48,ROCM_SMI,GPU_2,2456.8,132.0,100.0
1781681321.48,ROCM_SMI,GPU_3,2456.8,131.0,100.0
1781681321.48,ROCM_SMI,GPU_4,2456.8,129.0,100.0
1781681323.67,ROCM_SMI,GPU_1,2456.8,128.0,100.0
1781681323.67,ROCM_SMI,GPU_2,2456.8,132.0,100.0
1781681323.67,ROCM_SMI,GPU_3,2456.8,132.0,100.0
1781681323.67,ROCM_SMI,GPU_4,2456.8,128.0,100.0
1781681325.87,ROCM_SMI,GPU_1,2456.8,128.0,100.0
1781681325.87,ROCM_SMI,GPU_2,2456.8,131.0,100.0
1781681325.87,ROCM_SMI,GPU_3,2456.8,133.0,100.0
1781681325.87,ROCM_SMI,GPU_4,2456.8,129.0,100.0
1781681328.06,ROCM_SMI,GPU_1,2456.8,126.0,100.0
1781681328.06,ROCM_SMI,GPU_2,2456.8,131.0,100.0
1781681328.06,ROCM_SMI,GPU_3,2456.8,130.0,100.0
1781681328.06,ROCM_SMI,GPU_4,2456.8,128.0,100.0
1781681330.25,ROCM_SMI,GPU_1,2456.8,127.0,100.0
1781681330.25,ROCM_SMI,GPU_2,2456.8,129.0,79.0
1781681330.25,ROCM_SMI,GPU_3,2456.8,131.0,100.0
1781681330.25,ROCM_SMI,GPU_4,2456.8,129.0,100.0
1781681332.44,ROCM_SMI,GPU_1,2456.8,128.0,100.0
1781681332.44,ROCM_SMI,GPU_2,2456.8,133.0,100.0
1781681332.44,ROCM_SMI,GPU_3,2456.8,136.0,100.0
1781681332.44,ROCM_SMI,GPU_4,2456.8,132.0,100.0
1781681334.64,ROCM_SMI,GPU_1,2456.8,145.0,100.0
1781681334.64,ROCM_SMI,GPU_2,2456.8,150.0,100.0
1781681334.64,ROCM_SMI,GPU_3,2456.8,153.0,100.0
1781681334.64,ROCM_SMI,GPU_4,2456.8,152.0,100.0
1781681336.83,ROCM_SMI,GPU_1,2456.8,134.0,100.0
1781681336.83,ROCM_SMI,GPU_2,2456.8,136.0,100.0
1781681336.83,ROCM_SMI,GPU_3,2456.8,138.0,100.0
1781681336.83,ROCM_SMI,GPU_4,2456.8,132.0,100.0
1781681339.02,ROCM_SMI,GPU_1,2456.8,128.0,100.0
1781681339.02,ROCM_SMI,GPU_2,2456.8,131.0,100.0
1781681339.02,ROCM_SMI,GPU_3,2456.8,131.0,100.0
1781681339.02,ROCM_SMI,GPU_4,2456.8,128.0,100.0
1781681341.22,ROCM_SMI,GPU_1,2456.8,128.0,100.0
1781681341.22,ROCM_SMI,GPU_2,2456.8,132.0,100.0
1781681341.22,ROCM_SMI,GPU_3,2456.8,132.0,100.0
1781681341.22,ROCM_SMI,GPU_4,2456.8,129.0,100.0
1781681343.41,ROCM_SMI,GPU_1,2456.8,127.0,100.0
1781681343.41,ROCM_SMI,GPU_2,2456.8,131.0,100.0
1781681343.41,ROCM_SMI,GPU_3,2456.8,133.0,100.0
1781681343.41,ROCM_SMI,GPU_4,2456.8,127.0,100.0
1781681345.60,ROCM_SMI,GPU_1,2456.8,128.0,100.0
1781681345.60,ROCM_SMI,GPU_2,2456.8,132.0,100.0
1781681345.60,ROCM_SMI,GPU_3,2456.8,132.0,100.0
1781681345.60,ROCM_SMI,GPU_4,2456.8,128.0,100.0
1781681347.80,ROCM_SMI,GPU_1,2456.8,124.0,100.0
1781681347.80,ROCM_SMI,GPU_2,2456.8,125.0,100.0
1781681347.80,ROCM_SMI,GPU_3,2456.8,127.0,100.0
1781681347.80,ROCM_SMI,GPU_4,2456.8,123.0,100.0
1781681349.99,ROCM_SMI,GPU_1,2456.8,126.0,100.0
1781681349.99,ROCM_SMI,GPU_2,2456.8,131.0,100.0
1781681349.99,ROCM_SMI,GPU_3,2456.8,129.0,75.0
1781681349.99,ROCM_SMI,GPU_4,2456.8,128.0,100.0
1781681352.19,ROCM_SMI,GPU_1,2456.8,127.0,100.0
1781681352.19,ROCM_SMI,GPU_2,2456.8,132.0,100.0
1781681352.19,ROCM_SMI,GPU_3,2456.8,135.0,100.0
1781681352.19,ROCM_SMI,GPU_4,2456.8,135.0,100.0
1781681354.38,ROCM_SMI,GPU_1,2456.8,133.0,100.0
1781681354.38,ROCM_SMI,GPU_2,2456.8,136.0,100.0
1781681354.38,ROCM_SMI,GPU_3,2456.8,137.0,100.0
1781681354.38,ROCM_SMI,GPU_4,2456.8,132.0,100.0
1781681356.57,ROCM_SMI,GPU_1,2456.8,133.0,100.0
1781681356.57,ROCM_SMI,GPU_2,2456.8,138.0,100.0
1781681356.57,ROCM_SMI,GPU_3,2456.8,138.0,100.0
1781681356.57,ROCM_SMI,GPU_4,2456.8,134.0,100.0
1781681358.77,ROCM_SMI,GPU_1,2456.8,129.0,100.0
1781681358.77,ROCM_SMI,GPU_2,2456.8,133.0,100.0
1781681358.77,ROCM_SMI,GPU_3,2456.8,132.0,100.0
1781681358.77,ROCM_SMI,GPU_4,2456.8,129.0,100.0
1781681360.96,ROCM_SMI,GPU_1,2456.8,130.0,100.0
1781681360.96,ROCM_SMI,GPU_2,2456.8,132.0,100.0
1781681360.96,ROCM_SMI,GPU_3,2456.8,132.0,100.0
1781681360.96,ROCM_SMI,GPU_4,2456.8,130.0,100.0
1781681363.15,ROCM_SMI,GPU_1,2456.8,127.0,100.0
1781681363.15,ROCM_SMI,GPU_2,2456.8,132.0,100.0
1781681363.15,ROCM_SMI,GPU_3,2456.8,133.0,100.0
1781681363.15,ROCM_SMI,GPU_4,2456.8,128.0,100.0
1781681365.34,ROCM_SMI,GPU_1,2456.8,127.0,100.0
1781681365.34,ROCM_SMI,GPU_2,2456.8,132.0,100.0
1781681365.34,ROCM_SMI,GPU_3,2456.8,132.0,100.0
1781681365.34,ROCM_SMI,GPU_4,2456.8,128.0,100.0
1781681367.54,ROCM_SMI,GPU_1,2456.8,128.0,100.0
1781681367.54,ROCM_SMI,GPU_2,2456.8,131.0,100.0
1781681367.54,ROCM_SMI,GPU_3,2456.8,131.0,100.0
1781681367.54,ROCM_SMI,GPU_4,2456.8,129.0,100.0
1781681369.73,ROCM_SMI,GPU_1,2456.8,130.0,100.0
1781681369.73,ROCM_SMI,GPU_2,2456.8,133.0,100.0
1781681369.73,ROCM_SMI,GPU_3,2456.8,133.0,100.0
1781681369.73,ROCM_SMI,GPU_4,2456.8,127.0,100.0
1781681371.92,ROCM_SMI,GPU_1,2456.8,126.0,100.0
1781681371.92,ROCM_SMI,GPU_2,2456.8,128.0,79.0
1781681371.92,ROCM_SMI,GPU_3,2456.8,130.0,100.0
1781681371.92,ROCM_SMI,GPU_4,2456.8,128.0,100.0
1781681374.12,ROCM_SMI,GPU_1,2456.8,129.0,100.0
1781681374.12,ROCM_SMI,GPU_2,2456.8,134.0,100.0
1781681374.12,ROCM_SMI,GPU_3,2456.8,136.0,100.0
1781681374.12,ROCM_SMI,GPU_4,2456.8,132.0,100.0
1781681376.31,ROCM_SMI,GPU_1,2456.8,133.0,100.0
1781681376.31,ROCM_SMI,GPU_2,2456.8,136.0,100.0
1781681376.31,ROCM_SMI,GPU_3,2456.8,135.0,100.0
1781681376.31,ROCM_SMI,GPU_4,2456.8,133.0,100.0
1781681378.51,ROCM_SMI,GPU_1,2456.8,132.0,100.0
1781681378.51,ROCM_SMI,GPU_2,2456.8,136.0,100.0
1781681378.51,ROCM_SMI,GPU_3,2456.8,134.0,100.0
1781681378.51,ROCM_SMI,GPU_4,2456.8,132.0,100.0
1781681380.71,ROCM_SMI,GPU_1,2456.8,128.0,100.0
1781681380.71,ROCM_SMI,GPU_2,2456.8,131.0,100.0
1781681380.71,ROCM_SMI,GPU_3,2456.8,133.0,100.0
1781681380.71,ROCM_SMI,GPU_4,2456.8,128.0,100.0
1781681382.90,ROCM_SMI,GPU_1,2456.8,128.0,100.0
1781681382.90,ROCM_SMI,GPU_2,2456.8,131.0,100.0
1781681382.90,ROCM_SMI,GPU_3,2456.8,131.0,100.0
1781681382.90,ROCM_SMI,GPU_4,2456.8,128.0,100.0
1781681385.09,ROCM_SMI,GPU_1,2456.8,128.0,100.0
1781681385.09,ROCM_SMI,GPU_2,2456.8,131.0,100.0
1781681385.09,ROCM_SMI,GPU_3,2456.8,133.0,100.0
1781681385.09,ROCM_SMI,GPU_4,2456.8,128.0,100.0
1781681387.28,ROCM_SMI,GPU_1,2456.8,127.0,100.0
1781681387.28,ROCM_SMI,GPU_2,2456.8,130.0,100.0
1781681387.28,ROCM_SMI,GPU_3,2456.8,131.0,100.0
1781681387.28,ROCM_SMI,GPU_4,2456.8,127.0,100.0
1781681389.48,ROCM_SMI,GPU_1,2456.8,116.0,100.0
1781681389.48,ROCM_SMI,GPU_2,2456.8,119.0,100.0
1781681389.48,ROCM_SMI,GPU_3,2456.8,120.0,100.0
1781681389.48,ROCM_SMI,GPU_4,2456.8,116.0,78.0
1781681391.68,ROCM_SMI,GPU_1,2456.8,126.0,100.0
1781681391.68,ROCM_SMI,GPU_2,2456.8,131.0,100.0
1781681391.68,ROCM_SMI,GPU_3,2456.8,134.0,100.0
1781681391.68,ROCM_SMI,GPU_4,2456.8,134.0,100.0
1781681393.87,ROCM_SMI,GPU_1,2456.8,133.0,100.0
1781681393.87,ROCM_SMI,GPU_2,2456.8,136.0,100.0
1781681393.87,ROCM_SMI,GPU_3,2456.8,136.0,100.0
1781681393.87,ROCM_SMI,GPU_4,2456.8,132.0,100.0
1781681396.06,ROCM_SMI,GPU_1,2456.8,131.0,100.0
1781681396.06,ROCM_SMI,GPU_2,2456.8,135.0,100.0
1781681396.06,ROCM_SMI,GPU_3,2456.8,137.0,100.0
1781681396.06,ROCM_SMI,GPU_4,2456.8,133.0,100.0
1781681398.26,ROCM_SMI,GPU_1,2456.8,128.0,100.0
1781681398.26,ROCM_SMI,GPU_2,2456.8,130.0,100.0
1781681398.26,ROCM_SMI,GPU_3,2456.8,130.0,100.0
1781681398.26,ROCM_SMI,GPU_4,2456.8,128.0,100.0
1781681400.45,ROCM_SMI,GPU_1,2456.8,126.0,100.0
1781681400.45,ROCM_SMI,GPU_2,2456.8,130.0,100.0
1781681400.45,ROCM_SMI,GPU_3,2456.8,131.0,100.0
1781681400.45,ROCM_SMI,GPU_4,2456.8,127.0,100.0
1781681402.64,ROCM_SMI,GPU_1,2456.8,124.0,100.0
1781681402.64,ROCM_SMI,GPU_2,2456.8,126.0,100.0
1781681402.64,ROCM_SMI,GPU_3,2456.8,126.0,100.0
1781681402.64,ROCM_SMI,GPU_4,2456.8,122.0,100.0
1781681404.84,ROCM_SMI,GPU_1,2456.8,128.0,100.0
1781681404.84,ROCM_SMI,GPU_2,2456.8,131.0,100.0
1781681404.84,ROCM_SMI,GPU_3,2456.8,131.0,100.0
1781681404.84,ROCM_SMI,GPU_4,2456.8,127.0,100.0
1781681407.03,ROCM_SMI,GPU_1,2456.8,127.0,100.0
1781681407.03,ROCM_SMI,GPU_2,2456.8,130.0,100.0
1781681407.03,ROCM_SMI,GPU_3,2456.8,131.0,100.0
1781681407.03,ROCM_SMI,GPU_4,2456.8,127.0,100.0
1781681409.22,ROCM_SMI,GPU_1,2456.8,128.0,100.0
1781681409.22,ROCM_SMI,GPU_2,2456.8,129.0,100.0
1781681409.22,ROCM_SMI,GPU_3,2456.8,131.0,100.0
1781681409.22,ROCM_SMI,GPU_4,2456.8,126.0,100.0
1781681411.41,ROCM_SMI,GPU_1,2456.8,125.0,100.0
1781681411.41,ROCM_SMI,GPU_2,2456.8,129.0,100.0
1781681411.41,ROCM_SMI,GPU_3,2456.8,130.0,100.0
1781681411.41,ROCM_SMI,GPU_4,2456.8,129.0,100.0
1781681413.61,ROCM_SMI,GPU_1,2456.8,130.0,100.0
1781681413.61,ROCM_SMI,GPU_2,2456.8,136.0,100.0
1781681413.61,ROCM_SMI,GPU_3,2456.8,136.0,100.0
1781681413.61,ROCM_SMI,GPU_4,2456.8,133.0,100.0
1781681415.80,ROCM_SMI,GPU_1,2456.8,129.0,100.0
1781681415.80,ROCM_SMI,GPU_2,2456.8,133.0,100.0
1781681415.80,ROCM_SMI,GPU_3,2456.8,137.0,100.0
1781681415.80,ROCM_SMI,GPU_4,2456.8,132.0,100.0
1781681418.00,ROCM_SMI,GPU_1,2456.8,132.0,100.0
1781681418.00,ROCM_SMI,GPU_2,2456.8,136.0,100.0
1781681418.00,ROCM_SMI,GPU_3,2456.8,136.0,100.0
1781681418.00,ROCM_SMI,GPU_4,2456.8,132.0,100.0
1781681420.19,ROCM_SMI,GPU_1,2456.8,128.0,100.0
1781681420.19,ROCM_SMI,GPU_2,2456.8,130.0,100.0
1781681420.19,ROCM_SMI,GPU_3,2456.8,131.0,100.0
1781681420.19,ROCM_SMI,GPU_4,2456.8,127.0,100.0
1781681422.38,ROCM_SMI,GPU_1,2456.8,127.0,100.0
1781681422.38,ROCM_SMI,GPU_2,2456.8,131.0,100.0
1781681422.38,ROCM_SMI,GPU_3,2456.8,132.0,100.0
1781681422.38,ROCM_SMI,GPU_4,2456.8,128.0,100.0
1781681424.58,ROCM_SMI,GPU_1,2456.8,128.0,100.0
1781681424.58,ROCM_SMI,GPU_2,2456.8,131.0,100.0
1781681424.58,ROCM_SMI,GPU_3,2456.8,130.0,100.0
1781681424.58,ROCM_SMI,GPU_4,2456.8,128.0,100.0
1781681426.77,ROCM_SMI,GPU_1,2456.8,128.0,100.0
1781681426.77,ROCM_SMI,GPU_2,2456.8,130.0,100.0
1781681426.77,ROCM_SMI,GPU_3,2456.8,130.0,100.0
1781681426.77,ROCM_SMI,GPU_4,2456.8,128.0,100.0
1781681428.96,ROCM_SMI,GPU_1,2456.8,127.0,100.0
1781681428.96,ROCM_SMI,GPU_2,2456.8,131.0,100.0
1781681428.96,ROCM_SMI,GPU_3,2456.8,130.0,100.0
1781681428.96,ROCM_SMI,GPU_4,2456.8,128.0,100.0
1781681431.15,ROCM_SMI,GPU_1,2456.8,126.0,100.0
1781681431.15,ROCM_SMI,GPU_2,2456.8,129.0,100.0
1781681431.15,ROCM_SMI,GPU_3,2456.8,130.0,100.0
1781681431.15,ROCM_SMI,GPU_4,2456.8,126.0,66.0
1781681433.34,ROCM_SMI,GPU_1,2456.8,126.0,100.0
1781681433.34,ROCM_SMI,GPU_2,2456.8,131.0,100.0
1781681433.34,ROCM_SMI,GPU_3,2456.8,134.0,100.0
1781681433.34,ROCM_SMI,GPU_4,2456.8,131.0,100.0
1781681435.54,ROCM_SMI,GPU_1,2456.8,133.0,100.0
1781681435.54,ROCM_SMI,GPU_2,2456.8,134.0,100.0
1781681435.54,ROCM_SMI,GPU_3,2456.8,134.0,100.0
1781681435.54,ROCM_SMI,GPU_4,2456.8,130.0,100.0
1781681437.73,ROCM_SMI,GPU_1,2456.8,133.0,100.0
1781681437.73,ROCM_SMI,GPU_2,2456.8,136.0,100.0
1781681437.73,ROCM_SMI,GPU_3,2456.8,137.0,100.0
1781681437.73,ROCM_SMI,GPU_4,2456.8,133.0,100.0
1781681439.92,ROCM_SMI,GPU_1,2456.8,130.0,100.0
1781681439.92,ROCM_SMI,GPU_2,2456.8,134.0,100.0
1781681439.92,ROCM_SMI,GPU_3,2456.8,134.0,100.0
1781681439.92,ROCM_SMI,GPU_4,2456.8,131.0,100.0
1781681442.11,ROCM_SMI,GPU_1,2456.8,127.0,100.0
1781681442.11,ROCM_SMI,GPU_2,2456.8,130.0,100.0
1781681442.11,ROCM_SMI,GPU_3,2456.8,131.0,100.0
1781681442.11,ROCM_SMI,GPU_4,2456.8,129.0,100.0
1781681444.31,ROCM_SMI,GPU_1,2456.8,128.0,100.0
1781681444.31,ROCM_SMI,GPU_2,2456.8,131.0,100.0
1781681444.31,ROCM_SMI,GPU_3,2456.8,131.0,100.0
1781681444.31,ROCM_SMI,GPU_4,2456.8,128.0,100.0
1781681446.50,ROCM_SMI,GPU_1,2456.8,126.0,100.0
1781681446.50,ROCM_SMI,GPU_2,2456.8,130.0,100.0
1781681446.50,ROCM_SMI,GPU_3,2456.8,132.0,100.0
1781681446.50,ROCM_SMI,GPU_4,2456.8,127.0,100.0
1781681448.69,ROCM_SMI,GPU_1,2456.8,128.0,100.0
1781681448.69,ROCM_SMI,GPU_2,2456.8,130.0,100.0
1781681448.69,ROCM_SMI,GPU_3,2456.8,131.0,100.0
1781681448.69,ROCM_SMI,GPU_4,2456.8,127.0,100.0
1781681450.89,ROCM_SMI,GPU_1,2456.8,127.0,100.0
1781681450.89,ROCM_SMI,GPU_2,2456.8,131.0,100.0
1781681450.89,ROCM_SMI,GPU_3,2456.8,130.0,100.0
1781681450.89,ROCM_SMI,GPU_4,2456.8,126.0,100.0
1781681453.08,ROCM_SMI,GPU_1,2456.8,126.0,100.0
1781681453.08,ROCM_SMI,GPU_2,2456.8,130.0,79.0
1781681453.08,ROCM_SMI,GPU_3,2456.8,130.0,100.0
1781681453.08,ROCM_SMI,GPU_4,2456.8,129.0,100.0
1781681455.27,ROCM_SMI,GPU_1,2456.8,129.0,100.0
1781681455.27,ROCM_SMI,GPU_2,2456.8,134.0,100.0
1781681455.27,ROCM_SMI,GPU_3,2456.8,136.0,100.0
1781681455.27,ROCM_SMI,GPU_4,2456.8,133.0,100.0
1781681457.47,ROCM_SMI,GPU_1,2456.8,143.0,100.0
1781681457.47,ROCM_SMI,GPU_2,2456.8,148.0,100.0
1781681457.47,ROCM_SMI,GPU_3,2456.8,152.0,100.0
1781681457.47,ROCM_SMI,GPU_4,2456.8,147.0,100.0
1781681459.66,ROCM_SMI,GPU_1,2456.8,139.0,100.0
1781681459.66,ROCM_SMI,GPU_2,2456.8,145.0,100.0
1781681459.66,ROCM_SMI,GPU_3,2456.8,143.0,100.0
1781681459.66,ROCM_SMI,GPU_4,2456.8,132.0,100.0
1781681461.86,ROCM_SMI,GPU_1,2456.8,128.0,100.0
1781681461.86,ROCM_SMI,GPU_2,2456.8,131.0,100.0
1781681461.86,ROCM_SMI,GPU_3,2456.8,131.0,100.0
1781681461.86,ROCM_SMI,GPU_4,2456.8,129.0,100.0
1781681464.05,ROCM_SMI,GPU_1,2456.8,127.0,100.0
1781681464.05,ROCM_SMI,GPU_2,2456.8,131.0,100.0
1781681464.05,ROCM_SMI,GPU_3,2456.8,132.0,100.0
1781681464.05,ROCM_SMI,GPU_4,2456.8,129.0,100.0
1781681466.24,ROCM_SMI,GPU_1,2456.8,128.0,100.0
1781681466.24,ROCM_SMI,GPU_2,2456.8,130.0,100.0
1781681466.24,ROCM_SMI,GPU_3,2456.8,131.0,100.0
1781681466.24,ROCM_SMI,GPU_4,2456.8,126.0,100.0
1781681468.44,ROCM_SMI,GPU_1,2456.8,126.0,100.0
1781681468.44,ROCM_SMI,GPU_2,2456.8,131.0,100.0
1781681468.44,ROCM_SMI,GPU_3,2456.8,131.0,100.0
1781681468.44,ROCM_SMI,GPU_4,2456.8,128.0,100.0
1781681470.63,ROCM_SMI,GPU_1,2456.8,121.0,100.0
1781681470.63,ROCM_SMI,GPU_2,2456.8,126.0,100.0
1781681470.63,ROCM_SMI,GPU_3,2456.8,126.0,100.0
1781681470.63,ROCM_SMI,GPU_4,2456.8,121.0,100.0
1781681472.82,ROCM_SMI,GPU_1,2456.8,126.0,78.0
1781681472.82,ROCM_SMI,GPU_2,2456.8,128.0,100.0
1781681472.82,ROCM_SMI,GPU_3,2456.8,131.0,100.0
1781681472.82,ROCM_SMI,GPU_4,2456.8,131.0,100.0
1781681475.02,ROCM_SMI,GPU_1,2456.8,131.0,100.0
1781681475.02,ROCM_SMI,GPU_2,2456.8,136.0,100.0
1781681475.02,ROCM_SMI,GPU_3,2456.8,137.0,100.0
1781681475.02,ROCM_SMI,GPU_4,2456.8,134.0,100.0
1781681477.21,ROCM_SMI,GPU_1,2456.8,132.0,100.0
1781681477.21,ROCM_SMI,GPU_2,2456.8,136.0,100.0
1781681477.21,ROCM_SMI,GPU_3,2456.8,137.0,100.0
1781681477.21,ROCM_SMI,GPU_4,2456.8,133.0,100.0
1781681479.40,ROCM_SMI,GPU_1,2456.8,131.0,100.0
1781681479.40,ROCM_SMI,GPU_2,2456.8,134.0,100.0
1781681479.40,ROCM_SMI,GPU_3,2456.8,134.0,100.0
1781681479.40,ROCM_SMI,GPU_4,2456.8,132.0,100.0
1781681481.60,ROCM_SMI,GPU_1,2456.8,127.0,100.0
1781681481.60,ROCM_SMI,GPU_2,2456.8,130.0,100.0
1781681481.60,ROCM_SMI,GPU_3,2456.8,131.0,100.0
1781681481.60,ROCM_SMI,GPU_4,2456.8,128.0,100.0
1781681483.79,ROCM_SMI,GPU_1,2456.8,130.0,100.0
1781681483.79,ROCM_SMI,GPU_2,2456.8,134.0,100.0
1781681483.79,ROCM_SMI,GPU_3,2456.8,133.0,100.0
1781681483.79,ROCM_SMI,GPU_4,2456.8,129.0,100.0
1781681485.98,ROCM_SMI,GPU_1,2456.8,128.0,100.0
1781681485.98,ROCM_SMI,GPU_2,2456.8,132.0,100.0
1781681485.98,ROCM_SMI,GPU_3,2456.8,131.0,100.0
1781681485.98,ROCM_SMI,GPU_4,2456.8,128.0,100.0
1781681488.17,ROCM_SMI,GPU_1,2456.8,127.0,100.0
1781681488.17,ROCM_SMI,GPU_2,2456.8,130.0,100.0
1781681488.17,ROCM_SMI,GPU_3,2456.8,131.0,100.0
1781681488.17,ROCM_SMI,GPU_4,2456.8,128.0,100.0
1781681490.37,ROCM_SMI,GPU_1,2456.8,126.0,100.0
1781681490.37,ROCM_SMI,GPU_2,2456.8,130.0,100.0
1781681490.37,ROCM_SMI,GPU_3,2456.8,131.0,100.0
1781681490.37,ROCM_SMI,GPU_4,2456.8,127.0,100.0
1781681492.57,ROCM_SMI,GPU_1,2456.8,126.0,81.0
1781681492.57,ROCM_SMI,GPU_2,2456.8,129.0,100.0
1781681492.57,ROCM_SMI,GPU_3,2456.8,132.0,100.0
1781681492.57,ROCM_SMI,GPU_4,2456.8,129.0,100.0
1781681494.76,ROCM_SMI,GPU_1,2456.8,132.0,100.0
1781681494.76,ROCM_SMI,GPU_2,2456.8,134.0,100.0
1781681494.76,ROCM_SMI,GPU_3,2456.8,136.0,100.0
1781681494.76,ROCM_SMI,GPU_4,2456.8,132.0,100.0
1781681496.96,ROCM_SMI,GPU_1,2456.8,131.0,100.0
1781681496.96,ROCM_SMI,GPU_2,2456.8,136.0,100.0
1781681496.96,ROCM_SMI,GPU_3,2456.8,136.0,100.0
1781681496.96,ROCM_SMI,GPU_4,2456.8,130.0,100.0
1781681499.15,ROCM_SMI,GPU_1,2456.8,127.0,100.0
1781681499.15,ROCM_SMI,GPU_2,2456.8,131.0,100.0
1781681499.15,ROCM_SMI,GPU_3,2456.8,131.0,100.0
1781681499.15,ROCM_SMI,GPU_4,2456.8,128.0,100.0
1781681501.35,ROCM_SMI,GPU_1,2456.8,127.0,100.0
1781681501.35,ROCM_SMI,GPU_2,2456.8,131.0,100.0
1781681501.35,ROCM_SMI,GPU_3,2456.8,132.0,100.0
1781681501.35,ROCM_SMI,GPU_4,2456.8,129.0,100.0
1781681503.54,ROCM_SMI,GPU_1,2456.8,127.0,100.0
1781681503.54,ROCM_SMI,GPU_2,2456.8,130.0,100.0
1781681503.54,ROCM_SMI,GPU_3,2456.8,130.0,100.0
1781681503.54,ROCM_SMI,GPU_4,2456.8,128.0,100.0
1781681505.73,ROCM_SMI,GPU_1,2456.8,127.0,100.0
1781681505.73,ROCM_SMI,GPU_2,2456.8,130.0,100.0
1781681505.73,ROCM_SMI,GPU_3,2456.8,132.0,100.0
1781681505.73,ROCM_SMI,GPU_4,2456.8,128.0,100.0
1781681507.93,ROCM_SMI,GPU_1,2456.8,127.0,100.0
1781681507.93,ROCM_SMI,GPU_2,2456.8,131.0,100.0
1781681507.93,ROCM_SMI,GPU_3,2456.8,131.0,100.0
1781681507.93,ROCM_SMI,GPU_4,2456.8,127.0,100.0
1781681510.12,ROCM_SMI,GPU_1,2456.8,126.0,100.0
1781681510.12,ROCM_SMI,GPU_2,2456.8,130.0,100.0
1781681510.12,ROCM_SMI,GPU_3,2456.8,131.0,100.0
1781681510.12,ROCM_SMI,GPU_4,2456.8,126.0,91.0
1781681512.32,ROCM_SMI,GPU_1,2456.8,197.0,100.0
1781681512.32,ROCM_SMI,GPU_2,2456.8,214.0,100.0
1781681512.32,ROCM_SMI,GPU_3,2456.8,221.0,100.0
1781681512.32,ROCM_SMI,GPU_4,2456.8,123.0,100.0
1781681514.51,ROCM_SMI,GPU_1,2456.8,131.0,100.0
1781681514.51,ROCM_SMI,GPU_2,2456.8,135.0,100.0
1781681514.51,ROCM_SMI,GPU_3,2456.8,137.0,100.0
1781681514.51,ROCM_SMI,GPU_4,2456.8,132.0,100.0
1781681516.70,ROCM_SMI,GPU_1,2456.8,134.0,100.0
1781681516.70,ROCM_SMI,GPU_2,2456.8,136.0,100.0
1781681516.70,ROCM_SMI,GPU_3,2456.8,137.0,100.0
1781681516.70,ROCM_SMI,GPU_4,2456.8,134.0,100.0
1781681518.89,ROCM_SMI,GPU_1,2456.8,127.0,100.0
1781681518.89,ROCM_SMI,GPU_2,2456.8,130.0,100.0
1781681518.89,ROCM_SMI,GPU_3,2456.8,132.0,100.0
1781681518.89,ROCM_SMI,GPU_4,2456.8,127.0,100.0
1781681521.09,ROCM_SMI,GPU_1,2456.8,127.0,100.0
1781681521.09,ROCM_SMI,GPU_2,2456.8,132.0,100.0
1781681521.09,ROCM_SMI,GPU_3,2456.8,132.0,100.0
1781681521.09,ROCM_SMI,GPU_4,2456.8,128.0,100.0
1781681523.28,ROCM_SMI,GPU_1,2456.8,127.0,100.0
1781681523.28,ROCM_SMI,GPU_2,2456.8,131.0,100.0
1781681523.28,ROCM_SMI,GPU_3,2456.8,131.0,100.0
1781681523.28,ROCM_SMI,GPU_4,2456.8,128.0,100.0
1781681525.47,ROCM_SMI,GPU_1,2456.8,122.0,100.0
1781681525.47,ROCM_SMI,GPU_2,2456.8,128.0,100.0
1781681525.47,ROCM_SMI,GPU_3,2456.8,128.0,100.0
1781681525.47,ROCM_SMI,GPU_4,2456.8,120.0,100.0
1781681527.67,ROCM_SMI,GPU_1,2456.8,127.0,100.0
1781681527.67,ROCM_SMI,GPU_2,2456.8,131.0,100.0
1781681527.67,ROCM_SMI,GPU_3,2456.8,131.0,100.0
1781681527.67,ROCM_SMI,GPU_4,2456.8,128.0,100.0
1781681529.86,ROCM_SMI,GPU_1,2456.8,126.0,100.0
1781681529.86,ROCM_SMI,GPU_2,2456.8,130.0,100.0
1781681529.86,ROCM_SMI,GPU_3,2456.8,131.0,100.0
1781681529.86,ROCM_SMI,GPU_4,2456.8,127.0,82.0
1781681532.05,ROCM_SMI,GPU_1,2456.8,125.0,70.0
1781681532.05,ROCM_SMI,GPU_2,2456.8,130.0,100.0
1781681532.05,ROCM_SMI,GPU_3,2456.8,132.0,100.0
1781681532.05,ROCM_SMI,GPU_4,2456.8,130.0,100.0
1781681534.25,ROCM_SMI,GPU_1,2456.8,133.0,100.0
1781681534.25,ROCM_SMI,GPU_2,2456.8,137.0,100.0
1781681534.25,ROCM_SMI,GPU_3,2456.8,136.0,100.0
1781681534.25,ROCM_SMI,GPU_4,2456.8,132.0,100.0
1781681536.44,ROCM_SMI,GPU_1,2456.8,132.0,100.0
1781681536.44,ROCM_SMI,GPU_2,2456.8,136.0,100.0
1781681536.44,ROCM_SMI,GPU_3,2456.8,137.0,100.0
1781681536.44,ROCM_SMI,GPU_4,2456.8,133.0,100.0
1781681538.63,ROCM_SMI,GPU_1,2456.8,131.0,100.0
1781681538.63,ROCM_SMI,GPU_2,2456.8,134.0,100.0
1781681538.63,ROCM_SMI,GPU_3,2456.8,133.0,100.0
1781681538.63,ROCM_SMI,GPU_4,2456.8,132.0,100.0
1781681540.82,ROCM_SMI,GPU_1,2456.8,128.0,100.0
1781681540.82,ROCM_SMI,GPU_2,2456.8,131.0,100.0
1781681540.82,ROCM_SMI,GPU_3,2456.8,132.0,100.0
1781681540.82,ROCM_SMI,GPU_4,2456.8,128.0,100.0
1781681543.02,ROCM_SMI,GPU_1,2456.8,128.0,100.0
1781681543.02,ROCM_SMI,GPU_2,2456.8,131.0,100.0
1781681543.02,ROCM_SMI,GPU_3,2456.8,133.0,100.0
1781681543.02,ROCM_SMI,GPU_4,2456.8,129.0,100.0
1781681545.21,ROCM_SMI,GPU_1,2456.8,127.0,100.0
1781681545.21,ROCM_SMI,GPU_2,2456.8,131.0,100.0
1781681545.21,ROCM_SMI,GPU_3,2456.8,131.0,100.0
1781681545.21,ROCM_SMI,GPU_4,2456.8,128.0,100.0
1781681547.40,ROCM_SMI,GPU_1,2456.8,127.0,100.0
1781681547.40,ROCM_SMI,GPU_2,2456.8,131.0,100.0
1781681547.40,ROCM_SMI,GPU_3,2456.8,132.0,100.0
1781681547.40,ROCM_SMI,GPU_4,2456.8,128.0,100.0
1781681549.59,ROCM_SMI,GPU_1,2456.8,127.0,100.0
1781681549.59,ROCM_SMI,GPU_2,2456.8,131.0,100.0
1781681549.59,ROCM_SMI,GPU_3,2456.8,130.0,100.0
1781681549.59,ROCM_SMI,GPU_4,2456.8,116.0,100.0
1781681551.79,ROCM_SMI,GPU_1,2456.8,127.0,85.0
1781681551.79,ROCM_SMI,GPU_2,2456.8,131.0,100.0
1781681551.79,ROCM_SMI,GPU_3,2456.8,136.0,100.0
1781681551.79,ROCM_SMI,GPU_4,2456.8,135.0,100.0
1781681553.98,ROCM_SMI,GPU_1,2456.8,132.0,100.0
1781681553.98,ROCM_SMI,GPU_2,2456.8,137.0,100.0
1781681553.98,ROCM_SMI,GPU_3,2456.8,137.0,100.0
1781681553.98,ROCM_SMI,GPU_4,2456.8,133.0,100.0
1781681556.18,ROCM_SMI,GPU_1,2456.8,133.0,100.0
1781681556.18,ROCM_SMI,GPU_2,2456.8,136.0,100.0
1781681556.18,ROCM_SMI,GPU_3,2456.8,138.0,100.0
1781681556.18,ROCM_SMI,GPU_4,2456.8,131.0,100.0
1781681558.38,ROCM_SMI,GPU_1,2456.8,128.0,100.0
1781681558.38,ROCM_SMI,GPU_2,2456.8,132.0,100.0
1781681558.38,ROCM_SMI,GPU_3,2456.8,133.0,100.0
1781681558.38,ROCM_SMI,GPU_4,2456.8,127.0,100.0
1781681560.58,ROCM_SMI,GPU_1,2456.8,127.0,100.0
1781681560.58,ROCM_SMI,GPU_2,2456.8,131.0,100.0
1781681560.58,ROCM_SMI,GPU_3,2456.8,132.0,100.0
1781681560.58,ROCM_SMI,GPU_4,2456.8,127.0,100.0
1781681562.77,ROCM_SMI,GPU_1,2456.8,127.0,100.0
1781681562.77,ROCM_SMI,GPU_2,2456.8,130.0,100.0
1781681562.77,ROCM_SMI,GPU_3,2456.8,131.0,100.0
1781681562.77,ROCM_SMI,GPU_4,2456.8,128.0,100.0
1781681564.96,ROCM_SMI,GPU_1,2456.8,127.0,100.0
1781681564.96,ROCM_SMI,GPU_2,2456.8,131.0,100.0
1781681564.96,ROCM_SMI,GPU_3,2456.8,132.0,100.0
1781681564.96,ROCM_SMI,GPU_4,2456.8,127.0,100.0
1781681567.17,ROCM_SMI,GPU_1,2456.8,127.0,100.0
1781681567.17,ROCM_SMI,GPU_2,2456.8,131.0,100.0
1781681567.17,ROCM_SMI,GPU_3,2456.8,130.0,100.0
1781681567.17,ROCM_SMI,GPU_4,2456.8,128.0,83.0
1781681569.36,ROCM_SMI,GPU_1,2456.8,131.0,100.0
1781681569.36,ROCM_SMI,GPU_2,2456.8,136.0,100.0
1781681569.36,ROCM_SMI,GPU_3,2456.8,137.0,100.0
1781681569.36,ROCM_SMI,GPU_4,2456.8,133.0,100.0
1781681571.55,ROCM_SMI,GPU_1,2456.8,132.0,100.0
1781681571.55,ROCM_SMI,GPU_2,2456.8,136.0,100.0
1781681571.55,ROCM_SMI,GPU_3,2456.8,137.0,100.0
1781681571.55,ROCM_SMI,GPU_4,2456.8,134.0,100.0
1781681573.75,ROCM_SMI,GPU_1,2456.8,133.0,100.0
1781681573.75,ROCM_SMI,GPU_2,2456.8,135.0,100.0
1781681573.75,ROCM_SMI,GPU_3,2456.8,135.0,100.0
1781681573.75,ROCM_SMI,GPU_4,2456.8,132.0,100.0
1781681575.94,ROCM_SMI,GPU_1,2456.8,128.0,100.0
1781681575.94,ROCM_SMI,GPU_2,2456.8,130.0,100.0
1781681575.94,ROCM_SMI,GPU_3,2456.8,132.0,100.0
1781681575.94,ROCM_SMI,GPU_4,2456.8,128.0,100.0
1781681578.14,ROCM_SMI,GPU_1,2456.8,128.0,100.0
1781681578.14,ROCM_SMI,GPU_2,2456.8,132.0,100.0
1781681578.14,ROCM_SMI,GPU_3,2456.8,131.0,100.0
1781681578.14,ROCM_SMI,GPU_4,2456.8,128.0,100.0
1781681580.33,ROCM_SMI,GPU_1,2456.8,121.0,100.0
1781681580.33,ROCM_SMI,GPU_2,2456.8,127.0,100.0
1781681580.33,ROCM_SMI,GPU_3,2456.8,129.0,100.0
1781681580.33,ROCM_SMI,GPU_4,2456.8,123.0,100.0
1781681582.52,ROCM_SMI,GPU_1,2456.8,127.0,100.0
1781681582.52,ROCM_SMI,GPU_2,2456.8,130.0,100.0
1781681582.52,ROCM_SMI,GPU_3,2456.8,132.0,100.0
1781681582.52,ROCM_SMI,GPU_4,2456.8,127.0,100.0
1781681584.71,ROCM_SMI,GPU_1,2456.8,127.0,100.0
1781681584.71,ROCM_SMI,GPU_2,2456.8,130.0,100.0
1781681584.71,ROCM_SMI,GPU_3,2456.8,131.0,100.0
1781681584.71,ROCM_SMI,GPU_4,2456.8,127.0,100.0
1781681586.91,ROCM_SMI,GPU_1,2456.8,126.0,100.0
1781681586.91,ROCM_SMI,GPU_2,2456.8,130.0,100.0
1781681586.91,ROCM_SMI,GPU_3,2456.8,130.0,100.0
1781681586.91,ROCM_SMI,GPU_4,2456.8,128.0,100.0
1781681589.10,ROCM_SMI,GPU_1,2456.8,127.0,100.0
1781681589.10,ROCM_SMI,GPU_2,2456.8,130.0,100.0
1781681589.10,ROCM_SMI,GPU_3,2456.8,130.0,85.0
1781681589.10,ROCM_SMI,GPU_4,2456.8,127.0,87.0
1781681591.30,ROCM_SMI,GPU_1,2456.8,129.0,100.0
1781681591.30,ROCM_SMI,GPU_2,2456.8,134.0,100.0
1781681591.30,ROCM_SMI,GPU_3,2456.8,137.0,100.0
1781681591.30,ROCM_SMI,GPU_4,2456.8,131.0,100.0
1781681593.49,ROCM_SMI,GPU_1,2456.8,129.0,100.0
1781681593.49,ROCM_SMI,GPU_2,2456.8,134.0,100.0
1781681593.49,ROCM_SMI,GPU_3,2456.8,135.0,100.0
1781681593.49,ROCM_SMI,GPU_4,2456.8,132.0,100.0
1781681595.68,ROCM_SMI,GPU_1,2456.8,133.0,100.0
1781681595.68,ROCM_SMI,GPU_2,2456.8,137.0,100.0
1781681595.68,ROCM_SMI,GPU_3,2456.8,138.0,100.0
1781681595.68,ROCM_SMI,GPU_4,2456.8,133.0,100.0
1781681597.88,ROCM_SMI,GPU_1,2456.8,127.0,100.0
1781681597.88,ROCM_SMI,GPU_2,2456.8,130.0,100.0
1781681597.88,ROCM_SMI,GPU_3,2456.8,131.0,100.0
1781681597.88,ROCM_SMI,GPU_4,2456.8,129.0,100.0
1781681600.07,ROCM_SMI,GPU_1,2456.8,126.0,100.0
1781681600.07,ROCM_SMI,GPU_2,2456.8,131.0,100.0
1781681600.07,ROCM_SMI,GPU_3,2456.8,132.0,100.0
1781681600.07,ROCM_SMI,GPU_4,2456.8,127.0,100.0
1781681602.26,ROCM_SMI,GPU_1,2456.8,127.0,100.0
1781681602.26,ROCM_SMI,GPU_2,2456.8,129.0,100.0
1781681602.26,ROCM_SMI,GPU_3,2456.8,131.0,100.0
1781681602.26,ROCM_SMI,GPU_4,2456.8,127.0,100.0
1781681604.45,ROCM_SMI,GPU_1,2456.8,126.0,100.0
1781681604.45,ROCM_SMI,GPU_2,2456.8,131.0,100.0
1781681604.45,ROCM_SMI,GPU_3,2456.8,133.0,100.0
1781681604.45,ROCM_SMI,GPU_4,2456.8,129.0,100.0
1781681606.65,ROCM_SMI,GPU_1,2456.8,127.0,100.0
1781681606.65,ROCM_SMI,GPU_2,2456.8,131.0,100.0
1781681606.65,ROCM_SMI,GPU_3,2456.8,130.0,100.0
1781681606.65,ROCM_SMI,GPU_4,2456.8,128.0,100.0
1781681608.84,ROCM_SMI,GPU_1,2456.8,127.0,100.0
1781681608.84,ROCM_SMI,GPU_2,2456.8,131.0,100.0
1781681608.84,ROCM_SMI,GPU_3,2456.8,131.0,100.0
1781681608.84,ROCM_SMI,GPU_4,2456.8,126.0,86.0
1781681611.04,ROCM_SMI,GPU_1,2456.8,127.0,100.0
1781681611.04,ROCM_SMI,GPU_2,2456.8,135.0,100.0
1781681611.04,ROCM_SMI,GPU_3,2456.8,136.0,100.0
1781681611.04,ROCM_SMI,GPU_4,2456.8,132.0,100.0
1781681613.24,ROCM_SMI,GPU_1,2456.8,132.0,100.0
1781681613.24,ROCM_SMI,GPU_2,2456.8,135.0,100.0
1781681613.24,ROCM_SMI,GPU_3,2456.8,138.0,100.0
1781681613.24,ROCM_SMI,GPU_4,2456.8,133.0,100.0
1781681615.43,ROCM_SMI,GPU_1,2456.8,132.0,100.0
1781681615.43,ROCM_SMI,GPU_2,2456.8,136.0,100.0
1781681615.43,ROCM_SMI,GPU_3,2456.8,136.0,100.0
1781681615.43,ROCM_SMI,GPU_4,2456.8,146.0,100.0
1781681617.63,ROCM_SMI,GPU_1,2456.8,127.0,100.0
1781681617.63,ROCM_SMI,GPU_2,2456.8,130.0,100.0
1781681617.63,ROCM_SMI,GPU_3,2456.8,131.0,100.0
1781681617.63,ROCM_SMI,GPU_4,2456.8,128.0,100.0
1781681619.82,ROCM_SMI,GPU_1,2456.8,127.0,100.0
1781681619.82,ROCM_SMI,GPU_2,2456.8,131.0,100.0
1781681619.82,ROCM_SMI,GPU_3,2456.8,131.0,100.0
1781681619.82,ROCM_SMI,GPU_4,2456.8,128.0,100.0
1781681622.01,ROCM_SMI,GPU_1,2456.8,120.0,100.0
1781681622.01,ROCM_SMI,GPU_2,2456.8,124.0,100.0
1781681622.01,ROCM_SMI,GPU_3,2456.8,134.0,100.0
1781681622.01,ROCM_SMI,GPU_4,2456.8,124.0,100.0
1781681624.21,ROCM_SMI,GPU_1,2456.8,127.0,100.0
1781681624.21,ROCM_SMI,GPU_2,2456.8,131.0,100.0
1781681624.21,ROCM_SMI,GPU_3,2456.8,132.0,100.0
1781681624.21,ROCM_SMI,GPU_4,2456.8,127.0,100.0
1781681626.40,ROCM_SMI,GPU_1,2456.8,126.0,100.0
1781681626.40,ROCM_SMI,GPU_2,2456.8,131.0,100.0
1781681626.40,ROCM_SMI,GPU_3,2456.8,130.0,100.0
1781681626.40,ROCM_SMI,GPU_4,2456.8,127.0,100.0
1781681628.59,ROCM_SMI,GPU_1,2456.8,126.0,100.0
1781681628.59,ROCM_SMI,GPU_2,2456.8,130.0,100.0
1781681628.59,ROCM_SMI,GPU_3,2456.8,130.0,82.0
1781681628.59,ROCM_SMI,GPU_4,2456.8,128.0,100.0
1781681630.79,ROCM_SMI,GPU_1,2456.8,127.0,100.0
1781681630.79,ROCM_SMI,GPU_2,2456.8,133.0,100.0
1781681630.79,ROCM_SMI,GPU_3,2456.8,137.0,100.0
1781681630.79,ROCM_SMI,GPU_4,2456.8,131.0,100.0
1781681632.98,ROCM_SMI,GPU_1,2456.8,132.0,100.0
1781681632.98,ROCM_SMI,GPU_2,2456.8,137.0,100.0
1781681632.98,ROCM_SMI,GPU_3,2456.8,136.0,100.0
1781681632.98,ROCM_SMI,GPU_4,2456.8,134.0,100.0
1781681635.17,ROCM_SMI,GPU_1,2456.8,135.0,100.0
1781681635.17,ROCM_SMI,GPU_2,2456.8,141.0,100.0
1781681635.17,ROCM_SMI,GPU_3,2456.8,142.0,100.0
1781681635.17,ROCM_SMI,GPU_4,2456.8,137.0,100.0
1781681637.37,ROCM_SMI,GPU_1,2456.8,129.0,100.0
1781681637.37,ROCM_SMI,GPU_2,2456.8,133.0,100.0
1781681637.37,ROCM_SMI,GPU_3,2456.8,133.0,100.0
1781681637.37,ROCM_SMI,GPU_4,2456.8,129.0,100.0
1781681639.56,ROCM_SMI,GPU_1,2456.8,127.0,100.0
1781681639.56,ROCM_SMI,GPU_2,2456.8,131.0,100.0
1781681639.56,ROCM_SMI,GPU_3,2456.8,133.0,100.0
1781681639.56,ROCM_SMI,GPU_4,2456.8,128.0,100.0
1781681641.75,ROCM_SMI,GPU_1,2456.8,127.0,100.0
1781681641.75,ROCM_SMI,GPU_2,2456.8,130.0,100.0
1781681641.75,ROCM_SMI,GPU_3,2456.8,132.0,100.0
1781681641.75,ROCM_SMI,GPU_4,2456.8,129.0,100.0
1781681643.94,ROCM_SMI,GPU_1,2456.8,127.0,100.0
1781681643.94,ROCM_SMI,GPU_2,2456.8,131.0,100.0
1781681643.94,ROCM_SMI,GPU_3,2456.8,131.0,100.0
1781681643.94,ROCM_SMI,GPU_4,2456.8,128.0,100.0
1781681646.14,ROCM_SMI,GPU_1,2456.8,126.0,100.0
1781681646.14,ROCM_SMI,GPU_2,2456.8,131.0,100.0
1781681646.14,ROCM_SMI,GPU_3,2456.8,131.0,100.0
1781681646.14,ROCM_SMI,GPU_4,2456.8,127.0,100.0
1781681648.33,ROCM_SMI,GPU_1,2456.8,131.0,100.0
1781681648.33,ROCM_SMI,GPU_2,2456.8,131.0,100.0
1781681648.33,ROCM_SMI,GPU_3,2456.8,129.0,100.0
1781681648.33,ROCM_SMI,GPU_4,2456.8,122.0,100.0
1781681650.53,ROCM_SMI,GPU_1,2456.8,126.0,100.0
1781681650.53,ROCM_SMI,GPU_2,2456.8,129.0,86.0
1781681650.53,ROCM_SMI,GPU_3,2456.8,130.0,100.0
1781681650.53,ROCM_SMI,GPU_4,2456.8,128.0,100.0
1781681652.72,ROCM_SMI,GPU_1,2456.8,129.0,100.0
1781681652.72,ROCM_SMI,GPU_2,2456.8,133.0,100.0
1781681652.72,ROCM_SMI,GPU_3,2456.8,136.0,100.0
1781681652.72,ROCM_SMI,GPU_4,2456.8,134.0,100.0
1781681654.91,ROCM_SMI,GPU_1,2456.8,132.0,100.0
1781681654.91,ROCM_SMI,GPU_2,2456.8,136.0,100.0
1781681654.91,ROCM_SMI,GPU_3,2456.8,138.0,100.0
1781681654.91,ROCM_SMI,GPU_4,2456.8,132.0,100.0
1781681657.10,ROCM_SMI,GPU_1,2456.8,133.0,100.0
1781681657.10,ROCM_SMI,GPU_2,2456.8,137.0,100.0
1781681657.10,ROCM_SMI,GPU_3,2456.8,137.0,100.0
1781681657.10,ROCM_SMI,GPU_4,2456.8,135.0,100.0
1781681659.29,ROCM_SMI,GPU_1,2456.8,130.0,100.0
1781681659.29,ROCM_SMI,GPU_2,2456.8,133.0,100.0
1781681659.29,ROCM_SMI,GPU_3,2456.8,134.0,100.0
1781681659.29,ROCM_SMI,GPU_4,2456.8,130.0,100.0
1781681661.49,ROCM_SMI,GPU_1,2456.8,128.0,100.0
1781681661.49,ROCM_SMI,GPU_2,2456.8,132.0,100.0
1781681661.49,ROCM_SMI,GPU_3,2456.8,132.0,100.0
1781681661.49,ROCM_SMI,GPU_4,2456.8,129.0,100.0
1781681663.68,ROCM_SMI,GPU_1,2456.8,128.0,100.0
1781681663.68,ROCM_SMI,GPU_2,2456.8,130.0,100.0
1781681663.68,ROCM_SMI,GPU_3,2456.8,132.0,100.0
1781681663.68,ROCM_SMI,GPU_4,2456.8,127.0,100.0
1781681665.87,ROCM_SMI,GPU_1,2456.8,128.0,100.0
1781681665.87,ROCM_SMI,GPU_2,2456.8,131.0,100.0
1781681665.87,ROCM_SMI,GPU_3,2456.8,132.0,100.0
1781681665.87,ROCM_SMI,GPU_4,2456.8,128.0,100.0
1781681668.06,ROCM_SMI,GPU_1,2456.8,128.0,100.0
1781681668.06,ROCM_SMI,GPU_2,2456.8,130.0,100.0
1781681668.06,ROCM_SMI,GPU_3,2456.8,131.0,100.0
1781681668.06,ROCM_SMI,GPU_4,2456.8,128.0,100.0
1781681670.26,ROCM_SMI,GPU_1,2456.8,127.0,100.0
1781681670.26,ROCM_SMI,GPU_2,2456.8,130.0,100.0
1781681670.26,ROCM_SMI,GPU_3,2456.8,132.0,100.0
1781681670.26,ROCM_SMI,GPU_4,2456.8,127.0,100.0
1781681672.45,ROCM_SMI,GPU_1,2456.8,126.0,100.0
1781681672.45,ROCM_SMI,GPU_2,2456.8,129.0,100.0
1781681672.45,ROCM_SMI,GPU_3,2456.8,131.0,100.0
1781681672.45,ROCM_SMI,GPU_4,2456.8,126.0,78.0
1781681674.64,ROCM_SMI,GPU_1,2456.8,125.0,94.0
1781681674.64,ROCM_SMI,GPU_2,2456.8,130.0,100.0
1781681674.64,ROCM_SMI,GPU_3,2456.8,134.0,100.0
1781681674.64,ROCM_SMI,GPU_4,2456.8,132.0,100.0
1781681676.85,ROCM_SMI,GPU_1,2456.8,133.0,100.0
1781681676.85,ROCM_SMI,GPU_2,2456.8,135.0,100.0
1781681676.85,ROCM_SMI,GPU_3,2456.8,135.0,100.0
1781681676.85,ROCM_SMI,GPU_4,2456.8,133.0,100.0
1781681679.05,ROCM_SMI,GPU_1,2456.8,130.0,100.0
1781681679.05,ROCM_SMI,GPU_2,2456.8,133.0,100.0
1781681679.05,ROCM_SMI,GPU_3,2456.8,133.0,100.0
1781681679.05,ROCM_SMI,GPU_4,2456.8,129.0,100.0
1781681681.24,ROCM_SMI,GPU_1,2456.8,127.0,100.0
1781681681.24,ROCM_SMI,GPU_2,2456.8,131.0,100.0
1781681681.24,ROCM_SMI,GPU_3,2456.8,131.0,100.0
1781681681.24,ROCM_SMI,GPU_4,2456.8,129.0,100.0
1781681683.43,ROCM_SMI,GPU_1,2456.8,127.0,100.0
1781681683.43,ROCM_SMI,GPU_2,2456.8,131.0,100.0
1781681683.43,ROCM_SMI,GPU_3,2456.8,131.0,100.0
1781681683.43,ROCM_SMI,GPU_4,2456.8,129.0,100.0
1781681685.63,ROCM_SMI,GPU_1,2456.8,127.0,100.0
1781681685.63,ROCM_SMI,GPU_2,2456.8,130.0,100.0
1781681685.63,ROCM_SMI,GPU_3,2456.8,132.0,100.0
1781681685.63,ROCM_SMI,GPU_4,2456.8,128.0,100.0
1781681687.82,ROCM_SMI,GPU_1,2456.8,128.0,100.0
1781681687.82,ROCM_SMI,GPU_2,2456.8,130.0,100.0
1781681687.82,ROCM_SMI,GPU_3,2456.8,130.0,100.0
1781681687.82,ROCM_SMI,GPU_4,2456.8,127.0,100.0
1781681690.01,ROCM_SMI,GPU_1,2456.8,122.0,100.0
1781681690.01,ROCM_SMI,GPU_2,2456.8,125.0,100.0
1781681690.01,ROCM_SMI,GPU_3,2456.8,125.0,100.0
1781681690.01,ROCM_SMI,GPU_4,2456.8,119.0,100.0
1781681692.21,ROCM_SMI,GPU_1,2456.8,126.0,100.0
1781681692.21,ROCM_SMI,GPU_2,2456.8,129.0,85.0
1781681692.21,ROCM_SMI,GPU_3,2456.8,130.0,100.0
1781681692.21,ROCM_SMI,GPU_4,2456.8,128.0,100.0
1781681694.40,ROCM_SMI,GPU_1,2456.8,130.0,100.0
1781681694.40,ROCM_SMI,GPU_2,2456.8,136.0,100.0
1781681694.40,ROCM_SMI,GPU_3,2456.8,138.0,100.0
1781681694.40,ROCM_SMI,GPU_4,2456.8,133.0,100.0
1781681696.59,ROCM_SMI,GPU_1,2456.8,132.0,100.0
1781681696.59,ROCM_SMI,GPU_2,2456.8,136.0,100.0
1781681696.59,ROCM_SMI,GPU_3,2456.8,137.0,100.0
1781681696.59,ROCM_SMI,GPU_4,2456.8,134.0,100.0
1781681698.78,ROCM_SMI,GPU_1,2456.8,132.0,100.0
1781681698.78,ROCM_SMI,GPU_2,2456.8,137.0,100.0
1781681698.78,ROCM_SMI,GPU_3,2456.8,137.0,100.0
1781681698.78,ROCM_SMI,GPU_4,2456.8,134.0,100.0
1781681700.97,ROCM_SMI,GPU_1,2456.8,129.0,100.0
1781681700.97,ROCM_SMI,GPU_2,2456.8,132.0,100.0
1781681700.97,ROCM_SMI,GPU_3,2456.8,133.0,100.0
1781681700.97,ROCM_SMI,GPU_4,2456.8,129.0,100.0
1781681703.17,ROCM_SMI,GPU_1,2456.8,134.0,100.0
1781681703.17,ROCM_SMI,GPU_2,2456.8,140.0,100.0
1781681703.17,ROCM_SMI,GPU_3,2456.8,140.0,100.0
1781681703.17,ROCM_SMI,GPU_4,2456.8,136.0,100.0
1781681705.36,ROCM_SMI,GPU_1,2456.8,126.0,100.0
1781681705.36,ROCM_SMI,GPU_2,2456.8,131.0,100.0
1781681705.36,ROCM_SMI,GPU_3,2456.8,131.0,100.0
1781681705.36,ROCM_SMI,GPU_4,2456.8,127.0,100.0
1781681707.55,ROCM_SMI,GPU_1,2456.8,126.0,100.0
1781681707.55,ROCM_SMI,GPU_2,2456.8,132.0,100.0
1781681707.55,ROCM_SMI,GPU_3,2456.8,132.0,100.0
1781681707.55,ROCM_SMI,GPU_4,2456.8,127.0,100.0
1781681709.75,ROCM_SMI,GPU_1,2456.8,128.0,100.0
1781681709.75,ROCM_SMI,GPU_2,2456.8,131.0,100.0
1781681709.75,ROCM_SMI,GPU_3,2456.8,133.0,100.0
1781681709.75,ROCM_SMI,GPU_4,2456.8,128.0,100.0
1781681711.94,ROCM_SMI,GPU_1,2456.8,125.0,100.0
1781681711.94,ROCM_SMI,GPU_2,2456.8,130.0,100.0
1781681711.94,ROCM_SMI,GPU_3,2456.8,131.0,100.0
1781681711.94,ROCM_SMI,GPU_4,2456.8,129.0,100.0
1781681714.13,ROCM_SMI,GPU_1,2456.8,126.0,100.0
1781681714.13,ROCM_SMI,GPU_2,2456.8,130.0,100.0
1781681714.13,ROCM_SMI,GPU_3,2456.8,130.0,92.0
1781681714.13,ROCM_SMI,GPU_4,2456.8,126.0,92.0
1781681716.33,ROCM_SMI,GPU_1,2456.8,129.0,100.0
1781681716.33,ROCM_SMI,GPU_2,2456.8,131.0,100.0
1781681716.33,ROCM_SMI,GPU_3,2456.8,131.0,100.0
1781681716.33,ROCM_SMI,GPU_4,2456.8,129.0,100.0
1781681718.52,ROCM_SMI,GPU_1,2456.8,131.0,100.0
1781681718.52,ROCM_SMI,GPU_2,2456.8,136.0,100.0
1781681718.52,ROCM_SMI,GPU_3,2456.8,135.0,100.0
1781681718.52,ROCM_SMI,GPU_4,2456.8,132.0,100.0
1781681720.71,ROCM_SMI,GPU_1,2456.8,133.0,100.0
1781681720.71,ROCM_SMI,GPU_2,2456.8,136.0,100.0
1781681720.71,ROCM_SMI,GPU_3,2456.8,137.0,100.0
1781681720.71,ROCM_SMI,GPU_4,2456.8,133.0,100.0
1781681722.91,ROCM_SMI,GPU_1,2456.8,133.0,100.0
1781681722.91,ROCM_SMI,GPU_2,2456.8,136.0,100.0
1781681722.91,ROCM_SMI,GPU_3,2456.8,138.0,100.0
1781681722.91,ROCM_SMI,GPU_4,2456.8,132.0,100.0
1781681725.10,ROCM_SMI,GPU_1,2456.8,128.0,100.0
1781681725.10,ROCM_SMI,GPU_2,2456.8,130.0,100.0
1781681725.10,ROCM_SMI,GPU_3,2456.8,132.0,100.0
1781681725.10,ROCM_SMI,GPU_4,2456.8,128.0,100.0
1781681727.29,ROCM_SMI,GPU_1,2456.8,127.0,100.0
1781681727.29,ROCM_SMI,GPU_2,2456.8,130.0,100.0
1781681727.29,ROCM_SMI,GPU_3,2456.8,132.0,100.0
1781681727.29,ROCM_SMI,GPU_4,2456.8,130.0,100.0
1781681729.48,ROCM_SMI,GPU_1,2456.8,126.0,100.0
1781681729.48,ROCM_SMI,GPU_2,2456.8,130.0,100.0
1781681729.48,ROCM_SMI,GPU_3,2456.8,131.0,100.0
1781681729.48,ROCM_SMI,GPU_4,2456.8,129.0,100.0
1781681731.68,ROCM_SMI,GPU_1,2456.8,126.0,100.0
1781681731.68,ROCM_SMI,GPU_2,2456.8,131.0,100.0
1781681731.68,ROCM_SMI,GPU_3,2456.8,132.0,100.0
1781681731.68,ROCM_SMI,GPU_4,2456.8,128.0,100.0
1781681733.87,ROCM_SMI,GPU_1,2456.8,128.0,100.0
1781681733.87,ROCM_SMI,GPU_2,2456.8,130.0,100.0
1781681733.87,ROCM_SMI,GPU_3,2456.8,131.0,100.0
1781681733.87,ROCM_SMI,GPU_4,2456.8,127.0,100.0
1781681736.06,ROCM_SMI,GPU_1,2456.8,127.0,100.0
1781681736.06,ROCM_SMI,GPU_2,2456.8,130.0,100.0
1781681736.06,ROCM_SMI,GPU_3,2456.8,130.0,100.0
1781681736.06,ROCM_SMI,GPU_4,2456.8,129.0,100.0
1781681738.26,ROCM_SMI,GPU_1,2456.8,126.0,100.0
1781681738.26,ROCM_SMI,GPU_2,2456.8,130.0,78.0
1781681738.26,ROCM_SMI,GPU_3,2456.8,131.0,100.0
1781681738.26,ROCM_SMI,GPU_4,2456.8,128.0,100.0
1781681740.45,ROCM_SMI,GPU_1,2456.8,129.0,100.0
1781681740.45,ROCM_SMI,GPU_2,2456.8,135.0,100.0
1781681740.45,ROCM_SMI,GPU_3,2456.8,135.0,100.0
1781681740.45,ROCM_SMI,GPU_4,2456.8,133.0,100.0
1781681742.65,ROCM_SMI,GPU_1,2456.8,131.0,100.0
1781681742.65,ROCM_SMI,GPU_2,2456.8,137.0,100.0
1781681742.65,ROCM_SMI,GPU_3,2456.8,137.0,100.0
1781681742.65,ROCM_SMI,GPU_4,2456.8,133.0,100.0
1781681744.84,ROCM_SMI,GPU_1,2456.8,122.0,100.0
1781681744.84,ROCM_SMI,GPU_2,2456.8,128.0,100.0
1781681744.84,ROCM_SMI,GPU_3,2456.8,125.0,100.0
1781681744.84,ROCM_SMI,GPU_4,2456.8,126.0,100.0
1781681747.04,ROCM_SMI,GPU_1,2456.8,127.0,100.0
1781681747.04,ROCM_SMI,GPU_2,2456.8,131.0,100.0
1781681747.04,ROCM_SMI,GPU_3,2456.8,130.0,100.0
1781681747.04,ROCM_SMI,GPU_4,2456.8,129.0,100.0
1781681749.23,ROCM_SMI,GPU_1,2456.8,127.0,100.0
1781681749.23,ROCM_SMI,GPU_2,2456.8,131.0,100.0
1781681749.23,ROCM_SMI,GPU_3,2456.8,132.0,100.0
1781681749.23,ROCM_SMI,GPU_4,2456.8,128.0,100.0
1781681751.42,ROCM_SMI,GPU_1,2456.8,127.0,100.0
1781681751.42,ROCM_SMI,GPU_2,2456.8,131.0,100.0
1781681751.42,ROCM_SMI,GPU_3,2456.8,131.0,100.0
1781681751.42,ROCM_SMI,GPU_4,2456.8,128.0,100.0
1781681753.61,ROCM_SMI,GPU_1,2456.8,126.0,100.0
1781681753.61,ROCM_SMI,GPU_2,2456.8,131.0,100.0
1781681753.61,ROCM_SMI,GPU_3,2456.8,132.0,100.0
1781681753.61,ROCM_SMI,GPU_4,2456.8,128.0,100.0
1781681755.81,ROCM_SMI,GPU_1,2456.8,126.0,100.0
1781681755.81,ROCM_SMI,GPU_2,2456.8,131.0,100.0
1781681755.81,ROCM_SMI,GPU_3,2456.8,131.0,100.0
1781681755.81,ROCM_SMI,GPU_4,2456.8,127.0,100.0
1781681758.00,ROCM_SMI,GPU_1,2456.8,123.0,100.0
1781681758.00,ROCM_SMI,GPU_2,2456.8,126.0,100.0
1781681758.00,ROCM_SMI,GPU_3,2456.8,125.0,100.0
1781681758.00,ROCM_SMI,GPU_4,2456.8,123.0,100.0
1781681760.19,ROCM_SMI,GPU_1,2456.8,125.0,81.0
1781681760.19,ROCM_SMI,GPU_2,2456.8,130.0,100.0
1781681760.19,ROCM_SMI,GPU_3,2456.8,132.0,100.0
1781681760.19,ROCM_SMI,GPU_4,2456.8,129.0,100.0
1781681762.39,ROCM_SMI,GPU_1,2456.8,131.0,100.0
1781681762.39,ROCM_SMI,GPU_2,2456.8,136.0,100.0
1781681762.39,ROCM_SMI,GPU_3,2456.8,136.0,100.0
1781681762.39,ROCM_SMI,GPU_4,2456.8,131.0,100.0
1781681764.58,ROCM_SMI,GPU_1,2456.8,132.0,100.0
1781681764.58,ROCM_SMI,GPU_2,2456.8,136.0,100.0
1781681764.58,ROCM_SMI,GPU_3,2456.8,137.0,100.0
1781681764.58,ROCM_SMI,GPU_4,2456.8,133.0,100.0
1781681766.77,ROCM_SMI,GPU_1,2456.8,133.0,100.0
1781681766.77,ROCM_SMI,GPU_2,2456.8,136.0,100.0
1781681766.77,ROCM_SMI,GPU_3,2456.8,137.0,100.0
1781681766.77,ROCM_SMI,GPU_4,2456.8,132.0,100.0
1781681768.97,ROCM_SMI,GPU_1,2456.8,127.0,100.0
1781681768.97,ROCM_SMI,GPU_2,2456.8,131.0,100.0
1781681768.97,ROCM_SMI,GPU_3,2456.8,132.0,100.0
1781681768.97,ROCM_SMI,GPU_4,2456.8,128.0,100.0
1781681771.16,ROCM_SMI,GPU_1,2456.8,130.0,100.0
1781681771.16,ROCM_SMI,GPU_2,2456.8,133.0,100.0
1781681771.16,ROCM_SMI,GPU_3,2456.8,134.0,100.0
1781681771.16,ROCM_SMI,GPU_4,2456.8,130.0,100.0
1781681773.35,ROCM_SMI,GPU_1,2456.8,128.0,100.0
1781681773.35,ROCM_SMI,GPU_2,2456.8,131.0,100.0
1781681773.35,ROCM_SMI,GPU_3,2456.8,131.0,100.0
1781681773.35,ROCM_SMI,GPU_4,2456.8,128.0,100.0
1781681775.54,ROCM_SMI,GPU_1,2456.8,127.0,100.0
1781681775.54,ROCM_SMI,GPU_2,2456.8,131.0,100.0
1781681775.54,ROCM_SMI,GPU_3,2456.8,132.0,100.0
1781681775.54,ROCM_SMI,GPU_4,2456.8,129.0,100.0
1781681777.73,ROCM_SMI,GPU_1,2456.8,129.0,100.0
1781681777.73,ROCM_SMI,GPU_2,2456.8,131.0,100.0
1781681777.73,ROCM_SMI,GPU_3,2456.8,132.0,100.0
1781681777.73,ROCM_SMI,GPU_4,2456.8,128.0,100.0
1781681779.92,ROCM_SMI,GPU_1,2456.8,127.0,100.0
1781681779.92,ROCM_SMI,GPU_2,2456.8,131.0,100.0
1781681779.92,ROCM_SMI,GPU_3,2456.8,132.0,100.0
1781681779.92,ROCM_SMI,GPU_4,2456.8,128.0,100.0
1781681782.12,ROCM_SMI,GPU_1,2456.8,126.0,100.0
1781681782.12,ROCM_SMI,GPU_2,2456.8,131.0,100.0
1781681782.12,ROCM_SMI,GPU_3,2456.8,131.0,73.0
1781681782.12,ROCM_SMI,GPU_4,2456.8,126.0,100.0
1781681784.31,ROCM_SMI,GPU_1,2456.8,128.0,100.0
1781681784.31,ROCM_SMI,GPU_2,2456.8,133.0,100.0
1781681784.31,ROCM_SMI,GPU_3,2456.8,136.0,100.0
1781681784.31,ROCM_SMI,GPU_4,2456.8,133.0,100.0
1781681786.50,ROCM_SMI,GPU_1,2456.8,132.0,100.0
1781681786.50,ROCM_SMI,GPU_2,2456.8,136.0,100.0
1781681786.50,ROCM_SMI,GPU_3,2456.8,138.0,100.0
1781681786.50,ROCM_SMI,GPU_4,2456.8,134.0,100.0
1781681788.70,ROCM_SMI,GPU_1,2456.8,133.0,100.0
1781681788.70,ROCM_SMI,GPU_2,2456.8,136.0,100.0
1781681788.70,ROCM_SMI,GPU_3,2456.8,138.0,100.0
1781681788.70,ROCM_SMI,GPU_4,2456.8,133.0,100.0
1781681790.89,ROCM_SMI,GPU_1,2456.8,129.0,100.0
1781681790.89,ROCM_SMI,GPU_2,2456.8,131.0,100.0
1781681790.89,ROCM_SMI,GPU_3,2456.8,131.0,100.0
1781681790.89,ROCM_SMI,GPU_4,2456.8,128.0,100.0
1781681793.08,ROCM_SMI,GPU_1,2456.8,126.0,100.0
1781681793.08,ROCM_SMI,GPU_2,2456.8,132.0,100.0
1781681793.08,ROCM_SMI,GPU_3,2456.8,132.0,100.0
1781681793.08,ROCM_SMI,GPU_4,2456.8,130.0,100.0
1781681795.28,ROCM_SMI,GPU_1,2456.8,129.0,100.0
1781681795.28,ROCM_SMI,GPU_2,2456.8,132.0,100.0
1781681795.28,ROCM_SMI,GPU_3,2456.8,132.0,100.0
1781681795.28,ROCM_SMI,GPU_4,2456.8,127.0,100.0
1781681797.47,ROCM_SMI,GPU_1,2456.8,127.0,100.0
1781681797.47,ROCM_SMI,GPU_2,2456.8,131.0,100.0
1781681797.47,ROCM_SMI,GPU_3,2456.8,130.0,100.0
1781681797.47,ROCM_SMI,GPU_4,2456.8,127.0,100.0
1781681799.67,ROCM_SMI,GPU_1,2456.8,119.0,100.0
1781681799.67,ROCM_SMI,GPU_2,2456.8,119.0,100.0
1781681799.67,ROCM_SMI,GPU_3,2456.8,123.0,100.0
1781681799.67,ROCM_SMI,GPU_4,2456.8,116.0,100.0
1781681801.86,ROCM_SMI,GPU_1,2456.8,126.0,100.0
1781681801.86,ROCM_SMI,GPU_2,2456.8,131.0,100.0
1781681801.86,ROCM_SMI,GPU_3,2456.8,130.0,88.0
1781681801.86,ROCM_SMI,GPU_4,2456.8,125.0,98.0
1781681804.05,ROCM_SMI,GPU_1,2456.8,127.0,100.0
1781681804.05,ROCM_SMI,GPU_2,2456.8,133.0,100.0
1781681804.05,ROCM_SMI,GPU_3,2456.8,134.0,100.0
1781681804.05,ROCM_SMI,GPU_4,2456.8,133.0,100.0
1781681806.25,ROCM_SMI,GPU_1,2456.8,133.0,100.0
1781681806.25,ROCM_SMI,GPU_2,2456.8,137.0,100.0
1781681806.25,ROCM_SMI,GPU_3,2456.8,137.0,100.0
1781681806.25,ROCM_SMI,GPU_4,2456.8,133.0,100.0
1781681808.44,ROCM_SMI,GPU_1,2456.8,133.0,100.0
1781681808.44,ROCM_SMI,GPU_2,2456.8,138.0,100.0
1781681808.44,ROCM_SMI,GPU_3,2456.8,138.0,100.0
1781681808.44,ROCM_SMI,GPU_4,2456.8,133.0,100.0
1781681810.63,ROCM_SMI,GPU_1,2456.8,130.0,100.0
1781681810.63,ROCM_SMI,GPU_2,2456.8,133.0,100.0
1781681810.63,ROCM_SMI,GPU_3,2456.8,134.0,100.0
1781681810.63,ROCM_SMI,GPU_4,2456.8,128.0,100.0
1781681812.82,ROCM_SMI,GPU_1,2456.8,135.0,100.0
1781681812.82,ROCM_SMI,GPU_2,2456.8,138.0,100.0
1781681812.82,ROCM_SMI,GPU_3,2456.8,140.0,100.0
1781681812.82,ROCM_SMI,GPU_4,2456.8,139.0,100.0
1781681815.01,ROCM_SMI,GPU_1,2456.8,128.0,100.0
1781681815.01,ROCM_SMI,GPU_2,2456.8,132.0,100.0
1781681815.01,ROCM_SMI,GPU_3,2456.8,132.0,100.0
1781681815.01,ROCM_SMI,GPU_4,2456.8,127.0,100.0
1781681817.20,ROCM_SMI,GPU_1,2456.8,128.0,100.0
1781681817.20,ROCM_SMI,GPU_2,2456.8,132.0,100.0
1781681817.20,ROCM_SMI,GPU_3,2456.8,132.0,100.0
1781681817.20,ROCM_SMI,GPU_4,2456.8,128.0,100.0
1781681819.40,ROCM_SMI,GPU_1,2456.8,127.0,100.0
1781681819.40,ROCM_SMI,GPU_2,2456.8,131.0,100.0
1781681819.40,ROCM_SMI,GPU_3,2456.8,132.0,100.0
1781681819.40,ROCM_SMI,GPU_4,2456.8,128.0,100.0
1781681821.59,ROCM_SMI,GPU_1,2456.8,127.0,100.0
1781681821.59,ROCM_SMI,GPU_2,2456.8,131.0,100.0
1781681821.59,ROCM_SMI,GPU_3,2456.8,132.0,100.0
1781681821.59,ROCM_SMI,GPU_4,2456.8,128.0,100.0
1781681823.79,ROCM_SMI,GPU_1,2456.8,126.0,80.0
1781681823.79,ROCM_SMI,GPU_2,2456.8,129.0,100.0
1781681823.79,ROCM_SMI,GPU_3,2456.8,132.0,100.0
1781681823.79,ROCM_SMI,GPU_4,2456.8,131.0,100.0
1781681825.98,ROCM_SMI,GPU_1,2456.8,129.0,100.0
1781681825.98,ROCM_SMI,GPU_2,2456.8,135.0,100.0
1781681825.98,ROCM_SMI,GPU_3,2456.8,133.0,100.0
1781681825.98,ROCM_SMI,GPU_4,2456.8,131.0,100.0
1781681828.17,ROCM_SMI,GPU_1,2456.8,133.0,100.0
1781681828.17,ROCM_SMI,GPU_2,2456.8,135.0,100.0
1781681828.17,ROCM_SMI,GPU_3,2456.8,137.0,100.0
1781681828.17,ROCM_SMI,GPU_4,2456.8,133.0,100.0
1781681830.36,ROCM_SMI,GPU_1,2456.8,131.0,100.0
1781681830.36,ROCM_SMI,GPU_2,2456.8,135.0,100.0
1781681830.36,ROCM_SMI,GPU_3,2456.8,134.0,100.0
1781681830.36,ROCM_SMI,GPU_4,2456.8,130.0,100.0
1781681832.56,ROCM_SMI,GPU_1,2456.8,128.0,100.0
1781681832.56,ROCM_SMI,GPU_2,2456.8,132.0,100.0
1781681832.56,ROCM_SMI,GPU_3,2456.8,133.0,100.0
1781681832.56,ROCM_SMI,GPU_4,2456.8,128.0,100.0
1781681834.75,ROCM_SMI,GPU_1,2456.8,129.0,100.0
1781681834.75,ROCM_SMI,GPU_2,2456.8,131.0,100.0
1781681834.75,ROCM_SMI,GPU_3,2456.8,133.0,100.0
1781681834.75,ROCM_SMI,GPU_4,2456.8,128.0,100.0
1781681836.94,ROCM_SMI,GPU_1,2456.8,127.0,100.0
1781681836.94,ROCM_SMI,GPU_2,2456.8,131.0,100.0
1781681836.94,ROCM_SMI,GPU_3,2456.8,132.0,100.0
1781681836.94,ROCM_SMI,GPU_4,2456.8,128.0,100.0
1781681839.13,ROCM_SMI,GPU_1,2456.8,127.0,100.0
1781681839.13,ROCM_SMI,GPU_2,2456.8,131.0,100.0
1781681839.13,ROCM_SMI,GPU_3,2456.8,132.0,100.0
1781681839.13,ROCM_SMI,GPU_4,2456.8,130.0,100.0
1781681841.32,ROCM_SMI,GPU_1,2456.8,127.0,100.0
1781681841.32,ROCM_SMI,GPU_2,2456.8,130.0,100.0
1781681841.32,ROCM_SMI,GPU_3,2456.8,133.0,100.0
1781681841.32,ROCM_SMI,GPU_4,2456.8,128.0,100.0
1781681843.52,ROCM_SMI,GPU_1,2456.8,126.0,100.0
1781681843.52,ROCM_SMI,GPU_2,2456.8,130.0,86.0
1781681843.52,ROCM_SMI,GPU_3,2456.8,133.0,100.0
1781681843.52,ROCM_SMI,GPU_4,2456.8,129.0,100.0
1781681845.71,ROCM_SMI,GPU_1,2456.8,133.0,100.0
1781681845.71,ROCM_SMI,GPU_2,2456.8,136.0,100.0
1781681845.71,ROCM_SMI,GPU_3,2456.8,138.0,100.0
1781681845.71,ROCM_SMI,GPU_4,2456.8,133.0,100.0
1781681847.91,ROCM_SMI,GPU_1,2456.8,133.0,100.0
1781681847.91,ROCM_SMI,GPU_2,2456.8,138.0,100.0
1781681847.91,ROCM_SMI,GPU_3,2456.8,136.0,100.0
1781681847.91,ROCM_SMI,GPU_4,2456.8,134.0,100.0
1781681850.10,ROCM_SMI,GPU_1,2456.8,129.0,100.0
1781681850.10,ROCM_SMI,GPU_2,2456.8,133.0,100.0
1781681850.10,ROCM_SMI,GPU_3,2456.8,133.0,100.0
1781681850.10,ROCM_SMI,GPU_4,2456.8,131.0,100.0
1781681852.29,ROCM_SMI,GPU_1,2456.8,128.0,100.0
1781681852.29,ROCM_SMI,GPU_2,2456.8,131.0,100.0
1781681852.29,ROCM_SMI,GPU_3,2456.8,133.0,100.0
1781681852.29,ROCM_SMI,GPU_4,2456.8,129.0,100.0
1781681854.49,ROCM_SMI,GPU_1,2456.8,118.0,100.0
1781681854.49,ROCM_SMI,GPU_2,2456.8,117.0,100.0
1781681854.49,ROCM_SMI,GPU_3,2456.8,139.0,100.0
1781681854.49,ROCM_SMI,GPU_4,2456.8,125.0,100.0
1781681856.68,ROCM_SMI,GPU_1,2456.8,128.0,100.0
1781681856.68,ROCM_SMI,GPU_2,2456.8,131.0,100.0
1781681856.68,ROCM_SMI,GPU_3,2456.8,132.0,100.0
1781681856.68,ROCM_SMI,GPU_4,2456.8,128.0,100.0
1781681858.88,ROCM_SMI,GPU_1,2456.8,127.0,100.0
1781681858.88,ROCM_SMI,GPU_2,2456.8,132.0,100.0
1781681858.88,ROCM_SMI,GPU_3,2456.8,131.0,100.0
1781681858.88,ROCM_SMI,GPU_4,2456.8,126.0,100.0
1781681861.07,ROCM_SMI,GPU_1,2456.8,127.0,100.0
1781681861.07,ROCM_SMI,GPU_2,2456.8,128.0,100.0
1781681861.07,ROCM_SMI,GPU_3,2456.8,132.0,100.0
1781681861.07,ROCM_SMI,GPU_4,2456.8,132.0,100.0
1781681863.27,ROCM_SMI,GPU_1,2456.8,133.0,100.0
1781681863.27,ROCM_SMI,GPU_2,2456.8,137.0,100.0
1781681863.27,ROCM_SMI,GPU_3,2456.8,137.0,100.0
1781681863.27,ROCM_SMI,GPU_4,2456.8,133.0,100.0
1781681865.46,ROCM_SMI,GPU_1,2456.8,135.0,100.0
1781681865.46,ROCM_SMI,GPU_2,2456.8,136.0,100.0
1781681865.46,ROCM_SMI,GPU_3,2456.8,139.0,100.0
1781681865.46,ROCM_SMI,GPU_4,2456.8,134.0,100.0
1781681867.66,ROCM_SMI,GPU_1,2456.8,137.0,100.0
1781681867.66,ROCM_SMI,GPU_2,2456.8,143.0,100.0
1781681867.66,ROCM_SMI,GPU_3,2456.8,143.0,100.0
1781681867.66,ROCM_SMI,GPU_4,2456.8,140.0,100.0
1781681869.85,ROCM_SMI,GPU_1,2456.8,128.0,100.0
1781681869.85,ROCM_SMI,GPU_2,2456.8,133.0,100.0
1781681869.85,ROCM_SMI,GPU_3,2456.8,133.0,100.0
1781681869.85,ROCM_SMI,GPU_4,2456.8,128.0,100.0
1781681872.04,ROCM_SMI,GPU_1,2456.8,128.0,100.0
1781681872.04,ROCM_SMI,GPU_2,2456.8,131.0,100.0
1781681872.04,ROCM_SMI,GPU_3,2456.8,132.0,100.0
1781681872.04,ROCM_SMI,GPU_4,2456.8,129.0,100.0
1781681874.23,ROCM_SMI,GPU_1,2456.8,127.0,100.0
1781681874.23,ROCM_SMI,GPU_2,2456.8,133.0,100.0
1781681874.23,ROCM_SMI,GPU_3,2456.8,132.0,100.0
1781681874.23,ROCM_SMI,GPU_4,2456.8,128.0,100.0
1781681876.42,ROCM_SMI,GPU_1,2456.8,129.0,100.0
1781681876.42,ROCM_SMI,GPU_2,2456.8,131.0,100.0
1781681876.42,ROCM_SMI,GPU_3,2456.8,132.0,100.0
1781681876.42,ROCM_SMI,GPU_4,2456.8,127.0,100.0
1781681878.61,ROCM_SMI,GPU_1,2456.8,126.0,100.0
1781681878.61,ROCM_SMI,GPU_2,2456.8,131.0,100.0
1781681878.61,ROCM_SMI,GPU_3,2456.8,131.0,100.0
1781681878.61,ROCM_SMI,GPU_4,2456.8,128.0,74.0
1781681880.80,ROCM_SMI,GPU_1,2456.8,123.0,85.0
1781681880.80,ROCM_SMI,GPU_2,2456.8,125.0,100.0
1781681880.80,ROCM_SMI,GPU_3,2456.8,129.0,100.0
1781681880.80,ROCM_SMI,GPU_4,2456.8,130.0,100.0
1781681883.00,ROCM_SMI,GPU_1,2456.8,133.0,100.0
1781681883.00,ROCM_SMI,GPU_2,2456.8,137.0,100.0
1781681883.00,ROCM_SMI,GPU_3,2456.8,137.0,100.0
1781681883.00,ROCM_SMI,GPU_4,2456.8,133.0,100.0
1781681885.19,ROCM_SMI,GPU_1,2456.8,134.0,100.0
1781681885.19,ROCM_SMI,GPU_2,2456.8,137.0,100.0
1781681885.19,ROCM_SMI,GPU_3,2456.8,137.0,100.0
1781681885.19,ROCM_SMI,GPU_4,2456.8,134.0,100.0
1781681887.38,ROCM_SMI,GPU_1,2456.8,129.0,100.0
1781681887.38,ROCM_SMI,GPU_2,2456.8,133.0,100.0
1781681887.38,ROCM_SMI,GPU_3,2456.8,133.0,100.0
1781681887.38,ROCM_SMI,GPU_4,2456.8,129.0,100.0
1781681889.58,ROCM_SMI,GPU_1,2456.8,128.0,100.0
1781681889.58,ROCM_SMI,GPU_2,2456.8,132.0,100.0
1781681889.58,ROCM_SMI,GPU_3,2456.8,133.0,100.0
1781681889.58,ROCM_SMI,GPU_4,2456.8,129.0,100.0
1781681891.77,ROCM_SMI,GPU_1,2456.8,127.0,100.0
1781681891.77,ROCM_SMI,GPU_2,2456.8,131.0,100.0
1781681891.77,ROCM_SMI,GPU_3,2456.8,132.0,100.0
1781681891.77,ROCM_SMI,GPU_4,2456.8,129.0,100.0
1781681893.96,ROCM_SMI,GPU_1,2456.8,128.0,100.0
1781681893.96,ROCM_SMI,GPU_2,2456.8,132.0,100.0
1781681893.96,ROCM_SMI,GPU_3,2456.8,132.0,100.0
1781681893.96,ROCM_SMI,GPU_4,2456.8,129.0,100.0
1781681896.15,ROCM_SMI,GPU_1,2456.8,128.0,100.0
1781681896.15,ROCM_SMI,GPU_2,2456.8,133.0,100.0
1781681896.15,ROCM_SMI,GPU_3,2456.8,133.0,100.0
1781681896.15,ROCM_SMI,GPU_4,2456.8,129.0,100.0
1781681898.34,ROCM_SMI,GPU_1,2456.8,127.0,100.0
1781681898.34,ROCM_SMI,GPU_2,2456.8,132.0,100.0
1781681898.34,ROCM_SMI,GPU_3,2456.8,131.0,100.0
1781681898.34,ROCM_SMI,GPU_4,2456.8,127.0,100.0
1781681900.53,ROCM_SMI,GPU_1,2456.8,128.0,100.0
1781681900.53,ROCM_SMI,GPU_2,2456.8,131.0,100.0
1781681900.53,ROCM_SMI,GPU_3,2456.8,131.0,100.0
1781681900.53,ROCM_SMI,GPU_4,2456.8,128.0,100.0
1781681902.74,ROCM_SMI,GPU_1,2456.8,127.0,100.0
1781681902.74,ROCM_SMI,GPU_2,2456.8,131.0,100.0
1781681902.74,ROCM_SMI,GPU_3,2456.8,136.0,100.0
1781681902.74,ROCM_SMI,GPU_4,2456.8,134.0,100.0
1781681904.93,ROCM_SMI,GPU_1,2456.8,133.0,100.0
1781681904.93,ROCM_SMI,GPU_2,2456.8,137.0,100.0
1781681904.93,ROCM_SMI,GPU_3,2456.8,138.0,100.0
1781681904.93,ROCM_SMI,GPU_4,2456.8,133.0,100.0
1781681907.12,ROCM_SMI,GPU_1,2456.8,133.0,100.0
1781681907.12,ROCM_SMI,GPU_2,2456.8,137.0,100.0
1781681907.12,ROCM_SMI,GPU_3,2456.8,139.0,100.0
1781681907.12,ROCM_SMI,GPU_4,2456.8,134.0,100.0
1781681909.32,ROCM_SMI,GPU_1,2456.8,125.0,100.0
1781681909.32,ROCM_SMI,GPU_2,2456.8,130.0,100.0
1781681909.32,ROCM_SMI,GPU_3,2456.8,132.0,100.0
1781681909.32,ROCM_SMI,GPU_4,2456.8,121.0,100.0
1781681911.51,ROCM_SMI,GPU_1,2456.8,128.0,100.0
1781681911.51,ROCM_SMI,GPU_2,2456.8,131.0,100.0
1781681911.51,ROCM_SMI,GPU_3,2456.8,132.0,100.0
1781681911.51,ROCM_SMI,GPU_4,2456.8,129.0,100.0
1781681913.71,ROCM_SMI,GPU_1,2456.8,128.0,100.0
1781681913.71,ROCM_SMI,GPU_2,2456.8,132.0,100.0
1781681913.71,ROCM_SMI,GPU_3,2456.8,134.0,100.0
1781681913.71,ROCM_SMI,GPU_4,2456.8,128.0,100.0
1781681915.90,ROCM_SMI,GPU_1,2456.8,129.0,100.0
1781681915.90,ROCM_SMI,GPU_2,2456.8,132.0,100.0
1781681915.90,ROCM_SMI,GPU_3,2456.8,133.0,100.0
1781681915.90,ROCM_SMI,GPU_4,2456.8,129.0,100.0
1781681918.09,ROCM_SMI,GPU_1,2456.8,127.0,100.0
1781681918.09,ROCM_SMI,GPU_2,2456.8,132.0,100.0
1781681918.09,ROCM_SMI,GPU_3,2456.8,132.0,100.0
1781681918.09,ROCM_SMI,GPU_4,2456.8,128.0,100.0
1781681920.29,ROCM_SMI,GPU_1,2456.8,127.0,100.0
1781681920.29,ROCM_SMI,GPU_2,2456.8,131.0,85.0
1781681920.29,ROCM_SMI,GPU_3,2456.8,132.0,100.0
1781681920.29,ROCM_SMI,GPU_4,2456.8,129.0,100.0
1781681922.48,ROCM_SMI,GPU_1,2456.8,129.0,100.0
1781681922.48,ROCM_SMI,GPU_2,2456.8,134.0,100.0
1781681922.48,ROCM_SMI,GPU_3,2456.8,138.0,100.0
1781681922.48,ROCM_SMI,GPU_4,2456.8,133.0,100.0
1781681924.68,ROCM_SMI,GPU_1,2456.8,134.0,100.0
1781681924.68,ROCM_SMI,GPU_2,2456.8,136.0,100.0
1781681924.68,ROCM_SMI,GPU_3,2456.8,138.0,100.0
1781681924.68,ROCM_SMI,GPU_4,2456.8,133.0,100.0
1781681926.87,ROCM_SMI,GPU_1,2456.8,134.0,100.0
1781681926.87,ROCM_SMI,GPU_2,2456.8,138.0,100.0
1781681926.87,ROCM_SMI,GPU_3,2456.8,138.0,100.0
1781681926.87,ROCM_SMI,GPU_4,2456.8,136.0,100.0
1781681929.06,ROCM_SMI,GPU_1,2456.8,128.0,100.0
1781681929.06,ROCM_SMI,GPU_2,2456.8,132.0,100.0
1781681929.06,ROCM_SMI,GPU_3,2456.8,131.0,100.0
1781681929.06,ROCM_SMI,GPU_4,2456.8,130.0,100.0
1781681931.26,ROCM_SMI,GPU_1,2456.8,129.0,100.0
1781681931.26,ROCM_SMI,GPU_2,2456.8,131.0,100.0
1781681931.26,ROCM_SMI,GPU_3,2456.8,132.0,100.0
1781681931.26,ROCM_SMI,GPU_4,2456.8,130.0,100.0
1781681933.45,ROCM_SMI,GPU_1,2456.8,129.0,100.0
1781681933.45,ROCM_SMI,GPU_2,2456.8,132.0,100.0
1781681933.45,ROCM_SMI,GPU_3,2456.8,134.0,100.0
1781681933.45,ROCM_SMI,GPU_4,2456.8,130.0,100.0
1781681935.64,ROCM_SMI,GPU_1,2456.8,129.0,100.0
1781681935.64,ROCM_SMI,GPU_2,2456.8,135.0,100.0
1781681935.64,ROCM_SMI,GPU_3,2456.8,134.0,100.0
1781681935.64,ROCM_SMI,GPU_4,2456.8,131.0,100.0
1781681937.84,ROCM_SMI,GPU_1,2456.8,127.0,100.0
1781681937.84,ROCM_SMI,GPU_2,2456.8,131.0,100.0
1781681937.84,ROCM_SMI,GPU_3,2456.8,132.0,100.0
1781681937.84,ROCM_SMI,GPU_4,2456.8,127.0,100.0
1781681940.03,ROCM_SMI,GPU_1,2456.8,127.0,100.0
1781681940.03,ROCM_SMI,GPU_2,2456.8,132.0,100.0
1781681940.03,ROCM_SMI,GPU_3,2456.8,131.0,80.0
1781681940.03,ROCM_SMI,GPU_4,2456.8,126.0,100.0
1781681942.22,ROCM_SMI,GPU_1,2456.8,128.0,100.0
1781681942.22,ROCM_SMI,GPU_2,2456.8,133.0,100.0
1781681942.22,ROCM_SMI,GPU_3,2456.8,136.0,100.0
1781681942.22,ROCM_SMI,GPU_4,2456.8,133.0,100.0
1781681944.42,ROCM_SMI,GPU_1,2456.8,133.0,100.0
1781681944.42,ROCM_SMI,GPU_2,2456.8,136.0,100.0
1781681944.42,ROCM_SMI,GPU_3,2456.8,139.0,100.0
1781681944.42,ROCM_SMI,GPU_4,2456.8,133.0,100.0
1781681946.61,ROCM_SMI,GPU_1,2456.8,135.0,100.0
1781681946.61,ROCM_SMI,GPU_2,2456.8,139.0,100.0
1781681946.61,ROCM_SMI,GPU_3,2456.8,138.0,100.0
1781681946.61,ROCM_SMI,GPU_4,2456.8,134.0,100.0
1781681948.80,ROCM_SMI,GPU_1,2456.8,128.0,100.0
1781681948.80,ROCM_SMI,GPU_2,2456.8,132.0,100.0
1781681948.80,ROCM_SMI,GPU_3,2456.8,133.0,100.0
1781681948.80,ROCM_SMI,GPU_4,2456.8,128.0,100.0
1781681951.00,ROCM_SMI,GPU_1,2456.8,128.0,100.0
1781681951.00,ROCM_SMI,GPU_2,2456.8,133.0,100.0
1781681951.00,ROCM_SMI,GPU_3,2456.8,133.0,100.0
1781681951.00,ROCM_SMI,GPU_4,2456.8,128.0,100.0
1781681953.19,ROCM_SMI,GPU_1,2456.8,129.0,100.0
1781681953.19,ROCM_SMI,GPU_2,2456.8,132.0,100.0
1781681953.19,ROCM_SMI,GPU_3,2456.8,132.0,100.0
1781681953.19,ROCM_SMI,GPU_4,2456.8,130.0,100.0
1781681955.38,ROCM_SMI,GPU_1,2456.8,127.0,100.0
1781681955.38,ROCM_SMI,GPU_2,2456.8,132.0,100.0
1781681955.38,ROCM_SMI,GPU_3,2456.8,133.0,100.0
1781681955.38,ROCM_SMI,GPU_4,2456.8,128.0,100.0
1781681957.58,ROCM_SMI,GPU_1,2456.8,128.0,100.0
1781681957.58,ROCM_SMI,GPU_2,2456.8,131.0,100.0
1781681957.58,ROCM_SMI,GPU_3,2456.8,132.0,100.0
1781681957.58,ROCM_SMI,GPU_4,2456.8,129.0,100.0
1781681959.77,ROCM_SMI,GPU_1,2456.8,127.0,100.0
1781681959.77,ROCM_SMI,GPU_2,2456.8,131.0,100.0
1781681959.77,ROCM_SMI,GPU_3,2456.8,131.0,83.0
1781681959.77,ROCM_SMI,GPU_4,2456.8,128.0,100.0
1781681961.96,ROCM_SMI,GPU_1,2456.8,130.0,100.0
1781681961.96,ROCM_SMI,GPU_2,2456.8,137.0,100.0
1781681961.96,ROCM_SMI,GPU_3,2456.8,137.0,100.0
1781681961.96,ROCM_SMI,GPU_4,2456.8,134.0,100.0
1781681964.16,ROCM_SMI,GPU_1,2456.8,122.0,100.0
1781681964.16,ROCM_SMI,GPU_2,2456.8,126.0,100.0
1781681964.16,ROCM_SMI,GPU_3,2456.8,136.0,100.0
1781681964.16,ROCM_SMI,GPU_4,2456.8,131.0,100.0
1781681966.36,ROCM_SMI,GPU_1,2456.8,128.0,100.0
1781681966.36,ROCM_SMI,GPU_2,2456.8,132.0,100.0
1781681966.36,ROCM_SMI,GPU_3,2456.8,133.0,100.0
1781681966.36,ROCM_SMI,GPU_4,2456.8,130.0,100.0
1781681968.55,ROCM_SMI,GPU_1,2456.8,127.0,100.0
1781681968.55,ROCM_SMI,GPU_2,2456.8,131.0,100.0
1781681968.55,ROCM_SMI,GPU_3,2456.8,133.0,100.0
1781681968.55,ROCM_SMI,GPU_4,2456.8,129.0,100.0
1781681970.74,ROCM_SMI,GPU_1,2456.8,128.0,100.0
1781681970.74,ROCM_SMI,GPU_2,2456.8,131.0,100.0
1781681970.74,ROCM_SMI,GPU_3,2456.8,133.0,100.0
1781681970.74,ROCM_SMI,GPU_4,2456.8,130.0,100.0
1781681972.94,ROCM_SMI,GPU_1,2456.8,128.0,100.0
1781681972.94,ROCM_SMI,GPU_2,2456.8,131.0,100.0
1781681972.94,ROCM_SMI,GPU_3,2456.8,133.0,100.0
1781681972.94,ROCM_SMI,GPU_4,2456.8,129.0,100.0
1781681975.13,ROCM_SMI,GPU_1,2456.8,127.0,100.0
1781681975.13,ROCM_SMI,GPU_2,2456.8,131.0,100.0
1781681975.13,ROCM_SMI,GPU_3,2456.8,130.0,100.0
1781681975.13,ROCM_SMI,GPU_4,2456.8,128.0,100.0
1781681977.32,ROCM_SMI,GPU_1,2456.8,122.0,100.0
1781681977.32,ROCM_SMI,GPU_2,2456.8,123.0,100.0
1781681977.32,ROCM_SMI,GPU_3,2456.8,123.0,79.0
1781681977.32,ROCM_SMI,GPU_4,2456.8,119.0,100.0
1781681979.52,ROCM_SMI,GPU_1,2456.8,128.0,100.0
1781681979.52,ROCM_SMI,GPU_2,2456.8,133.0,100.0
1781681979.52,ROCM_SMI,GPU_3,2456.8,137.0,100.0
1781681979.52,ROCM_SMI,GPU_4,2456.8,132.0,100.0
1781681981.71,ROCM_SMI,GPU_1,2456.8,133.0,100.0
1781681981.71,ROCM_SMI,GPU_2,2456.8,137.0,100.0
1781681981.71,ROCM_SMI,GPU_3,2456.8,137.0,100.0
1781681981.71,ROCM_SMI,GPU_4,2456.8,134.0,100.0
1781681983.91,ROCM_SMI,GPU_1,2456.8,133.0,100.0
1781681983.91,ROCM_SMI,GPU_2,2456.8,137.0,100.0
1781681983.91,ROCM_SMI,GPU_3,2456.8,137.0,100.0
1781681983.91,ROCM_SMI,GPU_4,2456.8,135.0,100.0
1781681986.10,ROCM_SMI,GPU_1,2456.8,127.0,100.0
1781681986.10,ROCM_SMI,GPU_2,2456.8,131.0,100.0
1781681986.10,ROCM_SMI,GPU_3,2456.8,133.0,100.0
1781681986.10,ROCM_SMI,GPU_4,2456.8,128.0,100.0
1781681988.29,ROCM_SMI,GPU_1,2456.8,126.0,100.0
1781681988.29,ROCM_SMI,GPU_2,2456.8,132.0,100.0
1781681988.29,ROCM_SMI,GPU_3,2456.8,132.0,100.0
1781681988.29,ROCM_SMI,GPU_4,2456.8,129.0,100.0
1781681990.48,ROCM_SMI,GPU_1,2456.8,131.0,100.0
1781681990.48,ROCM_SMI,GPU_2,2456.8,134.0,100.0
1781681990.48,ROCM_SMI,GPU_3,2456.8,136.0,100.0
1781681990.48,ROCM_SMI,GPU_4,2456.8,133.0,100.0
1781681992.67,ROCM_SMI,GPU_1,2456.8,128.0,100.0
1781681992.67,ROCM_SMI,GPU_2,2456.8,131.0,100.0
1781681992.67,ROCM_SMI,GPU_3,2456.8,132.0,100.0
1781681992.67,ROCM_SMI,GPU_4,2456.8,128.0,100.0
1781681994.87,ROCM_SMI,GPU_1,2456.8,128.0,100.0
1781681994.87,ROCM_SMI,GPU_2,2456.8,130.0,100.0
1781681994.87,ROCM_SMI,GPU_3,2456.8,131.0,100.0
1781681994.87,ROCM_SMI,GPU_4,2456.8,127.0,100.0
1781681997.06,ROCM_SMI,GPU_1,2456.8,127.0,100.0
1781681997.06,ROCM_SMI,GPU_2,2456.8,130.0,100.0
1781681997.06,ROCM_SMI,GPU_3,2456.8,131.0,100.0
1781681997.06,ROCM_SMI,GPU_4,2456.8,127.0,100.0
1781681999.25,ROCM_SMI,GPU_1,2456.8,126.0,100.0
1781681999.25,ROCM_SMI,GPU_2,2456.8,128.0,77.0
1781681999.25,ROCM_SMI,GPU_3,2456.8,131.0,100.0
1781681999.25,ROCM_SMI,GPU_4,2456.8,129.0,100.0
1781682001.45,ROCM_SMI,GPU_1,2456.8,131.0,100.0
1781682001.45,ROCM_SMI,GPU_2,2456.8,136.0,100.0
1781682001.45,ROCM_SMI,GPU_3,2456.8,137.0,100.0
1781682001.45,ROCM_SMI,GPU_4,2456.8,133.0,100.0
1781682003.65,ROCM_SMI,GPU_1,2456.8,128.0,100.0
1781682003.65,ROCM_SMI,GPU_2,2456.8,130.0,100.0
1781682003.65,ROCM_SMI,GPU_3,2456.8,133.0,100.0
1781682003.65,ROCM_SMI,GPU_4,2456.8,130.0,100.0
1781682005.84,ROCM_SMI,GPU_1,2456.8,128.0,100.0
1781682005.84,ROCM_SMI,GPU_2,2456.8,131.0,100.0
1781682005.84,ROCM_SMI,GPU_3,2456.8,132.0,100.0
1781682005.84,ROCM_SMI,GPU_4,2456.8,127.0,100.0
1781682008.03,ROCM_SMI,GPU_1,2456.8,127.0,100.0
1781682008.03,ROCM_SMI,GPU_2,2456.8,131.0,100.0
1781682008.03,ROCM_SMI,GPU_3,2456.8,132.0,100.0
1781682008.03,ROCM_SMI,GPU_4,2456.8,128.0,100.0
