Time,Backend,GPU_ID,VRAM_MB,Power_W,GPU_Util
1781843017.97,ROCM_SMI,GPU_0,0.0,46.0,0.0
1781843017.97,ROCM_SMI,GPU_1,0.0,44.0,0.0
1781843017.97,ROCM_SMI,GPU_2,0.0,48.0,0.0
1781843017.97,ROCM_SMI,GPU_3,0.0,51.0,0.0
1781843017.97,ROCM_SMI,GPU_4,0.0,46.0,0.0
1781843017.97,ROCM_SMI,GPU_5,0.0,51.0,0.0
1781843017.97,ROCM_SMI,GPU_6,0.0,46.0,0.0
1781843017.97,ROCM_SMI,GPU_7,0.0,50.0,0.0
1781843020.16,ROCM_SMI,GPU_0,1474.1,139.0,100.0
1781843020.16,ROCM_SMI,GPU_1,1474.1,134.0,100.0
1781843020.16,ROCM_SMI,GPU_2,1474.1,139.0,85.0
1781843020.16,ROCM_SMI,GPU_3,1474.1,141.0,100.0
1781843020.16,ROCM_SMI,GPU_4,1474.1,142.0,100.0
1781843020.16,ROCM_SMI,GPU_5,1474.1,137.0,100.0
1781843020.16,ROCM_SMI,GPU_6,1474.1,135.0,100.0
1781843020.16,ROCM_SMI,GPU_7,1474.1,135.0,100.0
1781843022.35,ROCM_SMI,GPU_0,1474.1,145.0,100.0
1781843022.35,ROCM_SMI,GPU_1,1474.1,138.0,100.0
1781843022.35,ROCM_SMI,GPU_2,1474.1,141.0,100.0
1781843022.35,ROCM_SMI,GPU_3,1474.1,141.0,100.0
1781843022.35,ROCM_SMI,GPU_4,1474.1,138.0,100.0
1781843022.35,ROCM_SMI,GPU_5,1474.1,133.0,100.0
1781843022.35,ROCM_SMI,GPU_6,1474.1,137.0,100.0
1781843022.35,ROCM_SMI,GPU_7,1474.1,132.0,31.0
1781843024.54,ROCM_SMI,GPU_0,1474.1,140.0,100.0
1781843024.54,ROCM_SMI,GPU_1,1474.1,136.0,86.0
1781843024.54,ROCM_SMI,GPU_2,1474.1,137.0,100.0
1781843024.54,ROCM_SMI,GPU_3,1474.1,144.0,100.0
1781843024.54,ROCM_SMI,GPU_4,1474.1,140.0,100.0
1781843024.54,ROCM_SMI,GPU_5,1474.1,139.0,100.0
1781843024.54,ROCM_SMI,GPU_6,1474.1,136.0,100.0
1781843024.54,ROCM_SMI,GPU_7,1474.1,137.0,100.0
1781843026.73,ROCM_SMI,GPU_0,1474.1,144.0,100.0
1781843026.73,ROCM_SMI,GPU_1,1474.1,137.0,100.0
1781843026.73,ROCM_SMI,GPU_2,1474.1,143.0,100.0
1781843026.73,ROCM_SMI,GPU_3,1474.1,143.0,100.0
1781843026.73,ROCM_SMI,GPU_4,1474.1,140.0,94.0
1781843026.73,ROCM_SMI,GPU_5,1474.1,134.0,89.0
1781843026.73,ROCM_SMI,GPU_6,1474.1,137.0,100.0
1781843026.73,ROCM_SMI,GPU_7,1474.1,135.0,100.0
1781843028.92,ROCM_SMI,GPU_0,1474.1,143.0,100.0
1781843028.92,ROCM_SMI,GPU_1,1474.1,136.0,100.0
1781843028.92,ROCM_SMI,GPU_2,1474.1,136.0,100.0
1781843028.92,ROCM_SMI,GPU_3,1474.1,141.0,100.0
1781843028.92,ROCM_SMI,GPU_4,1474.1,136.0,100.0
1781843028.92,ROCM_SMI,GPU_5,1474.1,137.0,100.0
1781843028.92,ROCM_SMI,GPU_6,1474.1,141.0,100.0
1781843028.92,ROCM_SMI,GPU_7,1474.1,135.0,100.0
1781843031.12,ROCM_SMI,GPU_0,1474.1,141.0,100.0
1781843031.12,ROCM_SMI,GPU_1,1474.1,136.0,100.0
1781843031.12,ROCM_SMI,GPU_2,1474.1,144.0,100.0
1781843031.12,ROCM_SMI,GPU_3,1474.1,143.0,100.0
1781843031.12,ROCM_SMI,GPU_4,1474.1,141.0,100.0
1781843031.12,ROCM_SMI,GPU_5,1474.1,136.0,100.0
1781843031.12,ROCM_SMI,GPU_6,1474.1,137.0,100.0
1781843031.12,ROCM_SMI,GPU_7,1474.1,136.0,100.0
1781843033.32,ROCM_SMI,GPU_0,1474.1,147.0,100.0
1781843033.32,ROCM_SMI,GPU_1,1474.1,140.0,100.0
1781843033.32,ROCM_SMI,GPU_2,1474.1,148.0,100.0
1781843033.32,ROCM_SMI,GPU_3,1474.1,143.0,100.0
1781843033.32,ROCM_SMI,GPU_4,1474.1,137.0,100.0
1781843033.32,ROCM_SMI,GPU_5,1474.1,133.0,100.0
1781843033.32,ROCM_SMI,GPU_6,1474.1,130.0,80.0
1781843033.32,ROCM_SMI,GPU_7,1474.1,131.0,100.0
1781843035.51,ROCM_SMI,GPU_0,1474.1,143.0,100.0
1781843035.51,ROCM_SMI,GPU_1,1474.1,138.0,100.0
1781843035.51,ROCM_SMI,GPU_2,1474.1,144.0,100.0
1781843035.51,ROCM_SMI,GPU_3,1474.1,143.0,100.0
1781843035.51,ROCM_SMI,GPU_4,1474.1,142.0,100.0
1781843035.51,ROCM_SMI,GPU_5,1474.1,135.0,100.0
1781843035.51,ROCM_SMI,GPU_6,1474.1,137.0,90.0
1781843035.51,ROCM_SMI,GPU_7,1474.1,135.0,100.0
1781843037.70,ROCM_SMI,GPU_0,1474.1,145.0,100.0
1781843037.70,ROCM_SMI,GPU_1,1474.1,139.0,100.0
1781843037.70,ROCM_SMI,GPU_2,1474.1,144.0,100.0
1781843037.70,ROCM_SMI,GPU_3,1474.1,143.0,100.0
1781843037.70,ROCM_SMI,GPU_4,1474.1,140.0,100.0
1781843037.70,ROCM_SMI,GPU_5,1474.1,136.0,100.0
1781843037.70,ROCM_SMI,GPU_6,1474.1,139.0,100.0
1781843037.70,ROCM_SMI,GPU_7,1474.1,136.0,75.0
1781843039.89,ROCM_SMI,GPU_0,1474.1,146.0,100.0
1781843039.89,ROCM_SMI,GPU_1,1474.1,138.0,100.0
1781843039.89,ROCM_SMI,GPU_2,1474.1,144.0,100.0
1781843039.89,ROCM_SMI,GPU_3,1474.1,143.0,100.0
1781843039.89,ROCM_SMI,GPU_4,1474.1,140.0,100.0
1781843039.89,ROCM_SMI,GPU_5,1474.1,137.0,100.0
1781843039.89,ROCM_SMI,GPU_6,1474.1,138.0,100.0
1781843039.89,ROCM_SMI,GPU_7,1474.1,136.0,100.0
1781843042.09,ROCM_SMI,GPU_0,1474.1,142.0,92.0
1781843042.09,ROCM_SMI,GPU_1,1474.1,136.0,100.0
1781843042.09,ROCM_SMI,GPU_2,1474.1,145.0,100.0
1781843042.09,ROCM_SMI,GPU_3,1474.1,144.0,100.0
1781843042.09,ROCM_SMI,GPU_4,1474.1,143.0,100.0
1781843042.09,ROCM_SMI,GPU_5,1474.1,137.0,100.0
1781843042.09,ROCM_SMI,GPU_6,1474.1,137.0,100.0
1781843042.09,ROCM_SMI,GPU_7,1474.1,137.0,100.0
1781843044.30,ROCM_SMI,GPU_0,1474.1,143.0,100.0
1781843044.30,ROCM_SMI,GPU_1,1474.1,135.0,100.0
1781843044.30,ROCM_SMI,GPU_2,1474.1,144.0,100.0
1781843044.30,ROCM_SMI,GPU_3,1474.1,144.0,100.0
1781843044.30,ROCM_SMI,GPU_4,1474.1,143.0,100.0
1781843044.30,ROCM_SMI,GPU_5,1474.1,136.0,100.0
1781843044.30,ROCM_SMI,GPU_6,1474.1,137.0,100.0
1781843044.30,ROCM_SMI,GPU_7,1474.1,139.0,100.0
1781843046.49,ROCM_SMI,GPU_0,1474.1,141.0,100.0
1781843046.49,ROCM_SMI,GPU_1,1474.1,139.0,100.0
1781843046.49,ROCM_SMI,GPU_2,1474.1,147.0,100.0
1781843046.49,ROCM_SMI,GPU_3,1474.1,145.0,100.0
1781843046.49,ROCM_SMI,GPU_4,1474.1,144.0,100.0
1781843046.49,ROCM_SMI,GPU_5,1474.1,139.0,100.0
1781843046.49,ROCM_SMI,GPU_6,1474.1,136.0,100.0
1781843046.49,ROCM_SMI,GPU_7,1474.1,138.0,100.0
1781843048.68,ROCM_SMI,GPU_0,1474.1,143.0,99.0
1781843048.68,ROCM_SMI,GPU_1,1474.1,137.0,100.0
1781843048.68,ROCM_SMI,GPU_2,1474.1,146.0,100.0
1781843048.68,ROCM_SMI,GPU_3,1474.1,144.0,100.0
1781843048.68,ROCM_SMI,GPU_4,1474.1,143.0,100.0
1781843048.68,ROCM_SMI,GPU_5,1474.1,137.0,100.0
1781843048.68,ROCM_SMI,GPU_6,1474.1,138.0,100.0
1781843048.68,ROCM_SMI,GPU_7,1474.1,137.0,100.0
1781843050.87,ROCM_SMI,GPU_0,1474.1,146.0,100.0
1781843050.87,ROCM_SMI,GPU_1,1474.1,137.0,88.0
1781843050.87,ROCM_SMI,GPU_2,1474.1,141.0,100.0
1781843050.87,ROCM_SMI,GPU_3,1474.1,143.0,100.0
1781843050.87,ROCM_SMI,GPU_4,1474.1,139.0,100.0
1781843050.87,ROCM_SMI,GPU_5,1474.1,137.0,100.0
1781843050.87,ROCM_SMI,GPU_6,1474.1,141.0,100.0
1781843050.87,ROCM_SMI,GPU_7,1474.1,136.0,100.0
1781843053.07,ROCM_SMI,GPU_0,1474.1,146.0,95.0
1781843053.07,ROCM_SMI,GPU_1,1474.1,137.0,100.0
1781843053.07,ROCM_SMI,GPU_2,1474.1,141.0,100.0
1781843053.07,ROCM_SMI,GPU_3,1474.1,143.0,100.0
1781843053.07,ROCM_SMI,GPU_4,1474.1,137.0,100.0
1781843053.07,ROCM_SMI,GPU_5,1474.1,137.0,100.0
1781843053.07,ROCM_SMI,GPU_6,1474.1,141.0,100.0
1781843053.07,ROCM_SMI,GPU_7,1474.1,135.0,100.0
1781843055.27,ROCM_SMI,GPU_0,1474.1,146.0,100.0
1781843055.27,ROCM_SMI,GPU_1,1474.1,138.0,81.0
1781843055.27,ROCM_SMI,GPU_2,1474.1,140.0,100.0
1781843055.27,ROCM_SMI,GPU_3,1474.1,143.0,100.0
1781843055.27,ROCM_SMI,GPU_4,1474.1,140.0,100.0
1781843055.27,ROCM_SMI,GPU_5,1474.1,140.0,100.0
1781843055.27,ROCM_SMI,GPU_6,1474.1,143.0,100.0
1781843055.27,ROCM_SMI,GPU_7,1474.1,138.0,100.0
1781843057.46,ROCM_SMI,GPU_0,1474.1,143.0,100.0
1781843057.46,ROCM_SMI,GPU_1,1474.1,140.0,100.0
1781843057.46,ROCM_SMI,GPU_2,1474.1,142.0,84.0
1781843057.46,ROCM_SMI,GPU_3,1474.1,141.0,100.0
1781843057.46,ROCM_SMI,GPU_4,1474.1,142.0,100.0
1781843057.46,ROCM_SMI,GPU_5,1474.1,143.0,100.0
1781843057.46,ROCM_SMI,GPU_6,1474.1,138.0,100.0
1781843057.46,ROCM_SMI,GPU_7,1474.1,140.0,100.0
1781843059.65,ROCM_SMI,GPU_0,1474.1,147.0,100.0
1781843059.65,ROCM_SMI,GPU_1,1474.1,141.0,100.0
1781843059.65,ROCM_SMI,GPU_2,1474.1,141.0,100.0
1781843059.65,ROCM_SMI,GPU_3,1474.1,143.0,87.0
1781843059.65,ROCM_SMI,GPU_4,1474.1,139.0,100.0
1781843059.65,ROCM_SMI,GPU_5,1474.1,141.0,100.0
1781843059.65,ROCM_SMI,GPU_6,1474.1,141.0,100.0
1781843059.65,ROCM_SMI,GPU_7,1474.1,138.0,100.0
1781843061.85,ROCM_SMI,GPU_0,1474.1,149.0,100.0
1781843061.85,ROCM_SMI,GPU_1,1474.1,142.0,100.0
1781843061.85,ROCM_SMI,GPU_2,1474.1,141.0,100.0
1781843061.85,ROCM_SMI,GPU_3,1474.1,145.0,100.0
1781843061.85,ROCM_SMI,GPU_4,1474.1,140.0,100.0
1781843061.85,ROCM_SMI,GPU_5,1474.1,138.0,100.0
1781843061.85,ROCM_SMI,GPU_6,1474.1,144.0,100.0
1781843061.85,ROCM_SMI,GPU_7,1474.1,139.0,100.0
1781843064.04,ROCM_SMI,GPU_0,1474.1,145.0,100.0
1781843064.04,ROCM_SMI,GPU_1,1474.1,139.0,100.0
1781843064.04,ROCM_SMI,GPU_2,1474.1,142.0,100.0
1781843064.04,ROCM_SMI,GPU_3,1474.1,143.0,100.0
1781843064.04,ROCM_SMI,GPU_4,1474.1,141.0,100.0
1781843064.04,ROCM_SMI,GPU_5,1474.1,143.0,82.0
1781843064.04,ROCM_SMI,GPU_6,1474.1,140.0,100.0
1781843064.04,ROCM_SMI,GPU_7,1474.1,140.0,100.0
1781843066.24,ROCM_SMI,GPU_0,1474.1,142.0,100.0
1781843066.24,ROCM_SMI,GPU_1,1474.1,139.0,100.0
1781843066.24,ROCM_SMI,GPU_2,1474.1,145.0,100.0
1781843066.24,ROCM_SMI,GPU_3,1474.1,145.0,100.0
1781843066.24,ROCM_SMI,GPU_4,1474.1,143.0,100.0
1781843066.24,ROCM_SMI,GPU_5,1474.1,141.0,98.0
1781843066.24,ROCM_SMI,GPU_6,1474.1,138.0,100.0
1781843066.24,ROCM_SMI,GPU_7,1474.1,139.0,100.0
1781843068.43,ROCM_SMI,GPU_0,1474.1,148.0,100.0
1781843068.43,ROCM_SMI,GPU_1,1474.1,139.0,100.0
1781843068.43,ROCM_SMI,GPU_2,1474.1,146.0,100.0
1781843068.43,ROCM_SMI,GPU_3,1474.1,145.0,100.0
1781843068.43,ROCM_SMI,GPU_4,1474.1,141.0,100.0
1781843068.43,ROCM_SMI,GPU_5,1474.1,137.0,100.0
1781843068.43,ROCM_SMI,GPU_6,1474.1,141.0,81.0
1781843068.43,ROCM_SMI,GPU_7,1474.1,136.0,100.0
1781843070.62,ROCM_SMI,GPU_0,1474.1,146.0,100.0
1781843070.62,ROCM_SMI,GPU_1,1474.1,140.0,100.0
1781843070.62,ROCM_SMI,GPU_2,1474.1,141.0,100.0
1781843070.62,ROCM_SMI,GPU_3,1474.1,144.0,100.0
1781843070.62,ROCM_SMI,GPU_4,1474.1,140.0,100.0
1781843070.62,ROCM_SMI,GPU_5,1474.1,141.0,100.0
1781843070.62,ROCM_SMI,GPU_6,1474.1,142.0,100.0
1781843070.62,ROCM_SMI,GPU_7,1474.1,139.0,80.0
1781843072.82,ROCM_SMI,GPU_0,1474.1,141.0,100.0
1781843072.82,ROCM_SMI,GPU_1,1474.1,141.0,100.0
1781843072.82,ROCM_SMI,GPU_2,1474.1,146.0,100.0
1781843072.82,ROCM_SMI,GPU_3,1474.1,155.0,100.0
1781843072.82,ROCM_SMI,GPU_4,1474.1,150.0,100.0
1781843072.82,ROCM_SMI,GPU_5,1474.1,136.0,100.0
1781843072.82,ROCM_SMI,GPU_6,1474.1,137.0,100.0
1781843072.82,ROCM_SMI,GPU_7,1474.1,133.0,100.0
1781843075.01,ROCM_SMI,GPU_0,1474.1,144.0,100.0
1781843075.01,ROCM_SMI,GPU_1,1474.1,139.0,100.0
1781843075.01,ROCM_SMI,GPU_2,1474.1,143.0,100.0
1781843075.01,ROCM_SMI,GPU_3,1474.1,146.0,100.0
1781843075.01,ROCM_SMI,GPU_4,1474.1,142.0,100.0
1781843075.01,ROCM_SMI,GPU_5,1474.1,143.0,100.0
1781843075.01,ROCM_SMI,GPU_6,1474.1,142.0,100.0
1781843075.01,ROCM_SMI,GPU_7,1474.1,138.0,100.0
1781843077.20,ROCM_SMI,GPU_0,1474.1,147.0,100.0
1781843077.20,ROCM_SMI,GPU_1,1474.1,141.0,100.0
1781843077.20,ROCM_SMI,GPU_2,1474.1,143.0,100.0
1781843077.20,ROCM_SMI,GPU_3,1474.1,145.0,100.0
1781843077.20,ROCM_SMI,GPU_4,1474.1,139.0,100.0
1781843077.20,ROCM_SMI,GPU_5,1474.1,138.0,100.0
1781843077.20,ROCM_SMI,GPU_6,1474.1,143.0,100.0
1781843077.20,ROCM_SMI,GPU_7,1474.1,138.0,100.0
1781843079.40,ROCM_SMI,GPU_0,1474.1,148.0,100.0
1781843079.40,ROCM_SMI,GPU_1,1474.1,139.0,81.0
1781843079.40,ROCM_SMI,GPU_2,1474.1,140.0,100.0
1781843079.40,ROCM_SMI,GPU_3,1474.1,143.0,100.0
1781843079.40,ROCM_SMI,GPU_4,1474.1,138.0,100.0
1781843079.40,ROCM_SMI,GPU_5,1474.1,139.0,100.0
1781843079.40,ROCM_SMI,GPU_6,1474.1,144.0,100.0
1781843079.40,ROCM_SMI,GPU_7,1474.1,138.0,100.0
1781843081.59,ROCM_SMI,GPU_0,1474.1,148.0,100.0
1781843081.59,ROCM_SMI,GPU_1,1474.1,140.0,100.0
1781843081.59,ROCM_SMI,GPU_2,1474.1,142.0,100.0
1781843081.59,ROCM_SMI,GPU_3,1474.1,142.0,81.0
1781843081.59,ROCM_SMI,GPU_4,1474.1,138.0,100.0
1781843081.59,ROCM_SMI,GPU_5,1474.1,138.0,100.0
1781843081.59,ROCM_SMI,GPU_6,1474.1,143.0,100.0
1781843081.59,ROCM_SMI,GPU_7,1474.1,139.0,100.0
1781843083.78,ROCM_SMI,GPU_0,1474.1,150.0,100.0
1781843083.78,ROCM_SMI,GPU_1,1474.1,141.0,100.0
1781843083.78,ROCM_SMI,GPU_2,1474.1,142.0,100.0
1781843083.78,ROCM_SMI,GPU_3,1474.1,145.0,100.0
1781843083.78,ROCM_SMI,GPU_4,1474.1,139.0,81.0
1781843083.78,ROCM_SMI,GPU_5,1474.1,138.0,100.0
1781843083.78,ROCM_SMI,GPU_6,1474.1,144.0,100.0
1781843083.78,ROCM_SMI,GPU_7,1474.1,137.0,100.0
1781843085.97,ROCM_SMI,GPU_0,1474.1,146.0,100.0
1781843085.97,ROCM_SMI,GPU_1,1474.1,140.0,100.0
1781843085.97,ROCM_SMI,GPU_2,1474.1,140.0,100.0
1781843085.97,ROCM_SMI,GPU_3,1474.1,145.0,100.0
1781843085.97,ROCM_SMI,GPU_4,1474.1,139.0,100.0
1781843085.97,ROCM_SMI,GPU_5,1474.1,140.0,100.0
1781843085.97,ROCM_SMI,GPU_6,1474.1,142.0,79.0
1781843085.97,ROCM_SMI,GPU_7,1474.1,139.0,100.0
1781843088.16,ROCM_SMI,GPU_0,1474.1,148.0,100.0
1781843088.16,ROCM_SMI,GPU_1,1474.1,142.0,100.0
1781843088.16,ROCM_SMI,GPU_2,1474.1,141.0,100.0
1781843088.16,ROCM_SMI,GPU_3,1474.1,143.0,100.0
1781843088.16,ROCM_SMI,GPU_4,1474.1,140.0,100.0
1781843088.16,ROCM_SMI,GPU_5,1474.1,142.0,100.0
1781843088.16,ROCM_SMI,GPU_6,1474.1,141.0,100.0
1781843088.16,ROCM_SMI,GPU_7,1474.1,138.0,100.0
1781843090.36,ROCM_SMI,GPU_0,1474.1,148.0,100.0
1781843090.36,ROCM_SMI,GPU_1,1474.1,141.0,100.0
1781843090.36,ROCM_SMI,GPU_2,1474.1,142.0,100.0
1781843090.36,ROCM_SMI,GPU_3,1474.1,145.0,100.0
1781843090.36,ROCM_SMI,GPU_4,1474.1,140.0,100.0
1781843090.36,ROCM_SMI,GPU_5,1474.1,142.0,100.0
1781843090.36,ROCM_SMI,GPU_6,1474.1,143.0,100.0
1781843090.36,ROCM_SMI,GPU_7,1474.1,139.0,100.0
1781843092.55,ROCM_SMI,GPU_0,1474.1,145.0,100.0
1781843092.55,ROCM_SMI,GPU_1,1474.1,141.0,100.0
1781843092.55,ROCM_SMI,GPU_2,1474.1,142.0,100.0
1781843092.55,ROCM_SMI,GPU_3,1474.1,144.0,100.0
1781843092.55,ROCM_SMI,GPU_4,1474.1,141.0,100.0
1781843092.55,ROCM_SMI,GPU_5,1474.1,142.0,100.0
1781843092.55,ROCM_SMI,GPU_6,1474.1,143.0,100.0
1781843092.55,ROCM_SMI,GPU_7,1474.1,140.0,100.0
1781843094.74,ROCM_SMI,GPU_0,1474.1,144.0,83.0
1781843094.74,ROCM_SMI,GPU_1,1474.1,139.0,100.0
1781843094.74,ROCM_SMI,GPU_2,1474.1,143.0,100.0
1781843094.74,ROCM_SMI,GPU_3,1474.1,145.0,100.0
1781843094.74,ROCM_SMI,GPU_4,1474.1,143.0,100.0
1781843094.74,ROCM_SMI,GPU_5,1474.1,142.0,100.0
1781843094.74,ROCM_SMI,GPU_6,1474.1,140.0,100.0
1781843094.74,ROCM_SMI,GPU_7,1474.1,141.0,100.0
1781843096.93,ROCM_SMI,GPU_0,1474.1,144.0,100.0
1781843096.93,ROCM_SMI,GPU_1,1474.1,139.0,100.0
1781843096.93,ROCM_SMI,GPU_2,1474.1,142.0,84.0
1781843096.93,ROCM_SMI,GPU_3,1474.1,144.0,100.0
1781843096.93,ROCM_SMI,GPU_4,1474.1,142.0,100.0
1781843096.93,ROCM_SMI,GPU_5,1474.1,143.0,100.0
1781843096.93,ROCM_SMI,GPU_6,1474.1,140.0,100.0
1781843096.93,ROCM_SMI,GPU_7,1474.1,138.0,100.0
1781843099.13,ROCM_SMI,GPU_0,1474.1,146.0,100.0
1781843099.13,ROCM_SMI,GPU_1,1474.1,140.0,100.0
1781843099.13,ROCM_SMI,GPU_2,1474.1,142.0,100.0
1781843099.13,ROCM_SMI,GPU_3,1474.1,143.0,88.0
1781843099.13,ROCM_SMI,GPU_4,1474.1,142.0,100.0
1781843099.13,ROCM_SMI,GPU_5,1474.1,143.0,100.0
1781843099.13,ROCM_SMI,GPU_6,1474.1,141.0,100.0
1781843099.13,ROCM_SMI,GPU_7,1474.1,141.0,100.0
1781843101.33,ROCM_SMI,GPU_0,1474.1,146.0,100.0
1781843101.33,ROCM_SMI,GPU_1,1474.1,142.0,100.0
1781843101.33,ROCM_SMI,GPU_2,1474.1,142.0,100.0
1781843101.33,ROCM_SMI,GPU_3,1474.1,144.0,88.0
1781843101.33,ROCM_SMI,GPU_4,1474.1,141.0,100.0
1781843101.33,ROCM_SMI,GPU_5,1474.1,143.0,100.0
1781843101.33,ROCM_SMI,GPU_6,1474.1,141.0,100.0
1781843101.33,ROCM_SMI,GPU_7,1474.1,139.0,100.0
1781843103.52,ROCM_SMI,GPU_0,1474.1,146.0,100.0
1781843103.52,ROCM_SMI,GPU_1,1474.1,141.0,100.0
1781843103.52,ROCM_SMI,GPU_2,1474.1,144.0,100.0
1781843103.52,ROCM_SMI,GPU_3,1474.1,147.0,88.0
1781843103.52,ROCM_SMI,GPU_4,1474.1,143.0,100.0
1781843103.52,ROCM_SMI,GPU_5,1474.1,144.0,100.0
1781843103.52,ROCM_SMI,GPU_6,1474.1,140.0,100.0
1781843103.52,ROCM_SMI,GPU_7,1474.1,140.0,100.0
1781843105.72,ROCM_SMI,GPU_0,1474.1,145.0,100.0
1781843105.72,ROCM_SMI,GPU_1,1474.1,141.0,100.0
1781843105.72,ROCM_SMI,GPU_2,1474.1,143.0,100.0
1781843105.72,ROCM_SMI,GPU_3,1474.1,147.0,100.0
1781843105.72,ROCM_SMI,GPU_4,1474.1,144.0,88.0
1781843105.72,ROCM_SMI,GPU_5,1474.1,142.0,100.0
1781843105.72,ROCM_SMI,GPU_6,1474.1,139.0,100.0
1781843105.72,ROCM_SMI,GPU_7,1474.1,140.0,100.0
1781843107.91,ROCM_SMI,GPU_0,1474.1,145.0,100.0
1781843107.91,ROCM_SMI,GPU_1,1474.1,141.0,100.0
1781843107.91,ROCM_SMI,GPU_2,1474.1,145.0,100.0
1781843107.91,ROCM_SMI,GPU_3,1474.1,148.0,100.0
1781843107.91,ROCM_SMI,GPU_4,1474.1,145.0,100.0
1781843107.91,ROCM_SMI,GPU_5,1474.1,142.0,100.0
1781843107.91,ROCM_SMI,GPU_6,1474.1,138.0,82.0
1781843107.91,ROCM_SMI,GPU_7,1474.1,140.0,100.0
1781843110.10,ROCM_SMI,GPU_0,1474.1,145.0,100.0
1781843110.10,ROCM_SMI,GPU_1,1474.1,139.0,100.0
1781843110.10,ROCM_SMI,GPU_2,1474.1,146.0,100.0
1781843110.10,ROCM_SMI,GPU_3,1474.1,146.0,100.0
1781843110.10,ROCM_SMI,GPU_4,1474.1,145.0,100.0
1781843110.10,ROCM_SMI,GPU_5,1474.1,141.0,100.0
1781843110.10,ROCM_SMI,GPU_6,1474.1,137.0,100.0
1781843110.10,ROCM_SMI,GPU_7,1474.1,138.0,95.0
1781843112.29,ROCM_SMI,GPU_0,1474.1,144.0,100.0
1781843112.29,ROCM_SMI,GPU_1,1474.1,140.0,100.0
1781843112.29,ROCM_SMI,GPU_2,1474.1,146.0,100.0
1781843112.29,ROCM_SMI,GPU_3,1474.1,148.0,100.0
1781843112.29,ROCM_SMI,GPU_4,1474.1,144.0,100.0
1781843112.29,ROCM_SMI,GPU_5,1474.1,142.0,100.0
1781843112.29,ROCM_SMI,GPU_6,1474.1,139.0,100.0
1781843112.29,ROCM_SMI,GPU_7,1474.1,139.0,100.0
1781843114.48,ROCM_SMI,GPU_0,1474.1,143.0,85.0
1781843114.48,ROCM_SMI,GPU_1,1474.1,138.0,100.0
1781843114.48,ROCM_SMI,GPU_2,1474.1,146.0,100.0
1781843114.48,ROCM_SMI,GPU_3,1474.1,150.0,100.0
1781843114.48,ROCM_SMI,GPU_4,1474.1,149.0,100.0
1781843114.48,ROCM_SMI,GPU_5,1474.1,145.0,100.0
1781843114.48,ROCM_SMI,GPU_6,1474.1,139.0,100.0
1781843114.48,ROCM_SMI,GPU_7,1474.1,139.0,100.0
1781843116.68,ROCM_SMI,GPU_0,1474.1,145.0,100.0
1781843116.68,ROCM_SMI,GPU_1,1474.1,141.0,100.0
1781843116.68,ROCM_SMI,GPU_2,1474.1,141.0,96.0
1781843116.68,ROCM_SMI,GPU_3,1474.1,148.0,100.0
1781843116.68,ROCM_SMI,GPU_4,1474.1,142.0,100.0
1781843116.68,ROCM_SMI,GPU_5,1474.1,142.0,100.0
1781843116.68,ROCM_SMI,GPU_6,1474.1,141.0,100.0
1781843116.68,ROCM_SMI,GPU_7,1474.1,140.0,100.0
1781843118.87,ROCM_SMI,GPU_0,1474.1,148.0,100.0
1781843118.87,ROCM_SMI,GPU_1,1474.1,140.0,100.0
1781843118.87,ROCM_SMI,GPU_2,1474.1,141.0,100.0
1781843118.87,ROCM_SMI,GPU_3,1474.1,143.0,100.0
1781843118.87,ROCM_SMI,GPU_4,1474.1,139.0,86.0
1781843118.87,ROCM_SMI,GPU_5,1474.1,141.0,100.0
1781843118.87,ROCM_SMI,GPU_6,1474.1,144.0,100.0
1781843118.87,ROCM_SMI,GPU_7,1474.1,139.0,100.0
1781843121.06,ROCM_SMI,GPU_0,1474.1,150.0,100.0
1781843121.06,ROCM_SMI,GPU_1,1474.1,142.0,100.0
1781843121.06,ROCM_SMI,GPU_2,1474.1,143.0,100.0
1781843121.06,ROCM_SMI,GPU_3,1474.1,146.0,100.0
1781843121.06,ROCM_SMI,GPU_4,1474.1,141.0,100.0
1781843121.06,ROCM_SMI,GPU_5,1474.1,138.0,100.0
1781843121.06,ROCM_SMI,GPU_6,1474.1,143.0,81.0
1781843121.06,ROCM_SMI,GPU_7,1474.1,139.0,100.0
1781843123.25,ROCM_SMI,GPU_0,1474.1,150.0,100.0
1781843123.25,ROCM_SMI,GPU_1,1474.1,139.0,100.0
1781843123.25,ROCM_SMI,GPU_2,1474.1,145.0,100.0
1781843123.25,ROCM_SMI,GPU_3,1474.1,148.0,100.0
1781843123.25,ROCM_SMI,GPU_4,1474.1,141.0,100.0
1781843123.25,ROCM_SMI,GPU_5,1474.1,136.0,100.0
1781843123.25,ROCM_SMI,GPU_6,1474.1,141.0,100.0
1781843123.25,ROCM_SMI,GPU_7,1474.1,138.0,100.0
1781843125.44,ROCM_SMI,GPU_0,1474.1,149.0,100.0
1781843125.44,ROCM_SMI,GPU_1,1474.1,141.0,100.0
1781843125.44,ROCM_SMI,GPU_2,1474.1,146.0,100.0
1781843125.44,ROCM_SMI,GPU_3,1474.1,147.0,100.0
1781843125.44,ROCM_SMI,GPU_4,1474.1,142.0,100.0
1781843125.44,ROCM_SMI,GPU_5,1474.1,137.0,100.0
1781843125.44,ROCM_SMI,GPU_6,1474.1,142.0,100.0
1781843125.44,ROCM_SMI,GPU_7,1474.1,138.0,100.0
1781843127.64,ROCM_SMI,GPU_0,1474.1,145.0,100.0
1781843127.64,ROCM_SMI,GPU_1,1474.1,139.0,100.0
1781843127.64,ROCM_SMI,GPU_2,1474.1,147.0,100.0
1781843127.64,ROCM_SMI,GPU_3,1474.1,146.0,100.0
1781843127.64,ROCM_SMI,GPU_4,1474.1,142.0,100.0
1781843127.64,ROCM_SMI,GPU_5,1474.1,137.0,100.0
1781843127.64,ROCM_SMI,GPU_6,1474.1,143.0,100.0
1781843127.64,ROCM_SMI,GPU_7,1474.1,137.0,100.0
1781843129.83,ROCM_SMI,GPU_0,1474.1,144.0,100.0
1781843129.83,ROCM_SMI,GPU_1,1474.1,139.0,100.0
1781843129.83,ROCM_SMI,GPU_2,1474.1,147.0,84.0
1781843129.83,ROCM_SMI,GPU_3,1474.1,146.0,100.0
1781843129.83,ROCM_SMI,GPU_4,1474.1,147.0,100.0
1781843129.83,ROCM_SMI,GPU_5,1474.1,140.0,100.0
1781843129.83,ROCM_SMI,GPU_6,1474.1,138.0,100.0
1781843129.83,ROCM_SMI,GPU_7,1474.1,138.0,100.0
1781843132.02,ROCM_SMI,GPU_0,1474.1,146.0,100.0
1781843132.02,ROCM_SMI,GPU_1,1474.1,142.0,100.0
1781843132.02,ROCM_SMI,GPU_2,1474.1,143.0,100.0
1781843132.02,ROCM_SMI,GPU_3,1474.1,145.0,100.0
1781843132.02,ROCM_SMI,GPU_4,1474.1,142.0,87.0
1781843132.02,ROCM_SMI,GPU_5,1474.1,143.0,100.0
1781843132.02,ROCM_SMI,GPU_6,1474.1,142.0,100.0
1781843132.02,ROCM_SMI,GPU_7,1474.1,140.0,100.0
1781843134.21,ROCM_SMI,GPU_0,1474.1,144.0,100.0
1781843134.21,ROCM_SMI,GPU_1,1474.1,141.0,100.0
1781843134.21,ROCM_SMI,GPU_2,1474.1,145.0,100.0
1781843134.21,ROCM_SMI,GPU_3,1474.1,145.0,100.0
1781843134.21,ROCM_SMI,GPU_4,1474.1,143.0,100.0
1781843134.21,ROCM_SMI,GPU_5,1474.1,144.0,100.0
1781843134.21,ROCM_SMI,GPU_6,1474.1,142.0,87.0
1781843134.21,ROCM_SMI,GPU_7,1474.1,140.0,100.0
1781843136.41,ROCM_SMI,GPU_0,1474.1,147.0,100.0
1781843136.41,ROCM_SMI,GPU_1,1474.1,141.0,100.0
1781843136.41,ROCM_SMI,GPU_2,1474.1,142.0,100.0
1781843136.41,ROCM_SMI,GPU_3,1474.1,145.0,100.0
1781843136.41,ROCM_SMI,GPU_4,1474.1,141.0,100.0
1781843136.41,ROCM_SMI,GPU_5,1474.1,142.0,100.0
1781843136.41,ROCM_SMI,GPU_6,1474.1,143.0,79.0
1781843136.41,ROCM_SMI,GPU_7,1474.1,138.0,100.0
1781843138.62,ROCM_SMI,GPU_0,1474.1,149.0,100.0
1781843138.62,ROCM_SMI,GPU_1,1474.1,141.0,100.0
1781843138.62,ROCM_SMI,GPU_2,1474.1,140.0,100.0
1781843138.62,ROCM_SMI,GPU_3,1474.1,145.0,100.0
1781843138.62,ROCM_SMI,GPU_4,1474.1,139.0,91.0
1781843138.62,ROCM_SMI,GPU_5,1474.1,140.0,100.0
1781843138.62,ROCM_SMI,GPU_6,1474.1,145.0,100.0
1781843138.62,ROCM_SMI,GPU_7,1474.1,138.0,100.0
1781843140.82,ROCM_SMI,GPU_0,1474.1,151.0,100.0
1781843140.82,ROCM_SMI,GPU_1,1474.1,142.0,100.0
1781843140.82,ROCM_SMI,GPU_2,1474.1,145.0,100.0
1781843140.82,ROCM_SMI,GPU_3,1474.1,147.0,100.0
1781843140.82,ROCM_SMI,GPU_4,1474.1,141.0,100.0
1781843140.82,ROCM_SMI,GPU_5,1474.1,138.0,100.0
1781843140.82,ROCM_SMI,GPU_6,1474.1,143.0,100.0
1781843140.82,ROCM_SMI,GPU_7,1474.1,137.0,100.0
1781843143.01,ROCM_SMI,GPU_0,1474.1,148.0,100.0
1781843143.01,ROCM_SMI,GPU_1,1474.1,138.0,100.0
1781843143.01,ROCM_SMI,GPU_2,1474.1,142.0,100.0
1781843143.01,ROCM_SMI,GPU_3,1474.1,143.0,100.0
1781843143.01,ROCM_SMI,GPU_4,1474.1,140.0,100.0
1781843143.01,ROCM_SMI,GPU_5,1474.1,130.0,100.0
1781843143.01,ROCM_SMI,GPU_6,1474.1,133.0,81.0
1781843143.01,ROCM_SMI,GPU_7,1474.1,125.0,100.0
1781843145.21,ROCM_SMI,GPU_0,1474.1,145.0,100.0
1781843145.21,ROCM_SMI,GPU_1,1474.1,141.0,100.0
1781843145.21,ROCM_SMI,GPU_2,1474.1,147.0,100.0
1781843145.21,ROCM_SMI,GPU_3,1474.1,146.0,100.0
1781843145.21,ROCM_SMI,GPU_4,1474.1,145.0,100.0
1781843145.21,ROCM_SMI,GPU_5,1474.1,139.0,100.0
1781843145.21,ROCM_SMI,GPU_6,1474.1,139.0,100.0
1781843145.21,ROCM_SMI,GPU_7,1474.1,138.0,100.0
1781843147.40,ROCM_SMI,GPU_0,1474.1,146.0,100.0
1781843147.40,ROCM_SMI,GPU_1,1474.1,142.0,100.0
1781843147.40,ROCM_SMI,GPU_2,1474.1,142.0,100.0
1781843147.40,ROCM_SMI,GPU_3,1474.1,144.0,100.0
1781843147.40,ROCM_SMI,GPU_4,1474.1,142.0,100.0
1781843147.40,ROCM_SMI,GPU_5,1474.1,143.0,100.0
1781843147.40,ROCM_SMI,GPU_6,1474.1,143.0,100.0
1781843147.40,ROCM_SMI,GPU_7,1474.1,141.0,100.0
1781843149.59,ROCM_SMI,GPU_0,1474.1,147.0,100.0
1781843149.59,ROCM_SMI,GPU_1,1474.1,139.0,97.0
1781843149.59,ROCM_SMI,GPU_2,1474.1,145.0,100.0
1781843149.59,ROCM_SMI,GPU_3,1474.1,145.0,100.0
1781843149.59,ROCM_SMI,GPU_4,1474.1,143.0,100.0
1781843149.59,ROCM_SMI,GPU_5,1474.1,137.0,100.0
1781843149.59,ROCM_SMI,GPU_6,1474.1,141.0,100.0
1781843149.59,ROCM_SMI,GPU_7,1474.1,137.0,100.0
1781843151.78,ROCM_SMI,GPU_0,1474.1,147.0,100.0
1781843151.78,ROCM_SMI,GPU_1,1474.1,139.0,100.0
1781843151.78,ROCM_SMI,GPU_2,1474.1,147.0,100.0
1781843151.78,ROCM_SMI,GPU_3,1474.1,146.0,96.0
1781843151.78,ROCM_SMI,GPU_4,1474.1,142.0,100.0
1781843151.78,ROCM_SMI,GPU_5,1474.1,137.0,100.0
1781843151.78,ROCM_SMI,GPU_6,1474.1,141.0,100.0
1781843151.78,ROCM_SMI,GPU_7,1474.1,139.0,100.0
1781843153.97,ROCM_SMI,GPU_0,1474.1,151.0,100.0
1781843153.97,ROCM_SMI,GPU_1,1474.1,140.0,100.0
1781843153.97,ROCM_SMI,GPU_2,1474.1,146.0,100.0
1781843153.97,ROCM_SMI,GPU_3,1474.1,147.0,100.0
1781843153.97,ROCM_SMI,GPU_4,1474.1,142.0,100.0
1781843153.97,ROCM_SMI,GPU_5,1474.1,138.0,88.0
1781843153.97,ROCM_SMI,GPU_6,1474.1,142.0,100.0
1781843153.97,ROCM_SMI,GPU_7,1474.1,139.0,100.0
1781843156.17,ROCM_SMI,GPU_0,1474.1,148.0,100.0
1781843156.17,ROCM_SMI,GPU_1,1474.1,139.0,100.0
1781843156.17,ROCM_SMI,GPU_2,1474.1,146.0,100.0
1781843156.17,ROCM_SMI,GPU_3,1474.1,146.0,100.0
1781843156.17,ROCM_SMI,GPU_4,1474.1,143.0,100.0
1781843156.17,ROCM_SMI,GPU_5,1474.1,136.0,100.0
1781843156.17,ROCM_SMI,GPU_6,1474.1,141.0,100.0
1781843156.17,ROCM_SMI,GPU_7,1474.1,139.0,80.0
1781843158.38,ROCM_SMI,GPU_0,1474.1,146.0,100.0
1781843158.38,ROCM_SMI,GPU_1,1474.1,140.0,100.0
1781843158.38,ROCM_SMI,GPU_2,1474.1,147.0,100.0
1781843158.38,ROCM_SMI,GPU_3,1474.1,146.0,100.0
1781843158.38,ROCM_SMI,GPU_4,1474.1,145.0,100.0
1781843158.38,ROCM_SMI,GPU_5,1474.1,139.0,90.0
1781843158.38,ROCM_SMI,GPU_6,1474.1,140.0,100.0
1781843158.38,ROCM_SMI,GPU_7,1474.1,139.0,100.0
1781843160.57,ROCM_SMI,GPU_0,1474.1,143.0,100.0
1781843160.57,ROCM_SMI,GPU_1,1474.1,141.0,100.0
1781843160.57,ROCM_SMI,GPU_2,1474.1,147.0,100.0
1781843160.57,ROCM_SMI,GPU_3,1474.1,147.0,100.0
1781843160.57,ROCM_SMI,GPU_4,1474.1,145.0,100.0
1781843160.57,ROCM_SMI,GPU_5,1474.1,142.0,100.0
1781843160.57,ROCM_SMI,GPU_6,1474.1,140.0,100.0
1781843160.57,ROCM_SMI,GPU_7,1474.1,141.0,100.0
1781843162.77,ROCM_SMI,GPU_0,1474.1,147.0,100.0
1781843162.77,ROCM_SMI,GPU_1,1474.1,141.0,100.0
1781843162.77,ROCM_SMI,GPU_2,1474.1,141.0,100.0
1781843162.77,ROCM_SMI,GPU_3,1474.1,146.0,100.0
1781843162.77,ROCM_SMI,GPU_4,1474.1,141.0,100.0
1781843162.77,ROCM_SMI,GPU_5,1474.1,142.0,100.0
1781843162.77,ROCM_SMI,GPU_6,1474.1,143.0,100.0
1781843162.77,ROCM_SMI,GPU_7,1474.1,139.0,100.0
1781843164.96,ROCM_SMI,GPU_0,1474.1,150.0,100.0
1781843164.96,ROCM_SMI,GPU_1,1474.1,143.0,100.0
1781843164.96,ROCM_SMI,GPU_2,1474.1,143.0,100.0
1781843164.96,ROCM_SMI,GPU_3,1474.1,146.0,100.0
1781843164.96,ROCM_SMI,GPU_4,1474.1,140.0,100.0
1781843164.96,ROCM_SMI,GPU_5,1474.1,139.0,100.0
1781843164.96,ROCM_SMI,GPU_6,1474.1,144.0,100.0
1781843164.96,ROCM_SMI,GPU_7,1474.1,137.0,100.0
1781843167.15,ROCM_SMI,GPU_0,1474.1,149.0,100.0
1781843167.15,ROCM_SMI,GPU_1,1474.1,143.0,100.0
1781843167.15,ROCM_SMI,GPU_2,1474.1,143.0,100.0
1781843167.15,ROCM_SMI,GPU_3,1474.1,144.0,100.0
1781843167.15,ROCM_SMI,GPU_4,1474.1,140.0,100.0
1781843167.15,ROCM_SMI,GPU_5,1474.1,139.0,100.0
1781843167.15,ROCM_SMI,GPU_6,1474.1,144.0,100.0
1781843167.15,ROCM_SMI,GPU_7,1474.1,137.0,100.0
1781843169.35,ROCM_SMI,GPU_0,1474.1,147.0,86.0
1781843169.35,ROCM_SMI,GPU_1,1474.1,141.0,100.0
1781843169.35,ROCM_SMI,GPU_2,1474.1,142.0,100.0
1781843169.35,ROCM_SMI,GPU_3,1474.1,147.0,100.0
1781843169.35,ROCM_SMI,GPU_4,1474.1,141.0,100.0
1781843169.35,ROCM_SMI,GPU_5,1474.1,144.0,100.0
1781843169.35,ROCM_SMI,GPU_6,1474.1,144.0,100.0
1781843169.35,ROCM_SMI,GPU_7,1474.1,139.0,100.0
1781843171.56,ROCM_SMI,GPU_0,1474.1,148.0,100.0
1781843171.56,ROCM_SMI,GPU_1,1474.1,141.0,100.0
1781843171.56,ROCM_SMI,GPU_2,1474.1,144.0,100.0
1781843171.56,ROCM_SMI,GPU_3,1474.1,145.0,100.0
1781843171.56,ROCM_SMI,GPU_4,1474.1,143.0,100.0
1781843171.56,ROCM_SMI,GPU_5,1474.1,145.0,100.0
1781843171.56,ROCM_SMI,GPU_6,1474.1,143.0,100.0
1781843171.56,ROCM_SMI,GPU_7,1474.1,139.0,86.0
1781843173.76,ROCM_SMI,GPU_0,1474.1,147.0,100.0
1781843173.76,ROCM_SMI,GPU_1,1474.1,143.0,100.0
1781843173.76,ROCM_SMI,GPU_2,1474.1,141.0,100.0
1781843173.76,ROCM_SMI,GPU_3,1474.1,145.0,100.0
1781843173.76,ROCM_SMI,GPU_4,1474.1,140.0,100.0
1781843173.76,ROCM_SMI,GPU_5,1474.1,144.0,100.0
1781843173.76,ROCM_SMI,GPU_6,1474.1,142.0,100.0
1781843173.76,ROCM_SMI,GPU_7,1474.1,140.0,95.0
1781843175.95,ROCM_SMI,GPU_0,1474.1,151.0,100.0
1781843175.95,ROCM_SMI,GPU_1,1474.1,141.0,100.0
1781843175.95,ROCM_SMI,GPU_2,1474.1,143.0,100.0
1781843175.95,ROCM_SMI,GPU_3,1474.1,146.0,100.0
1781843175.95,ROCM_SMI,GPU_4,1474.1,141.0,100.0
1781843175.95,ROCM_SMI,GPU_5,1474.1,142.0,100.0
1781843175.95,ROCM_SMI,GPU_6,1474.1,144.0,100.0
1781843175.95,ROCM_SMI,GPU_7,1474.1,139.0,100.0
1781843178.14,ROCM_SMI,GPU_0,1474.1,150.0,100.0
1781843178.14,ROCM_SMI,GPU_1,1474.1,140.0,100.0
1781843178.14,ROCM_SMI,GPU_2,1474.1,142.0,100.0
1781843178.14,ROCM_SMI,GPU_3,1474.1,145.0,100.0
1781843178.14,ROCM_SMI,GPU_4,1474.1,141.0,100.0
1781843178.14,ROCM_SMI,GPU_5,1474.1,140.0,100.0
1781843178.14,ROCM_SMI,GPU_6,1474.1,144.0,100.0
1781843178.14,ROCM_SMI,GPU_7,1474.1,139.0,100.0
1781843180.33,ROCM_SMI,GPU_0,1474.1,150.0,100.0
1781843180.33,ROCM_SMI,GPU_1,1474.1,140.0,87.0
1781843180.33,ROCM_SMI,GPU_2,1474.1,143.0,100.0
1781843180.33,ROCM_SMI,GPU_3,1474.1,145.0,100.0
1781843180.33,ROCM_SMI,GPU_4,1474.1,140.0,100.0
1781843180.33,ROCM_SMI,GPU_5,1474.1,139.0,100.0
1781843180.33,ROCM_SMI,GPU_6,1474.1,143.0,100.0
1781843180.33,ROCM_SMI,GPU_7,1474.1,138.0,100.0
1781843182.53,ROCM_SMI,GPU_0,1474.1,149.0,100.0
1781843182.53,ROCM_SMI,GPU_1,1474.1,140.0,100.0
1781843182.53,ROCM_SMI,GPU_2,1474.1,141.0,100.0
1781843182.53,ROCM_SMI,GPU_3,1474.1,145.0,81.0
1781843182.53,ROCM_SMI,GPU_4,1474.1,139.0,100.0
1781843182.53,ROCM_SMI,GPU_5,1474.1,140.0,100.0
1781843182.53,ROCM_SMI,GPU_6,1474.1,145.0,100.0
1781843182.53,ROCM_SMI,GPU_7,1474.1,138.0,100.0
1781843184.72,ROCM_SMI,GPU_0,1474.1,145.0,100.0
1781843184.72,ROCM_SMI,GPU_1,1474.1,141.0,100.0
1781843184.72,ROCM_SMI,GPU_2,1474.1,142.0,100.0
1781843184.72,ROCM_SMI,GPU_3,1474.1,143.0,100.0
1781843184.72,ROCM_SMI,GPU_4,1474.1,140.0,81.0
1781843184.72,ROCM_SMI,GPU_5,1474.1,145.0,100.0
1781843184.72,ROCM_SMI,GPU_6,1474.1,149.0,100.0
1781843184.72,ROCM_SMI,GPU_7,1474.1,141.0,100.0
1781843186.91,ROCM_SMI,GPU_0,1474.1,151.0,100.0
1781843186.91,ROCM_SMI,GPU_1,1474.1,142.0,100.0
1781843186.91,ROCM_SMI,GPU_2,1474.1,143.0,100.0
1781843186.91,ROCM_SMI,GPU_3,1474.1,147.0,100.0
1781843186.91,ROCM_SMI,GPU_4,1474.1,140.0,100.0
1781843186.91,ROCM_SMI,GPU_5,1474.1,142.0,88.0
1781843186.91,ROCM_SMI,GPU_6,1474.1,144.0,100.0
1781843186.91,ROCM_SMI,GPU_7,1474.1,140.0,100.0
1781843189.10,ROCM_SMI,GPU_0,1474.1,149.0,100.0
1781843189.10,ROCM_SMI,GPU_1,1474.1,142.0,100.0
1781843189.10,ROCM_SMI,GPU_2,1474.1,143.0,100.0
1781843189.10,ROCM_SMI,GPU_3,1474.1,146.0,100.0
1781843189.10,ROCM_SMI,GPU_4,1474.1,141.0,100.0
1781843189.10,ROCM_SMI,GPU_5,1474.1,143.0,100.0
1781843189.10,ROCM_SMI,GPU_6,1474.1,143.0,100.0
1781843189.10,ROCM_SMI,GPU_7,1474.1,141.0,87.0
1781843191.30,ROCM_SMI,GPU_0,1474.1,146.0,100.0
1781843191.30,ROCM_SMI,GPU_1,1474.1,140.0,100.0
1781843191.30,ROCM_SMI,GPU_2,1474.1,144.0,100.0
1781843191.30,ROCM_SMI,GPU_3,1474.1,146.0,100.0
1781843191.30,ROCM_SMI,GPU_4,1474.1,143.0,100.0
1781843191.30,ROCM_SMI,GPU_5,1474.1,143.0,100.0
1781843191.30,ROCM_SMI,GPU_6,1474.1,141.0,100.0
1781843191.30,ROCM_SMI,GPU_7,1474.1,141.0,100.0
1781843193.49,ROCM_SMI,GPU_0,1474.1,145.0,100.0
1781843193.49,ROCM_SMI,GPU_1,1474.1,141.0,100.0
1781843193.49,ROCM_SMI,GPU_2,1474.1,144.0,100.0
1781843193.49,ROCM_SMI,GPU_3,1474.1,146.0,100.0
1781843193.49,ROCM_SMI,GPU_4,1474.1,143.0,100.0
1781843193.49,ROCM_SMI,GPU_5,1474.1,143.0,100.0
1781843193.49,ROCM_SMI,GPU_6,1474.1,140.0,100.0
1781843193.49,ROCM_SMI,GPU_7,1474.1,140.0,100.0
1781843195.68,ROCM_SMI,GPU_0,1474.1,145.0,79.0
1781843195.68,ROCM_SMI,GPU_1,1474.1,140.0,100.0
1781843195.68,ROCM_SMI,GPU_2,1474.1,144.0,100.0
1781843195.68,ROCM_SMI,GPU_3,1474.1,147.0,100.0
1781843195.68,ROCM_SMI,GPU_4,1474.1,142.0,100.0
1781843195.68,ROCM_SMI,GPU_5,1474.1,143.0,100.0
1781843195.68,ROCM_SMI,GPU_6,1474.1,142.0,100.0
1781843195.68,ROCM_SMI,GPU_7,1474.1,140.0,100.0
1781843197.87,ROCM_SMI,GPU_0,1474.1,150.0,100.0
1781843197.87,ROCM_SMI,GPU_1,1474.1,143.0,100.0
1781843197.87,ROCM_SMI,GPU_2,1474.1,141.0,84.0
1781843197.87,ROCM_SMI,GPU_3,1474.1,143.0,100.0
1781843197.87,ROCM_SMI,GPU_4,1474.1,140.0,100.0
1781843197.87,ROCM_SMI,GPU_5,1474.1,142.0,100.0
1781843197.87,ROCM_SMI,GPU_6,1474.1,143.0,100.0
1781843197.87,ROCM_SMI,GPU_7,1474.1,139.0,100.0
1781843200.07,ROCM_SMI,GPU_0,1474.1,146.0,100.0
1781843200.07,ROCM_SMI,GPU_1,1474.1,135.0,100.0
1781843200.07,ROCM_SMI,GPU_2,1474.1,140.0,100.0
1781843200.07,ROCM_SMI,GPU_3,1474.1,133.0,86.0
1781843200.07,ROCM_SMI,GPU_4,1474.1,125.0,100.0
1781843200.07,ROCM_SMI,GPU_5,1474.1,157.0,100.0
1781843200.07,ROCM_SMI,GPU_6,1474.1,163.0,100.0
1781843200.07,ROCM_SMI,GPU_7,1474.1,133.0,100.0
1781843202.27,ROCM_SMI,GPU_0,1474.1,150.0,100.0
1781843202.27,ROCM_SMI,GPU_1,1474.1,142.0,100.0
1781843202.27,ROCM_SMI,GPU_2,1474.1,146.0,100.0
1781843202.27,ROCM_SMI,GPU_3,1474.1,147.0,100.0
1781843202.27,ROCM_SMI,GPU_4,1474.1,142.0,100.0
1781843202.27,ROCM_SMI,GPU_5,1474.1,136.0,99.0
1781843202.27,ROCM_SMI,GPU_6,1474.1,141.0,100.0
1781843202.27,ROCM_SMI,GPU_7,1474.1,137.0,100.0
1781843204.46,ROCM_SMI,GPU_0,1474.1,149.0,100.0
1781843204.46,ROCM_SMI,GPU_1,1474.1,141.0,100.0
1781843204.46,ROCM_SMI,GPU_2,1474.1,148.0,100.0
1781843204.46,ROCM_SMI,GPU_3,1474.1,146.0,100.0
1781843204.46,ROCM_SMI,GPU_4,1474.1,144.0,100.0
1781843204.46,ROCM_SMI,GPU_5,1474.1,137.0,100.0
1781843204.46,ROCM_SMI,GPU_6,1474.1,141.0,85.0
1781843204.46,ROCM_SMI,GPU_7,1474.1,139.0,100.0
1781843206.65,ROCM_SMI,GPU_0,1474.1,147.0,100.0
1781843206.65,ROCM_SMI,GPU_1,1474.1,141.0,100.0
1781843206.65,ROCM_SMI,GPU_2,1474.1,148.0,100.0
1781843206.65,ROCM_SMI,GPU_3,1474.1,147.0,100.0
1781843206.65,ROCM_SMI,GPU_4,1474.1,144.0,100.0
1781843206.65,ROCM_SMI,GPU_5,1474.1,138.0,100.0
1781843206.65,ROCM_SMI,GPU_6,1474.1,140.0,100.0
1781843206.65,ROCM_SMI,GPU_7,1474.1,138.0,100.0
1781843208.84,ROCM_SMI,GPU_0,1474.1,146.0,100.0
1781843208.84,ROCM_SMI,GPU_1,1474.1,139.0,100.0
1781843208.84,ROCM_SMI,GPU_2,1474.1,147.0,100.0
1781843208.84,ROCM_SMI,GPU_3,1474.1,147.0,100.0
1781843208.84,ROCM_SMI,GPU_4,1474.1,145.0,100.0
1781843208.84,ROCM_SMI,GPU_5,1474.1,140.0,100.0
1781843208.84,ROCM_SMI,GPU_6,1474.1,139.0,100.0
1781843208.84,ROCM_SMI,GPU_7,1474.1,140.0,100.0
1781843211.04,ROCM_SMI,GPU_0,1474.1,143.0,83.0
1781843211.04,ROCM_SMI,GPU_1,1474.1,139.0,100.0
1781843211.04,ROCM_SMI,GPU_2,1474.1,147.0,100.0
1781843211.04,ROCM_SMI,GPU_3,1474.1,146.0,100.0
1781843211.04,ROCM_SMI,GPU_4,1474.1,145.0,100.0
1781843211.04,ROCM_SMI,GPU_5,1474.1,142.0,100.0
1781843211.04,ROCM_SMI,GPU_6,1474.1,138.0,100.0
1781843211.04,ROCM_SMI,GPU_7,1474.1,138.0,100.0
1781843213.24,ROCM_SMI,GPU_0,1474.1,146.0,100.0
1781843213.24,ROCM_SMI,GPU_1,1474.1,139.0,87.0
1781843213.24,ROCM_SMI,GPU_2,1474.1,144.0,100.0
1781843213.24,ROCM_SMI,GPU_3,1474.1,149.0,100.0
1781843213.24,ROCM_SMI,GPU_4,1474.1,144.0,100.0
1781843213.24,ROCM_SMI,GPU_5,1474.1,142.0,100.0
1781843213.24,ROCM_SMI,GPU_6,1474.1,140.0,100.0
1781843213.24,ROCM_SMI,GPU_7,1474.1,139.0,100.0
1781843215.43,ROCM_SMI,GPU_0,1474.1,151.0,100.0
1781843215.43,ROCM_SMI,GPU_1,1474.1,142.0,100.0
1781843215.43,ROCM_SMI,GPU_2,1474.1,143.0,100.0
1781843215.43,ROCM_SMI,GPU_3,1474.1,143.0,100.0
1781843215.43,ROCM_SMI,GPU_4,1474.1,140.0,100.0
1781843215.43,ROCM_SMI,GPU_5,1474.1,138.0,100.0
1781843215.43,ROCM_SMI,GPU_6,1474.1,144.0,100.0
1781843215.43,ROCM_SMI,GPU_7,1474.1,137.0,100.0
1781843217.62,ROCM_SMI,GPU_0,1474.1,150.0,100.0
1781843217.62,ROCM_SMI,GPU_1,1474.1,142.0,100.0
1781843217.62,ROCM_SMI,GPU_2,1474.1,147.0,100.0
1781843217.62,ROCM_SMI,GPU_3,1474.1,146.0,100.0
1781843217.62,ROCM_SMI,GPU_4,1474.1,144.0,97.0
1781843217.62,ROCM_SMI,GPU_5,1474.1,137.0,90.0
1781843217.62,ROCM_SMI,GPU_6,1474.1,142.0,100.0
1781843217.62,ROCM_SMI,GPU_7,1474.1,137.0,100.0
1781843219.81,ROCM_SMI,GPU_0,1474.1,144.0,100.0
1781843219.81,ROCM_SMI,GPU_1,1474.1,140.0,100.0
1781843219.81,ROCM_SMI,GPU_2,1474.1,147.0,100.0
1781843219.81,ROCM_SMI,GPU_3,1474.1,146.0,100.0
1781843219.81,ROCM_SMI,GPU_4,1474.1,145.0,100.0
1781843219.81,ROCM_SMI,GPU_5,1474.1,142.0,100.0
1781843219.81,ROCM_SMI,GPU_6,1474.1,139.0,100.0
1781843219.81,ROCM_SMI,GPU_7,1474.1,140.0,100.0
1781843222.00,ROCM_SMI,GPU_0,1474.1,144.0,100.0
1781843222.00,ROCM_SMI,GPU_1,1474.1,140.0,100.0
1781843222.00,ROCM_SMI,GPU_2,1474.1,146.0,100.0
1781843222.00,ROCM_SMI,GPU_3,1474.1,148.0,100.0
1781843222.00,ROCM_SMI,GPU_4,1474.1,144.0,100.0
1781843222.00,ROCM_SMI,GPU_5,1474.1,143.0,100.0
1781843222.00,ROCM_SMI,GPU_6,1474.1,138.0,100.0
1781843222.00,ROCM_SMI,GPU_7,1474.1,140.0,100.0
1781843224.19,ROCM_SMI,GPU_0,1474.1,148.0,100.0
1781843224.19,ROCM_SMI,GPU_1,1474.1,140.0,81.0
1781843224.19,ROCM_SMI,GPU_2,1474.1,141.0,100.0
1781843224.19,ROCM_SMI,GPU_3,1474.1,144.0,100.0
1781843224.19,ROCM_SMI,GPU_4,1474.1,140.0,100.0
1781843224.19,ROCM_SMI,GPU_5,1474.1,142.0,100.0
1781843224.19,ROCM_SMI,GPU_6,1474.1,144.0,100.0
1781843224.19,ROCM_SMI,GPU_7,1474.1,139.0,100.0
1781843226.39,ROCM_SMI,GPU_0,1474.1,148.0,100.0
1781843226.39,ROCM_SMI,GPU_1,1474.1,140.0,100.0
1781843226.39,ROCM_SMI,GPU_2,1474.1,142.0,100.0
1781843226.39,ROCM_SMI,GPU_3,1474.1,142.0,98.0
1781843226.39,ROCM_SMI,GPU_4,1474.1,140.0,100.0
1781843226.39,ROCM_SMI,GPU_5,1474.1,146.0,100.0
1781843226.39,ROCM_SMI,GPU_6,1474.1,144.0,100.0
1781843226.39,ROCM_SMI,GPU_7,1474.1,142.0,100.0
1781843228.58,ROCM_SMI,GPU_0,1474.1,151.0,100.0
1781843228.58,ROCM_SMI,GPU_1,1474.1,141.0,100.0
1781843228.58,ROCM_SMI,GPU_2,1474.1,141.0,100.0
1781843228.58,ROCM_SMI,GPU_3,1474.1,145.0,100.0
1781843228.58,ROCM_SMI,GPU_4,1474.1,139.0,87.0
1781843228.58,ROCM_SMI,GPU_5,1474.1,140.0,100.0
1781843228.58,ROCM_SMI,GPU_6,1474.1,145.0,100.0
1781843228.58,ROCM_SMI,GPU_7,1474.1,140.0,100.0
1781843230.78,ROCM_SMI,GPU_0,1474.1,151.0,100.0
1781843230.78,ROCM_SMI,GPU_1,1474.1,141.0,100.0
1781843230.78,ROCM_SMI,GPU_2,1474.1,144.0,100.0
1781843230.78,ROCM_SMI,GPU_3,1474.1,147.0,100.0
1781843230.78,ROCM_SMI,GPU_4,1474.1,140.0,100.0
1781843230.78,ROCM_SMI,GPU_5,1474.1,138.0,85.0
1781843230.78,ROCM_SMI,GPU_6,1474.1,145.0,100.0
1781843230.78,ROCM_SMI,GPU_7,1474.1,139.0,100.0
1781843232.97,ROCM_SMI,GPU_0,1474.1,148.0,100.0
1781843232.97,ROCM_SMI,GPU_1,1474.1,140.0,100.0
1781843232.97,ROCM_SMI,GPU_2,1474.1,147.0,100.0
1781843232.97,ROCM_SMI,GPU_3,1474.1,147.0,100.0
1781843232.97,ROCM_SMI,GPU_4,1474.1,144.0,100.0
1781843232.97,ROCM_SMI,GPU_5,1474.1,138.0,100.0
1781843232.97,ROCM_SMI,GPU_6,1474.1,140.0,100.0
1781843232.97,ROCM_SMI,GPU_7,1474.1,138.0,81.0
1781843235.18,ROCM_SMI,GPU_0,1474.1,146.0,100.0
1781843235.18,ROCM_SMI,GPU_1,1474.1,140.0,100.0
1781843235.18,ROCM_SMI,GPU_2,1474.1,147.0,100.0
1781843235.18,ROCM_SMI,GPU_3,1474.1,148.0,100.0
1781843235.18,ROCM_SMI,GPU_4,1474.1,144.0,100.0
1781843235.18,ROCM_SMI,GPU_5,1474.1,140.0,82.0
1781843235.18,ROCM_SMI,GPU_6,1474.1,138.0,100.0
1781843235.18,ROCM_SMI,GPU_7,1474.1,139.0,100.0
1781843237.37,ROCM_SMI,GPU_0,1474.1,145.0,100.0
1781843237.37,ROCM_SMI,GPU_1,1474.1,141.0,100.0
1781843237.37,ROCM_SMI,GPU_2,1474.1,146.0,100.0
1781843237.37,ROCM_SMI,GPU_3,1474.1,148.0,100.0
1781843237.37,ROCM_SMI,GPU_4,1474.1,145.0,100.0
1781843237.37,ROCM_SMI,GPU_5,1474.1,142.0,100.0
1781843237.37,ROCM_SMI,GPU_6,1474.1,138.0,100.0
1781843237.37,ROCM_SMI,GPU_7,1474.1,140.0,87.0
1781843239.56,ROCM_SMI,GPU_0,1474.1,146.0,100.0
1781843239.56,ROCM_SMI,GPU_1,1474.1,141.0,100.0
1781843239.56,ROCM_SMI,GPU_2,1474.1,145.0,100.0
1781843239.56,ROCM_SMI,GPU_3,1474.1,147.0,100.0
1781843239.56,ROCM_SMI,GPU_4,1474.1,144.0,100.0
1781843239.56,ROCM_SMI,GPU_5,1474.1,143.0,100.0
1781843239.56,ROCM_SMI,GPU_6,1474.1,141.0,100.0
1781843239.56,ROCM_SMI,GPU_7,1474.1,139.0,100.0
1781843241.76,ROCM_SMI,GPU_0,1474.1,142.0,100.0
1781843241.76,ROCM_SMI,GPU_1,1474.1,143.0,100.0
1781843241.76,ROCM_SMI,GPU_2,1474.1,146.0,100.0
1781843241.76,ROCM_SMI,GPU_3,1474.1,149.0,100.0
1781843241.76,ROCM_SMI,GPU_4,1474.1,145.0,100.0
1781843241.76,ROCM_SMI,GPU_5,1474.1,147.0,100.0
1781843241.76,ROCM_SMI,GPU_6,1474.1,140.0,100.0
1781843241.76,ROCM_SMI,GPU_7,1474.1,139.0,100.0
1781843243.95,ROCM_SMI,GPU_0,1474.1,149.0,100.0
1781843243.95,ROCM_SMI,GPU_1,1474.1,139.0,100.0
1781843243.95,ROCM_SMI,GPU_2,1474.1,141.0,100.0
1781843243.95,ROCM_SMI,GPU_3,1474.1,146.0,100.0
1781843243.95,ROCM_SMI,GPU_4,1474.1,140.0,100.0
1781843243.95,ROCM_SMI,GPU_5,1474.1,141.0,100.0
1781843243.95,ROCM_SMI,GPU_6,1474.1,144.0,100.0
1781843243.95,ROCM_SMI,GPU_7,1474.1,139.0,100.0
1781843246.16,ROCM_SMI,GPU_0,1474.1,146.0,100.0
1781843246.16,ROCM_SMI,GPU_1,1474.1,139.0,100.0
1781843246.16,ROCM_SMI,GPU_2,1474.1,146.0,100.0
1781843246.16,ROCM_SMI,GPU_3,1474.1,146.0,100.0
1781843246.16,ROCM_SMI,GPU_4,1474.1,143.0,100.0
1781843246.16,ROCM_SMI,GPU_5,1474.1,136.0,100.0
1781843246.16,ROCM_SMI,GPU_6,1474.1,140.0,100.0
1781843246.16,ROCM_SMI,GPU_7,1474.1,137.0,100.0
1781843248.35,ROCM_SMI,GPU_0,1474.1,146.0,91.0
1781843248.35,ROCM_SMI,GPU_1,1474.1,139.0,100.0
1781843248.35,ROCM_SMI,GPU_2,1474.1,143.0,100.0
1781843248.35,ROCM_SMI,GPU_3,1474.1,147.0,100.0
1781843248.35,ROCM_SMI,GPU_4,1474.1,143.0,100.0
1781843248.35,ROCM_SMI,GPU_5,1474.1,142.0,100.0
1781843248.35,ROCM_SMI,GPU_6,1474.1,140.0,100.0
1781843248.35,ROCM_SMI,GPU_7,1474.1,139.0,100.0
1781843250.55,ROCM_SMI,GPU_0,1474.1,151.0,100.0
1781843250.55,ROCM_SMI,GPU_1,1474.1,140.0,100.0
1781843250.55,ROCM_SMI,GPU_2,1474.1,141.0,100.0
1781843250.55,ROCM_SMI,GPU_3,1474.1,144.0,82.0
1781843250.55,ROCM_SMI,GPU_4,1474.1,139.0,100.0
1781843250.55,ROCM_SMI,GPU_5,1474.1,140.0,100.0
1781843250.55,ROCM_SMI,GPU_6,1474.1,145.0,100.0
1781843250.55,ROCM_SMI,GPU_7,1474.1,140.0,100.0
1781843252.74,ROCM_SMI,GPU_0,1474.1,152.0,100.0
1781843252.74,ROCM_SMI,GPU_1,1474.1,143.0,100.0
1781843252.74,ROCM_SMI,GPU_2,1474.1,146.0,100.0
1781843252.74,ROCM_SMI,GPU_3,1474.1,146.0,100.0
1781843252.74,ROCM_SMI,GPU_4,1474.1,141.0,87.0
1781843252.74,ROCM_SMI,GPU_5,1474.1,138.0,95.0
1781843252.74,ROCM_SMI,GPU_6,1474.1,144.0,100.0
1781843252.74,ROCM_SMI,GPU_7,1474.1,140.0,100.0
1781843254.93,ROCM_SMI,GPU_0,1474.1,154.0,100.0
1781843254.93,ROCM_SMI,GPU_1,1474.1,143.0,100.0
1781843254.93,ROCM_SMI,GPU_2,1474.1,147.0,100.0
1781843254.93,ROCM_SMI,GPU_3,1474.1,145.0,100.0
1781843254.93,ROCM_SMI,GPU_4,1474.1,139.0,100.0
1781843254.93,ROCM_SMI,GPU_5,1474.1,137.0,100.0
1781843254.93,ROCM_SMI,GPU_6,1474.1,140.0,95.0
1781843254.93,ROCM_SMI,GPU_7,1474.1,135.0,100.0
1781843257.13,ROCM_SMI,GPU_0,1474.1,147.0,100.0
1781843257.13,ROCM_SMI,GPU_1,1474.1,140.0,100.0
1781843257.13,ROCM_SMI,GPU_2,1474.1,147.0,100.0
1781843257.13,ROCM_SMI,GPU_3,1474.1,147.0,100.0
1781843257.13,ROCM_SMI,GPU_4,1474.1,145.0,100.0
1781843257.13,ROCM_SMI,GPU_5,1474.1,141.0,100.0
1781843257.13,ROCM_SMI,GPU_6,1474.1,139.0,100.0
1781843257.13,ROCM_SMI,GPU_7,1474.1,139.0,100.0
1781843259.32,ROCM_SMI,GPU_0,1474.1,146.0,100.0
1781843259.32,ROCM_SMI,GPU_1,1474.1,141.0,100.0
1781843259.32,ROCM_SMI,GPU_2,1474.1,143.0,100.0
1781843259.32,ROCM_SMI,GPU_3,1474.1,144.0,100.0
1781843259.32,ROCM_SMI,GPU_4,1474.1,142.0,100.0
1781843259.32,ROCM_SMI,GPU_5,1474.1,143.0,100.0
1781843259.32,ROCM_SMI,GPU_6,1474.1,142.0,100.0
1781843259.32,ROCM_SMI,GPU_7,1474.1,139.0,100.0
1781843261.52,ROCM_SMI,GPU_0,1474.1,149.0,100.0
1781843261.52,ROCM_SMI,GPU_1,1474.1,140.0,90.0
1781843261.52,ROCM_SMI,GPU_2,1474.1,141.0,100.0
1781843261.52,ROCM_SMI,GPU_3,1474.1,145.0,100.0
1781843261.52,ROCM_SMI,GPU_4,1474.1,140.0,100.0
1781843261.52,ROCM_SMI,GPU_5,1474.1,142.0,100.0
1781843261.52,ROCM_SMI,GPU_6,1474.1,144.0,100.0
1781843261.52,ROCM_SMI,GPU_7,1474.1,138.0,100.0
1781843263.71,ROCM_SMI,GPU_0,1474.1,149.0,100.0
1781843263.71,ROCM_SMI,GPU_1,1474.1,141.0,100.0
1781843263.71,ROCM_SMI,GPU_2,1474.1,144.0,90.0
1781843263.71,ROCM_SMI,GPU_3,1474.1,145.0,100.0
1781843263.71,ROCM_SMI,GPU_4,1474.1,141.0,100.0
1781843263.71,ROCM_SMI,GPU_5,1474.1,138.0,100.0
1781843263.71,ROCM_SMI,GPU_6,1474.1,145.0,100.0
1781843263.71,ROCM_SMI,GPU_7,1474.1,138.0,100.0
1781843265.90,ROCM_SMI,GPU_0,1474.1,145.0,100.0
1781843265.90,ROCM_SMI,GPU_1,1474.1,141.0,100.0
1781843265.90,ROCM_SMI,GPU_2,1474.1,149.0,100.0
1781843265.90,ROCM_SMI,GPU_3,1474.1,149.0,100.0
1781843265.90,ROCM_SMI,GPU_4,1474.1,146.0,100.0
1781843265.90,ROCM_SMI,GPU_5,1474.1,142.0,81.0
1781843265.90,ROCM_SMI,GPU_6,1474.1,139.0,100.0
1781843265.90,ROCM_SMI,GPU_7,1474.1,140.0,100.0
1781843268.09,ROCM_SMI,GPU_0,1474.1,151.0,100.0
1781843268.09,ROCM_SMI,GPU_1,1474.1,142.0,100.0
1781843268.09,ROCM_SMI,GPU_2,1474.1,142.0,100.0
1781843268.09,ROCM_SMI,GPU_3,1474.1,144.0,100.0
1781843268.09,ROCM_SMI,GPU_4,1474.1,141.0,100.0
1781843268.09,ROCM_SMI,GPU_5,1474.1,142.0,100.0
1781843268.09,ROCM_SMI,GPU_6,1474.1,142.0,100.0
1781843268.09,ROCM_SMI,GPU_7,1474.1,138.0,97.0
1781843270.29,ROCM_SMI,GPU_0,1474.1,152.0,100.0
1781843270.29,ROCM_SMI,GPU_1,1474.1,142.0,100.0
1781843270.29,ROCM_SMI,GPU_2,1474.1,141.0,100.0
1781843270.29,ROCM_SMI,GPU_3,1474.1,144.0,100.0
1781843270.29,ROCM_SMI,GPU_4,1474.1,142.0,100.0
1781843270.29,ROCM_SMI,GPU_5,1474.1,144.0,100.0
1781843270.29,ROCM_SMI,GPU_6,1474.1,146.0,100.0
1781843270.29,ROCM_SMI,GPU_7,1474.1,146.0,100.0
1781843272.48,ROCM_SMI,GPU_0,1474.1,148.0,100.0
1781843272.48,ROCM_SMI,GPU_1,1474.1,142.0,100.0
1781843272.48,ROCM_SMI,GPU_2,1474.1,143.0,100.0
1781843272.48,ROCM_SMI,GPU_3,1474.1,145.0,100.0
1781843272.48,ROCM_SMI,GPU_4,1474.1,139.0,100.0
1781843272.48,ROCM_SMI,GPU_5,1474.1,139.0,100.0
1781843272.48,ROCM_SMI,GPU_6,1474.1,143.0,100.0
1781843272.48,ROCM_SMI,GPU_7,1474.1,137.0,100.0
1781843274.67,ROCM_SMI,GPU_0,1474.1,147.0,100.0
1781843274.67,ROCM_SMI,GPU_1,1474.1,140.0,82.0
1781843274.67,ROCM_SMI,GPU_2,1474.1,146.0,100.0
1781843274.67,ROCM_SMI,GPU_3,1474.1,147.0,100.0
1781843274.67,ROCM_SMI,GPU_4,1474.1,144.0,100.0
1781843274.67,ROCM_SMI,GPU_5,1474.1,138.0,100.0
1781843274.67,ROCM_SMI,GPU_6,1474.1,142.0,100.0
1781843274.67,ROCM_SMI,GPU_7,1474.1,139.0,100.0
1781843276.87,ROCM_SMI,GPU_0,1474.1,145.0,100.0
1781843276.87,ROCM_SMI,GPU_1,1474.1,140.0,100.0
1781843276.87,ROCM_SMI,GPU_2,1474.1,146.0,100.0
1781843276.87,ROCM_SMI,GPU_3,1474.1,145.0,88.0
1781843276.87,ROCM_SMI,GPU_4,1474.1,143.0,100.0
1781843276.87,ROCM_SMI,GPU_5,1474.1,141.0,100.0
1781843276.87,ROCM_SMI,GPU_6,1474.1,139.0,100.0
1781843276.87,ROCM_SMI,GPU_7,1474.1,139.0,100.0
1781843279.06,ROCM_SMI,GPU_0,1474.1,149.0,100.0
1781843279.06,ROCM_SMI,GPU_1,1474.1,142.0,100.0
1781843279.06,ROCM_SMI,GPU_2,1474.1,144.0,100.0
1781843279.06,ROCM_SMI,GPU_3,1474.1,147.0,100.0
1781843279.06,ROCM_SMI,GPU_4,1474.1,141.0,100.0
1781843279.06,ROCM_SMI,GPU_5,1474.1,143.0,100.0
1781843279.06,ROCM_SMI,GPU_6,1474.1,144.0,100.0
1781843279.06,ROCM_SMI,GPU_7,1474.1,140.0,100.0
1781843281.25,ROCM_SMI,GPU_0,1474.1,151.0,100.0
1781843281.25,ROCM_SMI,GPU_1,1474.1,143.0,100.0
1781843281.25,ROCM_SMI,GPU_2,1474.1,145.0,100.0
1781843281.25,ROCM_SMI,GPU_3,1474.1,145.0,100.0
1781843281.25,ROCM_SMI,GPU_4,1474.1,142.0,100.0
1781843281.25,ROCM_SMI,GPU_5,1474.1,137.0,100.0
1781843281.25,ROCM_SMI,GPU_6,1474.1,143.0,100.0
1781843281.25,ROCM_SMI,GPU_7,1474.1,136.0,100.0
1781843283.45,ROCM_SMI,GPU_0,1474.1,156.0,100.0
1781843283.45,ROCM_SMI,GPU_1,1474.1,145.0,100.0
1781843283.45,ROCM_SMI,GPU_2,1474.1,147.0,100.0
1781843283.45,ROCM_SMI,GPU_3,1474.1,150.0,100.0
1781843283.45,ROCM_SMI,GPU_4,1474.1,147.0,100.0
1781843283.45,ROCM_SMI,GPU_5,1474.1,137.0,100.0
1781843283.45,ROCM_SMI,GPU_6,1474.1,139.0,100.0
1781843283.45,ROCM_SMI,GPU_7,1474.1,135.0,100.0
1781843285.64,ROCM_SMI,GPU_0,1474.1,150.0,100.0
1781843285.64,ROCM_SMI,GPU_1,1474.1,141.0,100.0
1781843285.64,ROCM_SMI,GPU_2,1474.1,144.0,100.0
1781843285.64,ROCM_SMI,GPU_3,1474.1,146.0,100.0
1781843285.64,ROCM_SMI,GPU_4,1474.1,142.0,100.0
1781843285.64,ROCM_SMI,GPU_5,1474.1,138.0,100.0
1781843285.64,ROCM_SMI,GPU_6,1474.1,143.0,100.0
1781843285.64,ROCM_SMI,GPU_7,1474.1,138.0,100.0
1781843287.84,ROCM_SMI,GPU_0,1474.1,146.0,83.0
1781843287.84,ROCM_SMI,GPU_1,1474.1,139.0,100.0
1781843287.84,ROCM_SMI,GPU_2,1474.1,149.0,100.0
1781843287.84,ROCM_SMI,GPU_3,1474.1,147.0,100.0
1781843287.84,ROCM_SMI,GPU_4,1474.1,144.0,100.0
1781843287.84,ROCM_SMI,GPU_5,1474.1,137.0,100.0
1781843287.84,ROCM_SMI,GPU_6,1474.1,139.0,100.0
1781843287.84,ROCM_SMI,GPU_7,1474.1,139.0,100.0
1781843290.03,ROCM_SMI,GPU_0,1474.1,144.0,100.0
1781843290.03,ROCM_SMI,GPU_1,1474.1,140.0,100.0
1781843290.03,ROCM_SMI,GPU_2,1474.1,146.0,84.0
1781843290.03,ROCM_SMI,GPU_3,1474.1,146.0,100.0
1781843290.03,ROCM_SMI,GPU_4,1474.1,145.0,100.0
1781843290.03,ROCM_SMI,GPU_5,1474.1,140.0,100.0
1781843290.03,ROCM_SMI,GPU_6,1474.1,139.0,100.0
1781843290.03,ROCM_SMI,GPU_7,1474.1,137.0,100.0
1781843292.22,ROCM_SMI,GPU_0,1474.1,146.0,100.0
1781843292.22,ROCM_SMI,GPU_1,1474.1,140.0,100.0
1781843292.22,ROCM_SMI,GPU_2,1474.1,148.0,100.0
1781843292.22,ROCM_SMI,GPU_3,1474.1,146.0,100.0
1781843292.22,ROCM_SMI,GPU_4,1474.1,144.0,87.0
1781843292.22,ROCM_SMI,GPU_5,1474.1,139.0,100.0
1781843292.22,ROCM_SMI,GPU_6,1474.1,138.0,100.0
1781843292.22,ROCM_SMI,GPU_7,1474.1,138.0,100.0
1781843294.41,ROCM_SMI,GPU_0,1474.1,145.0,100.0
1781843294.41,ROCM_SMI,GPU_1,1474.1,142.0,100.0
1781843294.41,ROCM_SMI,GPU_2,1474.1,146.0,100.0
1781843294.41,ROCM_SMI,GPU_3,1474.1,147.0,100.0
1781843294.41,ROCM_SMI,GPU_4,1474.1,144.0,100.0
1781843294.41,ROCM_SMI,GPU_5,1474.1,143.0,100.0
1781843294.41,ROCM_SMI,GPU_6,1474.1,139.0,81.0
1781843294.41,ROCM_SMI,GPU_7,1474.1,138.0,100.0
1781843296.60,ROCM_SMI,GPU_0,1474.1,145.0,100.0
1781843296.60,ROCM_SMI,GPU_1,1474.1,142.0,100.0
1781843296.60,ROCM_SMI,GPU_2,1474.1,144.0,100.0
1781843296.60,ROCM_SMI,GPU_3,1474.1,147.0,100.0
1781843296.60,ROCM_SMI,GPU_4,1474.1,143.0,100.0
1781843296.60,ROCM_SMI,GPU_5,1474.1,144.0,100.0
1781843296.60,ROCM_SMI,GPU_6,1474.1,140.0,100.0
1781843296.60,ROCM_SMI,GPU_7,1474.1,139.0,100.0
1781843298.80,ROCM_SMI,GPU_0,1474.1,150.0,100.0
1781843298.80,ROCM_SMI,GPU_1,1474.1,141.0,100.0
1781843298.80,ROCM_SMI,GPU_2,1474.1,142.0,100.0
1781843298.80,ROCM_SMI,GPU_3,1474.1,145.0,100.0
1781843298.80,ROCM_SMI,GPU_4,1474.1,141.0,100.0
1781843298.80,ROCM_SMI,GPU_5,1474.1,140.0,100.0
1781843298.80,ROCM_SMI,GPU_6,1474.1,144.0,100.0
1781843298.80,ROCM_SMI,GPU_7,1474.1,138.0,100.0
1781843300.99,ROCM_SMI,GPU_0,1474.1,149.0,84.0
1781843300.99,ROCM_SMI,GPU_1,1474.1,139.0,100.0
1781843300.99,ROCM_SMI,GPU_2,1474.1,145.0,100.0
1781843300.99,ROCM_SMI,GPU_3,1474.1,146.0,100.0
1781843300.99,ROCM_SMI,GPU_4,1474.1,141.0,100.0
1781843300.99,ROCM_SMI,GPU_5,1474.1,138.0,100.0
1781843300.99,ROCM_SMI,GPU_6,1474.1,144.0,100.0
1781843300.99,ROCM_SMI,GPU_7,1474.1,137.0,100.0
1781843303.18,ROCM_SMI,GPU_0,1474.1,149.0,100.0
1781843303.18,ROCM_SMI,GPU_1,1474.1,139.0,100.0
1781843303.18,ROCM_SMI,GPU_2,1474.1,143.0,84.0
1781843303.18,ROCM_SMI,GPU_3,1474.1,145.0,100.0
1781843303.18,ROCM_SMI,GPU_4,1474.1,141.0,100.0
1781843303.18,ROCM_SMI,GPU_5,1474.1,138.0,100.0
1781843303.18,ROCM_SMI,GPU_6,1474.1,143.0,100.0
1781843303.18,ROCM_SMI,GPU_7,1474.1,137.0,100.0
1781843305.38,ROCM_SMI,GPU_0,1474.1,152.0,100.0
1781843305.38,ROCM_SMI,GPU_1,1474.1,141.0,100.0
1781843305.38,ROCM_SMI,GPU_2,1474.1,142.0,100.0
1781843305.38,ROCM_SMI,GPU_3,1474.1,144.0,82.0
1781843305.38,ROCM_SMI,GPU_4,1474.1,139.0,100.0
1781843305.38,ROCM_SMI,GPU_5,1474.1,139.0,100.0
1781843305.38,ROCM_SMI,GPU_6,1474.1,145.0,100.0
1781843305.38,ROCM_SMI,GPU_7,1474.1,139.0,100.0
1781843307.57,ROCM_SMI,GPU_0,1474.1,151.0,100.0
1781843307.57,ROCM_SMI,GPU_1,1474.1,143.0,100.0
1781843307.57,ROCM_SMI,GPU_2,1474.1,144.0,100.0
1781843307.57,ROCM_SMI,GPU_3,1474.1,146.0,100.0
1781843307.57,ROCM_SMI,GPU_4,1474.1,140.0,98.0
1781843307.57,ROCM_SMI,GPU_5,1474.1,139.0,100.0
1781843307.57,ROCM_SMI,GPU_6,1474.1,145.0,100.0
1781843307.57,ROCM_SMI,GPU_7,1474.1,139.0,100.0
1781843309.76,ROCM_SMI,GPU_0,1474.1,151.0,100.0
1781843309.76,ROCM_SMI,GPU_1,1474.1,143.0,100.0
1781843309.76,ROCM_SMI,GPU_2,1474.1,145.0,100.0
1781843309.76,ROCM_SMI,GPU_3,1474.1,147.0,100.0
1781843309.76,ROCM_SMI,GPU_4,1474.1,141.0,100.0
1781843309.76,ROCM_SMI,GPU_5,1474.1,137.0,100.0
1781843309.76,ROCM_SMI,GPU_6,1474.1,142.0,88.0
1781843309.76,ROCM_SMI,GPU_7,1474.1,138.0,100.0
1781843311.96,ROCM_SMI,GPU_0,1474.1,151.0,100.0
1781843311.96,ROCM_SMI,GPU_1,1474.1,141.0,100.0
1781843311.96,ROCM_SMI,GPU_2,1474.1,144.0,100.0
1781843311.96,ROCM_SMI,GPU_3,1474.1,145.0,100.0
1781843311.96,ROCM_SMI,GPU_4,1474.1,139.0,100.0
1781843311.96,ROCM_SMI,GPU_5,1474.1,139.0,100.0
1781843311.96,ROCM_SMI,GPU_6,1474.1,147.0,100.0
1781843311.96,ROCM_SMI,GPU_7,1474.1,139.0,87.0
1781843314.15,ROCM_SMI,GPU_0,1474.1,151.0,100.0
1781843314.15,ROCM_SMI,GPU_1,1474.1,142.0,100.0
1781843314.15,ROCM_SMI,GPU_2,1474.1,143.0,100.0
1781843314.15,ROCM_SMI,GPU_3,1474.1,146.0,100.0
1781843314.15,ROCM_SMI,GPU_4,1474.1,141.0,100.0
1781843314.15,ROCM_SMI,GPU_5,1474.1,138.0,100.0
1781843314.15,ROCM_SMI,GPU_6,1474.1,145.0,100.0
1781843314.15,ROCM_SMI,GPU_7,1474.1,137.0,100.0
1781843316.34,ROCM_SMI,GPU_0,1474.1,147.0,100.0
1781843316.34,ROCM_SMI,GPU_1,1474.1,140.0,100.0
1781843316.34,ROCM_SMI,GPU_2,1474.1,147.0,100.0
1781843316.34,ROCM_SMI,GPU_3,1474.1,147.0,100.0
1781843316.34,ROCM_SMI,GPU_4,1474.1,143.0,100.0
1781843316.34,ROCM_SMI,GPU_5,1474.1,138.0,100.0
1781843316.34,ROCM_SMI,GPU_6,1474.1,142.0,100.0
1781843316.34,ROCM_SMI,GPU_7,1474.1,139.0,100.0
1781843318.53,ROCM_SMI,GPU_0,1474.1,147.0,85.0
1781843318.53,ROCM_SMI,GPU_1,1474.1,139.0,100.0
1781843318.53,ROCM_SMI,GPU_2,1474.1,146.0,100.0
1781843318.53,ROCM_SMI,GPU_3,1474.1,147.0,100.0
1781843318.53,ROCM_SMI,GPU_4,1474.1,142.0,100.0
1781843318.53,ROCM_SMI,GPU_5,1474.1,137.0,100.0
1781843318.53,ROCM_SMI,GPU_6,1474.1,142.0,100.0
1781843318.53,ROCM_SMI,GPU_7,1474.1,138.0,100.0
1781843320.74,ROCM_SMI,GPU_0,1474.1,147.0,100.0
1781843320.74,ROCM_SMI,GPU_1,1474.1,140.0,100.0
1781843320.74,ROCM_SMI,GPU_2,1474.1,147.0,100.0
1781843320.74,ROCM_SMI,GPU_3,1474.1,146.0,100.0
1781843320.74,ROCM_SMI,GPU_4,1474.1,143.0,100.0
1781843320.74,ROCM_SMI,GPU_5,1474.1,136.0,100.0
1781843320.74,ROCM_SMI,GPU_6,1474.1,140.0,100.0
1781843320.74,ROCM_SMI,GPU_7,1474.1,138.0,100.0
1781843322.94,ROCM_SMI,GPU_0,1474.1,144.0,95.0
1781843322.94,ROCM_SMI,GPU_1,1474.1,139.0,100.0
1781843322.94,ROCM_SMI,GPU_2,1474.1,149.0,100.0
1781843322.94,ROCM_SMI,GPU_3,1474.1,147.0,100.0
1781843322.94,ROCM_SMI,GPU_4,1474.1,144.0,100.0
1781843322.94,ROCM_SMI,GPU_5,1474.1,139.0,100.0
1781843322.94,ROCM_SMI,GPU_6,1474.1,138.0,100.0
1781843322.94,ROCM_SMI,GPU_7,1474.1,138.0,100.0
1781843325.13,ROCM_SMI,GPU_0,1474.1,144.0,100.0
1781843325.13,ROCM_SMI,GPU_1,1474.1,137.0,81.0
1781843325.13,ROCM_SMI,GPU_2,1474.1,147.0,100.0
1781843325.13,ROCM_SMI,GPU_3,1474.1,152.0,100.0
1781843325.13,ROCM_SMI,GPU_4,1474.1,151.0,100.0
1781843325.13,ROCM_SMI,GPU_5,1474.1,138.0,100.0
1781843325.13,ROCM_SMI,GPU_6,1474.1,140.0,100.0
1781843325.13,ROCM_SMI,GPU_7,1474.1,138.0,100.0
1781843327.32,ROCM_SMI,GPU_0,1474.1,145.0,100.0
1781843327.32,ROCM_SMI,GPU_1,1474.1,140.0,100.0
1781843327.32,ROCM_SMI,GPU_2,1474.1,143.0,100.0
1781843327.32,ROCM_SMI,GPU_3,1474.1,144.0,82.0
1781843327.32,ROCM_SMI,GPU_4,1474.1,141.0,100.0
1781843327.32,ROCM_SMI,GPU_5,1474.1,143.0,100.0
1781843327.32,ROCM_SMI,GPU_6,1474.1,141.0,100.0
1781843327.32,ROCM_SMI,GPU_7,1474.1,140.0,100.0
1781843329.52,ROCM_SMI,GPU_0,1474.1,149.0,100.0
1781843329.52,ROCM_SMI,GPU_1,1474.1,143.0,100.0
1781843329.52,ROCM_SMI,GPU_2,1474.1,143.0,100.0
1781843329.52,ROCM_SMI,GPU_3,1474.1,145.0,100.0
1781843329.52,ROCM_SMI,GPU_4,1474.1,142.0,88.0
1781843329.52,ROCM_SMI,GPU_5,1474.1,142.0,100.0
1781843329.52,ROCM_SMI,GPU_6,1474.1,142.0,100.0
1781843329.52,ROCM_SMI,GPU_7,1474.1,140.0,100.0
1781843331.71,ROCM_SMI,GPU_0,1474.1,148.0,100.0
1781843331.71,ROCM_SMI,GPU_1,1474.1,143.0,100.0
1781843331.71,ROCM_SMI,GPU_2,1474.1,143.0,100.0
1781843331.71,ROCM_SMI,GPU_3,1474.1,147.0,100.0
1781843331.71,ROCM_SMI,GPU_4,1474.1,141.0,100.0
1781843331.71,ROCM_SMI,GPU_5,1474.1,143.0,100.0
1781843331.71,ROCM_SMI,GPU_6,1474.1,142.0,78.0
1781843331.71,ROCM_SMI,GPU_7,1474.1,141.0,100.0
1781843333.90,ROCM_SMI,GPU_0,1474.1,149.0,100.0
1781843333.90,ROCM_SMI,GPU_1,1474.1,140.0,100.0
1781843333.90,ROCM_SMI,GPU_2,1474.1,147.0,100.0
1781843333.90,ROCM_SMI,GPU_3,1474.1,146.0,100.0
1781843333.90,ROCM_SMI,GPU_4,1474.1,143.0,100.0
1781843333.90,ROCM_SMI,GPU_5,1474.1,137.0,100.0
1781843333.90,ROCM_SMI,GPU_6,1474.1,142.0,100.0
1781843333.90,ROCM_SMI,GPU_7,1474.1,136.0,100.0
1781843336.10,ROCM_SMI,GPU_0,1474.1,151.0,100.0
1781843336.10,ROCM_SMI,GPU_1,1474.1,140.0,100.0
1781843336.10,ROCM_SMI,GPU_2,1474.1,144.0,100.0
1781843336.10,ROCM_SMI,GPU_3,1474.1,145.0,100.0
1781843336.10,ROCM_SMI,GPU_4,1474.1,140.0,100.0
1781843336.10,ROCM_SMI,GPU_5,1474.1,138.0,100.0
1781843336.10,ROCM_SMI,GPU_6,1474.1,144.0,100.0
1781843336.10,ROCM_SMI,GPU_7,1474.1,138.0,100.0
1781843338.29,ROCM_SMI,GPU_0,1474.1,149.0,100.0
1781843338.29,ROCM_SMI,GPU_1,1474.1,145.0,100.0
1781843338.29,ROCM_SMI,GPU_2,1474.1,143.0,100.0
1781843338.29,ROCM_SMI,GPU_3,1474.1,145.0,100.0
1781843338.29,ROCM_SMI,GPU_4,1474.1,140.0,100.0
1781843338.29,ROCM_SMI,GPU_5,1474.1,139.0,100.0
1781843338.29,ROCM_SMI,GPU_6,1474.1,145.0,100.0
1781843338.29,ROCM_SMI,GPU_7,1474.1,138.0,100.0
1781843340.49,ROCM_SMI,GPU_0,1474.1,138.0,100.0
1781843340.49,ROCM_SMI,GPU_1,1474.1,146.0,98.0
1781843340.49,ROCM_SMI,GPU_2,1474.1,137.0,100.0
1781843340.49,ROCM_SMI,GPU_3,1474.1,150.0,100.0
1781843340.49,ROCM_SMI,GPU_4,1474.1,138.0,100.0
1781843340.49,ROCM_SMI,GPU_5,1474.1,143.0,100.0
1781843340.49,ROCM_SMI,GPU_6,1474.1,142.0,100.0
1781843340.49,ROCM_SMI,GPU_7,1474.1,136.0,100.0
1781843342.68,ROCM_SMI,GPU_0,1474.1,149.0,84.0
1781843342.68,ROCM_SMI,GPU_1,1474.1,141.0,100.0
1781843342.68,ROCM_SMI,GPU_2,1474.1,144.0,100.0
1781843342.68,ROCM_SMI,GPU_3,1474.1,146.0,100.0
1781843342.68,ROCM_SMI,GPU_4,1474.1,140.0,100.0
1781843342.68,ROCM_SMI,GPU_5,1474.1,139.0,100.0
1781843342.68,ROCM_SMI,GPU_6,1474.1,144.0,100.0
1781843342.68,ROCM_SMI,GPU_7,1474.1,140.0,100.0
1781843344.87,ROCM_SMI,GPU_0,1474.1,149.0,100.0
1781843344.87,ROCM_SMI,GPU_1,1474.1,140.0,100.0
1781843344.87,ROCM_SMI,GPU_2,1474.1,143.0,90.0
1781843344.87,ROCM_SMI,GPU_3,1474.1,145.0,100.0
1781843344.87,ROCM_SMI,GPU_4,1474.1,141.0,100.0
1781843344.87,ROCM_SMI,GPU_5,1474.1,139.0,100.0
1781843344.87,ROCM_SMI,GPU_6,1474.1,144.0,100.0
1781843344.87,ROCM_SMI,GPU_7,1474.1,138.0,100.0
1781843347.07,ROCM_SMI,GPU_0,1474.1,146.0,100.0
1781843347.07,ROCM_SMI,GPU_1,1474.1,141.0,100.0
1781843347.07,ROCM_SMI,GPU_2,1474.1,149.0,100.0
1781843347.07,ROCM_SMI,GPU_3,1474.1,147.0,100.0
1781843347.07,ROCM_SMI,GPU_4,1474.1,145.0,100.0
1781843347.07,ROCM_SMI,GPU_5,1474.1,140.0,82.0
1781843347.07,ROCM_SMI,GPU_6,1474.1,139.0,100.0
1781843347.07,ROCM_SMI,GPU_7,1474.1,140.0,100.0
1781843349.27,ROCM_SMI,GPU_0,1474.1,146.0,100.0
1781843349.27,ROCM_SMI,GPU_1,1474.1,141.0,100.0
1781843349.27,ROCM_SMI,GPU_2,1474.1,145.0,100.0
1781843349.27,ROCM_SMI,GPU_3,1474.1,146.0,82.0
1781843349.27,ROCM_SMI,GPU_4,1474.1,142.0,100.0
1781843349.27,ROCM_SMI,GPU_5,1474.1,144.0,100.0
1781843349.27,ROCM_SMI,GPU_6,1474.1,140.0,100.0
1781843349.27,ROCM_SMI,GPU_7,1474.1,140.0,100.0
1781843351.49,ROCM_SMI,GPU_0,1474.1,146.0,100.0
1781843351.49,ROCM_SMI,GPU_1,1474.1,139.0,100.0
1781843351.49,ROCM_SMI,GPU_2,1474.1,147.0,89.0
1781843351.49,ROCM_SMI,GPU_3,1474.1,148.0,100.0
1781843351.49,ROCM_SMI,GPU_4,1474.1,145.0,100.0
1781843351.49,ROCM_SMI,GPU_5,1474.1,137.0,100.0
1781843351.49,ROCM_SMI,GPU_6,1474.1,142.0,100.0
1781843351.49,ROCM_SMI,GPU_7,1474.1,138.0,100.0
1781843353.68,ROCM_SMI,GPU_0,1474.1,144.0,100.0
1781843353.68,ROCM_SMI,GPU_1,1474.1,141.0,100.0
1781843353.68,ROCM_SMI,GPU_2,1474.1,145.0,71.0
1781843353.68,ROCM_SMI,GPU_3,1474.1,145.0,100.0
1781843353.68,ROCM_SMI,GPU_4,1474.1,143.0,100.0
1781843353.68,ROCM_SMI,GPU_5,1474.1,142.0,100.0
1781843353.68,ROCM_SMI,GPU_6,1474.1,136.0,100.0
1781843353.68,ROCM_SMI,GPU_7,1474.1,139.0,100.0
1781843355.88,ROCM_SMI,GPU_0,1474.1,153.0,100.0
1781843355.88,ROCM_SMI,GPU_1,1474.1,142.0,100.0
1781843355.88,ROCM_SMI,GPU_2,1474.1,143.0,100.0
1781843355.88,ROCM_SMI,GPU_3,1474.1,146.0,100.0
1781843355.88,ROCM_SMI,GPU_4,1474.1,139.0,100.0
1781843355.88,ROCM_SMI,GPU_5,1474.1,138.0,100.0
1781843355.88,ROCM_SMI,GPU_6,1474.1,145.0,100.0
1781843355.88,ROCM_SMI,GPU_7,1474.1,139.0,100.0
1781843358.07,ROCM_SMI,GPU_0,1474.1,147.0,100.0
1781843358.07,ROCM_SMI,GPU_1,1474.1,141.0,100.0
1781843358.07,ROCM_SMI,GPU_2,1474.1,148.0,100.0
1781843358.07,ROCM_SMI,GPU_3,1474.1,148.0,100.0
1781843358.07,ROCM_SMI,GPU_4,1474.1,145.0,100.0
1781843358.07,ROCM_SMI,GPU_5,1474.1,140.0,100.0
1781843358.07,ROCM_SMI,GPU_6,1474.1,140.0,88.0
1781843358.07,ROCM_SMI,GPU_7,1474.1,137.0,97.0
1781843360.27,ROCM_SMI,GPU_0,1474.1,145.0,100.0
1781843360.27,ROCM_SMI,GPU_1,1474.1,140.0,100.0
1781843360.27,ROCM_SMI,GPU_2,1474.1,147.0,100.0
1781843360.27,ROCM_SMI,GPU_3,1474.1,147.0,100.0
1781843360.27,ROCM_SMI,GPU_4,1474.1,145.0,100.0
1781843360.27,ROCM_SMI,GPU_5,1474.1,143.0,100.0
1781843360.27,ROCM_SMI,GPU_6,1474.1,139.0,100.0
1781843360.27,ROCM_SMI,GPU_7,1474.1,139.0,100.0
1781843362.46,ROCM_SMI,GPU_0,1474.1,144.0,100.0
1781843362.46,ROCM_SMI,GPU_1,1474.1,141.0,100.0
1781843362.46,ROCM_SMI,GPU_2,1474.1,147.0,100.0
1781843362.46,ROCM_SMI,GPU_3,1474.1,146.0,100.0
1781843362.46,ROCM_SMI,GPU_4,1474.1,145.0,100.0
1781843362.46,ROCM_SMI,GPU_5,1474.1,143.0,100.0
1781843362.46,ROCM_SMI,GPU_6,1474.1,139.0,100.0
1781843362.46,ROCM_SMI,GPU_7,1474.1,138.0,100.0
1781843364.65,ROCM_SMI,GPU_0,1474.1,148.0,100.0
1781843364.65,ROCM_SMI,GPU_1,1474.1,140.0,87.0
1781843364.65,ROCM_SMI,GPU_2,1474.1,141.0,100.0
1781843364.65,ROCM_SMI,GPU_3,1474.1,145.0,100.0
1781843364.65,ROCM_SMI,GPU_4,1474.1,140.0,100.0
1781843364.65,ROCM_SMI,GPU_5,1474.1,142.0,100.0
1781843364.65,ROCM_SMI,GPU_6,1474.1,142.0,100.0
1781843364.65,ROCM_SMI,GPU_7,1474.1,139.0,100.0
1781843366.84,ROCM_SMI,GPU_0,1474.1,151.0,100.0
1781843366.84,ROCM_SMI,GPU_1,1474.1,142.0,100.0
1781843366.84,ROCM_SMI,GPU_2,1474.1,142.0,100.0
1781843366.84,ROCM_SMI,GPU_3,1474.1,144.0,87.0
1781843366.84,ROCM_SMI,GPU_4,1474.1,139.0,100.0
1781843366.84,ROCM_SMI,GPU_5,1474.1,139.0,100.0
1781843366.84,ROCM_SMI,GPU_6,1474.1,145.0,100.0
1781843366.84,ROCM_SMI,GPU_7,1474.1,139.0,100.0
1781843369.04,ROCM_SMI,GPU_0,1474.1,145.0,100.0
1781843369.04,ROCM_SMI,GPU_1,1474.1,135.0,100.0
1781843369.04,ROCM_SMI,GPU_2,1474.1,144.0,100.0
1781843369.04,ROCM_SMI,GPU_3,1474.1,142.0,100.0
1781843369.04,ROCM_SMI,GPU_4,1474.1,136.0,88.0
1781843369.04,ROCM_SMI,GPU_5,1474.1,127.0,100.0
1781843369.04,ROCM_SMI,GPU_6,1474.1,146.0,100.0
1781843369.04,ROCM_SMI,GPU_7,1474.1,148.0,100.0
1781843371.23,ROCM_SMI,GPU_0,1474.1,145.0,100.0
1781843371.23,ROCM_SMI,GPU_1,1474.1,141.0,100.0
1781843371.23,ROCM_SMI,GPU_2,1474.1,148.0,100.0
1781843371.23,ROCM_SMI,GPU_3,1474.1,147.0,100.0
1781843371.23,ROCM_SMI,GPU_4,1474.1,146.0,100.0
1781843371.23,ROCM_SMI,GPU_5,1474.1,142.0,100.0
1781843371.23,ROCM_SMI,GPU_6,1474.1,139.0,93.0
1781843371.23,ROCM_SMI,GPU_7,1474.1,139.0,100.0
1781843373.43,ROCM_SMI,GPU_0,1474.1,147.0,100.0
1781843373.43,ROCM_SMI,GPU_1,1474.1,143.0,100.0
1781843373.43,ROCM_SMI,GPU_2,1474.1,143.0,100.0
1781843373.43,ROCM_SMI,GPU_3,1474.1,146.0,100.0
1781843373.43,ROCM_SMI,GPU_4,1474.1,140.0,100.0
1781843373.43,ROCM_SMI,GPU_5,1474.1,143.0,100.0
1781843373.43,ROCM_SMI,GPU_6,1474.1,143.0,100.0
1781843373.43,ROCM_SMI,GPU_7,1474.1,138.0,100.0
1781843375.62,ROCM_SMI,GPU_0,1474.1,149.0,88.0
1781843375.62,ROCM_SMI,GPU_1,1474.1,139.0,100.0
1781843375.62,ROCM_SMI,GPU_2,1474.1,143.0,100.0
1781843375.62,ROCM_SMI,GPU_3,1474.1,145.0,100.0
1781843375.62,ROCM_SMI,GPU_4,1474.1,140.0,100.0
1781843375.62,ROCM_SMI,GPU_5,1474.1,138.0,100.0
1781843375.62,ROCM_SMI,GPU_6,1474.1,143.0,100.0
1781843375.62,ROCM_SMI,GPU_7,1474.1,138.0,100.0
1781843377.81,ROCM_SMI,GPU_0,1474.1,144.0,100.0
1781843377.81,ROCM_SMI,GPU_1,1474.1,139.0,100.0
1781843377.81,ROCM_SMI,GPU_2,1474.1,147.0,100.0
1781843377.81,ROCM_SMI,GPU_3,1474.1,145.0,88.0
1781843377.81,ROCM_SMI,GPU_4,1474.1,144.0,100.0
1781843377.81,ROCM_SMI,GPU_5,1474.1,141.0,100.0
1781843377.81,ROCM_SMI,GPU_6,1474.1,139.0,100.0
1781843377.81,ROCM_SMI,GPU_7,1474.1,139.0,100.0
1781843380.00,ROCM_SMI,GPU_0,1474.1,145.0,100.0
1781843380.00,ROCM_SMI,GPU_1,1474.1,140.0,100.0
1781843380.00,ROCM_SMI,GPU_2,1474.1,146.0,100.0
1781843380.00,ROCM_SMI,GPU_3,1474.1,146.0,100.0
1781843380.00,ROCM_SMI,GPU_4,1474.1,144.0,100.0
1781843380.00,ROCM_SMI,GPU_5,1474.1,141.0,81.0
1781843380.00,ROCM_SMI,GPU_6,1474.1,138.0,100.0
1781843380.00,ROCM_SMI,GPU_7,1474.1,139.0,100.0
1781843382.19,ROCM_SMI,GPU_0,1474.1,146.0,100.0
1781843382.19,ROCM_SMI,GPU_1,1474.1,142.0,100.0
1781843382.19,ROCM_SMI,GPU_2,1474.1,144.0,100.0
1781843382.19,ROCM_SMI,GPU_3,1474.1,145.0,100.0
1781843382.19,ROCM_SMI,GPU_4,1474.1,142.0,100.0
1781843382.19,ROCM_SMI,GPU_5,1474.1,144.0,100.0
1781843382.19,ROCM_SMI,GPU_6,1474.1,141.0,100.0
1781843382.19,ROCM_SMI,GPU_7,1474.1,140.0,88.0
1781843384.39,ROCM_SMI,GPU_0,1474.1,150.0,100.0
1781843384.39,ROCM_SMI,GPU_1,1474.1,142.0,100.0
1781843384.39,ROCM_SMI,GPU_2,1474.1,145.0,100.0
1781843384.39,ROCM_SMI,GPU_3,1474.1,146.0,100.0
1781843384.39,ROCM_SMI,GPU_4,1474.1,143.0,100.0
1781843384.39,ROCM_SMI,GPU_5,1474.1,138.0,100.0
1781843384.39,ROCM_SMI,GPU_6,1474.1,143.0,100.0
1781843384.39,ROCM_SMI,GPU_7,1474.1,139.0,100.0
1781843386.58,ROCM_SMI,GPU_0,1474.1,144.0,92.0
1781843386.58,ROCM_SMI,GPU_1,1474.1,140.0,100.0
1781843386.58,ROCM_SMI,GPU_2,1474.1,148.0,100.0
1781843386.58,ROCM_SMI,GPU_3,1474.1,148.0,100.0
1781843386.58,ROCM_SMI,GPU_4,1474.1,145.0,100.0
1781843386.58,ROCM_SMI,GPU_5,1474.1,138.0,100.0
1781843386.58,ROCM_SMI,GPU_6,1474.1,140.0,100.0
1781843386.58,ROCM_SMI,GPU_7,1474.1,138.0,100.0
1781843388.77,ROCM_SMI,GPU_0,1474.1,144.0,100.0
1781843388.77,ROCM_SMI,GPU_1,1474.1,141.0,100.0
1781843388.77,ROCM_SMI,GPU_2,1474.1,144.0,90.0
1781843388.77,ROCM_SMI,GPU_3,1474.1,144.0,100.0
1781843388.77,ROCM_SMI,GPU_4,1474.1,144.0,100.0
1781843388.77,ROCM_SMI,GPU_5,1474.1,142.0,100.0
1781843388.77,ROCM_SMI,GPU_6,1474.1,140.0,100.0
1781843388.77,ROCM_SMI,GPU_7,1474.1,140.0,100.0
1781843390.96,ROCM_SMI,GPU_0,1474.1,144.0,100.0
1781843390.96,ROCM_SMI,GPU_1,1474.1,140.0,100.0
1781843390.96,ROCM_SMI,GPU_2,1474.1,145.0,100.0
1781843390.96,ROCM_SMI,GPU_3,1474.1,146.0,100.0
1781843390.96,ROCM_SMI,GPU_4,1474.1,143.0,78.0
1781843390.96,ROCM_SMI,GPU_5,1474.1,141.0,100.0
1781843390.96,ROCM_SMI,GPU_6,1474.1,136.0,100.0
1781843390.96,ROCM_SMI,GPU_7,1474.1,140.0,100.0
1781843393.16,ROCM_SMI,GPU_0,1474.1,145.0,100.0
1781843393.16,ROCM_SMI,GPU_1,1474.1,141.0,100.0
1781843393.16,ROCM_SMI,GPU_2,1474.1,148.0,100.0
1781843393.16,ROCM_SMI,GPU_3,1474.1,149.0,100.0
1781843393.16,ROCM_SMI,GPU_4,1474.1,145.0,100.0
1781843393.16,ROCM_SMI,GPU_5,1474.1,142.0,81.0
1781843393.16,ROCM_SMI,GPU_6,1474.1,140.0,100.0
1781843393.16,ROCM_SMI,GPU_7,1474.1,141.0,100.0
1781843395.35,ROCM_SMI,GPU_0,1474.1,148.0,100.0
1781843395.35,ROCM_SMI,GPU_1,1474.1,140.0,100.0
1781843395.35,ROCM_SMI,GPU_2,1474.1,153.0,100.0
1781843395.35,ROCM_SMI,GPU_3,1474.1,150.0,100.0
1781843395.35,ROCM_SMI,GPU_4,1474.1,150.0,100.0
1781843395.35,ROCM_SMI,GPU_5,1474.1,141.0,100.0
1781843395.35,ROCM_SMI,GPU_6,1474.1,137.0,100.0
1781843395.35,ROCM_SMI,GPU_7,1474.1,132.0,94.0
1781843397.54,ROCM_SMI,GPU_0,1474.1,145.0,100.0
1781843397.54,ROCM_SMI,GPU_1,1474.1,141.0,100.0
1781843397.54,ROCM_SMI,GPU_2,1474.1,147.0,100.0
1781843397.54,ROCM_SMI,GPU_3,1474.1,146.0,100.0
1781843397.54,ROCM_SMI,GPU_4,1474.1,145.0,100.0
1781843397.54,ROCM_SMI,GPU_5,1474.1,143.0,100.0
1781843397.54,ROCM_SMI,GPU_6,1474.1,139.0,100.0
1781843397.54,ROCM_SMI,GPU_7,1474.1,139.0,100.0
1781843399.74,ROCM_SMI,GPU_0,1474.1,147.0,100.0
1781843399.74,ROCM_SMI,GPU_1,1474.1,140.0,100.0
1781843399.74,ROCM_SMI,GPU_2,1474.1,148.0,100.0
1781843399.74,ROCM_SMI,GPU_3,1474.1,149.0,100.0
1781843399.74,ROCM_SMI,GPU_4,1474.1,145.0,100.0
1781843399.74,ROCM_SMI,GPU_5,1474.1,141.0,100.0
1781843399.74,ROCM_SMI,GPU_6,1474.1,139.0,100.0
1781843399.74,ROCM_SMI,GPU_7,1474.1,139.0,100.0
1781843401.93,ROCM_SMI,GPU_0,1474.1,142.0,100.0
1781843401.93,ROCM_SMI,GPU_1,1474.1,139.0,100.0
1781843401.93,ROCM_SMI,GPU_2,1474.1,146.0,100.0
1781843401.93,ROCM_SMI,GPU_3,1474.1,146.0,100.0
1781843401.93,ROCM_SMI,GPU_4,1474.1,145.0,100.0
1781843401.93,ROCM_SMI,GPU_5,1474.1,143.0,100.0
1781843401.93,ROCM_SMI,GPU_6,1474.1,140.0,100.0
1781843401.93,ROCM_SMI,GPU_7,1474.1,140.0,100.0
1781843404.12,ROCM_SMI,GPU_0,1474.1,144.0,100.0
1781843404.12,ROCM_SMI,GPU_1,1474.1,139.0,90.0
1781843404.12,ROCM_SMI,GPU_2,1474.1,145.0,100.0
1781843404.12,ROCM_SMI,GPU_3,1474.1,148.0,100.0
1781843404.12,ROCM_SMI,GPU_4,1474.1,145.0,100.0
1781843404.12,ROCM_SMI,GPU_5,1474.1,140.0,100.0
1781843404.12,ROCM_SMI,GPU_6,1474.1,139.0,100.0
1781843404.12,ROCM_SMI,GPU_7,1474.1,139.0,100.0
1781843406.31,ROCM_SMI,GPU_0,1474.1,149.0,100.0
1781843406.31,ROCM_SMI,GPU_1,1474.1,141.0,100.0
1781843406.31,ROCM_SMI,GPU_2,1474.1,143.0,100.0
1781843406.31,ROCM_SMI,GPU_3,1474.1,144.0,82.0
1781843406.31,ROCM_SMI,GPU_4,1474.1,140.0,100.0
1781843406.31,ROCM_SMI,GPU_5,1474.1,142.0,100.0
1781843406.31,ROCM_SMI,GPU_6,1474.1,141.0,100.0
1781843406.31,ROCM_SMI,GPU_7,1474.1,140.0,100.0
1781843408.51,ROCM_SMI,GPU_0,1474.1,147.0,100.0
1781843408.51,ROCM_SMI,GPU_1,1474.1,142.0,100.0
1781843408.51,ROCM_SMI,GPU_2,1474.1,143.0,100.0
1781843408.51,ROCM_SMI,GPU_3,1474.1,146.0,100.0
1781843408.51,ROCM_SMI,GPU_4,1474.1,140.0,85.0
1781843408.51,ROCM_SMI,GPU_5,1474.1,142.0,100.0
1781843408.51,ROCM_SMI,GPU_6,1474.1,141.0,100.0
1781843408.51,ROCM_SMI,GPU_7,1474.1,139.0,100.0
1781843410.71,ROCM_SMI,GPU_0,1474.1,149.0,100.0
1781843410.71,ROCM_SMI,GPU_1,1474.1,142.0,100.0
1781843410.71,ROCM_SMI,GPU_2,1474.1,143.0,100.0
1781843410.71,ROCM_SMI,GPU_3,1474.1,146.0,100.0
1781843410.71,ROCM_SMI,GPU_4,1474.1,141.0,100.0
1781843410.71,ROCM_SMI,GPU_5,1474.1,146.0,81.0
1781843410.71,ROCM_SMI,GPU_6,1474.1,138.0,100.0
1781843410.71,ROCM_SMI,GPU_7,1474.1,139.0,100.0
1781843412.90,ROCM_SMI,GPU_0,1474.1,150.0,100.0
1781843412.90,ROCM_SMI,GPU_1,1474.1,143.0,100.0
1781843412.90,ROCM_SMI,GPU_2,1474.1,142.0,100.0
1781843412.90,ROCM_SMI,GPU_3,1474.1,146.0,100.0
1781843412.90,ROCM_SMI,GPU_4,1474.1,141.0,100.0
1781843412.90,ROCM_SMI,GPU_5,1474.1,141.0,100.0
1781843412.90,ROCM_SMI,GPU_6,1474.1,143.0,81.0
1781843412.90,ROCM_SMI,GPU_7,1474.1,139.0,100.0
1781843415.09,ROCM_SMI,GPU_0,1474.1,145.0,100.0
1781843415.09,ROCM_SMI,GPU_1,1474.1,142.0,100.0
1781843415.09,ROCM_SMI,GPU_2,1474.1,146.0,100.0
1781843415.09,ROCM_SMI,GPU_3,1474.1,146.0,100.0
1781843415.09,ROCM_SMI,GPU_4,1474.1,144.0,100.0
1781843415.09,ROCM_SMI,GPU_5,1474.1,143.0,100.0
1781843415.09,ROCM_SMI,GPU_6,1474.1,140.0,88.0
1781843415.09,ROCM_SMI,GPU_7,1474.1,140.0,100.0
1781843417.29,ROCM_SMI,GPU_0,1474.1,145.0,100.0
1781843417.29,ROCM_SMI,GPU_1,1474.1,142.0,100.0
1781843417.29,ROCM_SMI,GPU_2,1474.1,149.0,100.0
1781843417.29,ROCM_SMI,GPU_3,1474.1,147.0,100.0
1781843417.29,ROCM_SMI,GPU_4,1474.1,146.0,100.0
1781843417.29,ROCM_SMI,GPU_5,1474.1,140.0,100.0
1781843417.29,ROCM_SMI,GPU_6,1474.1,138.0,100.0
1781843417.29,ROCM_SMI,GPU_7,1474.1,137.0,81.0
1781843419.48,ROCM_SMI,GPU_0,1474.1,147.0,100.0
1781843419.48,ROCM_SMI,GPU_1,1474.1,139.0,100.0
1781843419.48,ROCM_SMI,GPU_2,1474.1,148.0,100.0
1781843419.48,ROCM_SMI,GPU_3,1474.1,147.0,100.0
1781843419.48,ROCM_SMI,GPU_4,1474.1,145.0,100.0
1781843419.48,ROCM_SMI,GPU_5,1474.1,139.0,100.0
1781843419.48,ROCM_SMI,GPU_6,1474.1,140.0,100.0
1781843419.48,ROCM_SMI,GPU_7,1474.1,138.0,100.0
1781843421.67,ROCM_SMI,GPU_0,1474.1,147.0,100.0
1781843421.67,ROCM_SMI,GPU_1,1474.1,140.0,100.0
1781843421.67,ROCM_SMI,GPU_2,1474.1,147.0,100.0
1781843421.67,ROCM_SMI,GPU_3,1474.1,148.0,100.0
1781843421.67,ROCM_SMI,GPU_4,1474.1,146.0,100.0
1781843421.67,ROCM_SMI,GPU_5,1474.1,139.0,100.0
1781843421.67,ROCM_SMI,GPU_6,1474.1,140.0,100.0
1781843421.67,ROCM_SMI,GPU_7,1474.1,138.0,100.0
1781843423.87,ROCM_SMI,GPU_0,1474.1,147.0,100.0
1781843423.87,ROCM_SMI,GPU_1,1474.1,160.0,100.0
1781843423.87,ROCM_SMI,GPU_2,1474.1,168.0,100.0
1781843423.87,ROCM_SMI,GPU_3,1474.1,139.0,100.0
1781843423.87,ROCM_SMI,GPU_4,1474.1,138.0,100.0
1781843423.87,ROCM_SMI,GPU_5,1474.1,137.0,100.0
1781843423.87,ROCM_SMI,GPU_6,1474.1,141.0,100.0
1781843423.87,ROCM_SMI,GPU_7,1474.1,136.0,100.0
1781843426.07,ROCM_SMI,GPU_0,1474.1,145.0,100.0
1781843426.07,ROCM_SMI,GPU_1,1474.1,140.0,100.0
1781843426.07,ROCM_SMI,GPU_2,1474.1,148.0,100.0
1781843426.07,ROCM_SMI,GPU_3,1474.1,147.0,100.0
1781843426.07,ROCM_SMI,GPU_4,1474.1,145.0,100.0
1781843426.07,ROCM_SMI,GPU_5,1474.1,140.0,100.0
1781843426.07,ROCM_SMI,GPU_6,1474.1,140.0,100.0
1781843426.07,ROCM_SMI,GPU_7,1474.1,139.0,100.0
1781843428.26,ROCM_SMI,GPU_0,1474.1,144.0,100.0
1781843428.26,ROCM_SMI,GPU_1,1474.1,139.0,100.0
1781843428.26,ROCM_SMI,GPU_2,1474.1,148.0,100.0
1781843428.26,ROCM_SMI,GPU_3,1474.1,147.0,100.0
1781843428.26,ROCM_SMI,GPU_4,1474.1,145.0,100.0
1781843428.26,ROCM_SMI,GPU_5,1474.1,140.0,100.0
1781843428.26,ROCM_SMI,GPU_6,1474.1,139.0,100.0
1781843428.26,ROCM_SMI,GPU_7,1474.1,140.0,100.0
1781843430.47,ROCM_SMI,GPU_0,1474.1,142.0,100.0
1781843430.47,ROCM_SMI,GPU_1,1474.1,139.0,100.0
1781843430.47,ROCM_SMI,GPU_2,1474.1,147.0,100.0
1781843430.47,ROCM_SMI,GPU_3,1474.1,147.0,100.0
1781843430.47,ROCM_SMI,GPU_4,1474.1,145.0,100.0
1781843430.47,ROCM_SMI,GPU_5,1474.1,142.0,100.0
1781843430.47,ROCM_SMI,GPU_6,1474.1,138.0,100.0
1781843430.47,ROCM_SMI,GPU_7,1474.1,138.0,100.0
1781843432.66,ROCM_SMI,GPU_0,1474.1,148.0,100.0
1781843432.66,ROCM_SMI,GPU_1,1474.1,141.0,81.0
1781843432.66,ROCM_SMI,GPU_2,1474.1,142.0,100.0
1781843432.66,ROCM_SMI,GPU_3,1474.1,145.0,100.0
1781843432.66,ROCM_SMI,GPU_4,1474.1,141.0,100.0
1781843432.66,ROCM_SMI,GPU_5,1474.1,142.0,100.0
1781843432.66,ROCM_SMI,GPU_6,1474.1,143.0,100.0
1781843432.66,ROCM_SMI,GPU_7,1474.1,140.0,100.0
1781843434.85,ROCM_SMI,GPU_0,1474.1,149.0,100.0
1781843434.85,ROCM_SMI,GPU_1,1474.1,142.0,100.0
1781843434.85,ROCM_SMI,GPU_2,1474.1,141.0,100.0
1781843434.85,ROCM_SMI,GPU_3,1474.1,144.0,88.0
1781843434.85,ROCM_SMI,GPU_4,1474.1,139.0,100.0
1781843434.85,ROCM_SMI,GPU_5,1474.1,141.0,100.0
1781843434.85,ROCM_SMI,GPU_6,1474.1,145.0,100.0
1781843434.85,ROCM_SMI,GPU_7,1474.1,139.0,100.0
1781843437.05,ROCM_SMI,GPU_0,1474.1,146.0,100.0
1781843437.05,ROCM_SMI,GPU_1,1474.1,142.0,100.0
1781843437.05,ROCM_SMI,GPU_2,1474.1,144.0,88.0
1781843437.05,ROCM_SMI,GPU_3,1474.1,143.0,98.0
1781843437.05,ROCM_SMI,GPU_4,1474.1,143.0,100.0
1781843437.05,ROCM_SMI,GPU_5,1474.1,143.0,100.0
1781843437.05,ROCM_SMI,GPU_6,1474.1,139.0,100.0
1781843437.05,ROCM_SMI,GPU_7,1474.1,141.0,100.0
1781843439.24,ROCM_SMI,GPU_0,1474.1,151.0,100.0
1781843439.24,ROCM_SMI,GPU_1,1474.1,142.0,100.0
1781843439.24,ROCM_SMI,GPU_2,1474.1,147.0,100.0
1781843439.24,ROCM_SMI,GPU_3,1474.1,140.0,82.0
1781843439.24,ROCM_SMI,GPU_4,1474.1,140.0,100.0
1781843439.24,ROCM_SMI,GPU_5,1474.1,136.0,100.0
1781843439.24,ROCM_SMI,GPU_6,1474.1,145.0,100.0
1781843439.24,ROCM_SMI,GPU_7,1474.1,140.0,100.0
1781843441.44,ROCM_SMI,GPU_0,1474.1,146.0,100.0
1781843441.44,ROCM_SMI,GPU_1,1474.1,141.0,100.0
1781843441.44,ROCM_SMI,GPU_2,1474.1,148.0,100.0
1781843441.44,ROCM_SMI,GPU_3,1474.1,148.0,100.0
1781843441.44,ROCM_SMI,GPU_4,1474.1,146.0,88.0
1781843441.44,ROCM_SMI,GPU_5,1474.1,139.0,100.0
1781843441.44,ROCM_SMI,GPU_6,1474.1,140.0,100.0
1781843441.44,ROCM_SMI,GPU_7,1474.1,141.0,100.0
1781843443.63,ROCM_SMI,GPU_0,1474.1,145.0,100.0
1781843443.63,ROCM_SMI,GPU_1,1474.1,142.0,100.0
1781843443.63,ROCM_SMI,GPU_2,1474.1,146.0,100.0
1781843443.63,ROCM_SMI,GPU_3,1474.1,145.0,100.0
1781843443.63,ROCM_SMI,GPU_4,1474.1,144.0,100.0
1781843443.63,ROCM_SMI,GPU_5,1474.1,143.0,100.0
1781843443.63,ROCM_SMI,GPU_6,1474.1,140.0,100.0
1781843443.63,ROCM_SMI,GPU_7,1474.1,140.0,100.0
1781843445.82,ROCM_SMI,GPU_0,1474.1,150.0,100.0
1781843445.82,ROCM_SMI,GPU_1,1474.1,143.0,100.0
1781843445.82,ROCM_SMI,GPU_2,1474.1,142.0,100.0
1781843445.82,ROCM_SMI,GPU_3,1474.1,145.0,100.0
1781843445.82,ROCM_SMI,GPU_4,1474.1,139.0,100.0
1781843445.82,ROCM_SMI,GPU_5,1474.1,141.0,100.0
1781843445.82,ROCM_SMI,GPU_6,1474.1,145.0,100.0
1781843445.82,ROCM_SMI,GPU_7,1474.1,139.0,100.0
1781843448.01,ROCM_SMI,GPU_0,1474.1,149.0,84.0
1781843448.01,ROCM_SMI,GPU_1,1474.1,141.0,100.0
1781843448.01,ROCM_SMI,GPU_2,1474.1,144.0,100.0
1781843448.01,ROCM_SMI,GPU_3,1474.1,147.0,100.0
1781843448.01,ROCM_SMI,GPU_4,1474.1,141.0,100.0
1781843448.01,ROCM_SMI,GPU_5,1474.1,139.0,100.0
1781843448.01,ROCM_SMI,GPU_6,1474.1,144.0,100.0
1781843448.01,ROCM_SMI,GPU_7,1474.1,139.0,100.0
1781843450.21,ROCM_SMI,GPU_0,1474.1,149.0,100.0
1781843450.21,ROCM_SMI,GPU_1,1474.1,139.0,100.0
1781843450.21,ROCM_SMI,GPU_2,1474.1,144.0,97.0
1781843450.21,ROCM_SMI,GPU_3,1474.1,147.0,100.0
1781843450.21,ROCM_SMI,GPU_4,1474.1,142.0,100.0
1781843450.21,ROCM_SMI,GPU_5,1474.1,137.0,100.0
1781843450.21,ROCM_SMI,GPU_6,1474.1,143.0,100.0
1781843450.21,ROCM_SMI,GPU_7,1474.1,137.0,100.0
1781843452.40,ROCM_SMI,GPU_0,1474.1,146.0,100.0
1781843452.40,ROCM_SMI,GPU_1,1474.1,139.0,100.0
1781843452.40,ROCM_SMI,GPU_2,1474.1,146.0,100.0
1781843452.40,ROCM_SMI,GPU_3,1474.1,146.0,80.0
1781843452.40,ROCM_SMI,GPU_4,1474.1,144.0,100.0
1781843452.40,ROCM_SMI,GPU_5,1474.1,138.0,100.0
1781843452.40,ROCM_SMI,GPU_6,1474.1,140.0,100.0
1781843452.40,ROCM_SMI,GPU_7,1474.1,137.0,100.0
1781843454.60,ROCM_SMI,GPU_0,1474.1,146.0,100.0
1781843454.60,ROCM_SMI,GPU_1,1474.1,140.0,100.0
1781843454.60,ROCM_SMI,GPU_2,1474.1,149.0,100.0
1781843454.60,ROCM_SMI,GPU_3,1474.1,149.0,100.0
1781843454.60,ROCM_SMI,GPU_4,1474.1,145.0,88.0
1781843454.60,ROCM_SMI,GPU_5,1474.1,140.0,100.0
1781843454.60,ROCM_SMI,GPU_6,1474.1,140.0,100.0
1781843454.60,ROCM_SMI,GPU_7,1474.1,139.0,100.0
1781843456.79,ROCM_SMI,GPU_0,1474.1,148.0,100.0
1781843456.79,ROCM_SMI,GPU_1,1474.1,142.0,100.0
1781843456.79,ROCM_SMI,GPU_2,1474.1,143.0,100.0
1781843456.79,ROCM_SMI,GPU_3,1474.1,145.0,100.0
1781843456.79,ROCM_SMI,GPU_4,1474.1,141.0,100.0
1781843456.79,ROCM_SMI,GPU_5,1474.1,142.0,100.0
1781843456.79,ROCM_SMI,GPU_6,1474.1,142.0,100.0
1781843456.79,ROCM_SMI,GPU_7,1474.1,140.0,100.0
1781843458.98,ROCM_SMI,GPU_0,1474.1,150.0,100.0
1781843458.98,ROCM_SMI,GPU_1,1474.1,141.0,100.0
1781843458.98,ROCM_SMI,GPU_2,1474.1,142.0,100.0
1781843458.98,ROCM_SMI,GPU_3,1474.1,145.0,100.0
1781843458.98,ROCM_SMI,GPU_4,1474.1,140.0,100.0
1781843458.98,ROCM_SMI,GPU_5,1474.1,140.0,100.0
1781843458.98,ROCM_SMI,GPU_6,1474.1,144.0,100.0
1781843458.98,ROCM_SMI,GPU_7,1474.1,138.0,100.0
1781843461.17,ROCM_SMI,GPU_0,1474.1,149.0,100.0
1781843461.17,ROCM_SMI,GPU_1,1474.1,140.0,100.0
1781843461.17,ROCM_SMI,GPU_2,1474.1,142.0,100.0
1781843461.17,ROCM_SMI,GPU_3,1474.1,145.0,100.0
1781843461.17,ROCM_SMI,GPU_4,1474.1,140.0,100.0
1781843461.17,ROCM_SMI,GPU_5,1474.1,139.0,100.0
1781843461.17,ROCM_SMI,GPU_6,1474.1,144.0,100.0
1781843461.17,ROCM_SMI,GPU_7,1474.1,137.0,100.0
1781843463.37,ROCM_SMI,GPU_0,1474.1,149.0,100.0
1781843463.37,ROCM_SMI,GPU_1,1474.1,139.0,85.0
1781843463.37,ROCM_SMI,GPU_2,1474.1,143.0,100.0
1781843463.37,ROCM_SMI,GPU_3,1474.1,146.0,100.0
1781843463.37,ROCM_SMI,GPU_4,1474.1,141.0,100.0
1781843463.37,ROCM_SMI,GPU_5,1474.1,139.0,100.0
1781843463.37,ROCM_SMI,GPU_6,1474.1,143.0,100.0
1781843463.37,ROCM_SMI,GPU_7,1474.1,138.0,100.0
1781843465.56,ROCM_SMI,GPU_0,1474.1,151.0,100.0
1781843465.56,ROCM_SMI,GPU_1,1474.1,140.0,100.0
1781843465.56,ROCM_SMI,GPU_2,1474.1,143.0,84.0
1781843465.56,ROCM_SMI,GPU_3,1474.1,145.0,100.0
1781843465.56,ROCM_SMI,GPU_4,1474.1,138.0,100.0
1781843465.56,ROCM_SMI,GPU_5,1474.1,140.0,100.0
1781843465.56,ROCM_SMI,GPU_6,1474.1,146.0,100.0
1781843465.56,ROCM_SMI,GPU_7,1474.1,137.0,100.0
1781843467.76,ROCM_SMI,GPU_0,1474.1,149.0,100.0
1781843467.76,ROCM_SMI,GPU_1,1474.1,136.0,100.0
1781843467.76,ROCM_SMI,GPU_2,1474.1,136.0,100.0
1781843467.76,ROCM_SMI,GPU_3,1474.1,136.0,86.0
1781843467.76,ROCM_SMI,GPU_4,1474.1,131.0,100.0
1781843467.76,ROCM_SMI,GPU_5,1474.1,202.0,100.0
1781843467.76,ROCM_SMI,GPU_6,1474.1,133.0,100.0
1781843467.76,ROCM_SMI,GPU_7,1474.1,134.0,100.0
1781843469.95,ROCM_SMI,GPU_0,1474.1,147.0,100.0
1781843469.95,ROCM_SMI,GPU_1,1474.1,141.0,100.0
1781843469.95,ROCM_SMI,GPU_2,1474.1,145.0,100.0
1781843469.95,ROCM_SMI,GPU_3,1474.1,147.0,100.0
1781843469.95,ROCM_SMI,GPU_4,1474.1,143.0,84.0
1781843469.95,ROCM_SMI,GPU_5,1474.1,143.0,100.0
1781843469.95,ROCM_SMI,GPU_6,1474.1,138.0,100.0
1781843469.95,ROCM_SMI,GPU_7,1474.1,139.0,100.0
1781843472.15,ROCM_SMI,GPU_0,1474.1,151.0,100.0
1781843472.15,ROCM_SMI,GPU_1,1474.1,142.0,100.0
1781843472.15,ROCM_SMI,GPU_2,1474.1,144.0,100.0
1781843472.15,ROCM_SMI,GPU_3,1474.1,145.0,100.0
1781843472.15,ROCM_SMI,GPU_4,1474.1,141.0,100.0
1781843472.15,ROCM_SMI,GPU_5,1474.1,142.0,100.0
1781843472.15,ROCM_SMI,GPU_6,1474.1,143.0,78.0
1781843472.15,ROCM_SMI,GPU_7,1474.1,141.0,100.0
1781843474.34,ROCM_SMI,GPU_0,1474.1,149.0,100.0
1781843474.34,ROCM_SMI,GPU_1,1474.1,142.0,100.0
1781843474.34,ROCM_SMI,GPU_2,1474.1,142.0,100.0
1781843474.34,ROCM_SMI,GPU_3,1474.1,146.0,100.0
1781843474.34,ROCM_SMI,GPU_4,1474.1,140.0,100.0
1781843474.34,ROCM_SMI,GPU_5,1474.1,141.0,100.0
1781843474.34,ROCM_SMI,GPU_6,1474.1,143.0,100.0
1781843474.34,ROCM_SMI,GPU_7,1474.1,138.0,81.0
1781843476.55,ROCM_SMI,GPU_0,1474.1,143.0,100.0
1781843476.55,ROCM_SMI,GPU_1,1474.1,142.0,100.0
1781843476.55,ROCM_SMI,GPU_2,1474.1,144.0,100.0
1781843476.55,ROCM_SMI,GPU_3,1474.1,145.0,100.0
1781843476.55,ROCM_SMI,GPU_4,1474.1,142.0,100.0
1781843476.55,ROCM_SMI,GPU_5,1474.1,143.0,85.0
1781843476.55,ROCM_SMI,GPU_6,1474.1,138.0,100.0
1781843476.55,ROCM_SMI,GPU_7,1474.1,140.0,100.0
1781843478.74,ROCM_SMI,GPU_0,1474.1,148.0,100.0
1781843478.74,ROCM_SMI,GPU_1,1474.1,141.0,100.0
1781843478.74,ROCM_SMI,GPU_2,1474.1,143.0,100.0
1781843478.74,ROCM_SMI,GPU_3,1474.1,147.0,100.0
1781843478.74,ROCM_SMI,GPU_4,1474.1,142.0,100.0
1781843478.74,ROCM_SMI,GPU_5,1474.1,141.0,100.0
1781843478.74,ROCM_SMI,GPU_6,1474.1,140.0,100.0
1781843478.74,ROCM_SMI,GPU_7,1474.1,139.0,100.0
1781843480.93,ROCM_SMI,GPU_0,1474.1,146.0,100.0
1781843480.93,ROCM_SMI,GPU_1,1474.1,140.0,100.0
1781843480.93,ROCM_SMI,GPU_2,1474.1,147.0,100.0
1781843480.93,ROCM_SMI,GPU_3,1474.1,147.0,100.0
1781843480.93,ROCM_SMI,GPU_4,1474.1,145.0,100.0
1781843480.93,ROCM_SMI,GPU_5,1474.1,140.0,100.0
1781843480.93,ROCM_SMI,GPU_6,1474.1,141.0,100.0
1781843480.93,ROCM_SMI,GPU_7,1474.1,138.0,86.0
1781843483.12,ROCM_SMI,GPU_0,1474.1,149.0,100.0
1781843483.12,ROCM_SMI,GPU_1,1474.1,140.0,100.0
1781843483.12,ROCM_SMI,GPU_2,1474.1,146.0,100.0
1781843483.12,ROCM_SMI,GPU_3,1474.1,147.0,100.0
1781843483.12,ROCM_SMI,GPU_4,1474.1,143.0,100.0
1781843483.12,ROCM_SMI,GPU_5,1474.1,138.0,100.0
1781843483.12,ROCM_SMI,GPU_6,1474.1,143.0,100.0
1781843483.12,ROCM_SMI,GPU_7,1474.1,138.0,100.0
1781843485.33,ROCM_SMI,GPU_0,1474.1,148.0,100.0
1781843485.33,ROCM_SMI,GPU_1,1474.1,138.0,100.0
1781843485.33,ROCM_SMI,GPU_2,1474.1,147.0,100.0
1781843485.33,ROCM_SMI,GPU_3,1474.1,147.0,100.0
1781843485.33,ROCM_SMI,GPU_4,1474.1,144.0,100.0
1781843485.33,ROCM_SMI,GPU_5,1474.1,138.0,100.0
1781843485.33,ROCM_SMI,GPU_6,1474.1,141.0,86.0
1781843485.33,ROCM_SMI,GPU_7,1474.1,136.0,100.0
1781843487.52,ROCM_SMI,GPU_0,1474.1,145.0,100.0
1781843487.52,ROCM_SMI,GPU_1,1474.1,141.0,100.0
1781843487.52,ROCM_SMI,GPU_2,1474.1,147.0,100.0
1781843487.52,ROCM_SMI,GPU_3,1474.1,146.0,100.0
1781843487.52,ROCM_SMI,GPU_4,1474.1,146.0,100.0
1781843487.52,ROCM_SMI,GPU_5,1474.1,142.0,100.0
1781843487.52,ROCM_SMI,GPU_6,1474.1,139.0,100.0
1781843487.52,ROCM_SMI,GPU_7,1474.1,138.0,100.0
1781843489.72,ROCM_SMI,GPU_0,1474.1,145.0,100.0
1781843489.72,ROCM_SMI,GPU_1,1474.1,142.0,100.0
1781843489.72,ROCM_SMI,GPU_2,1474.1,146.0,100.0
1781843489.72,ROCM_SMI,GPU_3,1474.1,145.0,100.0
1781843489.72,ROCM_SMI,GPU_4,1474.1,143.0,100.0
1781843489.72,ROCM_SMI,GPU_5,1474.1,142.0,100.0
1781843489.72,ROCM_SMI,GPU_6,1474.1,139.0,100.0
1781843489.72,ROCM_SMI,GPU_7,1474.1,140.0,100.0
1781843491.91,ROCM_SMI,GPU_0,1474.1,148.0,86.0
1781843491.91,ROCM_SMI,GPU_1,1474.1,141.0,100.0
1781843491.91,ROCM_SMI,GPU_2,1474.1,142.0,100.0
1781843491.91,ROCM_SMI,GPU_3,1474.1,144.0,100.0
1781843491.91,ROCM_SMI,GPU_4,1474.1,140.0,100.0
1781843491.91,ROCM_SMI,GPU_5,1474.1,140.0,100.0
1781843491.91,ROCM_SMI,GPU_6,1474.1,144.0,100.0
1781843491.91,ROCM_SMI,GPU_7,1474.1,140.0,100.0
1781843494.10,ROCM_SMI,GPU_0,1474.1,152.0,100.0
1781843494.10,ROCM_SMI,GPU_1,1474.1,141.0,100.0
1781843494.10,ROCM_SMI,GPU_2,1474.1,138.0,83.0
1781843494.10,ROCM_SMI,GPU_3,1474.1,147.0,100.0
1781843494.10,ROCM_SMI,GPU_4,1474.1,141.0,100.0
1781843494.10,ROCM_SMI,GPU_5,1474.1,138.0,100.0
1781843494.10,ROCM_SMI,GPU_6,1474.1,145.0,100.0
1781843494.10,ROCM_SMI,GPU_7,1474.1,137.0,100.0
1781843496.30,ROCM_SMI,GPU_0,1474.1,147.0,100.0
1781843496.30,ROCM_SMI,GPU_1,1474.1,143.0,100.0
1781843496.30,ROCM_SMI,GPU_2,1474.1,147.0,100.0
1781843496.30,ROCM_SMI,GPU_3,1474.1,149.0,100.0
1781843496.30,ROCM_SMI,GPU_4,1474.1,145.0,88.0
1781843496.30,ROCM_SMI,GPU_5,1474.1,142.0,100.0
1781843496.30,ROCM_SMI,GPU_6,1474.1,140.0,100.0
1781843496.30,ROCM_SMI,GPU_7,1474.1,139.0,100.0
1781843498.49,ROCM_SMI,GPU_0,1474.1,147.0,100.0
1781843498.49,ROCM_SMI,GPU_1,1474.1,142.0,100.0
1781843498.49,ROCM_SMI,GPU_2,1474.1,144.0,100.0
1781843498.49,ROCM_SMI,GPU_3,1474.1,145.0,100.0
1781843498.49,ROCM_SMI,GPU_4,1474.1,140.0,100.0
1781843498.49,ROCM_SMI,GPU_5,1474.1,141.0,100.0
1781843498.49,ROCM_SMI,GPU_6,1474.1,142.0,85.0
1781843498.49,ROCM_SMI,GPU_7,1474.1,139.0,100.0
1781843500.69,ROCM_SMI,GPU_0,1474.1,151.0,100.0
1781843500.69,ROCM_SMI,GPU_1,1474.1,141.0,100.0
1781843500.69,ROCM_SMI,GPU_2,1474.1,144.0,100.0
1781843500.69,ROCM_SMI,GPU_3,1474.1,146.0,100.0
1781843500.69,ROCM_SMI,GPU_4,1474.1,141.0,100.0
1781843500.69,ROCM_SMI,GPU_5,1474.1,137.0,100.0
1781843500.69,ROCM_SMI,GPU_6,1474.1,145.0,100.0
1781843500.69,ROCM_SMI,GPU_7,1474.1,138.0,100.0
1781843502.88,ROCM_SMI,GPU_0,1474.1,142.0,100.0
1781843502.88,ROCM_SMI,GPU_1,1474.1,141.0,100.0
1781843502.88,ROCM_SMI,GPU_2,1474.1,148.0,100.0
1781843502.88,ROCM_SMI,GPU_3,1474.1,147.0,100.0
1781843502.88,ROCM_SMI,GPU_4,1474.1,145.0,100.0
1781843502.88,ROCM_SMI,GPU_5,1474.1,139.0,100.0
1781843502.88,ROCM_SMI,GPU_6,1474.1,140.0,100.0
1781843502.88,ROCM_SMI,GPU_7,1474.1,138.0,100.0
1781843505.07,ROCM_SMI,GPU_0,1474.1,144.0,100.0
1781843505.07,ROCM_SMI,GPU_1,1474.1,141.0,100.0
1781843505.07,ROCM_SMI,GPU_2,1474.1,144.0,84.0
1781843505.07,ROCM_SMI,GPU_3,1474.1,146.0,100.0
1781843505.07,ROCM_SMI,GPU_4,1474.1,143.0,100.0
1781843505.07,ROCM_SMI,GPU_5,1474.1,144.0,100.0
1781843505.07,ROCM_SMI,GPU_6,1474.1,140.0,100.0
1781843505.07,ROCM_SMI,GPU_7,1474.1,139.0,100.0
1781843507.26,ROCM_SMI,GPU_0,1474.1,150.0,100.0
1781843507.26,ROCM_SMI,GPU_1,1474.1,143.0,100.0
1781843507.26,ROCM_SMI,GPU_2,1474.1,145.0,100.0
1781843507.26,ROCM_SMI,GPU_3,1474.1,148.0,100.0
1781843507.26,ROCM_SMI,GPU_4,1474.1,141.0,88.0
1781843507.26,ROCM_SMI,GPU_5,1474.1,140.0,100.0
1781843507.26,ROCM_SMI,GPU_6,1474.1,141.0,100.0
1781843507.26,ROCM_SMI,GPU_7,1474.1,140.0,100.0
1781843509.46,ROCM_SMI,GPU_0,1474.1,149.0,100.0
1781843509.46,ROCM_SMI,GPU_1,1474.1,143.0,100.0
1781843509.46,ROCM_SMI,GPU_2,1474.1,146.0,100.0
1781843509.46,ROCM_SMI,GPU_3,1474.1,149.0,100.0
1781843509.46,ROCM_SMI,GPU_4,1474.1,145.0,100.0
1781843509.46,ROCM_SMI,GPU_5,1474.1,143.0,100.0
1781843509.46,ROCM_SMI,GPU_6,1474.1,134.0,87.0
1781843509.46,ROCM_SMI,GPU_7,1474.1,136.0,100.0
1781843511.65,ROCM_SMI,GPU_0,1474.1,149.0,100.0
1781843511.65,ROCM_SMI,GPU_1,1474.1,141.0,100.0
1781843511.65,ROCM_SMI,GPU_2,1474.1,143.0,100.0
1781843511.65,ROCM_SMI,GPU_3,1474.1,145.0,100.0
1781843511.65,ROCM_SMI,GPU_4,1474.1,141.0,100.0
1781843511.65,ROCM_SMI,GPU_5,1474.1,141.0,100.0
1781843511.65,ROCM_SMI,GPU_6,1474.1,142.0,100.0
1781843511.65,ROCM_SMI,GPU_7,1474.1,138.0,80.0
1781843513.84,ROCM_SMI,GPU_0,1474.1,151.0,100.0
1781843513.84,ROCM_SMI,GPU_1,1474.1,141.0,100.0
1781843513.84,ROCM_SMI,GPU_2,1474.1,141.0,100.0
1781843513.84,ROCM_SMI,GPU_3,1474.1,145.0,100.0
1781843513.84,ROCM_SMI,GPU_4,1474.1,140.0,100.0
1781843513.84,ROCM_SMI,GPU_5,1474.1,139.0,100.0
1781843513.84,ROCM_SMI,GPU_6,1474.1,144.0,100.0
1781843513.84,ROCM_SMI,GPU_7,1474.1,138.0,100.0
1781843516.03,ROCM_SMI,GPU_0,1474.1,147.0,90.0
1781843516.03,ROCM_SMI,GPU_1,1474.1,139.0,99.0
1781843516.03,ROCM_SMI,GPU_2,1474.1,145.0,100.0
1781843516.03,ROCM_SMI,GPU_3,1474.1,146.0,100.0
1781843516.03,ROCM_SMI,GPU_4,1474.1,142.0,100.0
1781843516.03,ROCM_SMI,GPU_5,1474.1,138.0,100.0
1781843516.03,ROCM_SMI,GPU_6,1474.1,144.0,100.0
1781843516.03,ROCM_SMI,GPU_7,1474.1,137.0,100.0
1781843518.22,ROCM_SMI,GPU_0,1474.1,144.0,100.0
1781843518.22,ROCM_SMI,GPU_1,1474.1,141.0,100.0
1781843518.22,ROCM_SMI,GPU_2,1474.1,146.0,100.0
1781843518.22,ROCM_SMI,GPU_3,1474.1,146.0,100.0
1781843518.22,ROCM_SMI,GPU_4,1474.1,143.0,93.0
1781843518.22,ROCM_SMI,GPU_5,1474.1,142.0,100.0
1781843518.22,ROCM_SMI,GPU_6,1474.1,137.0,100.0
1781843518.22,ROCM_SMI,GPU_7,1474.1,138.0,100.0
1781843520.41,ROCM_SMI,GPU_0,1474.1,147.0,100.0
1781843520.41,ROCM_SMI,GPU_1,1474.1,144.0,100.0
1781843520.41,ROCM_SMI,GPU_2,1474.1,145.0,100.0
1781843520.41,ROCM_SMI,GPU_3,1474.1,148.0,100.0
1781843520.41,ROCM_SMI,GPU_4,1474.1,142.0,100.0
1781843520.41,ROCM_SMI,GPU_5,1474.1,142.0,87.0
1781843520.41,ROCM_SMI,GPU_6,1474.1,141.0,100.0
1781843520.41,ROCM_SMI,GPU_7,1474.1,141.0,100.0
1781843522.61,ROCM_SMI,GPU_0,1474.1,146.0,100.0
1781843522.61,ROCM_SMI,GPU_1,1474.1,137.0,100.0
1781843522.61,ROCM_SMI,GPU_2,1474.1,140.0,100.0
1781843522.61,ROCM_SMI,GPU_3,1474.1,142.0,100.0
1781843522.61,ROCM_SMI,GPU_4,1474.1,133.0,100.0
1781843522.61,ROCM_SMI,GPU_5,1474.1,131.0,99.0
1781843522.61,ROCM_SMI,GPU_6,1474.1,122.0,87.0
1781843522.61,ROCM_SMI,GPU_7,1474.1,152.0,100.0
1781843524.81,ROCM_SMI,GPU_0,1474.1,147.0,100.0
1781843524.81,ROCM_SMI,GPU_1,1474.1,142.0,100.0
1781843524.81,ROCM_SMI,GPU_2,1474.1,147.0,100.0
1781843524.81,ROCM_SMI,GPU_3,1474.1,148.0,100.0
1781843524.81,ROCM_SMI,GPU_4,1474.1,144.0,100.0
1781843524.81,ROCM_SMI,GPU_5,1474.1,143.0,100.0
1781843524.81,ROCM_SMI,GPU_6,1474.1,140.0,88.0
1781843524.81,ROCM_SMI,GPU_7,1474.1,139.0,100.0
1781843527.00,ROCM_SMI,GPU_0,1474.1,146.0,100.0
1781843527.00,ROCM_SMI,GPU_1,1474.1,140.0,100.0
1781843527.00,ROCM_SMI,GPU_2,1474.1,148.0,100.0
1781843527.00,ROCM_SMI,GPU_3,1474.1,148.0,100.0
1781843527.00,ROCM_SMI,GPU_4,1474.1,145.0,100.0
1781843527.00,ROCM_SMI,GPU_5,1474.1,141.0,100.0
1781843527.00,ROCM_SMI,GPU_6,1474.1,140.0,100.0
1781843527.00,ROCM_SMI,GPU_7,1474.1,138.0,92.0
1781843529.19,ROCM_SMI,GPU_0,1474.1,151.0,100.0
1781843529.19,ROCM_SMI,GPU_1,1474.1,141.0,100.0
1781843529.19,ROCM_SMI,GPU_2,1474.1,142.0,100.0
1781843529.19,ROCM_SMI,GPU_3,1474.1,146.0,100.0
1781843529.19,ROCM_SMI,GPU_4,1474.1,140.0,100.0
1781843529.19,ROCM_SMI,GPU_5,1474.1,138.0,100.0
1781843529.19,ROCM_SMI,GPU_6,1474.1,145.0,100.0
1781843529.19,ROCM_SMI,GPU_7,1474.1,139.0,100.0
1781843531.38,ROCM_SMI,GPU_0,1474.1,149.0,100.0
1781843531.38,ROCM_SMI,GPU_1,1474.1,141.0,100.0
1781843531.38,ROCM_SMI,GPU_2,1474.1,144.0,100.0
1781843531.38,ROCM_SMI,GPU_3,1474.1,145.0,100.0
1781843531.38,ROCM_SMI,GPU_4,1474.1,141.0,100.0
1781843531.38,ROCM_SMI,GPU_5,1474.1,141.0,100.0
1781843531.38,ROCM_SMI,GPU_6,1474.1,143.0,100.0
1781843531.38,ROCM_SMI,GPU_7,1474.1,140.0,100.0
1781843533.57,ROCM_SMI,GPU_0,1474.1,147.0,100.0
1781843533.57,ROCM_SMI,GPU_1,1474.1,139.0,89.0
1781843533.57,ROCM_SMI,GPU_2,1474.1,144.0,100.0
1781843533.57,ROCM_SMI,GPU_3,1474.1,146.0,100.0
1781843533.57,ROCM_SMI,GPU_4,1474.1,144.0,100.0
1781843533.57,ROCM_SMI,GPU_5,1474.1,139.0,100.0
1781843533.57,ROCM_SMI,GPU_6,1474.1,143.0,100.0
1781843533.57,ROCM_SMI,GPU_7,1474.1,139.0,100.0
1781843535.76,ROCM_SMI,GPU_0,1474.1,149.0,100.0
1781843535.76,ROCM_SMI,GPU_1,1474.1,139.0,100.0
1781843535.76,ROCM_SMI,GPU_2,1474.1,143.0,100.0
1781843535.76,ROCM_SMI,GPU_3,1474.1,142.0,79.0
1781843535.76,ROCM_SMI,GPU_4,1474.1,138.0,100.0
1781843535.76,ROCM_SMI,GPU_5,1474.1,137.0,100.0
1781843535.76,ROCM_SMI,GPU_6,1474.1,147.0,100.0
1781843535.76,ROCM_SMI,GPU_7,1474.1,138.0,100.0
1781843537.96,ROCM_SMI,GPU_0,1474.1,151.0,100.0
1781843537.96,ROCM_SMI,GPU_1,1474.1,142.0,100.0
1781843537.96,ROCM_SMI,GPU_2,1474.1,142.0,100.0
1781843537.96,ROCM_SMI,GPU_3,1474.1,145.0,87.0
1781843537.96,ROCM_SMI,GPU_4,1474.1,140.0,100.0
1781843537.96,ROCM_SMI,GPU_5,1474.1,138.0,100.0
1781843537.96,ROCM_SMI,GPU_6,1474.1,144.0,100.0
1781843537.96,ROCM_SMI,GPU_7,1474.1,139.0,100.0
1781843540.15,ROCM_SMI,GPU_0,1474.1,151.0,100.0
1781843540.15,ROCM_SMI,GPU_1,1474.1,141.0,100.0
1781843540.15,ROCM_SMI,GPU_2,1474.1,143.0,100.0
1781843540.15,ROCM_SMI,GPU_3,1474.1,147.0,100.0
1781843540.15,ROCM_SMI,GPU_4,1474.1,139.0,80.0
1781843540.15,ROCM_SMI,GPU_5,1474.1,139.0,100.0
1781843540.15,ROCM_SMI,GPU_6,1474.1,146.0,100.0
1781843540.15,ROCM_SMI,GPU_7,1474.1,139.0,100.0
1781843542.35,ROCM_SMI,GPU_0,1474.1,147.0,100.0
1781843542.35,ROCM_SMI,GPU_1,1474.1,143.0,100.0
1781843542.35,ROCM_SMI,GPU_2,1474.1,147.0,100.0
1781843542.35,ROCM_SMI,GPU_3,1474.1,147.0,100.0
1781843542.35,ROCM_SMI,GPU_4,1474.1,142.0,88.0
1781843542.35,ROCM_SMI,GPU_5,1474.1,144.0,100.0
1781843542.35,ROCM_SMI,GPU_6,1474.1,140.0,100.0
1781843542.35,ROCM_SMI,GPU_7,1474.1,140.0,100.0
1781843544.54,ROCM_SMI,GPU_0,1474.1,146.0,100.0
1781843544.54,ROCM_SMI,GPU_1,1474.1,141.0,100.0
1781843544.54,ROCM_SMI,GPU_2,1474.1,148.0,100.0
1781843544.54,ROCM_SMI,GPU_3,1474.1,147.0,100.0
1781843544.54,ROCM_SMI,GPU_4,1474.1,145.0,82.0
1781843544.54,ROCM_SMI,GPU_5,1474.1,143.0,100.0
1781843544.54,ROCM_SMI,GPU_6,1474.1,141.0,100.0
1781843544.54,ROCM_SMI,GPU_7,1474.1,140.0,100.0
1781843546.74,ROCM_SMI,GPU_0,1474.1,146.0,100.0
1781843546.74,ROCM_SMI,GPU_1,1474.1,141.0,100.0
1781843546.74,ROCM_SMI,GPU_2,1474.1,149.0,100.0
1781843546.74,ROCM_SMI,GPU_3,1474.1,147.0,100.0
1781843546.74,ROCM_SMI,GPU_4,1474.1,145.0,100.0
1781843546.74,ROCM_SMI,GPU_5,1474.1,143.0,91.0
1781843546.74,ROCM_SMI,GPU_6,1474.1,138.0,89.0
1781843546.74,ROCM_SMI,GPU_7,1474.1,139.0,100.0
1781843548.93,ROCM_SMI,GPU_0,1474.1,147.0,100.0
1781843548.93,ROCM_SMI,GPU_1,1474.1,140.0,100.0
1781843548.93,ROCM_SMI,GPU_2,1474.1,148.0,100.0
1781843548.93,ROCM_SMI,GPU_3,1474.1,147.0,100.0
1781843548.93,ROCM_SMI,GPU_4,1474.1,145.0,100.0
1781843548.93,ROCM_SMI,GPU_5,1474.1,141.0,100.0
1781843548.93,ROCM_SMI,GPU_6,1474.1,139.0,100.0
1781843548.93,ROCM_SMI,GPU_7,1474.1,138.0,74.0
1781843551.13,ROCM_SMI,GPU_0,1474.1,151.0,100.0
1781843551.13,ROCM_SMI,GPU_1,1474.1,141.0,100.0
1781843551.13,ROCM_SMI,GPU_2,1474.1,146.0,100.0
1781843551.13,ROCM_SMI,GPU_3,1474.1,147.0,100.0
1781843551.13,ROCM_SMI,GPU_4,1474.1,143.0,100.0
1781843551.13,ROCM_SMI,GPU_5,1474.1,138.0,100.0
1781843551.13,ROCM_SMI,GPU_6,1474.1,139.0,100.0
1781843551.13,ROCM_SMI,GPU_7,1474.1,137.0,90.0
1781843553.32,ROCM_SMI,GPU_0,1474.1,145.0,100.0
1781843553.32,ROCM_SMI,GPU_1,1474.1,140.0,100.0
1781843553.32,ROCM_SMI,GPU_2,1474.1,147.0,100.0
1781843553.32,ROCM_SMI,GPU_3,1474.1,149.0,100.0
1781843553.32,ROCM_SMI,GPU_4,1474.1,145.0,100.0
1781843553.32,ROCM_SMI,GPU_5,1474.1,141.0,100.0
1781843553.32,ROCM_SMI,GPU_6,1474.1,140.0,100.0
1781843553.32,ROCM_SMI,GPU_7,1474.1,140.0,100.0
1781843555.51,ROCM_SMI,GPU_0,1474.1,147.0,100.0
1781843555.51,ROCM_SMI,GPU_1,1474.1,142.0,100.0
1781843555.51,ROCM_SMI,GPU_2,1474.1,148.0,100.0
1781843555.51,ROCM_SMI,GPU_3,1474.1,147.0,100.0
1781843555.51,ROCM_SMI,GPU_4,1474.1,145.0,100.0
1781843555.51,ROCM_SMI,GPU_5,1474.1,140.0,100.0
1781843555.51,ROCM_SMI,GPU_6,1474.1,140.0,100.0
1781843555.51,ROCM_SMI,GPU_7,1474.1,138.0,100.0
1781843557.71,ROCM_SMI,GPU_0,1474.1,145.0,85.0
1781843557.71,ROCM_SMI,GPU_1,1474.1,138.0,100.0
1781843557.71,ROCM_SMI,GPU_2,1474.1,148.0,100.0
1781843557.71,ROCM_SMI,GPU_3,1474.1,148.0,100.0
1781843557.71,ROCM_SMI,GPU_4,1474.1,145.0,100.0
1781843557.71,ROCM_SMI,GPU_5,1474.1,141.0,100.0
1781843557.71,ROCM_SMI,GPU_6,1474.1,138.0,100.0
1781843557.71,ROCM_SMI,GPU_7,1474.1,138.0,100.0
1781843559.90,ROCM_SMI,GPU_0,1474.1,143.0,100.0
1781843559.90,ROCM_SMI,GPU_1,1474.1,141.0,100.0
1781843559.90,ROCM_SMI,GPU_2,1474.1,144.0,83.0
1781843559.90,ROCM_SMI,GPU_3,1474.1,146.0,100.0
1781843559.90,ROCM_SMI,GPU_4,1474.1,143.0,100.0
1781843559.90,ROCM_SMI,GPU_5,1474.1,144.0,100.0
1781843559.90,ROCM_SMI,GPU_6,1474.1,139.0,100.0
1781843559.90,ROCM_SMI,GPU_7,1474.1,138.0,100.0
1781843562.09,ROCM_SMI,GPU_0,1474.1,145.0,100.0
1781843562.09,ROCM_SMI,GPU_1,1474.1,141.0,100.0
1781843562.09,ROCM_SMI,GPU_2,1474.1,147.0,100.0
1781843562.09,ROCM_SMI,GPU_3,1474.1,146.0,95.0
1781843562.09,ROCM_SMI,GPU_4,1474.1,143.0,100.0
1781843562.09,ROCM_SMI,GPU_5,1474.1,141.0,100.0
1781843562.09,ROCM_SMI,GPU_6,1474.1,139.0,100.0
1781843562.09,ROCM_SMI,GPU_7,1474.1,139.0,100.0
1781843564.28,ROCM_SMI,GPU_0,1474.1,146.0,100.0
1781843564.28,ROCM_SMI,GPU_1,1474.1,142.0,100.0
1781843564.28,ROCM_SMI,GPU_2,1474.1,148.0,100.0
1781843564.28,ROCM_SMI,GPU_3,1474.1,149.0,100.0
1781843564.28,ROCM_SMI,GPU_4,1474.1,147.0,87.0
1781843564.28,ROCM_SMI,GPU_5,1474.1,137.0,100.0
1781843564.28,ROCM_SMI,GPU_6,1474.1,138.0,100.0
1781843564.28,ROCM_SMI,GPU_7,1474.1,138.0,100.0
1781843566.48,ROCM_SMI,GPU_0,1474.1,146.0,100.0
1781843566.48,ROCM_SMI,GPU_1,1474.1,140.0,100.0
1781843566.48,ROCM_SMI,GPU_2,1474.1,149.0,100.0
1781843566.48,ROCM_SMI,GPU_3,1474.1,147.0,100.0
1781843566.48,ROCM_SMI,GPU_4,1474.1,146.0,100.0
1781843566.48,ROCM_SMI,GPU_5,1474.1,141.0,81.0
1781843566.48,ROCM_SMI,GPU_6,1474.1,139.0,100.0
1781843566.48,ROCM_SMI,GPU_7,1474.1,140.0,100.0
1781843568.67,ROCM_SMI,GPU_0,1474.1,143.0,100.0
1781843568.67,ROCM_SMI,GPU_1,1474.1,140.0,100.0
1781843568.67,ROCM_SMI,GPU_2,1474.1,149.0,100.0
1781843568.67,ROCM_SMI,GPU_3,1474.1,147.0,100.0
1781843568.67,ROCM_SMI,GPU_4,1474.1,146.0,100.0
1781843568.67,ROCM_SMI,GPU_5,1474.1,141.0,100.0
1781843568.67,ROCM_SMI,GPU_6,1474.1,138.0,100.0
1781843568.67,ROCM_SMI,GPU_7,1474.1,138.0,87.0
1781843570.86,ROCM_SMI,GPU_0,1474.1,146.0,100.0
1781843570.86,ROCM_SMI,GPU_1,1474.1,141.0,100.0
1781843570.86,ROCM_SMI,GPU_2,1474.1,148.0,100.0
1781843570.86,ROCM_SMI,GPU_3,1474.1,145.0,100.0
1781843570.86,ROCM_SMI,GPU_4,1474.1,144.0,100.0
1781843570.86,ROCM_SMI,GPU_5,1474.1,142.0,100.0
1781843570.86,ROCM_SMI,GPU_6,1474.1,139.0,100.0
1781843570.86,ROCM_SMI,GPU_7,1474.1,138.0,100.0
1781843573.06,ROCM_SMI,GPU_0,1474.1,145.0,100.0
1781843573.06,ROCM_SMI,GPU_1,1474.1,142.0,100.0
1781843573.06,ROCM_SMI,GPU_2,1474.1,147.0,100.0
1781843573.06,ROCM_SMI,GPU_3,1474.1,145.0,100.0
1781843573.06,ROCM_SMI,GPU_4,1474.1,144.0,100.0
1781843573.06,ROCM_SMI,GPU_5,1474.1,143.0,100.0
1781843573.06,ROCM_SMI,GPU_6,1474.1,140.0,100.0
1781843573.06,ROCM_SMI,GPU_7,1474.1,140.0,100.0
1781843575.25,ROCM_SMI,GPU_0,1474.1,146.0,100.0
1781843575.25,ROCM_SMI,GPU_1,1474.1,141.0,100.0
1781843575.25,ROCM_SMI,GPU_2,1474.1,146.0,100.0
1781843575.25,ROCM_SMI,GPU_3,1474.1,146.0,100.0
1781843575.25,ROCM_SMI,GPU_4,1474.1,143.0,100.0
1781843575.25,ROCM_SMI,GPU_5,1474.1,143.0,100.0
1781843575.25,ROCM_SMI,GPU_6,1474.1,140.0,100.0
1781843575.25,ROCM_SMI,GPU_7,1474.1,139.0,100.0
1781843577.44,ROCM_SMI,GPU_0,1474.1,147.0,100.0
1781843577.44,ROCM_SMI,GPU_1,1474.1,142.0,100.0
1781843577.44,ROCM_SMI,GPU_2,1474.1,143.0,84.0
1781843577.44,ROCM_SMI,GPU_3,1474.1,144.0,100.0
1781843577.44,ROCM_SMI,GPU_4,1474.1,143.0,100.0
1781843577.44,ROCM_SMI,GPU_5,1474.1,144.0,100.0
1781843577.44,ROCM_SMI,GPU_6,1474.1,139.0,100.0
1781843577.44,ROCM_SMI,GPU_7,1474.1,143.0,100.0
1781843579.65,ROCM_SMI,GPU_0,1474.1,147.0,100.0
1781843579.65,ROCM_SMI,GPU_1,1474.1,133.0,100.0
1781843579.65,ROCM_SMI,GPU_2,1474.1,133.0,82.0
1781843579.65,ROCM_SMI,GPU_3,1474.1,174.0,100.0
1781843579.65,ROCM_SMI,GPU_4,1474.1,192.0,100.0
1781843579.65,ROCM_SMI,GPU_5,1474.1,131.0,100.0
1781843579.65,ROCM_SMI,GPU_6,1474.1,140.0,100.0
1781843579.65,ROCM_SMI,GPU_7,1474.1,136.0,100.0
1781843581.84,ROCM_SMI,GPU_0,1474.1,148.0,100.0
1781843581.84,ROCM_SMI,GPU_1,1474.1,140.0,100.0
1781843581.84,ROCM_SMI,GPU_2,1474.1,143.0,91.0
1781843581.84,ROCM_SMI,GPU_3,1474.1,144.0,100.0
1781843581.84,ROCM_SMI,GPU_4,1474.1,141.0,100.0
1781843581.84,ROCM_SMI,GPU_5,1474.1,142.0,100.0
1781843581.84,ROCM_SMI,GPU_6,1474.1,141.0,100.0
1781843581.84,ROCM_SMI,GPU_7,1474.1,139.0,100.0
1781843584.03,ROCM_SMI,GPU_0,1474.1,147.0,100.0
1781843584.03,ROCM_SMI,GPU_1,1474.1,142.0,100.0
1781843584.03,ROCM_SMI,GPU_2,1474.1,146.0,100.0
1781843584.03,ROCM_SMI,GPU_3,1474.1,147.0,100.0
1781843584.03,ROCM_SMI,GPU_4,1474.1,141.0,87.0
1781843584.03,ROCM_SMI,GPU_5,1474.1,142.0,100.0
1781843584.03,ROCM_SMI,GPU_6,1474.1,140.0,100.0
1781843584.03,ROCM_SMI,GPU_7,1474.1,139.0,100.0
1781843586.22,ROCM_SMI,GPU_0,1474.1,148.0,100.0
1781843586.22,ROCM_SMI,GPU_1,1474.1,141.0,100.0
1781843586.22,ROCM_SMI,GPU_2,1474.1,144.0,100.0
1781843586.22,ROCM_SMI,GPU_3,1474.1,147.0,100.0
1781843586.22,ROCM_SMI,GPU_4,1474.1,140.0,100.0
1781843586.22,ROCM_SMI,GPU_5,1474.1,142.0,100.0
1781843586.22,ROCM_SMI,GPU_6,1474.1,142.0,88.0
1781843586.22,ROCM_SMI,GPU_7,1474.1,140.0,100.0
1781843588.41,ROCM_SMI,GPU_0,1474.1,151.0,100.0
1781843588.41,ROCM_SMI,GPU_1,1474.1,141.0,100.0
1781843588.41,ROCM_SMI,GPU_2,1474.1,141.0,100.0
1781843588.41,ROCM_SMI,GPU_3,1474.1,145.0,100.0
1781843588.41,ROCM_SMI,GPU_4,1474.1,140.0,100.0
1781843588.41,ROCM_SMI,GPU_5,1474.1,139.0,100.0
1781843588.41,ROCM_SMI,GPU_6,1474.1,144.0,100.0
1781843588.41,ROCM_SMI,GPU_7,1474.1,139.0,100.0
1781843590.61,ROCM_SMI,GPU_0,1474.1,150.0,100.0
1781843590.61,ROCM_SMI,GPU_1,1474.1,142.0,100.0
1781843590.61,ROCM_SMI,GPU_2,1474.1,143.0,100.0
1781843590.61,ROCM_SMI,GPU_3,1474.1,145.0,100.0
1781843590.61,ROCM_SMI,GPU_4,1474.1,141.0,100.0
1781843590.61,ROCM_SMI,GPU_5,1474.1,137.0,100.0
1781843590.61,ROCM_SMI,GPU_6,1474.1,144.0,100.0
1781843590.61,ROCM_SMI,GPU_7,1474.1,136.0,100.0
1781843592.81,ROCM_SMI,GPU_0,1474.1,145.0,91.0
1781843592.81,ROCM_SMI,GPU_1,1474.1,140.0,100.0
1781843592.81,ROCM_SMI,GPU_2,1474.1,146.0,100.0
1781843592.81,ROCM_SMI,GPU_3,1474.1,146.0,100.0
1781843592.81,ROCM_SMI,GPU_4,1474.1,144.0,100.0
1781843592.81,ROCM_SMI,GPU_5,1474.1,135.0,100.0
1781843592.81,ROCM_SMI,GPU_6,1474.1,145.0,100.0
1781843592.81,ROCM_SMI,GPU_7,1474.1,139.0,100.0
1781843595.00,ROCM_SMI,GPU_0,1474.1,146.0,90.0
1781843595.00,ROCM_SMI,GPU_1,1474.1,139.0,100.0
1781843595.00,ROCM_SMI,GPU_2,1474.1,147.0,100.0
1781843595.00,ROCM_SMI,GPU_3,1474.1,148.0,100.0
1781843595.00,ROCM_SMI,GPU_4,1474.1,145.0,100.0
1781843595.00,ROCM_SMI,GPU_5,1474.1,140.0,100.0
1781843595.00,ROCM_SMI,GPU_6,1474.1,140.0,100.0
1781843595.00,ROCM_SMI,GPU_7,1474.1,138.0,100.0
1781843597.19,ROCM_SMI,GPU_0,1474.1,145.0,100.0
1781843597.19,ROCM_SMI,GPU_1,1474.1,140.0,100.0
1781843597.19,ROCM_SMI,GPU_2,1474.1,147.0,100.0
1781843597.19,ROCM_SMI,GPU_3,1474.1,147.0,81.0
1781843597.19,ROCM_SMI,GPU_4,1474.1,143.0,100.0
1781843597.19,ROCM_SMI,GPU_5,1474.1,143.0,100.0
1781843597.19,ROCM_SMI,GPU_6,1474.1,139.0,100.0
1781843597.19,ROCM_SMI,GPU_7,1474.1,139.0,100.0
1781843599.39,ROCM_SMI,GPU_0,1474.1,146.0,100.0
1781843599.39,ROCM_SMI,GPU_1,1474.1,142.0,100.0
1781843599.39,ROCM_SMI,GPU_2,1474.1,148.0,100.0
1781843599.39,ROCM_SMI,GPU_3,1474.1,148.0,100.0
1781843599.39,ROCM_SMI,GPU_4,1474.1,143.0,87.0
1781843599.39,ROCM_SMI,GPU_5,1474.1,144.0,100.0
1781843599.39,ROCM_SMI,GPU_6,1474.1,140.0,100.0
1781843599.39,ROCM_SMI,GPU_7,1474.1,140.0,100.0
1781843601.58,ROCM_SMI,GPU_0,1474.1,152.0,100.0
1781843601.58,ROCM_SMI,GPU_1,1474.1,142.0,100.0
1781843601.58,ROCM_SMI,GPU_2,1474.1,143.0,100.0
1781843601.58,ROCM_SMI,GPU_3,1474.1,145.0,100.0
1781843601.58,ROCM_SMI,GPU_4,1474.1,141.0,100.0
1781843601.58,ROCM_SMI,GPU_5,1474.1,141.0,100.0
1781843601.58,ROCM_SMI,GPU_6,1474.1,143.0,88.0
1781843601.58,ROCM_SMI,GPU_7,1474.1,139.0,100.0
1781843603.77,ROCM_SMI,GPU_0,1474.1,150.0,100.0
1781843603.77,ROCM_SMI,GPU_1,1474.1,143.0,100.0
1781843603.77,ROCM_SMI,GPU_2,1474.1,143.0,100.0
1781843603.77,ROCM_SMI,GPU_3,1474.1,146.0,100.0
1781843603.77,ROCM_SMI,GPU_4,1474.1,141.0,100.0
1781843603.77,ROCM_SMI,GPU_5,1474.1,138.0,100.0
1781843603.77,ROCM_SMI,GPU_6,1474.1,144.0,100.0
1781843603.77,ROCM_SMI,GPU_7,1474.1,139.0,100.0
1781843605.97,ROCM_SMI,GPU_0,1474.1,152.0,100.0
1781843605.97,ROCM_SMI,GPU_1,1474.1,142.0,100.0
1781843605.97,ROCM_SMI,GPU_2,1474.1,141.0,100.0
1781843605.97,ROCM_SMI,GPU_3,1474.1,144.0,100.0
1781843605.97,ROCM_SMI,GPU_4,1474.1,143.0,100.0
1781843605.97,ROCM_SMI,GPU_5,1474.1,137.0,100.0
1781843605.97,ROCM_SMI,GPU_6,1474.1,149.0,100.0
1781843605.97,ROCM_SMI,GPU_7,1474.1,136.0,100.0
1781843608.16,ROCM_SMI,GPU_0,1474.1,150.0,100.0
1781843608.16,ROCM_SMI,GPU_1,1474.1,139.0,100.0
1781843608.16,ROCM_SMI,GPU_2,1474.1,144.0,100.0
1781843608.16,ROCM_SMI,GPU_3,1474.1,147.0,100.0
1781843608.16,ROCM_SMI,GPU_4,1474.1,141.0,100.0
1781843608.16,ROCM_SMI,GPU_5,1474.1,137.0,100.0
1781843608.16,ROCM_SMI,GPU_6,1474.1,144.0,100.0
1781843608.16,ROCM_SMI,GPU_7,1474.1,137.0,100.0
1781843610.36,ROCM_SMI,GPU_0,1474.1,147.0,89.0
1781843610.36,ROCM_SMI,GPU_1,1474.1,141.0,100.0
1781843610.36,ROCM_SMI,GPU_2,1474.1,144.0,100.0
1781843610.36,ROCM_SMI,GPU_3,1474.1,147.0,100.0
1781843610.36,ROCM_SMI,GPU_4,1474.1,142.0,100.0
1781843610.36,ROCM_SMI,GPU_5,1474.1,138.0,100.0
1781843610.36,ROCM_SMI,GPU_6,1474.1,144.0,100.0
1781843610.36,ROCM_SMI,GPU_7,1474.1,138.0,100.0
1781843612.55,ROCM_SMI,GPU_0,1474.1,146.0,100.0
1781843612.55,ROCM_SMI,GPU_1,1474.1,140.0,79.0
1781843612.55,ROCM_SMI,GPU_2,1474.1,145.0,100.0
1781843612.55,ROCM_SMI,GPU_3,1474.1,149.0,100.0
1781843612.55,ROCM_SMI,GPU_4,1474.1,144.0,100.0
1781843612.55,ROCM_SMI,GPU_5,1474.1,139.0,100.0
1781843612.55,ROCM_SMI,GPU_6,1474.1,141.0,100.0
1781843612.55,ROCM_SMI,GPU_7,1474.1,137.0,100.0
1781843614.74,ROCM_SMI,GPU_0,1474.1,145.0,100.0
1781843614.74,ROCM_SMI,GPU_1,1474.1,141.0,100.0
1781843614.74,ROCM_SMI,GPU_2,1474.1,147.0,100.0
1781843614.74,ROCM_SMI,GPU_3,1474.1,144.0,100.0
1781843614.74,ROCM_SMI,GPU_4,1474.1,142.0,91.0
1781843614.74,ROCM_SMI,GPU_5,1474.1,143.0,100.0
1781843614.74,ROCM_SMI,GPU_6,1474.1,139.0,100.0
1781843614.74,ROCM_SMI,GPU_7,1474.1,139.0,100.0
1781843616.95,ROCM_SMI,GPU_0,1474.1,148.0,100.0
1781843616.95,ROCM_SMI,GPU_1,1474.1,141.0,100.0
1781843616.95,ROCM_SMI,GPU_2,1474.1,144.0,100.0
1781843616.95,ROCM_SMI,GPU_3,1474.1,143.0,81.0
1781843616.95,ROCM_SMI,GPU_4,1474.1,140.0,100.0
1781843616.95,ROCM_SMI,GPU_5,1474.1,143.0,100.0
1781843616.95,ROCM_SMI,GPU_6,1474.1,141.0,100.0
1781843616.95,ROCM_SMI,GPU_7,1474.1,141.0,100.0
1781843619.14,ROCM_SMI,GPU_0,1474.1,150.0,100.0
1781843619.14,ROCM_SMI,GPU_1,1474.1,142.0,100.0
1781843619.14,ROCM_SMI,GPU_2,1474.1,142.0,100.0
1781843619.14,ROCM_SMI,GPU_3,1474.1,146.0,100.0
1781843619.14,ROCM_SMI,GPU_4,1474.1,139.0,100.0
1781843619.14,ROCM_SMI,GPU_5,1474.1,138.0,81.0
1781843619.14,ROCM_SMI,GPU_6,1474.1,145.0,100.0
1781843619.14,ROCM_SMI,GPU_7,1474.1,140.0,100.0
1781843621.33,ROCM_SMI,GPU_0,1474.1,154.0,100.0
1781843621.33,ROCM_SMI,GPU_1,1474.1,138.0,100.0
1781843621.33,ROCM_SMI,GPU_2,1474.1,143.0,100.0
1781843621.33,ROCM_SMI,GPU_3,1474.1,145.0,100.0
1781843621.33,ROCM_SMI,GPU_4,1474.1,142.0,100.0
1781843621.33,ROCM_SMI,GPU_5,1474.1,137.0,100.0
1781843621.33,ROCM_SMI,GPU_6,1474.1,143.0,100.0
1781843621.33,ROCM_SMI,GPU_7,1474.1,136.0,81.0
1781843623.53,ROCM_SMI,GPU_0,1474.1,146.0,100.0
1781843623.53,ROCM_SMI,GPU_1,1474.1,141.0,100.0
1781843623.53,ROCM_SMI,GPU_2,1474.1,147.0,100.0
1781843623.53,ROCM_SMI,GPU_3,1474.1,148.0,100.0
1781843623.53,ROCM_SMI,GPU_4,1474.1,143.0,100.0
1781843623.53,ROCM_SMI,GPU_5,1474.1,143.0,100.0
1781843623.53,ROCM_SMI,GPU_6,1474.1,140.0,100.0
1781843623.53,ROCM_SMI,GPU_7,1474.1,139.0,100.0
1781843625.72,ROCM_SMI,GPU_0,1474.1,145.0,88.0
1781843625.72,ROCM_SMI,GPU_1,1474.1,141.0,100.0
1781843625.72,ROCM_SMI,GPU_2,1474.1,146.0,100.0
1781843625.72,ROCM_SMI,GPU_3,1474.1,147.0,100.0
1781843625.72,ROCM_SMI,GPU_4,1474.1,143.0,100.0
1781843625.72,ROCM_SMI,GPU_5,1474.1,142.0,100.0
1781843625.72,ROCM_SMI,GPU_6,1474.1,140.0,100.0
1781843625.72,ROCM_SMI,GPU_7,1474.1,139.0,100.0
1781843627.91,ROCM_SMI,GPU_0,1474.1,144.0,100.0
1781843627.91,ROCM_SMI,GPU_1,1474.1,140.0,100.0
1781843627.91,ROCM_SMI,GPU_2,1474.1,144.0,99.0
1781843627.91,ROCM_SMI,GPU_3,1474.1,146.0,100.0
1781843627.91,ROCM_SMI,GPU_4,1474.1,143.0,100.0
1781843627.91,ROCM_SMI,GPU_5,1474.1,143.0,100.0
1781843627.91,ROCM_SMI,GPU_6,1474.1,140.0,100.0
1781843627.91,ROCM_SMI,GPU_7,1474.1,139.0,100.0
1781843630.10,ROCM_SMI,GPU_0,1474.1,148.0,100.0
1781843630.10,ROCM_SMI,GPU_1,1474.1,142.0,100.0
1781843630.10,ROCM_SMI,GPU_2,1474.1,143.0,100.0
1781843630.10,ROCM_SMI,GPU_3,1474.1,144.0,84.0
1781843630.10,ROCM_SMI,GPU_4,1474.1,139.0,100.0
1781843630.10,ROCM_SMI,GPU_5,1474.1,142.0,100.0
1781843630.10,ROCM_SMI,GPU_6,1474.1,141.0,100.0
1781843630.10,ROCM_SMI,GPU_7,1474.1,141.0,100.0
1781843632.29,ROCM_SMI,GPU_0,1474.1,151.0,100.0
1781843632.29,ROCM_SMI,GPU_1,1474.1,140.0,100.0
1781843632.29,ROCM_SMI,GPU_2,1474.1,143.0,100.0
1781843632.29,ROCM_SMI,GPU_3,1474.1,147.0,100.0
1781843632.29,ROCM_SMI,GPU_4,1474.1,140.0,100.0
1781843632.29,ROCM_SMI,GPU_5,1474.1,138.0,100.0
1781843632.29,ROCM_SMI,GPU_6,1474.1,145.0,79.0
1781843632.29,ROCM_SMI,GPU_7,1474.1,138.0,100.0
1781843634.49,ROCM_SMI,GPU_0,1474.1,170.0,100.0
1781843634.49,ROCM_SMI,GPU_1,1474.1,142.0,100.0
1781843634.49,ROCM_SMI,GPU_2,1474.1,141.0,100.0
1781843634.49,ROCM_SMI,GPU_3,1474.1,143.0,100.0
1781843634.49,ROCM_SMI,GPU_4,1474.1,140.0,100.0
1781843634.49,ROCM_SMI,GPU_5,1474.1,138.0,100.0
1781843634.49,ROCM_SMI,GPU_6,1474.1,136.0,100.0
1781843634.49,ROCM_SMI,GPU_7,1474.1,129.0,87.0
1781843636.69,ROCM_SMI,GPU_0,1474.1,143.0,100.0
1781843636.69,ROCM_SMI,GPU_1,1474.1,142.0,100.0
1781843636.69,ROCM_SMI,GPU_2,1474.1,147.0,100.0
1781843636.69,ROCM_SMI,GPU_3,1474.1,146.0,100.0
1781843636.69,ROCM_SMI,GPU_4,1474.1,143.0,100.0
1781843636.69,ROCM_SMI,GPU_5,1474.1,143.0,100.0
1781843636.69,ROCM_SMI,GPU_6,1474.1,138.0,100.0
1781843636.69,ROCM_SMI,GPU_7,1474.1,139.0,100.0
1781843638.88,ROCM_SMI,GPU_0,1474.1,146.0,100.0
1781843638.88,ROCM_SMI,GPU_1,1474.1,143.0,100.0
1781843638.88,ROCM_SMI,GPU_2,1474.1,146.0,100.0
1781843638.88,ROCM_SMI,GPU_3,1474.1,147.0,100.0
1781843638.88,ROCM_SMI,GPU_4,1474.1,142.0,100.0
1781843638.88,ROCM_SMI,GPU_5,1474.1,143.0,100.0
1781843638.88,ROCM_SMI,GPU_6,1474.1,140.0,100.0
1781843638.88,ROCM_SMI,GPU_7,1474.1,140.0,100.0
1781843641.08,ROCM_SMI,GPU_0,1474.1,143.0,100.0
1781843641.08,ROCM_SMI,GPU_1,1474.1,142.0,100.0
1781843641.08,ROCM_SMI,GPU_2,1474.1,147.0,100.0
1781843641.08,ROCM_SMI,GPU_3,1474.1,146.0,100.0
1781843641.08,ROCM_SMI,GPU_4,1474.1,144.0,100.0
1781843641.08,ROCM_SMI,GPU_5,1474.1,143.0,100.0
1781843641.08,ROCM_SMI,GPU_6,1474.1,138.0,100.0
1781843641.08,ROCM_SMI,GPU_7,1474.1,139.0,100.0
1781843643.27,ROCM_SMI,GPU_0,1474.1,146.0,84.0
1781843643.27,ROCM_SMI,GPU_1,1474.1,140.0,100.0
1781843643.27,ROCM_SMI,GPU_2,1474.1,147.0,100.0
1781843643.27,ROCM_SMI,GPU_3,1474.1,147.0,100.0
1781843643.27,ROCM_SMI,GPU_4,1474.1,145.0,100.0
1781843643.27,ROCM_SMI,GPU_5,1474.1,139.0,100.0
1781843643.27,ROCM_SMI,GPU_6,1474.1,142.0,100.0
1781843643.27,ROCM_SMI,GPU_7,1474.1,138.0,100.0
1781843645.46,ROCM_SMI,GPU_0,1474.1,135.0,100.0
1781843645.46,ROCM_SMI,GPU_1,1474.1,132.0,100.0
1781843645.46,ROCM_SMI,GPU_2,1474.1,135.0,85.0
1781843645.46,ROCM_SMI,GPU_3,1474.1,141.0,100.0
1781843645.46,ROCM_SMI,GPU_4,1474.1,140.0,100.0
1781843645.46,ROCM_SMI,GPU_5,1474.1,139.0,100.0
1781843645.46,ROCM_SMI,GPU_6,1474.1,148.0,100.0
1781843645.46,ROCM_SMI,GPU_7,1474.1,143.0,100.0
1781843647.65,ROCM_SMI,GPU_0,1474.1,150.0,100.0
1781843647.65,ROCM_SMI,GPU_1,1474.1,139.0,100.0
1781843647.65,ROCM_SMI,GPU_2,1474.1,141.0,100.0
1781843647.65,ROCM_SMI,GPU_3,1474.1,144.0,85.0
1781843647.65,ROCM_SMI,GPU_4,1474.1,139.0,100.0
1781843647.65,ROCM_SMI,GPU_5,1474.1,139.0,100.0
1781843647.65,ROCM_SMI,GPU_6,1474.1,147.0,100.0
1781843647.65,ROCM_SMI,GPU_7,1474.1,138.0,100.0
1781843649.85,ROCM_SMI,GPU_0,1474.1,143.0,100.0
1781843649.85,ROCM_SMI,GPU_1,1474.1,139.0,100.0
1781843649.85,ROCM_SMI,GPU_2,1474.1,139.0,100.0
1781843649.85,ROCM_SMI,GPU_3,1474.1,139.0,100.0
1781843649.85,ROCM_SMI,GPU_4,1474.1,118.0,91.0
1781843649.85,ROCM_SMI,GPU_5,1474.1,193.0,100.0
1781843649.85,ROCM_SMI,GPU_6,1474.1,145.0,100.0
1781843649.85,ROCM_SMI,GPU_7,1474.1,139.0,100.0
1781843652.04,ROCM_SMI,GPU_0,1474.1,151.0,100.0
1781843652.04,ROCM_SMI,GPU_1,1474.1,142.0,100.0
1781843652.04,ROCM_SMI,GPU_2,1474.1,143.0,100.0
1781843652.04,ROCM_SMI,GPU_3,1474.1,146.0,97.0
1781843652.04,ROCM_SMI,GPU_4,1474.1,140.0,88.0
1781843652.04,ROCM_SMI,GPU_5,1474.1,139.0,100.0
1781843652.04,ROCM_SMI,GPU_6,1474.1,146.0,100.0
1781843652.04,ROCM_SMI,GPU_7,1474.1,139.0,100.0
1781843654.24,ROCM_SMI,GPU_0,1474.1,152.0,100.0
1781843654.24,ROCM_SMI,GPU_1,1474.1,142.0,100.0
1781843654.24,ROCM_SMI,GPU_2,1474.1,143.0,100.0
1781843654.24,ROCM_SMI,GPU_3,1474.1,147.0,100.0
1781843654.24,ROCM_SMI,GPU_4,1474.1,141.0,100.0
1781843654.24,ROCM_SMI,GPU_5,1474.1,140.0,87.0
1781843654.24,ROCM_SMI,GPU_6,1474.1,144.0,100.0
1781843654.24,ROCM_SMI,GPU_7,1474.1,140.0,100.0
1781843656.43,ROCM_SMI,GPU_0,1474.1,147.0,100.0
1781843656.43,ROCM_SMI,GPU_1,1474.1,143.0,100.0
1781843656.43,ROCM_SMI,GPU_2,1474.1,145.0,100.0
1781843656.43,ROCM_SMI,GPU_3,1474.1,148.0,100.0
1781843656.43,ROCM_SMI,GPU_4,1474.1,143.0,100.0
1781843656.43,ROCM_SMI,GPU_5,1474.1,142.0,97.0
1781843656.43,ROCM_SMI,GPU_6,1474.1,140.0,83.0
1781843656.43,ROCM_SMI,GPU_7,1474.1,141.0,100.0
1781843658.62,ROCM_SMI,GPU_0,1474.1,145.0,100.0
1781843658.62,ROCM_SMI,GPU_1,1474.1,142.0,100.0
1781843658.62,ROCM_SMI,GPU_2,1474.1,149.0,100.0
1781843658.62,ROCM_SMI,GPU_3,1474.1,148.0,100.0
1781843658.62,ROCM_SMI,GPU_4,1474.1,145.0,100.0
1781843658.62,ROCM_SMI,GPU_5,1474.1,144.0,100.0
1781843658.62,ROCM_SMI,GPU_6,1474.1,139.0,100.0
1781843658.62,ROCM_SMI,GPU_7,1474.1,139.0,97.0
1781843660.81,ROCM_SMI,GPU_0,1474.1,145.0,100.0
1781843660.81,ROCM_SMI,GPU_1,1474.1,142.0,100.0
1781843660.81,ROCM_SMI,GPU_2,1474.1,149.0,100.0
1781843660.81,ROCM_SMI,GPU_3,1474.1,148.0,100.0
1781843660.81,ROCM_SMI,GPU_4,1474.1,146.0,100.0
1781843660.81,ROCM_SMI,GPU_5,1474.1,144.0,100.0
1781843660.81,ROCM_SMI,GPU_6,1474.1,139.0,100.0
1781843660.81,ROCM_SMI,GPU_7,1474.1,138.0,100.0
1781843663.01,ROCM_SMI,GPU_0,1474.1,149.0,100.0
1781843663.01,ROCM_SMI,GPU_1,1474.1,139.0,100.0
1781843663.01,ROCM_SMI,GPU_2,1474.1,144.0,100.0
1781843663.01,ROCM_SMI,GPU_3,1474.1,146.0,100.0
1781843663.01,ROCM_SMI,GPU_4,1474.1,143.0,100.0
1781843663.01,ROCM_SMI,GPU_5,1474.1,138.0,100.0
1781843663.01,ROCM_SMI,GPU_6,1474.1,146.0,100.0
1781843663.01,ROCM_SMI,GPU_7,1474.1,140.0,100.0
1781843665.20,ROCM_SMI,GPU_0,1474.1,151.0,100.0
1781843665.20,ROCM_SMI,GPU_1,1474.1,140.0,100.0
1781843665.20,ROCM_SMI,GPU_2,1474.1,143.0,100.0
1781843665.20,ROCM_SMI,GPU_3,1474.1,145.0,100.0
1781843665.20,ROCM_SMI,GPU_4,1474.1,141.0,100.0
1781843665.20,ROCM_SMI,GPU_5,1474.1,138.0,100.0
1781843665.20,ROCM_SMI,GPU_6,1474.1,144.0,100.0
1781843665.20,ROCM_SMI,GPU_7,1474.1,137.0,100.0
1781843667.41,ROCM_SMI,GPU_0,1474.1,146.0,100.0
1781843667.41,ROCM_SMI,GPU_1,1474.1,142.0,100.0
1781843667.41,ROCM_SMI,GPU_2,1474.1,145.0,100.0
1781843667.41,ROCM_SMI,GPU_3,1474.1,147.0,100.0
1781843667.41,ROCM_SMI,GPU_4,1474.1,142.0,100.0
1781843667.41,ROCM_SMI,GPU_5,1474.1,143.0,100.0
1781843667.41,ROCM_SMI,GPU_6,1474.1,140.0,100.0
1781843667.41,ROCM_SMI,GPU_7,1474.1,140.0,88.0
1781843669.60,ROCM_SMI,GPU_0,1474.1,145.0,100.0
1781843669.60,ROCM_SMI,GPU_1,1474.1,141.0,100.0
1781843669.60,ROCM_SMI,GPU_2,1474.1,144.0,100.0
1781843669.60,ROCM_SMI,GPU_3,1474.1,143.0,100.0
1781843669.60,ROCM_SMI,GPU_4,1474.1,140.0,100.0
1781843669.60,ROCM_SMI,GPU_5,1474.1,136.0,100.0
1781843669.60,ROCM_SMI,GPU_6,1474.1,137.0,100.0
1781843669.60,ROCM_SMI,GPU_7,1474.1,135.0,89.0
1781843671.79,ROCM_SMI,GPU_0,1474.1,145.0,100.0
1781843671.79,ROCM_SMI,GPU_1,1474.1,142.0,100.0
1781843671.79,ROCM_SMI,GPU_2,1474.1,148.0,100.0
1781843671.79,ROCM_SMI,GPU_3,1474.1,147.0,100.0
1781843671.79,ROCM_SMI,GPU_4,1474.1,145.0,100.0
1781843671.79,ROCM_SMI,GPU_5,1474.1,143.0,100.0
1781843671.79,ROCM_SMI,GPU_6,1474.1,139.0,100.0
1781843671.79,ROCM_SMI,GPU_7,1474.1,139.0,100.0
1781843673.99,ROCM_SMI,GPU_0,1474.1,146.0,100.0
1781843673.99,ROCM_SMI,GPU_1,1474.1,141.0,100.0
1781843673.99,ROCM_SMI,GPU_2,1474.1,147.0,100.0
1781843673.99,ROCM_SMI,GPU_3,1474.1,147.0,100.0
1781843673.99,ROCM_SMI,GPU_4,1474.1,145.0,100.0
1781843673.99,ROCM_SMI,GPU_5,1474.1,139.0,100.0
1781843673.99,ROCM_SMI,GPU_6,1474.1,142.0,100.0
1781843673.99,ROCM_SMI,GPU_7,1474.1,137.0,100.0
1781843676.18,ROCM_SMI,GPU_0,1474.1,146.0,100.0
1781843676.18,ROCM_SMI,GPU_1,1474.1,145.0,100.0
1781843676.18,ROCM_SMI,GPU_2,1474.1,147.0,100.0
1781843676.18,ROCM_SMI,GPU_3,1474.1,145.0,100.0
1781843676.18,ROCM_SMI,GPU_4,1474.1,142.0,100.0
1781843676.18,ROCM_SMI,GPU_5,1474.1,137.0,100.0
1781843676.18,ROCM_SMI,GPU_6,1474.1,142.0,100.0
1781843676.18,ROCM_SMI,GPU_7,1474.1,138.0,100.0
1781843678.38,ROCM_SMI,GPU_0,1474.1,149.0,100.0
1781843678.38,ROCM_SMI,GPU_1,1474.1,143.0,100.0
1781843678.38,ROCM_SMI,GPU_2,1474.1,143.0,100.0
1781843678.38,ROCM_SMI,GPU_3,1474.1,146.0,100.0
1781843678.38,ROCM_SMI,GPU_4,1474.1,141.0,100.0
1781843678.38,ROCM_SMI,GPU_5,1474.1,140.0,100.0
1781843678.38,ROCM_SMI,GPU_6,1474.1,144.0,100.0
1781843678.38,ROCM_SMI,GPU_7,1474.1,138.0,100.0
1781843680.57,ROCM_SMI,GPU_0,1474.1,144.0,87.0
1781843680.57,ROCM_SMI,GPU_1,1474.1,142.0,100.0
1781843680.57,ROCM_SMI,GPU_2,1474.1,147.0,100.0
1781843680.57,ROCM_SMI,GPU_3,1474.1,147.0,100.0
1781843680.57,ROCM_SMI,GPU_4,1474.1,144.0,100.0
1781843680.57,ROCM_SMI,GPU_5,1474.1,143.0,100.0
1781843680.57,ROCM_SMI,GPU_6,1474.1,139.0,100.0
1781843680.57,ROCM_SMI,GPU_7,1474.1,140.0,100.0
1781843682.76,ROCM_SMI,GPU_0,1474.1,145.0,84.0
1781843682.76,ROCM_SMI,GPU_1,1474.1,142.0,100.0
1781843682.76,ROCM_SMI,GPU_2,1474.1,148.0,100.0
1781843682.76,ROCM_SMI,GPU_3,1474.1,146.0,100.0
1781843682.76,ROCM_SMI,GPU_4,1474.1,145.0,100.0
1781843682.76,ROCM_SMI,GPU_5,1474.1,142.0,100.0
1781843682.76,ROCM_SMI,GPU_6,1474.1,140.0,100.0
1781843682.76,ROCM_SMI,GPU_7,1474.1,139.0,100.0
1781843684.96,ROCM_SMI,GPU_0,1474.1,146.0,100.0
1781843684.96,ROCM_SMI,GPU_1,1474.1,140.0,88.0
1781843684.96,ROCM_SMI,GPU_2,1474.1,146.0,100.0
1781843684.96,ROCM_SMI,GPU_3,1474.1,146.0,100.0
1781843684.96,ROCM_SMI,GPU_4,1474.1,144.0,100.0
1781843684.96,ROCM_SMI,GPU_5,1474.1,138.0,100.0
1781843684.96,ROCM_SMI,GPU_6,1474.1,141.0,100.0
1781843684.96,ROCM_SMI,GPU_7,1474.1,137.0,100.0
1781843687.15,ROCM_SMI,GPU_0,1474.1,146.0,100.0
1781843687.15,ROCM_SMI,GPU_1,1474.1,140.0,100.0
1781843687.15,ROCM_SMI,GPU_2,1474.1,146.0,97.0
1781843687.15,ROCM_SMI,GPU_3,1474.1,146.0,91.0
1781843687.15,ROCM_SMI,GPU_4,1474.1,144.0,100.0
1781843687.15,ROCM_SMI,GPU_5,1474.1,139.0,100.0
1781843687.15,ROCM_SMI,GPU_6,1474.1,142.0,100.0
1781843687.15,ROCM_SMI,GPU_7,1474.1,138.0,100.0
1781843689.34,ROCM_SMI,GPU_0,1474.1,148.0,100.0
1781843689.34,ROCM_SMI,GPU_1,1474.1,142.0,100.0
1781843689.34,ROCM_SMI,GPU_2,1474.1,146.0,100.0
1781843689.34,ROCM_SMI,GPU_3,1474.1,145.0,100.0
1781843689.34,ROCM_SMI,GPU_4,1474.1,142.0,95.0
1781843689.34,ROCM_SMI,GPU_5,1474.1,137.0,100.0
1781843689.34,ROCM_SMI,GPU_6,1474.1,145.0,100.0
1781843689.34,ROCM_SMI,GPU_7,1474.1,137.0,100.0
1781843691.54,ROCM_SMI,GPU_0,1474.1,143.0,100.0
1781843691.54,ROCM_SMI,GPU_1,1474.1,137.0,100.0
1781843691.54,ROCM_SMI,GPU_2,1474.1,140.0,100.0
1781843691.54,ROCM_SMI,GPU_3,1474.1,138.0,87.0
1781843691.54,ROCM_SMI,GPU_4,1474.1,128.0,100.0
1781843691.54,ROCM_SMI,GPU_5,1474.1,145.0,100.0
1781843691.54,ROCM_SMI,GPU_6,1474.1,152.0,100.0
1781843691.54,ROCM_SMI,GPU_7,1474.1,152.0,100.0
1781843693.73,ROCM_SMI,GPU_0,1474.1,152.0,100.0
1781843693.73,ROCM_SMI,GPU_1,1474.1,142.0,100.0
1781843693.73,ROCM_SMI,GPU_2,1474.1,143.0,100.0
1781843693.73,ROCM_SMI,GPU_3,1474.1,145.0,100.0
1781843693.73,ROCM_SMI,GPU_4,1474.1,139.0,100.0
1781843693.73,ROCM_SMI,GPU_5,1474.1,139.0,87.0
1781843693.73,ROCM_SMI,GPU_6,1474.1,144.0,100.0
1781843693.73,ROCM_SMI,GPU_7,1474.1,140.0,100.0
1781843695.92,ROCM_SMI,GPU_0,1474.1,147.0,100.0
1781843695.92,ROCM_SMI,GPU_1,1474.1,143.0,100.0
1781843695.92,ROCM_SMI,GPU_2,1474.1,146.0,100.0
1781843695.92,ROCM_SMI,GPU_3,1474.1,146.0,100.0
1781843695.92,ROCM_SMI,GPU_4,1474.1,143.0,100.0
1781843695.92,ROCM_SMI,GPU_5,1474.1,143.0,100.0
1781843695.92,ROCM_SMI,GPU_6,1474.1,141.0,87.0
1781843695.92,ROCM_SMI,GPU_7,1474.1,140.0,100.0
1781843698.12,ROCM_SMI,GPU_0,1474.1,146.0,100.0
1781843698.12,ROCM_SMI,GPU_1,1474.1,144.0,100.0
1781843698.12,ROCM_SMI,GPU_2,1474.1,146.0,100.0
1781843698.12,ROCM_SMI,GPU_3,1474.1,146.0,100.0
1781843698.12,ROCM_SMI,GPU_4,1474.1,141.0,100.0
1781843698.12,ROCM_SMI,GPU_5,1474.1,143.0,100.0
1781843698.12,ROCM_SMI,GPU_6,1474.1,140.0,100.0
1781843698.12,ROCM_SMI,GPU_7,1474.1,141.0,100.0
1781843700.31,ROCM_SMI,GPU_0,1474.1,146.0,100.0
1781843700.31,ROCM_SMI,GPU_1,1474.1,141.0,100.0
1781843700.31,ROCM_SMI,GPU_2,1474.1,148.0,100.0
1781843700.31,ROCM_SMI,GPU_3,1474.1,149.0,100.0
1781843700.31,ROCM_SMI,GPU_4,1474.1,145.0,100.0
1781843700.31,ROCM_SMI,GPU_5,1474.1,140.0,100.0
1781843700.31,ROCM_SMI,GPU_6,1474.1,140.0,100.0
1781843700.31,ROCM_SMI,GPU_7,1474.1,139.0,100.0
1781843702.50,ROCM_SMI,GPU_0,1474.1,151.0,100.0
1781843702.50,ROCM_SMI,GPU_1,1474.1,142.0,100.0
1781843702.50,ROCM_SMI,GPU_2,1474.1,143.0,100.0
1781843702.50,ROCM_SMI,GPU_3,1474.1,146.0,100.0
1781843702.50,ROCM_SMI,GPU_4,1474.1,141.0,100.0
1781843702.50,ROCM_SMI,GPU_5,1474.1,138.0,100.0
1781843702.50,ROCM_SMI,GPU_6,1474.1,144.0,100.0
1781843702.50,ROCM_SMI,GPU_7,1474.1,137.0,100.0
1781843704.70,ROCM_SMI,GPU_0,1474.1,181.0,100.0
1781843704.70,ROCM_SMI,GPU_1,1474.1,153.0,100.0
1781843704.70,ROCM_SMI,GPU_2,1474.1,141.0,100.0
1781843704.70,ROCM_SMI,GPU_3,1474.1,141.0,100.0
1781843704.70,ROCM_SMI,GPU_4,1474.1,138.0,100.0
1781843704.70,ROCM_SMI,GPU_5,1474.1,137.0,100.0
1781843704.70,ROCM_SMI,GPU_6,1474.1,140.0,100.0
1781843704.70,ROCM_SMI,GPU_7,1474.1,135.0,100.0
1781843706.89,ROCM_SMI,GPU_0,1474.1,150.0,100.0
1781843706.89,ROCM_SMI,GPU_1,1474.1,142.0,100.0
1781843706.89,ROCM_SMI,GPU_2,1474.1,143.0,100.0
1781843706.89,ROCM_SMI,GPU_3,1474.1,145.0,100.0
1781843706.89,ROCM_SMI,GPU_4,1474.1,141.0,100.0
1781843706.89,ROCM_SMI,GPU_5,1474.1,139.0,100.0
1781843706.89,ROCM_SMI,GPU_6,1474.1,144.0,100.0
1781843706.89,ROCM_SMI,GPU_7,1474.1,138.0,100.0
1781843709.08,ROCM_SMI,GPU_0,1474.1,148.0,100.0
1781843709.08,ROCM_SMI,GPU_1,1474.1,140.0,87.0
1781843709.08,ROCM_SMI,GPU_2,1474.1,143.0,100.0
1781843709.08,ROCM_SMI,GPU_3,1474.1,147.0,100.0
1781843709.08,ROCM_SMI,GPU_4,1474.1,143.0,100.0
1781843709.08,ROCM_SMI,GPU_5,1474.1,138.0,100.0
1781843709.08,ROCM_SMI,GPU_6,1474.1,144.0,100.0
1781843709.08,ROCM_SMI,GPU_7,1474.1,138.0,100.0
1781843711.28,ROCM_SMI,GPU_0,1474.1,149.0,100.0
1781843711.28,ROCM_SMI,GPU_1,1474.1,139.0,100.0
1781843711.28,ROCM_SMI,GPU_2,1474.1,142.0,100.0
1781843711.28,ROCM_SMI,GPU_3,1474.1,145.0,87.0
1781843711.28,ROCM_SMI,GPU_4,1474.1,141.0,100.0
1781843711.28,ROCM_SMI,GPU_5,1474.1,138.0,100.0
1781843711.28,ROCM_SMI,GPU_6,1474.1,144.0,100.0
1781843711.28,ROCM_SMI,GPU_7,1474.1,138.0,100.0
1781843713.47,ROCM_SMI,GPU_0,1474.1,151.0,100.0
1781843713.47,ROCM_SMI,GPU_1,1474.1,141.0,100.0
1781843713.47,ROCM_SMI,GPU_2,1474.1,143.0,100.0
1781843713.47,ROCM_SMI,GPU_3,1474.1,145.0,100.0
1781843713.47,ROCM_SMI,GPU_4,1474.1,142.0,84.0
1781843713.47,ROCM_SMI,GPU_5,1474.1,136.0,100.0
1781843713.47,ROCM_SMI,GPU_6,1474.1,144.0,100.0
1781843713.47,ROCM_SMI,GPU_7,1474.1,138.0,100.0
1781843715.66,ROCM_SMI,GPU_0,1474.1,151.0,100.0
1781843715.66,ROCM_SMI,GPU_1,1474.1,140.0,100.0
1781843715.66,ROCM_SMI,GPU_2,1474.1,143.0,100.0
1781843715.66,ROCM_SMI,GPU_3,1474.1,146.0,100.0
1781843715.66,ROCM_SMI,GPU_4,1474.1,142.0,100.0
1781843715.66,ROCM_SMI,GPU_5,1474.1,138.0,100.0
1781843715.66,ROCM_SMI,GPU_6,1474.1,144.0,76.0
1781843715.66,ROCM_SMI,GPU_7,1474.1,138.0,100.0
1781843717.85,ROCM_SMI,GPU_0,1474.1,147.0,100.0
1781843717.85,ROCM_SMI,GPU_1,1474.1,143.0,100.0
1781843717.85,ROCM_SMI,GPU_2,1474.1,147.0,100.0
1781843717.85,ROCM_SMI,GPU_3,1474.1,148.0,100.0
1781843717.85,ROCM_SMI,GPU_4,1474.1,144.0,100.0
1781843717.85,ROCM_SMI,GPU_5,1474.1,145.0,100.0
1781843717.85,ROCM_SMI,GPU_6,1474.1,138.0,100.0
1781843717.85,ROCM_SMI,GPU_7,1474.1,136.0,81.0
1781843720.05,ROCM_SMI,GPU_0,1474.1,147.0,100.0
1781843720.05,ROCM_SMI,GPU_1,1474.1,141.0,100.0
1781843720.05,ROCM_SMI,GPU_2,1474.1,147.0,100.0
1781843720.05,ROCM_SMI,GPU_3,1474.1,148.0,100.0
1781843720.05,ROCM_SMI,GPU_4,1474.1,146.0,100.0
1781843720.05,ROCM_SMI,GPU_5,1474.1,140.0,100.0
1781843720.05,ROCM_SMI,GPU_6,1474.1,141.0,92.0
1781843720.05,ROCM_SMI,GPU_7,1474.1,138.0,94.0
1781843722.24,ROCM_SMI,GPU_0,1474.1,150.0,100.0
1781843722.24,ROCM_SMI,GPU_1,1474.1,141.0,100.0
1781843722.24,ROCM_SMI,GPU_2,1474.1,143.0,100.0
1781843722.24,ROCM_SMI,GPU_3,1474.1,145.0,100.0
1781843722.24,ROCM_SMI,GPU_4,1474.1,142.0,100.0
1781843722.24,ROCM_SMI,GPU_5,1474.1,137.0,100.0
1781843722.24,ROCM_SMI,GPU_6,1474.1,144.0,100.0
1781843722.24,ROCM_SMI,GPU_7,1474.1,139.0,100.0
1781843724.43,ROCM_SMI,GPU_0,1474.1,151.0,100.0
1781843724.43,ROCM_SMI,GPU_1,1474.1,143.0,100.0
1781843724.43,ROCM_SMI,GPU_2,1474.1,144.0,100.0
1781843724.43,ROCM_SMI,GPU_3,1474.1,146.0,100.0
1781843724.43,ROCM_SMI,GPU_4,1474.1,140.0,100.0
1781843724.43,ROCM_SMI,GPU_5,1474.1,140.0,100.0
1781843724.43,ROCM_SMI,GPU_6,1474.1,144.0,100.0
1781843724.43,ROCM_SMI,GPU_7,1474.1,138.0,100.0
1781843726.62,ROCM_SMI,GPU_0,1474.1,146.0,100.0
1781843726.62,ROCM_SMI,GPU_1,1474.1,143.0,100.0
1781843726.62,ROCM_SMI,GPU_2,1474.1,145.0,100.0
1781843726.62,ROCM_SMI,GPU_3,1474.1,147.0,100.0
1781843726.62,ROCM_SMI,GPU_4,1474.1,141.0,100.0
1781843726.62,ROCM_SMI,GPU_5,1474.1,143.0,100.0
1781843726.62,ROCM_SMI,GPU_6,1474.1,140.0,100.0
1781843726.62,ROCM_SMI,GPU_7,1474.1,140.0,100.0
1781843728.81,ROCM_SMI,GPU_0,1474.1,147.0,84.0
1781843728.81,ROCM_SMI,GPU_1,1474.1,141.0,100.0
1781843728.81,ROCM_SMI,GPU_2,1474.1,145.0,100.0
1781843728.81,ROCM_SMI,GPU_3,1474.1,146.0,100.0
1781843728.81,ROCM_SMI,GPU_4,1474.1,141.0,100.0
1781843728.81,ROCM_SMI,GPU_5,1474.1,143.0,100.0
1781843728.81,ROCM_SMI,GPU_6,1474.1,141.0,100.0
1781843728.81,ROCM_SMI,GPU_7,1474.1,140.0,100.0
1781843731.01,ROCM_SMI,GPU_0,1474.1,149.0,100.0
1781843731.01,ROCM_SMI,GPU_1,1474.1,141.0,100.0
1781843731.01,ROCM_SMI,GPU_2,1474.1,143.0,84.0
1781843731.01,ROCM_SMI,GPU_3,1474.1,145.0,100.0
1781843731.01,ROCM_SMI,GPU_4,1474.1,141.0,100.0
1781843731.01,ROCM_SMI,GPU_5,1474.1,143.0,100.0
1781843731.01,ROCM_SMI,GPU_6,1474.1,141.0,100.0
1781843731.01,ROCM_SMI,GPU_7,1474.1,140.0,100.0
1781843733.20,ROCM_SMI,GPU_0,1474.1,151.0,100.0
1781843733.20,ROCM_SMI,GPU_1,1474.1,141.0,100.0
1781843733.20,ROCM_SMI,GPU_2,1474.1,143.0,100.0
1781843733.20,ROCM_SMI,GPU_3,1474.1,146.0,89.0
1781843733.20,ROCM_SMI,GPU_4,1474.1,142.0,100.0
1781843733.20,ROCM_SMI,GPU_5,1474.1,139.0,100.0
1781843733.20,ROCM_SMI,GPU_6,1474.1,145.0,100.0
1781843733.20,ROCM_SMI,GPU_7,1474.1,139.0,100.0
1781843735.40,ROCM_SMI,GPU_0,1474.1,150.0,100.0
1781843735.40,ROCM_SMI,GPU_1,1474.1,142.0,100.0
1781843735.40,ROCM_SMI,GPU_2,1474.1,145.0,100.0
1781843735.40,ROCM_SMI,GPU_3,1474.1,147.0,100.0
1781843735.40,ROCM_SMI,GPU_4,1474.1,143.0,88.0
1781843735.40,ROCM_SMI,GPU_5,1474.1,137.0,100.0
1781843735.40,ROCM_SMI,GPU_6,1474.1,144.0,100.0
1781843735.40,ROCM_SMI,GPU_7,1474.1,137.0,100.0
1781843737.59,ROCM_SMI,GPU_0,1474.1,149.0,100.0
1781843737.59,ROCM_SMI,GPU_1,1474.1,140.0,100.0
1781843737.59,ROCM_SMI,GPU_2,1474.1,145.0,100.0
1781843737.59,ROCM_SMI,GPU_3,1474.1,148.0,100.0
1781843737.59,ROCM_SMI,GPU_4,1474.1,144.0,100.0
1781843737.59,ROCM_SMI,GPU_5,1474.1,138.0,90.0
1781843737.59,ROCM_SMI,GPU_6,1474.1,142.0,100.0
1781843737.59,ROCM_SMI,GPU_7,1474.1,140.0,100.0
1781843739.79,ROCM_SMI,GPU_0,1474.1,146.0,100.0
1781843739.79,ROCM_SMI,GPU_1,1474.1,140.0,100.0
1781843739.79,ROCM_SMI,GPU_2,1474.1,149.0,100.0
1781843739.79,ROCM_SMI,GPU_3,1474.1,149.0,100.0
1781843739.79,ROCM_SMI,GPU_4,1474.1,146.0,100.0
1781843739.79,ROCM_SMI,GPU_5,1474.1,141.0,100.0
1781843739.79,ROCM_SMI,GPU_6,1474.1,140.0,100.0
1781843739.79,ROCM_SMI,GPU_7,1474.1,138.0,85.0
1781843741.98,ROCM_SMI,GPU_0,1474.1,147.0,100.0
1781843741.98,ROCM_SMI,GPU_1,1474.1,140.0,100.0
1781843741.98,ROCM_SMI,GPU_2,1474.1,147.0,100.0
1781843741.98,ROCM_SMI,GPU_3,1474.1,147.0,100.0
1781843741.98,ROCM_SMI,GPU_4,1474.1,145.0,100.0
1781843741.98,ROCM_SMI,GPU_5,1474.1,139.0,100.0
1781843741.98,ROCM_SMI,GPU_6,1474.1,142.0,100.0
1781843741.98,ROCM_SMI,GPU_7,1474.1,139.0,100.0
1781843744.17,ROCM_SMI,GPU_0,1474.1,147.0,100.0
1781843744.17,ROCM_SMI,GPU_1,1474.1,140.0,100.0
1781843744.17,ROCM_SMI,GPU_2,1474.1,145.0,100.0
1781843744.17,ROCM_SMI,GPU_3,1474.1,146.0,100.0
1781843744.17,ROCM_SMI,GPU_4,1474.1,145.0,100.0
1781843744.17,ROCM_SMI,GPU_5,1474.1,139.0,100.0
1781843744.17,ROCM_SMI,GPU_6,1474.1,142.0,100.0
1781843744.17,ROCM_SMI,GPU_7,1474.1,137.0,100.0
1781843746.37,ROCM_SMI,GPU_0,1474.1,151.0,100.0
1781843746.37,ROCM_SMI,GPU_1,1474.1,141.0,100.0
1781843746.37,ROCM_SMI,GPU_2,1474.1,144.0,100.0
1781843746.37,ROCM_SMI,GPU_3,1474.1,148.0,100.0
1781843746.37,ROCM_SMI,GPU_4,1474.1,140.0,100.0
1781843746.37,ROCM_SMI,GPU_5,1474.1,137.0,100.0
1781843746.37,ROCM_SMI,GPU_6,1474.1,145.0,100.0
1781843746.37,ROCM_SMI,GPU_7,1474.1,136.0,100.0
1781843748.57,ROCM_SMI,GPU_0,1474.1,150.0,100.0
1781843748.57,ROCM_SMI,GPU_1,1474.1,140.0,100.0
1781843748.57,ROCM_SMI,GPU_2,1474.1,143.0,100.0
1781843748.57,ROCM_SMI,GPU_3,1474.1,146.0,100.0
1781843748.57,ROCM_SMI,GPU_4,1474.1,143.0,100.0
1781843748.57,ROCM_SMI,GPU_5,1474.1,138.0,100.0
1781843748.57,ROCM_SMI,GPU_6,1474.1,144.0,100.0
1781843748.57,ROCM_SMI,GPU_7,1474.1,136.0,100.0
1781843750.76,ROCM_SMI,GPU_0,1474.1,150.0,100.0
1781843750.76,ROCM_SMI,GPU_1,1474.1,141.0,100.0
1781843750.76,ROCM_SMI,GPU_2,1474.1,144.0,100.0
1781843750.76,ROCM_SMI,GPU_3,1474.1,146.0,100.0
1781843750.76,ROCM_SMI,GPU_4,1474.1,141.0,100.0
1781843750.76,ROCM_SMI,GPU_5,1474.1,138.0,100.0
1781843750.76,ROCM_SMI,GPU_6,1474.1,144.0,100.0
1781843750.76,ROCM_SMI,GPU_7,1474.1,138.0,100.0
1781843752.96,ROCM_SMI,GPU_0,1474.1,148.0,85.0
1781843752.96,ROCM_SMI,GPU_1,1474.1,140.0,100.0
1781843752.96,ROCM_SMI,GPU_2,1474.1,143.0,100.0
1781843752.96,ROCM_SMI,GPU_3,1474.1,147.0,100.0
1781843752.96,ROCM_SMI,GPU_4,1474.1,140.0,100.0
1781843752.96,ROCM_SMI,GPU_5,1474.1,139.0,100.0
1781843752.96,ROCM_SMI,GPU_6,1474.1,144.0,100.0
1781843752.96,ROCM_SMI,GPU_7,1474.1,138.0,100.0
1781843755.15,ROCM_SMI,GPU_0,1474.1,146.0,100.0
1781843755.15,ROCM_SMI,GPU_1,1474.1,139.0,100.0
1781843755.15,ROCM_SMI,GPU_2,1474.1,146.0,100.0
1781843755.15,ROCM_SMI,GPU_3,1474.1,145.0,87.0
1781843755.15,ROCM_SMI,GPU_4,1474.1,143.0,100.0
1781843755.15,ROCM_SMI,GPU_5,1474.1,139.0,100.0
1781843755.15,ROCM_SMI,GPU_6,1474.1,143.0,100.0
1781843755.15,ROCM_SMI,GPU_7,1474.1,139.0,100.0
1781843757.34,ROCM_SMI,GPU_0,1474.1,147.0,100.0
1781843757.34,ROCM_SMI,GPU_1,1474.1,142.0,100.0
1781843757.34,ROCM_SMI,GPU_2,1474.1,147.0,100.0
1781843757.34,ROCM_SMI,GPU_3,1474.1,148.0,100.0
1781843757.34,ROCM_SMI,GPU_4,1474.1,144.0,82.0
1781843757.34,ROCM_SMI,GPU_5,1474.1,138.0,100.0
1781843757.34,ROCM_SMI,GPU_6,1474.1,142.0,100.0
1781843757.34,ROCM_SMI,GPU_7,1474.1,137.0,100.0
1781843759.53,ROCM_SMI,GPU_0,1474.1,150.0,100.0
1781843759.53,ROCM_SMI,GPU_1,1474.1,140.0,100.0
1781843759.53,ROCM_SMI,GPU_2,1474.1,143.0,100.0
1781843759.53,ROCM_SMI,GPU_3,1474.1,144.0,100.0
1781843759.53,ROCM_SMI,GPU_4,1474.1,137.0,100.0
1781843759.53,ROCM_SMI,GPU_5,1474.1,137.0,88.0
1781843759.53,ROCM_SMI,GPU_6,1474.1,146.0,100.0
1781843759.53,ROCM_SMI,GPU_7,1474.1,142.0,100.0
1781843761.73,ROCM_SMI,GPU_0,1474.1,147.0,100.0
1781843761.73,ROCM_SMI,GPU_1,1474.1,142.0,100.0
1781843761.73,ROCM_SMI,GPU_2,1474.1,146.0,100.0
1781843761.73,ROCM_SMI,GPU_3,1474.1,147.0,100.0
1781843761.73,ROCM_SMI,GPU_4,1474.1,141.0,84.0
1781843761.73,ROCM_SMI,GPU_5,1474.1,144.0,100.0
1781843761.73,ROCM_SMI,GPU_6,1474.1,141.0,100.0
1781843761.73,ROCM_SMI,GPU_7,1474.1,140.0,100.0
1781843763.92,ROCM_SMI,GPU_0,1474.1,148.0,100.0
1781843763.92,ROCM_SMI,GPU_1,1474.1,142.0,100.0
1781843763.92,ROCM_SMI,GPU_2,1474.1,146.0,100.0
1781843763.92,ROCM_SMI,GPU_3,1474.1,148.0,100.0
1781843763.92,ROCM_SMI,GPU_4,1474.1,145.0,81.0
1781843763.92,ROCM_SMI,GPU_5,1474.1,137.0,100.0
1781843763.92,ROCM_SMI,GPU_6,1474.1,143.0,100.0
1781843763.92,ROCM_SMI,GPU_7,1474.1,138.0,100.0
1781843766.12,ROCM_SMI,GPU_0,1474.1,151.0,100.0
1781843766.12,ROCM_SMI,GPU_1,1474.1,140.0,100.0
1781843766.12,ROCM_SMI,GPU_2,1474.1,142.0,100.0
1781843766.12,ROCM_SMI,GPU_3,1474.1,146.0,100.0
1781843766.12,ROCM_SMI,GPU_4,1474.1,140.0,93.0
1781843766.12,ROCM_SMI,GPU_5,1474.1,139.0,100.0
1781843766.12,ROCM_SMI,GPU_6,1474.1,145.0,100.0
1781843766.12,ROCM_SMI,GPU_7,1474.1,140.0,100.0
1781843768.31,ROCM_SMI,GPU_0,1474.1,148.0,100.0
1781843768.31,ROCM_SMI,GPU_1,1474.1,143.0,100.0
1781843768.31,ROCM_SMI,GPU_2,1474.1,145.0,100.0
1781843768.31,ROCM_SMI,GPU_3,1474.1,145.0,100.0
1781843768.31,ROCM_SMI,GPU_4,1474.1,141.0,100.0
1781843768.31,ROCM_SMI,GPU_5,1474.1,141.0,88.0
1781843768.31,ROCM_SMI,GPU_6,1474.1,139.0,100.0
1781843768.31,ROCM_SMI,GPU_7,1474.1,141.0,100.0
1781843770.51,ROCM_SMI,GPU_0,1474.1,146.0,100.0
1781843770.51,ROCM_SMI,GPU_1,1474.1,142.0,100.0
1781843770.51,ROCM_SMI,GPU_2,1474.1,149.0,100.0
1781843770.51,ROCM_SMI,GPU_3,1474.1,147.0,100.0
1781843770.51,ROCM_SMI,GPU_4,1474.1,146.0,100.0
1781843770.51,ROCM_SMI,GPU_5,1474.1,142.0,90.0
1781843770.51,ROCM_SMI,GPU_6,1474.1,138.0,89.0
1781843770.51,ROCM_SMI,GPU_7,1474.1,139.0,100.0
1781843772.70,ROCM_SMI,GPU_0,1474.1,150.0,100.0
1781843772.70,ROCM_SMI,GPU_1,1474.1,141.0,100.0
1781843772.70,ROCM_SMI,GPU_2,1474.1,145.0,100.0
1781843772.70,ROCM_SMI,GPU_3,1474.1,148.0,100.0
1781843772.70,ROCM_SMI,GPU_4,1474.1,144.0,100.0
1781843772.70,ROCM_SMI,GPU_5,1474.1,136.0,100.0
1781843772.70,ROCM_SMI,GPU_6,1474.1,143.0,100.0
1781843772.70,ROCM_SMI,GPU_7,1474.1,138.0,82.0
1781843774.89,ROCM_SMI,GPU_0,1474.1,148.0,100.0
1781843774.89,ROCM_SMI,GPU_1,1474.1,142.0,100.0
1781843774.89,ROCM_SMI,GPU_2,1474.1,145.0,100.0
1781843774.89,ROCM_SMI,GPU_3,1474.1,148.0,100.0
1781843774.89,ROCM_SMI,GPU_4,1474.1,140.0,100.0
1781843774.89,ROCM_SMI,GPU_5,1474.1,143.0,100.0
1781843774.89,ROCM_SMI,GPU_6,1474.1,140.0,100.0
1781843774.89,ROCM_SMI,GPU_7,1474.1,140.0,100.0
1781843777.08,ROCM_SMI,GPU_0,1474.1,145.0,100.0
1781843777.08,ROCM_SMI,GPU_1,1474.1,142.0,100.0
1781843777.08,ROCM_SMI,GPU_2,1474.1,148.0,100.0
1781843777.08,ROCM_SMI,GPU_3,1474.1,148.0,100.0
1781843777.08,ROCM_SMI,GPU_4,1474.1,144.0,100.0
1781843777.08,ROCM_SMI,GPU_5,1474.1,143.0,100.0
1781843777.08,ROCM_SMI,GPU_6,1474.1,139.0,100.0
1781843777.08,ROCM_SMI,GPU_7,1474.1,139.0,81.0
1781843779.28,ROCM_SMI,GPU_0,1474.1,149.0,100.0
1781843779.28,ROCM_SMI,GPU_1,1474.1,140.0,100.0
1781843779.28,ROCM_SMI,GPU_2,1474.1,144.0,100.0
1781843779.28,ROCM_SMI,GPU_3,1474.1,146.0,100.0
1781843779.28,ROCM_SMI,GPU_4,1474.1,145.0,100.0
1781843779.28,ROCM_SMI,GPU_5,1474.1,139.0,100.0
1781843779.28,ROCM_SMI,GPU_6,1474.1,143.0,100.0
1781843779.28,ROCM_SMI,GPU_7,1474.1,139.0,100.0
1781843781.47,ROCM_SMI,GPU_0,1474.1,151.0,100.0
1781843781.47,ROCM_SMI,GPU_1,1474.1,140.0,100.0
1781843781.47,ROCM_SMI,GPU_2,1474.1,143.0,100.0
1781843781.47,ROCM_SMI,GPU_3,1474.1,146.0,100.0
1781843781.47,ROCM_SMI,GPU_4,1474.1,141.0,100.0
1781843781.47,ROCM_SMI,GPU_5,1474.1,139.0,100.0
1781843781.47,ROCM_SMI,GPU_6,1474.1,145.0,100.0
1781843781.47,ROCM_SMI,GPU_7,1474.1,138.0,100.0
1781843783.66,ROCM_SMI,GPU_0,1474.1,149.0,100.0
1781843783.66,ROCM_SMI,GPU_1,1474.1,142.0,100.0
1781843783.66,ROCM_SMI,GPU_2,1474.1,144.0,100.0
1781843783.66,ROCM_SMI,GPU_3,1474.1,145.0,100.0
1781843783.66,ROCM_SMI,GPU_4,1474.1,140.0,100.0
1781843783.66,ROCM_SMI,GPU_5,1474.1,142.0,100.0
1781843783.66,ROCM_SMI,GPU_6,1474.1,141.0,100.0
1781843783.66,ROCM_SMI,GPU_7,1474.1,140.0,100.0
1781843785.85,ROCM_SMI,GPU_0,1474.1,144.0,100.0
1781843785.85,ROCM_SMI,GPU_1,1474.1,142.0,100.0
1781843785.85,ROCM_SMI,GPU_2,1474.1,147.0,100.0
1781843785.85,ROCM_SMI,GPU_3,1474.1,145.0,100.0
1781843785.85,ROCM_SMI,GPU_4,1474.1,142.0,100.0
1781843785.85,ROCM_SMI,GPU_5,1474.1,144.0,100.0
1781843785.85,ROCM_SMI,GPU_6,1474.1,140.0,100.0
1781843785.85,ROCM_SMI,GPU_7,1474.1,140.0,100.0
1781843788.05,ROCM_SMI,GPU_0,1474.1,137.0,100.0
1781843788.05,ROCM_SMI,GPU_1,1474.1,143.0,100.0
1781843788.05,ROCM_SMI,GPU_2,1474.1,151.0,100.0
1781843788.05,ROCM_SMI,GPU_3,1474.1,151.0,100.0
1781843788.05,ROCM_SMI,GPU_4,1474.1,157.0,100.0
1781843788.05,ROCM_SMI,GPU_5,1474.1,150.0,100.0
1781843788.05,ROCM_SMI,GPU_6,1474.1,142.0,100.0
1781843788.05,ROCM_SMI,GPU_7,1474.1,136.0,100.0
1781843790.25,ROCM_SMI,GPU_0,1474.1,146.0,100.0
1781843790.25,ROCM_SMI,GPU_1,1474.1,139.0,100.0
1781843790.25,ROCM_SMI,GPU_2,1474.1,145.0,100.0
1781843790.25,ROCM_SMI,GPU_3,1474.1,147.0,100.0
1781843790.25,ROCM_SMI,GPU_4,1474.1,145.0,100.0
1781843790.25,ROCM_SMI,GPU_5,1474.1,139.0,100.0
1781843790.25,ROCM_SMI,GPU_6,1474.1,144.0,100.0
1781843790.25,ROCM_SMI,GPU_7,1474.1,138.0,100.0
1781843792.44,ROCM_SMI,GPU_0,1474.1,148.0,100.0
1781843792.44,ROCM_SMI,GPU_1,1474.1,138.0,88.0
1781843792.44,ROCM_SMI,GPU_2,1474.1,142.0,100.0
1781843792.44,ROCM_SMI,GPU_3,1474.1,147.0,100.0
1781843792.44,ROCM_SMI,GPU_4,1474.1,143.0,100.0
1781843792.44,ROCM_SMI,GPU_5,1474.1,136.0,100.0
1781843792.44,ROCM_SMI,GPU_6,1474.1,144.0,100.0
1781843792.44,ROCM_SMI,GPU_7,1474.1,138.0,100.0
1781843794.63,ROCM_SMI,GPU_0,1474.1,149.0,100.0
1781843794.63,ROCM_SMI,GPU_1,1474.1,141.0,100.0
1781843794.63,ROCM_SMI,GPU_2,1474.1,142.0,90.0
1781843794.63,ROCM_SMI,GPU_3,1474.1,146.0,100.0
1781843794.63,ROCM_SMI,GPU_4,1474.1,140.0,100.0
1781843794.63,ROCM_SMI,GPU_5,1474.1,140.0,100.0
1781843794.63,ROCM_SMI,GPU_6,1474.1,144.0,100.0
1781843794.63,ROCM_SMI,GPU_7,1474.1,140.0,100.0
1781843796.82,ROCM_SMI,GPU_0,1474.1,144.0,100.0
1781843796.82,ROCM_SMI,GPU_1,1474.1,140.0,100.0
1781843796.82,ROCM_SMI,GPU_2,1474.1,147.0,84.0
1781843796.82,ROCM_SMI,GPU_3,1474.1,147.0,100.0
1781843796.82,ROCM_SMI,GPU_4,1474.1,146.0,100.0
1781843796.82,ROCM_SMI,GPU_5,1474.1,140.0,100.0
1781843796.82,ROCM_SMI,GPU_6,1474.1,141.0,100.0
1781843796.82,ROCM_SMI,GPU_7,1474.1,138.0,100.0
1781843799.02,ROCM_SMI,GPU_0,1474.1,148.0,100.0
1781843799.02,ROCM_SMI,GPU_1,1474.1,140.0,91.0
1781843799.02,ROCM_SMI,GPU_2,1474.1,143.0,86.0
1781843799.02,ROCM_SMI,GPU_3,1474.1,145.0,100.0
1781843799.02,ROCM_SMI,GPU_4,1474.1,141.0,100.0
1781843799.02,ROCM_SMI,GPU_5,1474.1,142.0,100.0
1781843799.02,ROCM_SMI,GPU_6,1474.1,140.0,100.0
1781843799.02,ROCM_SMI,GPU_7,1474.1,141.0,100.0
1781843801.21,ROCM_SMI,GPU_0,1474.1,142.0,100.0
1781843801.21,ROCM_SMI,GPU_1,1474.1,134.0,82.0
1781843801.21,ROCM_SMI,GPU_2,1474.1,140.0,100.0
1781843801.21,ROCM_SMI,GPU_3,1474.1,146.0,100.0
1781843801.21,ROCM_SMI,GPU_4,1474.1,147.0,100.0
1781843801.21,ROCM_SMI,GPU_5,1474.1,136.0,100.0
1781843801.21,ROCM_SMI,GPU_6,1474.1,149.0,100.0
1781843801.21,ROCM_SMI,GPU_7,1474.1,141.0,100.0
1781843803.40,ROCM_SMI,GPU_0,1474.1,151.0,100.0
1781843803.40,ROCM_SMI,GPU_1,1474.1,141.0,100.0
1781843803.40,ROCM_SMI,GPU_2,1474.1,141.0,91.0
1781843803.40,ROCM_SMI,GPU_3,1474.1,145.0,100.0
1781843803.40,ROCM_SMI,GPU_4,1474.1,142.0,100.0
1781843803.40,ROCM_SMI,GPU_5,1474.1,140.0,100.0
1781843803.40,ROCM_SMI,GPU_6,1474.1,144.0,100.0
1781843803.40,ROCM_SMI,GPU_7,1474.1,138.0,100.0
1781843805.60,ROCM_SMI,GPU_0,1474.1,146.0,100.0
1781843805.60,ROCM_SMI,GPU_1,1474.1,140.0,100.0
1781843805.60,ROCM_SMI,GPU_2,1474.1,146.0,100.0
1781843805.60,ROCM_SMI,GPU_3,1474.1,147.0,100.0
1781843805.60,ROCM_SMI,GPU_4,1474.1,145.0,100.0
1781843805.60,ROCM_SMI,GPU_5,1474.1,142.0,100.0
1781843805.60,ROCM_SMI,GPU_6,1474.1,140.0,100.0
1781843805.60,ROCM_SMI,GPU_7,1474.1,139.0,100.0
1781843807.79,ROCM_SMI,GPU_0,1474.1,149.0,100.0
1781843807.79,ROCM_SMI,GPU_1,1474.1,139.0,100.0
1781843807.79,ROCM_SMI,GPU_2,1474.1,142.0,100.0
1781843807.79,ROCM_SMI,GPU_3,1474.1,145.0,100.0
1781843807.79,ROCM_SMI,GPU_4,1474.1,142.0,100.0
1781843807.79,ROCM_SMI,GPU_5,1474.1,138.0,100.0
1781843807.79,ROCM_SMI,GPU_6,1474.1,144.0,100.0
1781843807.79,ROCM_SMI,GPU_7,1474.1,138.0,100.0
1781843809.98,ROCM_SMI,GPU_0,1474.1,146.0,100.0
1781843809.98,ROCM_SMI,GPU_1,1474.1,140.0,100.0
1781843809.98,ROCM_SMI,GPU_2,1474.1,146.0,100.0
1781843809.98,ROCM_SMI,GPU_3,1474.1,146.0,81.0
1781843809.98,ROCM_SMI,GPU_4,1474.1,141.0,100.0
1781843809.98,ROCM_SMI,GPU_5,1474.1,143.0,100.0
1781843809.98,ROCM_SMI,GPU_6,1474.1,139.0,100.0
1781843809.98,ROCM_SMI,GPU_7,1474.1,140.0,100.0
1781843812.17,ROCM_SMI,GPU_0,1474.1,149.0,100.0
1781843812.17,ROCM_SMI,GPU_1,1474.1,141.0,100.0
1781843812.17,ROCM_SMI,GPU_2,1474.1,145.0,100.0
1781843812.17,ROCM_SMI,GPU_3,1474.1,146.0,100.0
1781843812.17,ROCM_SMI,GPU_4,1474.1,143.0,83.0
1781843812.17,ROCM_SMI,GPU_5,1474.1,138.0,100.0
1781843812.17,ROCM_SMI,GPU_6,1474.1,144.0,100.0
1781843812.17,ROCM_SMI,GPU_7,1474.1,139.0,100.0
1781843814.36,ROCM_SMI,GPU_0,1474.1,151.0,100.0
1781843814.36,ROCM_SMI,GPU_1,1474.1,144.0,100.0
1781843814.36,ROCM_SMI,GPU_2,1474.1,144.0,100.0
1781843814.36,ROCM_SMI,GPU_3,1474.1,144.0,100.0
1781843814.36,ROCM_SMI,GPU_4,1474.1,139.0,100.0
1781843814.36,ROCM_SMI,GPU_5,1474.1,137.0,100.0
1781843814.36,ROCM_SMI,GPU_6,1474.1,141.0,100.0
1781843814.36,ROCM_SMI,GPU_7,1474.1,141.0,100.0
1781843816.56,ROCM_SMI,GPU_0,1474.1,145.0,100.0
1781843816.56,ROCM_SMI,GPU_1,1474.1,142.0,100.0
1781843816.56,ROCM_SMI,GPU_2,1474.1,148.0,100.0
1781843816.56,ROCM_SMI,GPU_3,1474.1,148.0,100.0
1781843816.56,ROCM_SMI,GPU_4,1474.1,144.0,100.0
1781843816.56,ROCM_SMI,GPU_5,1474.1,143.0,88.0
1781843816.56,ROCM_SMI,GPU_6,1474.1,140.0,100.0
1781843816.56,ROCM_SMI,GPU_7,1474.1,140.0,100.0
1781843818.75,ROCM_SMI,GPU_0,1474.1,152.0,100.0
1781843818.75,ROCM_SMI,GPU_1,1474.1,143.0,100.0
1781843818.75,ROCM_SMI,GPU_2,1474.1,143.0,100.0
1781843818.75,ROCM_SMI,GPU_3,1474.1,146.0,100.0
1781843818.75,ROCM_SMI,GPU_4,1474.1,141.0,100.0
1781843818.75,ROCM_SMI,GPU_5,1474.1,138.0,81.0
1781843818.75,ROCM_SMI,GPU_6,1474.1,145.0,100.0
1781843818.75,ROCM_SMI,GPU_7,1474.1,140.0,100.0
1781843820.94,ROCM_SMI,GPU_0,1474.1,148.0,100.0
1781843820.94,ROCM_SMI,GPU_1,1474.1,142.0,100.0
1781843820.94,ROCM_SMI,GPU_2,1474.1,146.0,100.0
1781843820.94,ROCM_SMI,GPU_3,1474.1,147.0,100.0
1781843820.94,ROCM_SMI,GPU_4,1474.1,140.0,100.0
1781843820.94,ROCM_SMI,GPU_5,1474.1,143.0,100.0
1781843820.94,ROCM_SMI,GPU_6,1474.1,141.0,87.0
1781843820.94,ROCM_SMI,GPU_7,1474.1,139.0,100.0
1781843823.13,ROCM_SMI,GPU_0,1474.1,146.0,100.0
1781843823.13,ROCM_SMI,GPU_1,1474.1,141.0,100.0
1781843823.13,ROCM_SMI,GPU_2,1474.1,148.0,100.0
1781843823.13,ROCM_SMI,GPU_3,1474.1,149.0,100.0
1781843823.13,ROCM_SMI,GPU_4,1474.1,146.0,100.0
1781843823.13,ROCM_SMI,GPU_5,1474.1,141.0,100.0
1781843823.13,ROCM_SMI,GPU_6,1474.1,141.0,100.0
1781843823.13,ROCM_SMI,GPU_7,1474.1,139.0,87.0
1781843825.32,ROCM_SMI,GPU_0,1474.1,150.0,100.0
1781843825.32,ROCM_SMI,GPU_1,1474.1,140.0,100.0
1781843825.32,ROCM_SMI,GPU_2,1474.1,143.0,100.0
1781843825.32,ROCM_SMI,GPU_3,1474.1,147.0,100.0
1781843825.32,ROCM_SMI,GPU_4,1474.1,143.0,100.0
1781843825.32,ROCM_SMI,GPU_5,1474.1,139.0,100.0
1781843825.32,ROCM_SMI,GPU_6,1474.1,144.0,100.0
1781843825.32,ROCM_SMI,GPU_7,1474.1,137.0,88.0
1781843827.52,ROCM_SMI,GPU_0,1474.1,150.0,100.0
1781843827.52,ROCM_SMI,GPU_1,1474.1,141.0,100.0
1781843827.52,ROCM_SMI,GPU_2,1474.1,142.0,100.0
1781843827.52,ROCM_SMI,GPU_3,1474.1,146.0,100.0
1781843827.52,ROCM_SMI,GPU_4,1474.1,139.0,100.0
1781843827.52,ROCM_SMI,GPU_5,1474.1,140.0,100.0
1781843827.52,ROCM_SMI,GPU_6,1474.1,145.0,100.0
1781843827.52,ROCM_SMI,GPU_7,1474.1,140.0,100.0
1781843829.71,ROCM_SMI,GPU_0,1474.1,161.0,100.0
1781843829.71,ROCM_SMI,GPU_1,1474.1,155.0,100.0
1781843829.71,ROCM_SMI,GPU_2,1474.1,157.0,100.0
1781843829.71,ROCM_SMI,GPU_3,1474.1,141.0,100.0
1781843829.71,ROCM_SMI,GPU_4,1474.1,142.0,100.0
1781843829.71,ROCM_SMI,GPU_5,1474.1,138.0,100.0
1781843829.71,ROCM_SMI,GPU_6,1474.1,140.0,100.0
1781843829.71,ROCM_SMI,GPU_7,1474.1,130.0,100.0
1781843831.91,ROCM_SMI,GPU_0,1474.1,146.0,100.0
1781843831.91,ROCM_SMI,GPU_1,1474.1,141.0,100.0
1781843831.91,ROCM_SMI,GPU_2,1474.1,147.0,100.0
1781843831.91,ROCM_SMI,GPU_3,1474.1,148.0,100.0
1781843831.91,ROCM_SMI,GPU_4,1474.1,143.0,100.0
1781843831.91,ROCM_SMI,GPU_5,1474.1,143.0,100.0
1781843831.91,ROCM_SMI,GPU_6,1474.1,139.0,100.0
1781843831.91,ROCM_SMI,GPU_7,1474.1,141.0,100.0
1781843834.10,ROCM_SMI,GPU_0,1474.1,145.0,100.0
1781843834.10,ROCM_SMI,GPU_1,1474.1,141.0,100.0
1781843834.10,ROCM_SMI,GPU_2,1474.1,148.0,100.0
1781843834.10,ROCM_SMI,GPU_3,1474.1,149.0,100.0
1781843834.10,ROCM_SMI,GPU_4,1474.1,145.0,100.0
1781843834.10,ROCM_SMI,GPU_5,1474.1,141.0,100.0
1781843834.10,ROCM_SMI,GPU_6,1474.1,140.0,100.0
1781843834.10,ROCM_SMI,GPU_7,1474.1,139.0,100.0
1781843836.29,ROCM_SMI,GPU_0,1474.1,149.0,100.0
1781843836.29,ROCM_SMI,GPU_1,1474.1,142.0,100.0
1781843836.29,ROCM_SMI,GPU_2,1474.1,142.0,100.0
1781843836.29,ROCM_SMI,GPU_3,1474.1,146.0,100.0
1781843836.29,ROCM_SMI,GPU_4,1474.1,141.0,100.0
1781843836.29,ROCM_SMI,GPU_5,1474.1,140.0,100.0
1781843836.29,ROCM_SMI,GPU_6,1474.1,145.0,100.0
1781843836.29,ROCM_SMI,GPU_7,1474.1,139.0,100.0
1781843838.48,ROCM_SMI,GPU_0,1474.1,147.0,88.0
1781843838.48,ROCM_SMI,GPU_1,1474.1,141.0,100.0
1781843838.48,ROCM_SMI,GPU_2,1474.1,146.0,100.0
1781843838.48,ROCM_SMI,GPU_3,1474.1,148.0,100.0
1781843838.48,ROCM_SMI,GPU_4,1474.1,142.0,100.0
1781843838.48,ROCM_SMI,GPU_5,1474.1,142.0,100.0
1781843838.48,ROCM_SMI,GPU_6,1474.1,140.0,100.0
1781843838.48,ROCM_SMI,GPU_7,1474.1,141.0,100.0
1781843840.67,ROCM_SMI,GPU_0,1474.1,145.0,100.0
1781843840.67,ROCM_SMI,GPU_1,1474.1,140.0,85.0
1781843840.67,ROCM_SMI,GPU_2,1474.1,146.0,100.0
1781843840.67,ROCM_SMI,GPU_3,1474.1,147.0,100.0
1781843840.67,ROCM_SMI,GPU_4,1474.1,145.0,100.0
1781843840.67,ROCM_SMI,GPU_5,1474.1,142.0,100.0
1781843840.67,ROCM_SMI,GPU_6,1474.1,141.0,100.0
1781843840.67,ROCM_SMI,GPU_7,1474.1,139.0,100.0
1781843842.88,ROCM_SMI,GPU_0,1474.1,139.0,93.0
1781843842.88,ROCM_SMI,GPU_1,1474.1,118.0,100.0
1781843842.88,ROCM_SMI,GPU_2,1474.1,176.0,100.0
1781843842.88,ROCM_SMI,GPU_3,1474.1,131.0,100.0
1781843842.88,ROCM_SMI,GPU_4,1474.1,137.0,100.0
1781843842.88,ROCM_SMI,GPU_5,1474.1,133.0,100.0
1781843842.88,ROCM_SMI,GPU_6,1474.1,140.0,100.0
1781843842.88,ROCM_SMI,GPU_7,1474.1,141.0,100.0
1781843845.07,ROCM_SMI,GPU_0,1474.1,147.0,95.0
1781843845.07,ROCM_SMI,GPU_1,1474.1,141.0,100.0
1781843845.07,ROCM_SMI,GPU_2,1474.1,144.0,100.0
1781843845.07,ROCM_SMI,GPU_3,1474.1,146.0,100.0
1781843845.07,ROCM_SMI,GPU_4,1474.1,141.0,100.0
1781843845.07,ROCM_SMI,GPU_5,1474.1,143.0,100.0
1781843845.07,ROCM_SMI,GPU_6,1474.1,141.0,100.0
1781843845.07,ROCM_SMI,GPU_7,1474.1,139.0,100.0
1781843847.26,ROCM_SMI,GPU_0,1474.1,143.0,100.0
1781843847.26,ROCM_SMI,GPU_1,1474.1,141.0,88.0
1781843847.26,ROCM_SMI,GPU_2,1474.1,147.0,100.0
1781843847.26,ROCM_SMI,GPU_3,1474.1,147.0,100.0
1781843847.26,ROCM_SMI,GPU_4,1474.1,143.0,100.0
1781843847.26,ROCM_SMI,GPU_5,1474.1,142.0,100.0
1781843847.26,ROCM_SMI,GPU_6,1474.1,139.0,100.0
1781843847.26,ROCM_SMI,GPU_7,1474.1,139.0,100.0
1781843849.45,ROCM_SMI,GPU_0,1474.1,147.0,100.0
1781843849.45,ROCM_SMI,GPU_1,1474.1,139.0,100.0
1781843849.45,ROCM_SMI,GPU_2,1474.1,145.0,83.0
1781843849.45,ROCM_SMI,GPU_3,1474.1,146.0,100.0
1781843849.45,ROCM_SMI,GPU_4,1474.1,145.0,100.0
1781843849.45,ROCM_SMI,GPU_5,1474.1,137.0,100.0
1781843849.45,ROCM_SMI,GPU_6,1474.1,144.0,100.0
1781843849.45,ROCM_SMI,GPU_7,1474.1,139.0,100.0
1781843851.64,ROCM_SMI,GPU_0,1474.1,148.0,100.0
1781843851.64,ROCM_SMI,GPU_1,1474.1,140.0,100.0
1781843851.64,ROCM_SMI,GPU_2,1474.1,145.0,100.0
1781843851.64,ROCM_SMI,GPU_3,1474.1,147.0,85.0
1781843851.64,ROCM_SMI,GPU_4,1474.1,143.0,100.0
1781843851.64,ROCM_SMI,GPU_5,1474.1,137.0,100.0
1781843851.64,ROCM_SMI,GPU_6,1474.1,143.0,100.0
1781843851.64,ROCM_SMI,GPU_7,1474.1,138.0,100.0
1781843853.84,ROCM_SMI,GPU_0,1474.1,151.0,100.0
1781843853.84,ROCM_SMI,GPU_1,1474.1,143.0,100.0
1781843853.84,ROCM_SMI,GPU_2,1474.1,143.0,100.0
1781843853.84,ROCM_SMI,GPU_3,1474.1,145.0,100.0
1781843853.84,ROCM_SMI,GPU_4,1474.1,140.0,96.0
1781843853.84,ROCM_SMI,GPU_5,1474.1,139.0,96.0
1781843853.84,ROCM_SMI,GPU_6,1474.1,143.0,100.0
1781843853.84,ROCM_SMI,GPU_7,1474.1,138.0,100.0
1781843856.04,ROCM_SMI,GPU_0,1474.1,149.0,100.0
1781843856.04,ROCM_SMI,GPU_1,1474.1,143.0,100.0
1781843856.04,ROCM_SMI,GPU_2,1474.1,145.0,100.0
1781843856.04,ROCM_SMI,GPU_3,1474.1,146.0,100.0
1781843856.04,ROCM_SMI,GPU_4,1474.1,141.0,87.0
1781843856.04,ROCM_SMI,GPU_5,1474.1,143.0,100.0
1781843856.04,ROCM_SMI,GPU_6,1474.1,142.0,100.0
1781843856.04,ROCM_SMI,GPU_7,1474.1,140.0,100.0
1781843858.23,ROCM_SMI,GPU_0,1474.1,150.0,100.0
1781843858.23,ROCM_SMI,GPU_1,1474.1,143.0,100.0
1781843858.23,ROCM_SMI,GPU_2,1474.1,143.0,100.0
1781843858.23,ROCM_SMI,GPU_3,1474.1,146.0,100.0
1781843858.23,ROCM_SMI,GPU_4,1474.1,139.0,100.0
1781843858.23,ROCM_SMI,GPU_5,1474.1,140.0,79.0
1781843858.23,ROCM_SMI,GPU_6,1474.1,142.0,100.0
1781843858.23,ROCM_SMI,GPU_7,1474.1,139.0,100.0
1781843860.42,ROCM_SMI,GPU_0,1474.1,145.0,100.0
1781843860.42,ROCM_SMI,GPU_1,1474.1,142.0,100.0
1781843860.42,ROCM_SMI,GPU_2,1474.1,149.0,100.0
1781843860.42,ROCM_SMI,GPU_3,1474.1,147.0,100.0
1781843860.42,ROCM_SMI,GPU_4,1474.1,144.0,100.0
1781843860.42,ROCM_SMI,GPU_5,1474.1,143.0,100.0
1781843860.42,ROCM_SMI,GPU_6,1474.1,139.0,85.0
1781843860.42,ROCM_SMI,GPU_7,1474.1,140.0,100.0
1781843862.62,ROCM_SMI,GPU_0,1474.1,153.0,100.0
1781843862.62,ROCM_SMI,GPU_1,1474.1,140.0,100.0
1781843862.62,ROCM_SMI,GPU_2,1474.1,143.0,100.0
1781843862.62,ROCM_SMI,GPU_3,1474.1,147.0,100.0
1781843862.62,ROCM_SMI,GPU_4,1474.1,141.0,100.0
1781843862.62,ROCM_SMI,GPU_5,1474.1,140.0,100.0
1781843862.62,ROCM_SMI,GPU_6,1474.1,144.0,92.0
1781843862.62,ROCM_SMI,GPU_7,1474.1,139.0,100.0
1781843864.81,ROCM_SMI,GPU_0,1474.1,145.0,100.0
1781843864.81,ROCM_SMI,GPU_1,1474.1,142.0,100.0
1781843864.81,ROCM_SMI,GPU_2,1474.1,149.0,100.0
1781843864.81,ROCM_SMI,GPU_3,1474.1,148.0,100.0
1781843864.81,ROCM_SMI,GPU_4,1474.1,144.0,100.0
1781843864.81,ROCM_SMI,GPU_5,1474.1,142.0,99.0
1781843864.81,ROCM_SMI,GPU_6,1474.1,140.0,88.0
1781843864.81,ROCM_SMI,GPU_7,1474.1,140.0,100.0
1781843867.00,ROCM_SMI,GPU_0,1474.1,150.0,100.0
1781843867.00,ROCM_SMI,GPU_1,1474.1,141.0,100.0
1781843867.00,ROCM_SMI,GPU_2,1474.1,144.0,100.0
1781843867.00,ROCM_SMI,GPU_3,1474.1,147.0,100.0
1781843867.00,ROCM_SMI,GPU_4,1474.1,145.0,100.0
1781843867.00,ROCM_SMI,GPU_5,1474.1,139.0,100.0
1781843867.00,ROCM_SMI,GPU_6,1474.1,143.0,97.0
1781843867.00,ROCM_SMI,GPU_7,1474.1,136.0,100.0
1781843869.20,ROCM_SMI,GPU_0,1474.1,145.0,100.0
1781843869.20,ROCM_SMI,GPU_1,1474.1,147.0,100.0
1781843869.20,ROCM_SMI,GPU_2,1474.1,155.0,100.0
1781843869.20,ROCM_SMI,GPU_3,1474.1,147.0,100.0
1781843869.20,ROCM_SMI,GPU_4,1474.1,137.0,100.0
1781843869.20,ROCM_SMI,GPU_5,1474.1,137.0,81.0
1781843869.20,ROCM_SMI,GPU_6,1474.1,137.0,100.0
1781843869.20,ROCM_SMI,GPU_7,1474.1,140.0,100.0
1781843871.39,ROCM_SMI,GPU_0,1474.1,145.0,100.0
1781843871.39,ROCM_SMI,GPU_1,1474.1,142.0,100.0
1781843871.39,ROCM_SMI,GPU_2,1474.1,149.0,100.0
1781843871.39,ROCM_SMI,GPU_3,1474.1,148.0,100.0
1781843871.39,ROCM_SMI,GPU_4,1474.1,145.0,100.0
1781843871.39,ROCM_SMI,GPU_5,1474.1,142.0,100.0
1781843871.39,ROCM_SMI,GPU_6,1474.1,140.0,75.0
1781843871.39,ROCM_SMI,GPU_7,1474.1,139.0,100.0
1781843873.58,ROCM_SMI,GPU_0,1474.1,146.0,100.0
1781843873.58,ROCM_SMI,GPU_1,1474.1,141.0,100.0
1781843873.58,ROCM_SMI,GPU_2,1474.1,148.0,100.0
1781843873.58,ROCM_SMI,GPU_3,1474.1,149.0,100.0
1781843873.58,ROCM_SMI,GPU_4,1474.1,145.0,100.0
1781843873.58,ROCM_SMI,GPU_5,1474.1,140.0,100.0
1781843873.58,ROCM_SMI,GPU_6,1474.1,141.0,100.0
1781843873.58,ROCM_SMI,GPU_7,1474.1,139.0,88.0
1781843875.77,ROCM_SMI,GPU_0,1474.1,151.0,100.0
1781843875.77,ROCM_SMI,GPU_1,1474.1,143.0,100.0
1781843875.77,ROCM_SMI,GPU_2,1474.1,143.0,100.0
1781843875.77,ROCM_SMI,GPU_3,1474.1,146.0,100.0
1781843875.77,ROCM_SMI,GPU_4,1474.1,141.0,100.0
1781843875.77,ROCM_SMI,GPU_5,1474.1,139.0,100.0
1781843875.77,ROCM_SMI,GPU_6,1474.1,144.0,100.0
1781843875.77,ROCM_SMI,GPU_7,1474.1,140.0,100.0
1781843878.01,ROCM_SMI,GPU_0,1474.1,150.0,87.0
1781843878.01,ROCM_SMI,GPU_1,1474.1,140.0,100.0
1781843878.01,ROCM_SMI,GPU_2,1474.1,144.0,100.0
1781843878.01,ROCM_SMI,GPU_3,1474.1,146.0,100.0
1781843878.01,ROCM_SMI,GPU_4,1474.1,142.0,100.0
1781843878.01,ROCM_SMI,GPU_5,1474.1,141.0,100.0
1781843878.01,ROCM_SMI,GPU_6,1474.1,141.0,100.0
1781843878.01,ROCM_SMI,GPU_7,1474.1,140.0,100.0
1781843880.20,ROCM_SMI,GPU_0,1474.1,150.0,100.0
1781843880.20,ROCM_SMI,GPU_1,1474.1,140.0,100.0
1781843880.20,ROCM_SMI,GPU_2,1474.1,144.0,100.0
1781843880.20,ROCM_SMI,GPU_3,1474.1,146.0,100.0
1781843880.20,ROCM_SMI,GPU_4,1474.1,142.0,100.0
1781843880.20,ROCM_SMI,GPU_5,1474.1,137.0,100.0
1781843880.20,ROCM_SMI,GPU_6,1474.1,145.0,100.0
1781843880.20,ROCM_SMI,GPU_7,1474.1,138.0,100.0
1781843882.39,ROCM_SMI,GPU_0,1474.1,147.0,100.0
1781843882.39,ROCM_SMI,GPU_1,1474.1,141.0,100.0
1781843882.39,ROCM_SMI,GPU_2,1474.1,147.0,100.0
1781843882.39,ROCM_SMI,GPU_3,1474.1,147.0,100.0
1781843882.39,ROCM_SMI,GPU_4,1474.1,147.0,100.0
1781843882.39,ROCM_SMI,GPU_5,1474.1,140.0,100.0
1781843882.39,ROCM_SMI,GPU_6,1474.1,141.0,100.0
1781843882.39,ROCM_SMI,GPU_7,1474.1,138.0,100.0
1781843884.59,ROCM_SMI,GPU_0,1474.1,151.0,100.0
1781843884.59,ROCM_SMI,GPU_1,1474.1,143.0,100.0
1781843884.59,ROCM_SMI,GPU_2,1474.1,143.0,100.0
1781843884.59,ROCM_SMI,GPU_3,1474.1,145.0,100.0
1781843884.59,ROCM_SMI,GPU_4,1474.1,141.0,100.0
1781843884.59,ROCM_SMI,GPU_5,1474.1,140.0,100.0
1781843884.59,ROCM_SMI,GPU_6,1474.1,143.0,100.0
1781843884.59,ROCM_SMI,GPU_7,1474.1,140.0,100.0
1781843886.78,ROCM_SMI,GPU_0,1474.1,147.0,100.0
1781843886.78,ROCM_SMI,GPU_1,1474.1,141.0,100.0
1781843886.78,ROCM_SMI,GPU_2,1474.1,148.0,100.0
1781843886.78,ROCM_SMI,GPU_3,1474.1,149.0,100.0
1781843886.78,ROCM_SMI,GPU_4,1474.1,143.0,100.0
1781843886.78,ROCM_SMI,GPU_5,1474.1,142.0,100.0
1781843886.78,ROCM_SMI,GPU_6,1474.1,139.0,100.0
1781843886.78,ROCM_SMI,GPU_7,1474.1,139.0,100.0
1781843888.97,ROCM_SMI,GPU_0,1474.1,151.0,100.0
1781843888.97,ROCM_SMI,GPU_1,1474.1,140.0,100.0
1781843888.97,ROCM_SMI,GPU_2,1474.1,142.0,100.0
1781843888.97,ROCM_SMI,GPU_3,1474.1,147.0,100.0
1781843888.97,ROCM_SMI,GPU_4,1474.1,143.0,100.0
1781843888.97,ROCM_SMI,GPU_5,1474.1,138.0,100.0
1781843888.97,ROCM_SMI,GPU_6,1474.1,144.0,100.0
1781843888.97,ROCM_SMI,GPU_7,1474.1,138.0,100.0
1781843891.17,ROCM_SMI,GPU_0,1474.1,146.0,100.0
1781843891.17,ROCM_SMI,GPU_1,1474.1,142.0,100.0
1781843891.17,ROCM_SMI,GPU_2,1474.1,148.0,100.0
1781843891.17,ROCM_SMI,GPU_3,1474.1,148.0,100.0
1781843891.17,ROCM_SMI,GPU_4,1474.1,142.0,100.0
1781843891.17,ROCM_SMI,GPU_5,1474.1,143.0,100.0
1781843891.17,ROCM_SMI,GPU_6,1474.1,140.0,100.0
1781843891.17,ROCM_SMI,GPU_7,1474.1,139.0,100.0
1781843893.36,ROCM_SMI,GPU_0,1474.1,148.0,100.0
1781843893.36,ROCM_SMI,GPU_1,1474.1,141.0,100.0
1781843893.36,ROCM_SMI,GPU_2,1474.1,144.0,100.0
1781843893.36,ROCM_SMI,GPU_3,1474.1,146.0,100.0
1781843893.36,ROCM_SMI,GPU_4,1474.1,144.0,100.0
1781843893.36,ROCM_SMI,GPU_5,1474.1,138.0,100.0
1781843893.36,ROCM_SMI,GPU_6,1474.1,144.0,100.0
1781843893.36,ROCM_SMI,GPU_7,1474.1,139.0,100.0
1781843895.55,ROCM_SMI,GPU_0,1474.1,148.0,100.0
1781843895.55,ROCM_SMI,GPU_1,1474.1,144.0,100.0
1781843895.55,ROCM_SMI,GPU_2,1474.1,147.0,100.0
1781843895.55,ROCM_SMI,GPU_3,1474.1,147.0,100.0
1781843895.55,ROCM_SMI,GPU_4,1474.1,141.0,100.0
1781843895.55,ROCM_SMI,GPU_5,1474.1,142.0,100.0
1781843895.55,ROCM_SMI,GPU_6,1474.1,140.0,100.0
1781843895.55,ROCM_SMI,GPU_7,1474.1,141.0,100.0
1781843897.76,ROCM_SMI,GPU_0,1474.1,148.0,100.0
1781843897.76,ROCM_SMI,GPU_1,1474.1,135.0,100.0
1781843897.76,ROCM_SMI,GPU_2,1474.1,137.0,100.0
1781843897.76,ROCM_SMI,GPU_3,1474.1,144.0,100.0
1781843897.76,ROCM_SMI,GPU_4,1474.1,145.0,100.0
1781843897.76,ROCM_SMI,GPU_5,1474.1,131.0,100.0
1781843897.76,ROCM_SMI,GPU_6,1474.1,132.0,92.0
1781843897.76,ROCM_SMI,GPU_7,1474.1,116.0,100.0
1781843899.95,ROCM_SMI,GPU_0,1474.1,147.0,100.0
1781843899.95,ROCM_SMI,GPU_1,1474.1,142.0,100.0
1781843899.95,ROCM_SMI,GPU_2,1474.1,148.0,100.0
1781843899.95,ROCM_SMI,GPU_3,1474.1,148.0,100.0
1781843899.95,ROCM_SMI,GPU_4,1474.1,143.0,100.0
1781843899.95,ROCM_SMI,GPU_5,1474.1,143.0,100.0
1781843899.95,ROCM_SMI,GPU_6,1474.1,140.0,88.0
1781843899.95,ROCM_SMI,GPU_7,1474.1,139.0,100.0
1781843902.14,ROCM_SMI,GPU_0,1474.1,147.0,100.0
1781843902.14,ROCM_SMI,GPU_1,1474.1,142.0,100.0
1781843902.14,ROCM_SMI,GPU_2,1474.1,146.0,100.0
1781843902.14,ROCM_SMI,GPU_3,1474.1,147.0,100.0
1781843902.14,ROCM_SMI,GPU_4,1474.1,145.0,100.0
1781843902.14,ROCM_SMI,GPU_5,1474.1,139.0,100.0
1781843902.14,ROCM_SMI,GPU_6,1474.1,142.0,100.0
1781843902.14,ROCM_SMI,GPU_7,1474.1,138.0,95.0
1781843904.33,ROCM_SMI,GPU_0,1474.1,149.0,100.0
1781843904.33,ROCM_SMI,GPU_1,1474.1,144.0,100.0
1781843904.33,ROCM_SMI,GPU_2,1474.1,145.0,100.0
1781843904.33,ROCM_SMI,GPU_3,1474.1,145.0,100.0
1781843904.33,ROCM_SMI,GPU_4,1474.1,140.0,100.0
1781843904.33,ROCM_SMI,GPU_5,1474.1,143.0,100.0
1781843904.33,ROCM_SMI,GPU_6,1474.1,141.0,100.0
1781843904.33,ROCM_SMI,GPU_7,1474.1,141.0,100.0
1781843906.52,ROCM_SMI,GPU_0,1474.1,148.0,100.0
1781843906.52,ROCM_SMI,GPU_1,1474.1,140.0,100.0
1781843906.52,ROCM_SMI,GPU_2,1474.1,145.0,100.0
1781843906.52,ROCM_SMI,GPU_3,1474.1,147.0,100.0
1781843906.52,ROCM_SMI,GPU_4,1474.1,145.0,100.0
1781843906.52,ROCM_SMI,GPU_5,1474.1,139.0,100.0
1781843906.52,ROCM_SMI,GPU_6,1474.1,143.0,100.0
1781843906.52,ROCM_SMI,GPU_7,1474.1,138.0,100.0
1781843908.72,ROCM_SMI,GPU_0,1474.1,150.0,100.0
1781843908.72,ROCM_SMI,GPU_1,1474.1,142.0,100.0
1781843908.72,ROCM_SMI,GPU_2,1474.1,143.0,100.0
1781843908.72,ROCM_SMI,GPU_3,1474.1,146.0,100.0
1781843908.72,ROCM_SMI,GPU_4,1474.1,143.0,100.0
1781843908.72,ROCM_SMI,GPU_5,1474.1,138.0,100.0
1781843908.72,ROCM_SMI,GPU_6,1474.1,145.0,100.0
1781843908.72,ROCM_SMI,GPU_7,1474.1,138.0,100.0
1781843910.91,ROCM_SMI,GPU_0,1474.1,144.0,100.0
1781843910.91,ROCM_SMI,GPU_1,1474.1,143.0,100.0
1781843910.91,ROCM_SMI,GPU_2,1474.1,151.0,100.0
1781843910.91,ROCM_SMI,GPU_3,1474.1,148.0,100.0
1781843910.91,ROCM_SMI,GPU_4,1474.1,144.0,100.0
1781843910.91,ROCM_SMI,GPU_5,1474.1,146.0,100.0
1781843910.91,ROCM_SMI,GPU_6,1474.1,139.0,100.0
1781843910.91,ROCM_SMI,GPU_7,1474.1,138.0,93.0
1781843913.11,ROCM_SMI,GPU_0,1474.1,151.0,100.0
1781843913.11,ROCM_SMI,GPU_1,1474.1,141.0,100.0
1781843913.11,ROCM_SMI,GPU_2,1474.1,144.0,100.0
1781843913.11,ROCM_SMI,GPU_3,1474.1,146.0,100.0
1781843913.11,ROCM_SMI,GPU_4,1474.1,143.0,100.0
1781843913.11,ROCM_SMI,GPU_5,1474.1,138.0,100.0
1781843913.11,ROCM_SMI,GPU_6,1474.1,145.0,100.0
1781843913.11,ROCM_SMI,GPU_7,1474.1,138.0,100.0
1781843915.30,ROCM_SMI,GPU_0,1474.1,147.0,100.0
1781843915.30,ROCM_SMI,GPU_1,1474.1,142.0,100.0
1781843915.30,ROCM_SMI,GPU_2,1474.1,147.0,100.0
1781843915.30,ROCM_SMI,GPU_3,1474.1,147.0,100.0
1781843915.30,ROCM_SMI,GPU_4,1474.1,140.0,100.0
1781843915.30,ROCM_SMI,GPU_5,1474.1,143.0,100.0
1781843915.30,ROCM_SMI,GPU_6,1474.1,141.0,100.0
1781843915.30,ROCM_SMI,GPU_7,1474.1,141.0,100.0
1781843917.49,ROCM_SMI,GPU_0,1474.1,146.0,100.0
1781843917.49,ROCM_SMI,GPU_1,1474.1,141.0,100.0
1781843917.49,ROCM_SMI,GPU_2,1474.1,147.0,100.0
1781843917.49,ROCM_SMI,GPU_3,1474.1,146.0,100.0
1781843917.49,ROCM_SMI,GPU_4,1474.1,143.0,100.0
1781843917.49,ROCM_SMI,GPU_5,1474.1,143.0,100.0
1781843917.49,ROCM_SMI,GPU_6,1474.1,140.0,100.0
1781843917.49,ROCM_SMI,GPU_7,1474.1,139.0,100.0
1781843919.68,ROCM_SMI,GPU_0,1474.1,146.0,100.0
1781843919.68,ROCM_SMI,GPU_1,1474.1,141.0,100.0
1781843919.68,ROCM_SMI,GPU_2,1474.1,146.0,100.0
1781843919.68,ROCM_SMI,GPU_3,1474.1,148.0,100.0
1781843919.68,ROCM_SMI,GPU_4,1474.1,146.0,100.0
1781843919.68,ROCM_SMI,GPU_5,1474.1,139.0,100.0
1781843919.68,ROCM_SMI,GPU_6,1474.1,143.0,100.0
1781843919.68,ROCM_SMI,GPU_7,1474.1,138.0,100.0
1781843921.88,ROCM_SMI,GPU_0,1474.1,149.0,85.0
1781843921.88,ROCM_SMI,GPU_1,1474.1,140.0,100.0
1781843921.88,ROCM_SMI,GPU_2,1474.1,144.0,100.0
1781843921.88,ROCM_SMI,GPU_3,1474.1,146.0,100.0
1781843921.88,ROCM_SMI,GPU_4,1474.1,142.0,100.0
1781843921.88,ROCM_SMI,GPU_5,1474.1,139.0,100.0
1781843921.88,ROCM_SMI,GPU_6,1474.1,144.0,100.0
1781843921.88,ROCM_SMI,GPU_7,1474.1,138.0,100.0
1781843924.07,ROCM_SMI,GPU_0,1474.1,145.0,83.0
1781843924.07,ROCM_SMI,GPU_1,1474.1,140.0,100.0
1781843924.07,ROCM_SMI,GPU_2,1474.1,149.0,100.0
1781843924.07,ROCM_SMI,GPU_3,1474.1,148.0,100.0
1781843924.07,ROCM_SMI,GPU_4,1474.1,146.0,100.0
1781843924.07,ROCM_SMI,GPU_5,1474.1,147.0,100.0
1781843924.07,ROCM_SMI,GPU_6,1474.1,137.0,100.0
1781843924.07,ROCM_SMI,GPU_7,1474.1,140.0,100.0
1781843926.26,ROCM_SMI,GPU_0,1474.1,145.0,100.0
1781843926.26,ROCM_SMI,GPU_1,1474.1,140.0,100.0
1781843926.26,ROCM_SMI,GPU_2,1474.1,147.0,100.0
1781843926.26,ROCM_SMI,GPU_3,1474.1,146.0,100.0
1781843926.26,ROCM_SMI,GPU_4,1474.1,144.0,100.0
1781843926.26,ROCM_SMI,GPU_5,1474.1,142.0,100.0
1781843926.26,ROCM_SMI,GPU_6,1474.1,141.0,100.0
1781843926.26,ROCM_SMI,GPU_7,1474.1,139.0,100.0
1781843928.46,ROCM_SMI,GPU_0,1474.1,148.0,100.0
1781843928.46,ROCM_SMI,GPU_1,1474.1,138.0,85.0
1781843928.46,ROCM_SMI,GPU_2,1474.1,143.0,100.0
1781843928.46,ROCM_SMI,GPU_3,1474.1,147.0,100.0
1781843928.46,ROCM_SMI,GPU_4,1474.1,144.0,100.0
1781843928.46,ROCM_SMI,GPU_5,1474.1,138.0,100.0
1781843928.46,ROCM_SMI,GPU_6,1474.1,145.0,100.0
1781843928.46,ROCM_SMI,GPU_7,1474.1,139.0,100.0
1781843930.65,ROCM_SMI,GPU_0,1474.1,147.0,100.0
1781843930.65,ROCM_SMI,GPU_1,1474.1,141.0,100.0
1781843930.65,ROCM_SMI,GPU_2,1474.1,144.0,84.0
1781843930.65,ROCM_SMI,GPU_3,1474.1,145.0,100.0
1781843930.65,ROCM_SMI,GPU_4,1474.1,141.0,100.0
1781843930.65,ROCM_SMI,GPU_5,1474.1,142.0,100.0
1781843930.65,ROCM_SMI,GPU_6,1474.1,141.0,100.0
1781843930.65,ROCM_SMI,GPU_7,1474.1,138.0,100.0
1781843932.84,ROCM_SMI,GPU_0,1474.1,145.0,100.0
1781843932.84,ROCM_SMI,GPU_1,1474.1,141.0,100.0
1781843932.84,ROCM_SMI,GPU_2,1474.1,146.0,100.0
1781843932.84,ROCM_SMI,GPU_3,1474.1,146.0,86.0
1781843932.84,ROCM_SMI,GPU_4,1474.1,141.0,100.0
1781843932.84,ROCM_SMI,GPU_5,1474.1,143.0,100.0
1781843932.84,ROCM_SMI,GPU_6,1474.1,139.0,100.0
1781843932.84,ROCM_SMI,GPU_7,1474.1,139.0,100.0
1781843935.03,ROCM_SMI,GPU_0,1474.1,147.0,100.0
1781843935.03,ROCM_SMI,GPU_1,1474.1,143.0,100.0
1781843935.03,ROCM_SMI,GPU_2,1474.1,148.0,100.0
1781843935.03,ROCM_SMI,GPU_3,1474.1,147.0,100.0
1781843935.03,ROCM_SMI,GPU_4,1474.1,144.0,90.0
1781843935.03,ROCM_SMI,GPU_5,1474.1,143.0,100.0
1781843935.03,ROCM_SMI,GPU_6,1474.1,139.0,100.0
1781843935.03,ROCM_SMI,GPU_7,1474.1,140.0,100.0
1781843937.22,ROCM_SMI,GPU_0,1474.1,149.0,100.0
1781843937.22,ROCM_SMI,GPU_1,1474.1,141.0,100.0
1781843937.22,ROCM_SMI,GPU_2,1474.1,144.0,100.0
1781843937.22,ROCM_SMI,GPU_3,1474.1,147.0,100.0
1781843937.22,ROCM_SMI,GPU_4,1474.1,145.0,100.0
1781843937.22,ROCM_SMI,GPU_5,1474.1,137.0,85.0
1781843937.22,ROCM_SMI,GPU_6,1474.1,143.0,100.0
1781843937.22,ROCM_SMI,GPU_7,1474.1,139.0,100.0
1781843939.43,ROCM_SMI,GPU_0,1474.1,154.0,100.0
1781843939.43,ROCM_SMI,GPU_1,1474.1,143.0,100.0
1781843939.43,ROCM_SMI,GPU_2,1474.1,140.0,100.0
1781843939.43,ROCM_SMI,GPU_3,1474.1,141.0,88.0
1781843939.43,ROCM_SMI,GPU_4,1474.1,136.0,100.0
1781843939.43,ROCM_SMI,GPU_5,1474.1,144.0,100.0
1781843939.43,ROCM_SMI,GPU_6,1474.1,138.0,100.0
1781843939.43,ROCM_SMI,GPU_7,1474.1,139.0,100.0
1781843941.62,ROCM_SMI,GPU_0,1474.1,148.0,100.0
1781843941.62,ROCM_SMI,GPU_1,1474.1,144.0,100.0
1781843941.62,ROCM_SMI,GPU_2,1474.1,145.0,100.0
1781843941.62,ROCM_SMI,GPU_3,1474.1,146.0,100.0
1781843941.62,ROCM_SMI,GPU_4,1474.1,141.0,100.0
1781843941.62,ROCM_SMI,GPU_5,1474.1,142.0,95.0
1781843941.62,ROCM_SMI,GPU_6,1474.1,140.0,100.0
1781843941.62,ROCM_SMI,GPU_7,1474.1,140.0,100.0
1781843943.81,ROCM_SMI,GPU_0,1474.1,143.0,100.0
1781843943.81,ROCM_SMI,GPU_1,1474.1,143.0,100.0
1781843943.81,ROCM_SMI,GPU_2,1474.1,150.0,100.0
1781843943.81,ROCM_SMI,GPU_3,1474.1,148.0,100.0
1781843943.81,ROCM_SMI,GPU_4,1474.1,144.0,100.0
1781843943.81,ROCM_SMI,GPU_5,1474.1,143.0,88.0
1781843943.81,ROCM_SMI,GPU_6,1474.1,139.0,100.0
1781843943.81,ROCM_SMI,GPU_7,1474.1,140.0,100.0
1781843946.02,ROCM_SMI,GPU_0,1474.1,149.0,100.0
1781843946.02,ROCM_SMI,GPU_1,1474.1,139.0,100.0
1781843946.02,ROCM_SMI,GPU_2,1474.1,144.0,88.0
1781843946.02,ROCM_SMI,GPU_3,1474.1,146.0,100.0
1781843946.02,ROCM_SMI,GPU_4,1474.1,145.0,100.0
1781843946.02,ROCM_SMI,GPU_5,1474.1,139.0,100.0
1781843946.02,ROCM_SMI,GPU_6,1474.1,145.0,100.0
1781843946.02,ROCM_SMI,GPU_7,1474.1,138.0,100.0
1781843948.21,ROCM_SMI,GPU_0,1474.1,151.0,100.0
1781843948.21,ROCM_SMI,GPU_1,1474.1,139.0,100.0
1781843948.21,ROCM_SMI,GPU_2,1474.1,142.0,100.0
1781843948.21,ROCM_SMI,GPU_3,1474.1,144.0,88.0
1781843948.21,ROCM_SMI,GPU_4,1474.1,139.0,100.0
1781843948.21,ROCM_SMI,GPU_5,1474.1,139.0,100.0
1781843948.21,ROCM_SMI,GPU_6,1474.1,144.0,100.0
1781843948.21,ROCM_SMI,GPU_7,1474.1,139.0,100.0
1781843950.40,ROCM_SMI,GPU_0,1474.1,144.0,100.0
1781843950.40,ROCM_SMI,GPU_1,1474.1,143.0,100.0
1781843950.40,ROCM_SMI,GPU_2,1474.1,149.0,100.0
1781843950.40,ROCM_SMI,GPU_3,1474.1,147.0,100.0
1781843950.40,ROCM_SMI,GPU_4,1474.1,142.0,87.0
1781843950.40,ROCM_SMI,GPU_5,1474.1,141.0,100.0
1781843950.40,ROCM_SMI,GPU_6,1474.1,138.0,100.0
1781843950.40,ROCM_SMI,GPU_7,1474.1,140.0,100.0
1781843952.60,ROCM_SMI,GPU_0,1474.1,156.0,100.0
1781843952.60,ROCM_SMI,GPU_1,1474.1,136.0,100.0
1781843952.60,ROCM_SMI,GPU_2,1474.1,142.0,100.0
1781843952.60,ROCM_SMI,GPU_3,1474.1,141.0,95.0
1781843952.60,ROCM_SMI,GPU_4,1474.1,134.0,100.0
1781843952.60,ROCM_SMI,GPU_5,1474.1,138.0,100.0
1781843952.60,ROCM_SMI,GPU_6,1474.1,149.0,100.0
1781843952.60,ROCM_SMI,GPU_7,1474.1,141.0,100.0
1781843954.79,ROCM_SMI,GPU_0,1474.1,151.0,100.0
1781843954.79,ROCM_SMI,GPU_1,1474.1,142.0,100.0
1781843954.79,ROCM_SMI,GPU_2,1474.1,145.0,100.0
1781843954.79,ROCM_SMI,GPU_3,1474.1,145.0,100.0
1781843954.79,ROCM_SMI,GPU_4,1474.1,139.0,81.0
1781843954.79,ROCM_SMI,GPU_5,1474.1,140.0,100.0
1781843954.79,ROCM_SMI,GPU_6,1474.1,143.0,100.0
1781843954.79,ROCM_SMI,GPU_7,1474.1,138.0,100.0
1781843956.98,ROCM_SMI,GPU_0,1474.1,147.0,100.0
1781843956.98,ROCM_SMI,GPU_1,1474.1,143.0,100.0
1781843956.98,ROCM_SMI,GPU_2,1474.1,147.0,100.0
1781843956.98,ROCM_SMI,GPU_3,1474.1,147.0,100.0
1781843956.98,ROCM_SMI,GPU_4,1474.1,141.0,100.0
1781843956.98,ROCM_SMI,GPU_5,1474.1,144.0,85.0
1781843956.98,ROCM_SMI,GPU_6,1474.1,141.0,100.0
1781843956.98,ROCM_SMI,GPU_7,1474.1,141.0,100.0
1781843959.18,ROCM_SMI,GPU_0,1474.1,148.0,100.0
1781843959.18,ROCM_SMI,GPU_1,1474.1,144.0,100.0
1781843959.18,ROCM_SMI,GPU_2,1474.1,146.0,100.0
1781843959.18,ROCM_SMI,GPU_3,1474.1,146.0,100.0
1781843959.18,ROCM_SMI,GPU_4,1474.1,141.0,100.0
1781843959.18,ROCM_SMI,GPU_5,1474.1,143.0,100.0
1781843959.18,ROCM_SMI,GPU_6,1474.1,139.0,89.0
1781843959.18,ROCM_SMI,GPU_7,1474.1,139.0,99.0
1781843961.37,ROCM_SMI,GPU_0,1474.1,146.0,100.0
1781843961.37,ROCM_SMI,GPU_1,1474.1,142.0,100.0
1781843961.37,ROCM_SMI,GPU_2,1474.1,147.0,100.0
1781843961.37,ROCM_SMI,GPU_3,1474.1,148.0,100.0
1781843961.37,ROCM_SMI,GPU_4,1474.1,141.0,100.0
1781843961.37,ROCM_SMI,GPU_5,1474.1,143.0,100.0
1781843961.37,ROCM_SMI,GPU_6,1474.1,140.0,100.0
1781843961.37,ROCM_SMI,GPU_7,1474.1,139.0,100.0
1781843963.56,ROCM_SMI,GPU_0,1474.1,147.0,100.0
1781843963.56,ROCM_SMI,GPU_1,1474.1,141.0,100.0
1781843963.56,ROCM_SMI,GPU_2,1474.1,148.0,100.0
1781843963.56,ROCM_SMI,GPU_3,1474.1,145.0,100.0
1781843963.56,ROCM_SMI,GPU_4,1474.1,142.0,100.0
1781843963.56,ROCM_SMI,GPU_5,1474.1,143.0,100.0
1781843963.56,ROCM_SMI,GPU_6,1474.1,139.0,100.0
1781843963.56,ROCM_SMI,GPU_7,1474.1,140.0,100.0
1781843965.76,ROCM_SMI,GPU_0,1474.1,146.0,100.0
1781843965.76,ROCM_SMI,GPU_1,1474.1,143.0,100.0
1781843965.76,ROCM_SMI,GPU_2,1474.1,149.0,100.0
1781843965.76,ROCM_SMI,GPU_3,1474.1,146.0,100.0
1781843965.76,ROCM_SMI,GPU_4,1474.1,143.0,100.0
1781843965.76,ROCM_SMI,GPU_5,1474.1,145.0,100.0
1781843965.76,ROCM_SMI,GPU_6,1474.1,138.0,100.0
1781843965.76,ROCM_SMI,GPU_7,1474.1,139.0,100.0
1781843968.00,ROCM_SMI,GPU_0,1474.1,142.0,99.0
1781843968.00,ROCM_SMI,GPU_1,1474.1,129.0,91.0
1781843968.00,ROCM_SMI,GPU_2,1474.1,146.0,100.0
1781843968.00,ROCM_SMI,GPU_3,1474.1,160.0,100.0
1781843968.00,ROCM_SMI,GPU_4,1474.1,163.0,100.0
1781843968.00,ROCM_SMI,GPU_5,1474.1,147.0,100.0
1781843968.00,ROCM_SMI,GPU_6,1474.1,138.0,100.0
1781843968.00,ROCM_SMI,GPU_7,1474.1,135.0,100.0
1781843970.19,ROCM_SMI,GPU_0,1474.1,144.0,100.0
1781843970.19,ROCM_SMI,GPU_1,1474.1,141.0,100.0
1781843970.19,ROCM_SMI,GPU_2,1474.1,148.0,100.0
1781843970.19,ROCM_SMI,GPU_3,1474.1,147.0,100.0
1781843970.19,ROCM_SMI,GPU_4,1474.1,144.0,100.0
1781843970.19,ROCM_SMI,GPU_5,1474.1,142.0,100.0
1781843970.19,ROCM_SMI,GPU_6,1474.1,138.0,100.0
1781843970.19,ROCM_SMI,GPU_7,1474.1,139.0,100.0
1781843972.39,ROCM_SMI,GPU_0,1474.1,144.0,81.0
1781843972.39,ROCM_SMI,GPU_1,1474.1,140.0,100.0
1781843972.39,ROCM_SMI,GPU_2,1474.1,147.0,100.0
1781843972.39,ROCM_SMI,GPU_3,1474.1,148.0,100.0
1781843972.39,ROCM_SMI,GPU_4,1474.1,145.0,100.0
1781843972.39,ROCM_SMI,GPU_5,1474.1,140.0,100.0
1781843972.39,ROCM_SMI,GPU_6,1474.1,141.0,100.0
1781843972.39,ROCM_SMI,GPU_7,1474.1,139.0,100.0
1781843974.58,ROCM_SMI,GPU_0,1474.1,146.0,100.0
1781843974.58,ROCM_SMI,GPU_1,1474.1,139.0,81.0
1781843974.58,ROCM_SMI,GPU_2,1474.1,143.0,100.0
1781843974.58,ROCM_SMI,GPU_3,1474.1,146.0,100.0
1781843974.58,ROCM_SMI,GPU_4,1474.1,144.0,100.0
1781843974.58,ROCM_SMI,GPU_5,1474.1,137.0,100.0
1781843974.58,ROCM_SMI,GPU_6,1474.1,144.0,100.0
1781843974.58,ROCM_SMI,GPU_7,1474.1,137.0,100.0
1781843976.77,ROCM_SMI,GPU_0,1474.1,148.0,100.0
1781843976.77,ROCM_SMI,GPU_1,1474.1,139.0,100.0
1781843976.77,ROCM_SMI,GPU_2,1474.1,143.0,82.0
1781843976.77,ROCM_SMI,GPU_3,1474.1,145.0,100.0
1781843976.77,ROCM_SMI,GPU_4,1474.1,143.0,100.0
1781843976.77,ROCM_SMI,GPU_5,1474.1,137.0,100.0
1781843976.77,ROCM_SMI,GPU_6,1474.1,145.0,100.0
1781843976.77,ROCM_SMI,GPU_7,1474.1,139.0,100.0
1781843978.96,ROCM_SMI,GPU_0,1474.1,150.0,100.0
1781843978.96,ROCM_SMI,GPU_1,1474.1,139.0,100.0
1781843978.96,ROCM_SMI,GPU_2,1474.1,143.0,100.0
1781843978.96,ROCM_SMI,GPU_3,1474.1,146.0,100.0
1781843978.96,ROCM_SMI,GPU_4,1474.1,142.0,82.0
1781843978.96,ROCM_SMI,GPU_5,1474.1,137.0,100.0
1781843978.96,ROCM_SMI,GPU_6,1474.1,144.0,100.0
1781843978.96,ROCM_SMI,GPU_7,1474.1,139.0,100.0
1781843981.16,ROCM_SMI,GPU_0,1474.1,148.0,100.0
1781843981.16,ROCM_SMI,GPU_1,1474.1,136.0,100.0
1781843981.16,ROCM_SMI,GPU_2,1474.1,142.0,100.0
1781843981.16,ROCM_SMI,GPU_3,1474.1,140.0,86.0
1781843981.16,ROCM_SMI,GPU_4,1474.1,139.0,100.0
1781843981.16,ROCM_SMI,GPU_5,1474.1,143.0,100.0
1781843981.16,ROCM_SMI,GPU_6,1474.1,144.0,100.0
1781843981.16,ROCM_SMI,GPU_7,1474.1,137.0,100.0
1781843983.35,ROCM_SMI,GPU_0,1474.1,146.0,100.0
1781843983.35,ROCM_SMI,GPU_1,1474.1,140.0,100.0
1781843983.35,ROCM_SMI,GPU_2,1474.1,147.0,100.0
1781843983.35,ROCM_SMI,GPU_3,1474.1,146.0,97.0
1781843983.35,ROCM_SMI,GPU_4,1474.1,143.0,100.0
1781843983.35,ROCM_SMI,GPU_5,1474.1,138.0,100.0
1781843983.35,ROCM_SMI,GPU_6,1474.1,142.0,100.0
1781843983.35,ROCM_SMI,GPU_7,1474.1,139.0,100.0
1781843985.55,ROCM_SMI,GPU_0,1474.1,151.0,100.0
1781843985.55,ROCM_SMI,GPU_1,1474.1,140.0,100.0
1781843985.55,ROCM_SMI,GPU_2,1474.1,144.0,100.0
1781843985.55,ROCM_SMI,GPU_3,1474.1,147.0,100.0
1781843985.55,ROCM_SMI,GPU_4,1474.1,144.0,100.0
1781843985.55,ROCM_SMI,GPU_5,1474.1,137.0,95.0
1781843985.55,ROCM_SMI,GPU_6,1474.1,144.0,100.0
1781843985.55,ROCM_SMI,GPU_7,1474.1,139.0,100.0
1781843987.74,ROCM_SMI,GPU_0,1474.1,151.0,100.0
1781843987.74,ROCM_SMI,GPU_1,1474.1,141.0,100.0
1781843987.74,ROCM_SMI,GPU_2,1474.1,142.0,100.0
1781843987.74,ROCM_SMI,GPU_3,1474.1,145.0,100.0
1781843987.74,ROCM_SMI,GPU_4,1474.1,141.0,100.0
1781843987.74,ROCM_SMI,GPU_5,1474.1,138.0,100.0
1781843987.74,ROCM_SMI,GPU_6,1474.1,144.0,89.0
1781843987.74,ROCM_SMI,GPU_7,1474.1,141.0,100.0
1781843989.93,ROCM_SMI,GPU_0,1474.1,151.0,100.0
1781843989.93,ROCM_SMI,GPU_1,1474.1,141.0,100.0
1781843989.93,ROCM_SMI,GPU_2,1474.1,143.0,100.0
1781843989.93,ROCM_SMI,GPU_3,1474.1,146.0,100.0
1781843989.93,ROCM_SMI,GPU_4,1474.1,141.0,100.0
1781843989.93,ROCM_SMI,GPU_5,1474.1,140.0,100.0
1781843989.93,ROCM_SMI,GPU_6,1474.1,144.0,100.0
1781843989.93,ROCM_SMI,GPU_7,1474.1,139.0,75.0
1781843992.12,ROCM_SMI,GPU_0,1474.1,149.0,100.0
1781843992.12,ROCM_SMI,GPU_1,1474.1,143.0,100.0
1781843992.12,ROCM_SMI,GPU_2,1474.1,143.0,100.0
1781843992.12,ROCM_SMI,GPU_3,1474.1,144.0,100.0
1781843992.12,ROCM_SMI,GPU_4,1474.1,139.0,100.0
1781843992.12,ROCM_SMI,GPU_5,1474.1,141.0,100.0
1781843992.12,ROCM_SMI,GPU_6,1474.1,142.0,100.0
1781843992.12,ROCM_SMI,GPU_7,1474.1,139.0,100.0
1781843994.32,ROCM_SMI,GPU_0,1474.1,145.0,100.0
1781843994.32,ROCM_SMI,GPU_1,1474.1,142.0,100.0
1781843994.32,ROCM_SMI,GPU_2,1474.1,148.0,100.0
1781843994.32,ROCM_SMI,GPU_3,1474.1,147.0,100.0
1781843994.32,ROCM_SMI,GPU_4,1474.1,144.0,100.0
1781843994.32,ROCM_SMI,GPU_5,1474.1,142.0,100.0
1781843994.32,ROCM_SMI,GPU_6,1474.1,140.0,100.0
1781843994.32,ROCM_SMI,GPU_7,1474.1,139.0,100.0
1781843996.51,ROCM_SMI,GPU_0,1474.1,149.0,100.0
1781843996.51,ROCM_SMI,GPU_1,1474.1,140.0,100.0
1781843996.51,ROCM_SMI,GPU_2,1474.1,145.0,100.0
1781843996.51,ROCM_SMI,GPU_3,1474.1,147.0,100.0
1781843996.51,ROCM_SMI,GPU_4,1474.1,144.0,100.0
1781843996.51,ROCM_SMI,GPU_5,1474.1,139.0,100.0
1781843996.51,ROCM_SMI,GPU_6,1474.1,143.0,100.0
1781843996.51,ROCM_SMI,GPU_7,1474.1,139.0,100.0
1781843998.70,ROCM_SMI,GPU_0,1474.1,147.0,100.0
1781843998.70,ROCM_SMI,GPU_1,1474.1,141.0,100.0
1781843998.70,ROCM_SMI,GPU_2,1474.1,148.0,100.0
1781843998.70,ROCM_SMI,GPU_3,1474.1,149.0,100.0
1781843998.70,ROCM_SMI,GPU_4,1474.1,144.0,100.0
1781843998.70,ROCM_SMI,GPU_5,1474.1,141.0,100.0
1781843998.70,ROCM_SMI,GPU_6,1474.1,140.0,100.0
1781843998.70,ROCM_SMI,GPU_7,1474.1,139.0,100.0
1781844000.89,ROCM_SMI,GPU_0,1474.1,149.0,100.0
1781844000.89,ROCM_SMI,GPU_1,1474.1,143.0,100.0
1781844000.89,ROCM_SMI,GPU_2,1474.1,144.0,100.0
1781844000.89,ROCM_SMI,GPU_3,1474.1,145.0,100.0
1781844000.89,ROCM_SMI,GPU_4,1474.1,140.0,100.0
1781844000.89,ROCM_SMI,GPU_5,1474.1,142.0,100.0
1781844000.89,ROCM_SMI,GPU_6,1474.1,142.0,100.0
1781844000.89,ROCM_SMI,GPU_7,1474.1,140.0,100.0
1781844003.09,ROCM_SMI,GPU_0,1474.1,146.0,100.0
1781844003.09,ROCM_SMI,GPU_1,1474.1,140.0,100.0
1781844003.09,ROCM_SMI,GPU_2,1474.1,146.0,100.0
1781844003.09,ROCM_SMI,GPU_3,1474.1,148.0,100.0
1781844003.09,ROCM_SMI,GPU_4,1474.1,145.0,100.0
1781844003.09,ROCM_SMI,GPU_5,1474.1,138.0,100.0
1781844003.09,ROCM_SMI,GPU_6,1474.1,142.0,100.0
1781844003.09,ROCM_SMI,GPU_7,1474.1,137.0,100.0
1781844005.28,ROCM_SMI,GPU_0,1474.1,151.0,100.0
1781844005.28,ROCM_SMI,GPU_1,1474.1,141.0,100.0
1781844005.28,ROCM_SMI,GPU_2,1474.1,142.0,100.0
1781844005.28,ROCM_SMI,GPU_3,1474.1,146.0,100.0
1781844005.28,ROCM_SMI,GPU_4,1474.1,141.0,100.0
1781844005.28,ROCM_SMI,GPU_5,1474.1,139.0,100.0
1781844005.28,ROCM_SMI,GPU_6,1474.1,144.0,100.0
1781844005.28,ROCM_SMI,GPU_7,1474.1,139.0,100.0
1781844007.47,ROCM_SMI,GPU_0,1474.1,146.0,100.0
1781844007.47,ROCM_SMI,GPU_1,1474.1,143.0,100.0
1781844007.47,ROCM_SMI,GPU_2,1474.1,147.0,100.0
1781844007.47,ROCM_SMI,GPU_3,1474.1,148.0,100.0
1781844007.47,ROCM_SMI,GPU_4,1474.1,143.0,100.0
1781844007.47,ROCM_SMI,GPU_5,1474.1,144.0,100.0
1781844007.47,ROCM_SMI,GPU_6,1474.1,138.0,100.0
1781844007.47,ROCM_SMI,GPU_7,1474.1,139.0,100.0
1781844009.67,ROCM_SMI,GPU_0,1474.1,161.0,100.0
1781844009.67,ROCM_SMI,GPU_1,1474.1,152.0,100.0
1781844009.67,ROCM_SMI,GPU_2,1474.1,155.0,100.0
1781844009.67,ROCM_SMI,GPU_3,1474.1,141.0,100.0
1781844009.67,ROCM_SMI,GPU_4,1474.1,138.0,100.0
1781844009.67,ROCM_SMI,GPU_5,1474.1,139.0,100.0
1781844009.67,ROCM_SMI,GPU_6,1474.1,139.0,100.0
1781844009.67,ROCM_SMI,GPU_7,1474.1,133.0,100.0
1781844011.86,ROCM_SMI,GPU_0,1474.1,146.0,100.0
1781844011.86,ROCM_SMI,GPU_1,1474.1,143.0,100.0
1781844011.86,ROCM_SMI,GPU_2,1474.1,146.0,100.0
1781844011.86,ROCM_SMI,GPU_3,1474.1,148.0,100.0
1781844011.86,ROCM_SMI,GPU_4,1474.1,140.0,100.0
1781844011.86,ROCM_SMI,GPU_5,1474.1,143.0,100.0
1781844011.86,ROCM_SMI,GPU_6,1474.1,141.0,100.0
1781844011.86,ROCM_SMI,GPU_7,1474.1,140.0,100.0
1781844014.05,ROCM_SMI,GPU_0,1474.1,152.0,100.0
1781844014.05,ROCM_SMI,GPU_1,1474.1,140.0,100.0
1781844014.05,ROCM_SMI,GPU_2,1474.1,142.0,100.0
1781844014.05,ROCM_SMI,GPU_3,1474.1,145.0,100.0
1781844014.05,ROCM_SMI,GPU_4,1474.1,141.0,100.0
1781844014.05,ROCM_SMI,GPU_5,1474.1,139.0,100.0
1781844014.05,ROCM_SMI,GPU_6,1474.1,144.0,100.0
1781844014.05,ROCM_SMI,GPU_7,1474.1,138.0,100.0
1781844016.25,ROCM_SMI,GPU_0,1474.1,146.0,100.0
1781844016.25,ROCM_SMI,GPU_1,1474.1,141.0,100.0
1781844016.25,ROCM_SMI,GPU_2,1474.1,148.0,100.0
1781844016.25,ROCM_SMI,GPU_3,1474.1,147.0,100.0
1781844016.25,ROCM_SMI,GPU_4,1474.1,145.0,100.0
1781844016.25,ROCM_SMI,GPU_5,1474.1,141.0,100.0
1781844016.25,ROCM_SMI,GPU_6,1474.1,140.0,100.0
1781844016.25,ROCM_SMI,GPU_7,1474.1,138.0,100.0
1781844018.44,ROCM_SMI,GPU_0,1474.1,150.0,100.0
1781844018.44,ROCM_SMI,GPU_1,1474.1,139.0,100.0
1781844018.44,ROCM_SMI,GPU_2,1474.1,143.0,100.0
1781844018.44,ROCM_SMI,GPU_3,1474.1,147.0,100.0
1781844018.44,ROCM_SMI,GPU_4,1474.1,144.0,100.0
1781844018.44,ROCM_SMI,GPU_5,1474.1,137.0,100.0
1781844018.44,ROCM_SMI,GPU_6,1474.1,145.0,100.0
1781844018.44,ROCM_SMI,GPU_7,1474.1,137.0,100.0
1781844020.64,ROCM_SMI,GPU_0,1474.1,149.0,100.0
1781844020.64,ROCM_SMI,GPU_1,1474.1,140.0,100.0
1781844020.64,ROCM_SMI,GPU_2,1474.1,144.0,100.0
1781844020.64,ROCM_SMI,GPU_3,1474.1,145.0,100.0
1781844020.64,ROCM_SMI,GPU_4,1474.1,141.0,100.0
1781844020.64,ROCM_SMI,GPU_5,1474.1,141.0,100.0
1781844020.64,ROCM_SMI,GPU_6,1474.1,143.0,100.0
1781844020.64,ROCM_SMI,GPU_7,1474.1,140.0,100.0
1781844022.84,ROCM_SMI,GPU_0,1474.1,136.0,100.0
1781844022.84,ROCM_SMI,GPU_1,1474.1,135.0,100.0
1781844022.84,ROCM_SMI,GPU_2,1474.1,146.0,100.0
1781844022.84,ROCM_SMI,GPU_3,1474.1,143.0,100.0
1781844022.84,ROCM_SMI,GPU_4,1474.1,136.0,100.0
1781844022.84,ROCM_SMI,GPU_5,1474.1,139.0,100.0
1781844022.84,ROCM_SMI,GPU_6,1474.1,129.0,100.0
1781844022.84,ROCM_SMI,GPU_7,1474.1,129.0,100.0
1781844025.03,ROCM_SMI,GPU_0,1474.1,144.0,100.0
1781844025.03,ROCM_SMI,GPU_1,1474.1,142.0,100.0
1781844025.03,ROCM_SMI,GPU_2,1474.1,148.0,100.0
1781844025.03,ROCM_SMI,GPU_3,1474.1,147.0,100.0
1781844025.03,ROCM_SMI,GPU_4,1474.1,143.0,100.0
1781844025.03,ROCM_SMI,GPU_5,1474.1,142.0,100.0
1781844025.03,ROCM_SMI,GPU_6,1474.1,140.0,100.0
1781844025.03,ROCM_SMI,GPU_7,1474.1,139.0,100.0
1781844027.22,ROCM_SMI,GPU_0,1474.1,148.0,100.0
1781844027.22,ROCM_SMI,GPU_1,1474.1,141.0,100.0
1781844027.22,ROCM_SMI,GPU_2,1474.1,144.0,100.0
1781844027.22,ROCM_SMI,GPU_3,1474.1,147.0,100.0
1781844027.22,ROCM_SMI,GPU_4,1474.1,144.0,100.0
1781844027.22,ROCM_SMI,GPU_5,1474.1,138.0,100.0
1781844027.22,ROCM_SMI,GPU_6,1474.1,144.0,100.0
1781844027.22,ROCM_SMI,GPU_7,1474.1,138.0,100.0
1781844029.42,ROCM_SMI,GPU_0,1474.1,148.0,100.0
1781844029.42,ROCM_SMI,GPU_1,1474.1,141.0,100.0
1781844029.42,ROCM_SMI,GPU_2,1474.1,145.0,100.0
1781844029.42,ROCM_SMI,GPU_3,1474.1,146.0,100.0
1781844029.42,ROCM_SMI,GPU_4,1474.1,140.0,100.0
1781844029.42,ROCM_SMI,GPU_5,1474.1,143.0,100.0
1781844029.42,ROCM_SMI,GPU_6,1474.1,141.0,100.0
1781844029.42,ROCM_SMI,GPU_7,1474.1,139.0,100.0
1781844031.61,ROCM_SMI,GPU_0,1474.1,146.0,100.0
1781844031.61,ROCM_SMI,GPU_1,1474.1,141.0,100.0
1781844031.61,ROCM_SMI,GPU_2,1474.1,147.0,100.0
1781844031.61,ROCM_SMI,GPU_3,1474.1,148.0,100.0
1781844031.61,ROCM_SMI,GPU_4,1474.1,144.0,100.0
1781844031.61,ROCM_SMI,GPU_5,1474.1,141.0,100.0
1781844031.61,ROCM_SMI,GPU_6,1474.1,140.0,100.0
1781844031.61,ROCM_SMI,GPU_7,1474.1,139.0,100.0
1781844033.81,ROCM_SMI,GPU_0,1474.1,151.0,100.0
1781844033.81,ROCM_SMI,GPU_1,1474.1,141.0,100.0
1781844033.81,ROCM_SMI,GPU_2,1474.1,142.0,100.0
1781844033.81,ROCM_SMI,GPU_3,1474.1,146.0,100.0
1781844033.81,ROCM_SMI,GPU_4,1474.1,142.0,100.0
1781844033.81,ROCM_SMI,GPU_5,1474.1,139.0,100.0
1781844033.81,ROCM_SMI,GPU_6,1474.1,144.0,100.0
1781844033.81,ROCM_SMI,GPU_7,1474.1,139.0,100.0
1781844036.00,ROCM_SMI,GPU_0,1474.1,151.0,100.0
1781844036.00,ROCM_SMI,GPU_1,1474.1,143.0,100.0
1781844036.00,ROCM_SMI,GPU_2,1474.1,146.0,100.0
1781844036.00,ROCM_SMI,GPU_3,1474.1,147.0,100.0
1781844036.00,ROCM_SMI,GPU_4,1474.1,138.0,100.0
1781844036.00,ROCM_SMI,GPU_5,1474.1,142.0,100.0
1781844036.00,ROCM_SMI,GPU_6,1474.1,140.0,100.0
1781844036.00,ROCM_SMI,GPU_7,1474.1,138.0,100.0
1781844038.19,ROCM_SMI,GPU_0,1474.1,147.0,100.0
1781844038.19,ROCM_SMI,GPU_1,1474.1,142.0,100.0
1781844038.19,ROCM_SMI,GPU_2,1474.1,146.0,100.0
1781844038.19,ROCM_SMI,GPU_3,1474.1,145.0,100.0
1781844038.19,ROCM_SMI,GPU_4,1474.1,140.0,100.0
1781844038.19,ROCM_SMI,GPU_5,1474.1,143.0,100.0
1781844038.19,ROCM_SMI,GPU_6,1474.1,140.0,100.0
1781844038.19,ROCM_SMI,GPU_7,1474.1,139.0,100.0
1781844040.39,ROCM_SMI,GPU_0,1474.1,145.0,100.0
1781844040.39,ROCM_SMI,GPU_1,1474.1,141.0,100.0
1781844040.39,ROCM_SMI,GPU_2,1474.1,147.0,100.0
1781844040.39,ROCM_SMI,GPU_3,1474.1,148.0,100.0
1781844040.39,ROCM_SMI,GPU_4,1474.1,146.0,100.0
1781844040.39,ROCM_SMI,GPU_5,1474.1,140.0,100.0
1781844040.39,ROCM_SMI,GPU_6,1474.1,142.0,100.0
1781844040.39,ROCM_SMI,GPU_7,1474.1,138.0,100.0
1781844042.58,ROCM_SMI,GPU_0,1474.1,148.0,85.0
1781844042.58,ROCM_SMI,GPU_1,1474.1,141.0,100.0
1781844042.58,ROCM_SMI,GPU_2,1474.1,143.0,100.0
1781844042.58,ROCM_SMI,GPU_3,1474.1,147.0,100.0
1781844042.58,ROCM_SMI,GPU_4,1474.1,141.0,100.0
1781844042.58,ROCM_SMI,GPU_5,1474.1,141.0,100.0
1781844042.58,ROCM_SMI,GPU_6,1474.1,143.0,100.0
1781844042.58,ROCM_SMI,GPU_7,1474.1,139.0,100.0
1781844044.79,ROCM_SMI,GPU_0,1474.1,148.0,100.0
1781844044.79,ROCM_SMI,GPU_1,1474.1,141.0,100.0
1781844044.79,ROCM_SMI,GPU_2,1474.1,146.0,100.0
1781844044.79,ROCM_SMI,GPU_3,1474.1,146.0,100.0
1781844044.79,ROCM_SMI,GPU_4,1474.1,140.0,100.0
1781844044.79,ROCM_SMI,GPU_5,1474.1,142.0,100.0
1781844044.79,ROCM_SMI,GPU_6,1474.1,140.0,100.0
1781844044.79,ROCM_SMI,GPU_7,1474.1,139.0,100.0
1781844046.98,ROCM_SMI,GPU_0,1474.1,146.0,100.0
1781844046.98,ROCM_SMI,GPU_1,1474.1,141.0,100.0
1781844046.98,ROCM_SMI,GPU_2,1474.1,147.0,100.0
1781844046.98,ROCM_SMI,GPU_3,1474.1,147.0,100.0
1781844046.98,ROCM_SMI,GPU_4,1474.1,145.0,100.0
1781844046.98,ROCM_SMI,GPU_5,1474.1,140.0,100.0
1781844046.98,ROCM_SMI,GPU_6,1474.1,142.0,100.0
1781844046.98,ROCM_SMI,GPU_7,1474.1,139.0,100.0
1781844049.17,ROCM_SMI,GPU_0,1474.1,151.0,100.0
1781844049.17,ROCM_SMI,GPU_1,1474.1,140.0,100.0
1781844049.17,ROCM_SMI,GPU_2,1474.1,141.0,100.0
1781844049.17,ROCM_SMI,GPU_3,1474.1,145.0,100.0
1781844049.17,ROCM_SMI,GPU_4,1474.1,143.0,100.0
1781844049.17,ROCM_SMI,GPU_5,1474.1,137.0,100.0
1781844049.17,ROCM_SMI,GPU_6,1474.1,145.0,100.0
1781844049.17,ROCM_SMI,GPU_7,1474.1,137.0,100.0
1781844051.37,ROCM_SMI,GPU_0,1474.1,150.0,100.0
1781844051.37,ROCM_SMI,GPU_1,1474.1,140.0,100.0
1781844051.37,ROCM_SMI,GPU_2,1474.1,144.0,100.0
1781844051.37,ROCM_SMI,GPU_3,1474.1,145.0,100.0
1781844051.37,ROCM_SMI,GPU_4,1474.1,141.0,100.0
1781844051.37,ROCM_SMI,GPU_5,1474.1,140.0,100.0
1781844051.37,ROCM_SMI,GPU_6,1474.1,143.0,100.0
1781844051.37,ROCM_SMI,GPU_7,1474.1,139.0,100.0
1781844053.56,ROCM_SMI,GPU_0,1474.1,146.0,100.0
1781844053.56,ROCM_SMI,GPU_1,1474.1,142.0,100.0
1781844053.56,ROCM_SMI,GPU_2,1474.1,147.0,100.0
1781844053.56,ROCM_SMI,GPU_3,1474.1,147.0,100.0
1781844053.56,ROCM_SMI,GPU_4,1474.1,145.0,100.0
1781844053.56,ROCM_SMI,GPU_5,1474.1,139.0,100.0
1781844053.56,ROCM_SMI,GPU_6,1474.1,142.0,100.0
1781844053.56,ROCM_SMI,GPU_7,1474.1,139.0,100.0
1781844055.75,ROCM_SMI,GPU_0,1474.1,150.0,100.0
1781844055.75,ROCM_SMI,GPU_1,1474.1,142.0,100.0
1781844055.75,ROCM_SMI,GPU_2,1474.1,144.0,100.0
1781844055.75,ROCM_SMI,GPU_3,1474.1,146.0,100.0
1781844055.75,ROCM_SMI,GPU_4,1474.1,141.0,100.0
1781844055.75,ROCM_SMI,GPU_5,1474.1,142.0,100.0
1781844055.75,ROCM_SMI,GPU_6,1474.1,142.0,100.0
1781844055.75,ROCM_SMI,GPU_7,1474.1,139.0,100.0
1781844057.95,ROCM_SMI,GPU_0,1474.1,145.0,100.0
1781844057.95,ROCM_SMI,GPU_1,1474.1,143.0,100.0
1781844057.95,ROCM_SMI,GPU_2,1474.1,147.0,100.0
1781844057.95,ROCM_SMI,GPU_3,1474.1,147.0,100.0
1781844057.95,ROCM_SMI,GPU_4,1474.1,141.0,100.0
1781844057.95,ROCM_SMI,GPU_5,1474.1,143.0,100.0
1781844057.95,ROCM_SMI,GPU_6,1474.1,139.0,100.0
1781844057.95,ROCM_SMI,GPU_7,1474.1,139.0,100.0
1781844060.14,ROCM_SMI,GPU_0,1474.1,145.0,89.0
1781844060.14,ROCM_SMI,GPU_1,1474.1,140.0,100.0
1781844060.14,ROCM_SMI,GPU_2,1474.1,147.0,100.0
1781844060.14,ROCM_SMI,GPU_3,1474.1,148.0,100.0
1781844060.14,ROCM_SMI,GPU_4,1474.1,144.0,100.0
1781844060.14,ROCM_SMI,GPU_5,1474.1,139.0,100.0
1781844060.14,ROCM_SMI,GPU_6,1474.1,142.0,100.0
1781844060.14,ROCM_SMI,GPU_7,1474.1,139.0,100.0
1781844062.33,ROCM_SMI,GPU_0,1474.1,148.0,90.0
1781844062.33,ROCM_SMI,GPU_1,1474.1,140.0,100.0
1781844062.33,ROCM_SMI,GPU_2,1474.1,142.0,100.0
1781844062.33,ROCM_SMI,GPU_3,1474.1,145.0,100.0
1781844062.33,ROCM_SMI,GPU_4,1474.1,142.0,100.0
1781844062.33,ROCM_SMI,GPU_5,1474.1,139.0,100.0
1781844062.33,ROCM_SMI,GPU_6,1474.1,145.0,100.0
1781844062.33,ROCM_SMI,GPU_7,1474.1,140.0,100.0
1781844064.54,ROCM_SMI,GPU_0,1474.1,137.0,90.0
1781844064.54,ROCM_SMI,GPU_1,1474.1,153.0,100.0
1781844064.54,ROCM_SMI,GPU_2,1474.1,206.0,100.0
1781844064.54,ROCM_SMI,GPU_3,1474.1,140.0,100.0
1781844064.54,ROCM_SMI,GPU_4,1474.1,135.0,100.0
1781844064.54,ROCM_SMI,GPU_5,1474.1,140.0,100.0
1781844064.54,ROCM_SMI,GPU_6,1474.1,140.0,100.0
1781844064.54,ROCM_SMI,GPU_7,1474.1,135.0,100.0
1781844066.73,ROCM_SMI,GPU_0,1474.1,146.0,100.0
1781844066.73,ROCM_SMI,GPU_1,1474.1,141.0,100.0
1781844066.73,ROCM_SMI,GPU_2,1474.1,148.0,100.0
1781844066.73,ROCM_SMI,GPU_3,1474.1,149.0,100.0
1781844066.73,ROCM_SMI,GPU_4,1474.1,145.0,100.0
1781844066.73,ROCM_SMI,GPU_5,1474.1,140.0,100.0
1781844066.73,ROCM_SMI,GPU_6,1474.1,141.0,100.0
1781844066.73,ROCM_SMI,GPU_7,1474.1,138.0,100.0
1781844068.92,ROCM_SMI,GPU_0,1474.1,149.0,100.0
1781844068.92,ROCM_SMI,GPU_1,1474.1,140.0,100.0
1781844068.92,ROCM_SMI,GPU_2,1474.1,143.0,100.0
1781844068.92,ROCM_SMI,GPU_3,1474.1,146.0,100.0
1781844068.92,ROCM_SMI,GPU_4,1474.1,141.0,100.0
1781844068.92,ROCM_SMI,GPU_5,1474.1,139.0,100.0
1781844068.92,ROCM_SMI,GPU_6,1474.1,144.0,100.0
1781844068.92,ROCM_SMI,GPU_7,1474.1,139.0,100.0
1781844071.11,ROCM_SMI,GPU_0,1474.1,148.0,100.0
1781844071.11,ROCM_SMI,GPU_1,1474.1,140.0,86.0
1781844071.11,ROCM_SMI,GPU_2,1474.1,144.0,100.0
1781844071.11,ROCM_SMI,GPU_3,1474.1,147.0,100.0
1781844071.11,ROCM_SMI,GPU_4,1474.1,140.0,100.0
1781844071.11,ROCM_SMI,GPU_5,1474.1,142.0,100.0
1781844071.11,ROCM_SMI,GPU_6,1474.1,140.0,100.0
1781844071.11,ROCM_SMI,GPU_7,1474.1,139.0,100.0
1781844073.30,ROCM_SMI,GPU_0,1474.1,146.0,100.0
1781844073.30,ROCM_SMI,GPU_1,1474.1,138.0,87.0
1781844073.30,ROCM_SMI,GPU_2,1474.1,144.0,100.0
1781844073.30,ROCM_SMI,GPU_3,1474.1,147.0,100.0
1781844073.30,ROCM_SMI,GPU_4,1474.1,145.0,100.0
1781844073.30,ROCM_SMI,GPU_5,1474.1,138.0,100.0
1781844073.30,ROCM_SMI,GPU_6,1474.1,144.0,100.0
1781844073.30,ROCM_SMI,GPU_7,1474.1,136.0,100.0
1781844075.49,ROCM_SMI,GPU_0,1474.1,149.0,100.0
1781844075.49,ROCM_SMI,GPU_1,1474.1,140.0,95.0
1781844075.49,ROCM_SMI,GPU_2,1474.1,141.0,93.0
1781844075.49,ROCM_SMI,GPU_3,1474.1,145.0,100.0
1781844075.49,ROCM_SMI,GPU_4,1474.1,141.0,100.0
1781844075.49,ROCM_SMI,GPU_5,1474.1,141.0,100.0
1781844075.49,ROCM_SMI,GPU_6,1474.1,143.0,100.0
1781844075.49,ROCM_SMI,GPU_7,1474.1,140.0,100.0
1781844077.69,ROCM_SMI,GPU_0,1474.1,142.0,100.0
1781844077.69,ROCM_SMI,GPU_1,1474.1,131.0,82.0
1781844077.69,ROCM_SMI,GPU_2,1474.1,126.0,100.0
1781844077.69,ROCM_SMI,GPU_3,1474.1,175.0,100.0
1781844077.69,ROCM_SMI,GPU_4,1474.1,168.0,100.0
1781844077.69,ROCM_SMI,GPU_5,1474.1,141.0,100.0
1781844077.69,ROCM_SMI,GPU_6,1474.1,142.0,100.0
1781844077.69,ROCM_SMI,GPU_7,1474.1,137.0,100.0
1781844079.89,ROCM_SMI,GPU_0,1474.1,145.0,100.0
1781844079.89,ROCM_SMI,GPU_1,1474.1,141.0,100.0
1781844079.89,ROCM_SMI,GPU_2,1474.1,145.0,92.0
1781844079.89,ROCM_SMI,GPU_3,1474.1,146.0,100.0
1781844079.89,ROCM_SMI,GPU_4,1474.1,142.0,100.0
1781844079.89,ROCM_SMI,GPU_5,1474.1,141.0,100.0
1781844079.89,ROCM_SMI,GPU_6,1474.1,140.0,100.0
1781844079.89,ROCM_SMI,GPU_7,1474.1,139.0,100.0
1781844082.08,ROCM_SMI,GPU_0,1474.1,148.0,100.0
1781844082.08,ROCM_SMI,GPU_1,1474.1,139.0,100.0
1781844082.08,ROCM_SMI,GPU_2,1474.1,144.0,100.0
1781844082.08,ROCM_SMI,GPU_3,1474.1,145.0,82.0
1781844082.08,ROCM_SMI,GPU_4,1474.1,145.0,100.0
1781844082.08,ROCM_SMI,GPU_5,1474.1,138.0,100.0
1781844082.08,ROCM_SMI,GPU_6,1474.1,144.0,100.0
1781844082.08,ROCM_SMI,GPU_7,1474.1,139.0,100.0
1781844084.27,ROCM_SMI,GPU_0,1474.1,151.0,100.0
1781844084.27,ROCM_SMI,GPU_1,1474.1,141.0,100.0
1781844084.27,ROCM_SMI,GPU_2,1474.1,143.0,100.0
1781844084.27,ROCM_SMI,GPU_3,1474.1,146.0,100.0
1781844084.27,ROCM_SMI,GPU_4,1474.1,144.0,88.0
1781844084.27,ROCM_SMI,GPU_5,1474.1,138.0,100.0
1781844084.27,ROCM_SMI,GPU_6,1474.1,145.0,100.0
1781844084.27,ROCM_SMI,GPU_7,1474.1,139.0,100.0
1781844086.46,ROCM_SMI,GPU_0,1474.1,151.0,100.0
1781844086.46,ROCM_SMI,GPU_1,1474.1,143.0,100.0
1781844086.46,ROCM_SMI,GPU_2,1474.1,143.0,100.0
1781844086.46,ROCM_SMI,GPU_3,1474.1,145.0,100.0
1781844086.46,ROCM_SMI,GPU_4,1474.1,141.0,100.0
1781844086.46,ROCM_SMI,GPU_5,1474.1,140.0,100.0
1781844086.46,ROCM_SMI,GPU_6,1474.1,143.0,97.0
1781844086.46,ROCM_SMI,GPU_7,1474.1,138.0,100.0
1781844088.67,ROCM_SMI,GPU_0,1474.1,147.0,100.0
1781844088.67,ROCM_SMI,GPU_1,1474.1,143.0,100.0
1781844088.67,ROCM_SMI,GPU_2,1474.1,146.0,84.0
1781844088.67,ROCM_SMI,GPU_3,1474.1,144.0,100.0
1781844088.67,ROCM_SMI,GPU_4,1474.1,141.0,100.0
1781844088.67,ROCM_SMI,GPU_5,1474.1,144.0,100.0
1781844088.67,ROCM_SMI,GPU_6,1474.1,140.0,100.0
1781844088.67,ROCM_SMI,GPU_7,1474.1,140.0,100.0
1781844090.86,ROCM_SMI,GPU_0,1474.1,147.0,100.0
1781844090.86,ROCM_SMI,GPU_1,1474.1,138.0,100.0
1781844090.86,ROCM_SMI,GPU_2,1474.1,145.0,100.0
1781844090.86,ROCM_SMI,GPU_3,1474.1,144.0,88.0
1781844090.86,ROCM_SMI,GPU_4,1474.1,144.0,100.0
1781844090.86,ROCM_SMI,GPU_5,1474.1,138.0,100.0
1781844090.86,ROCM_SMI,GPU_6,1474.1,146.0,100.0
1781844090.86,ROCM_SMI,GPU_7,1474.1,139.0,100.0
1781844093.05,ROCM_SMI,GPU_0,1474.1,145.0,100.0
1781844093.05,ROCM_SMI,GPU_1,1474.1,143.0,100.0
1781844093.05,ROCM_SMI,GPU_2,1474.1,148.0,100.0
1781844093.05,ROCM_SMI,GPU_3,1474.1,149.0,100.0
1781844093.05,ROCM_SMI,GPU_4,1474.1,144.0,100.0
1781844093.05,ROCM_SMI,GPU_5,1474.1,140.0,99.0
1781844093.05,ROCM_SMI,GPU_6,1474.1,142.0,100.0
1781844093.05,ROCM_SMI,GPU_7,1474.1,138.0,100.0
1781844095.25,ROCM_SMI,GPU_0,1474.1,151.0,100.0
1781844095.25,ROCM_SMI,GPU_1,1474.1,141.0,100.0
1781844095.25,ROCM_SMI,GPU_2,1474.1,144.0,100.0
1781844095.25,ROCM_SMI,GPU_3,1474.1,147.0,100.0
1781844095.25,ROCM_SMI,GPU_4,1474.1,144.0,100.0
1781844095.25,ROCM_SMI,GPU_5,1474.1,139.0,88.0
1781844095.25,ROCM_SMI,GPU_6,1474.1,144.0,100.0
1781844095.25,ROCM_SMI,GPU_7,1474.1,140.0,100.0
1781844097.44,ROCM_SMI,GPU_0,1474.1,150.0,100.0
1781844097.44,ROCM_SMI,GPU_1,1474.1,139.0,100.0
1781844097.44,ROCM_SMI,GPU_2,1474.1,142.0,100.0
1781844097.44,ROCM_SMI,GPU_3,1474.1,146.0,100.0
1781844097.44,ROCM_SMI,GPU_4,1474.1,143.0,100.0
1781844097.44,ROCM_SMI,GPU_5,1474.1,137.0,100.0
1781844097.44,ROCM_SMI,GPU_6,1474.1,144.0,100.0
1781844097.44,ROCM_SMI,GPU_7,1474.1,137.0,82.0
1781844099.63,ROCM_SMI,GPU_0,1474.1,146.0,100.0
1781844099.63,ROCM_SMI,GPU_1,1474.1,142.0,100.0
1781844099.63,ROCM_SMI,GPU_2,1474.1,148.0,100.0
1781844099.63,ROCM_SMI,GPU_3,1474.1,148.0,100.0
1781844099.63,ROCM_SMI,GPU_4,1474.1,144.0,100.0
1781844099.63,ROCM_SMI,GPU_5,1474.1,140.0,100.0
1781844099.63,ROCM_SMI,GPU_6,1474.1,140.0,100.0
1781844099.63,ROCM_SMI,GPU_7,1474.1,139.0,99.0
1781844101.82,ROCM_SMI,GPU_0,1474.1,150.0,100.0
1781844101.82,ROCM_SMI,GPU_1,1474.1,140.0,100.0
1781844101.82,ROCM_SMI,GPU_2,1474.1,143.0,100.0
1781844101.82,ROCM_SMI,GPU_3,1474.1,146.0,100.0
1781844101.82,ROCM_SMI,GPU_4,1474.1,144.0,100.0
1781844101.82,ROCM_SMI,GPU_5,1474.1,138.0,100.0
1781844101.82,ROCM_SMI,GPU_6,1474.1,145.0,100.0
1781844101.82,ROCM_SMI,GPU_7,1474.1,139.0,79.0
1781844104.02,ROCM_SMI,GPU_0,1474.1,151.0,100.0
1781844104.02,ROCM_SMI,GPU_1,1474.1,141.0,100.0
1781844104.02,ROCM_SMI,GPU_2,1474.1,146.0,100.0
1781844104.02,ROCM_SMI,GPU_3,1474.1,147.0,100.0
1781844104.02,ROCM_SMI,GPU_4,1474.1,140.0,100.0
1781844104.02,ROCM_SMI,GPU_5,1474.1,144.0,100.0
1781844104.02,ROCM_SMI,GPU_6,1474.1,140.0,100.0
1781844104.02,ROCM_SMI,GPU_7,1474.1,138.0,100.0
1781844106.21,ROCM_SMI,GPU_0,1474.1,147.0,100.0
1781844106.21,ROCM_SMI,GPU_1,1474.1,143.0,100.0
1781844106.21,ROCM_SMI,GPU_2,1474.1,147.0,100.0
1781844106.21,ROCM_SMI,GPU_3,1474.1,147.0,100.0
1781844106.21,ROCM_SMI,GPU_4,1474.1,144.0,100.0
1781844106.21,ROCM_SMI,GPU_5,1474.1,139.0,100.0
1781844106.21,ROCM_SMI,GPU_6,1474.1,143.0,100.0
1781844106.21,ROCM_SMI,GPU_7,1474.1,137.0,100.0
1781844108.40,ROCM_SMI,GPU_0,1474.1,149.0,100.0
1781844108.40,ROCM_SMI,GPU_1,1474.1,141.0,100.0
1781844108.40,ROCM_SMI,GPU_2,1474.1,144.0,100.0
1781844108.40,ROCM_SMI,GPU_3,1474.1,146.0,100.0
1781844108.40,ROCM_SMI,GPU_4,1474.1,144.0,100.0
1781844108.40,ROCM_SMI,GPU_5,1474.1,139.0,100.0
1781844108.40,ROCM_SMI,GPU_6,1474.1,143.0,100.0
1781844108.40,ROCM_SMI,GPU_7,1474.1,137.0,100.0
1781844110.59,ROCM_SMI,GPU_0,1474.1,148.0,100.0
1781844110.59,ROCM_SMI,GPU_1,1474.1,141.0,100.0
1781844110.59,ROCM_SMI,GPU_2,1474.1,143.0,100.0
1781844110.59,ROCM_SMI,GPU_3,1474.1,147.0,100.0
1781844110.59,ROCM_SMI,GPU_4,1474.1,145.0,100.0
1781844110.59,ROCM_SMI,GPU_5,1474.1,138.0,100.0
1781844110.59,ROCM_SMI,GPU_6,1474.1,144.0,100.0
1781844110.59,ROCM_SMI,GPU_7,1474.1,138.0,100.0
1781844112.78,ROCM_SMI,GPU_0,1474.1,149.0,85.0
1781844112.78,ROCM_SMI,GPU_1,1474.1,140.0,100.0
1781844112.78,ROCM_SMI,GPU_2,1474.1,143.0,100.0
1781844112.78,ROCM_SMI,GPU_3,1474.1,145.0,100.0
1781844112.78,ROCM_SMI,GPU_4,1474.1,140.0,100.0
1781844112.78,ROCM_SMI,GPU_5,1474.1,141.0,100.0
1781844112.78,ROCM_SMI,GPU_6,1474.1,142.0,100.0
1781844112.78,ROCM_SMI,GPU_7,1474.1,138.0,100.0
1781844114.98,ROCM_SMI,GPU_0,1474.1,146.0,100.0
1781844114.98,ROCM_SMI,GPU_1,1474.1,141.0,89.0
1781844114.98,ROCM_SMI,GPU_2,1474.1,146.0,100.0
1781844114.98,ROCM_SMI,GPU_3,1474.1,146.0,100.0
1781844114.98,ROCM_SMI,GPU_4,1474.1,142.0,100.0
1781844114.98,ROCM_SMI,GPU_5,1474.1,144.0,100.0
1781844114.98,ROCM_SMI,GPU_6,1474.1,139.0,100.0
1781844114.98,ROCM_SMI,GPU_7,1474.1,140.0,100.0
1781844117.17,ROCM_SMI,GPU_0,1474.1,149.0,86.0
1781844117.17,ROCM_SMI,GPU_1,1474.1,138.0,100.0
1781844117.17,ROCM_SMI,GPU_2,1474.1,143.0,100.0
1781844117.17,ROCM_SMI,GPU_3,1474.1,147.0,100.0
1781844117.17,ROCM_SMI,GPU_4,1474.1,142.0,100.0
1781844117.17,ROCM_SMI,GPU_5,1474.1,140.0,100.0
1781844117.17,ROCM_SMI,GPU_6,1474.1,145.0,100.0
1781844117.17,ROCM_SMI,GPU_7,1474.1,139.0,100.0
1781844119.37,ROCM_SMI,GPU_0,1474.1,163.0,100.0
1781844119.37,ROCM_SMI,GPU_1,1474.1,157.0,100.0
1781844119.37,ROCM_SMI,GPU_2,1474.1,136.0,100.0
1781844119.37,ROCM_SMI,GPU_3,1474.1,141.0,100.0
1781844119.37,ROCM_SMI,GPU_4,1474.1,138.0,100.0
1781844119.37,ROCM_SMI,GPU_5,1474.1,143.0,100.0
1781844119.37,ROCM_SMI,GPU_6,1474.1,139.0,100.0
1781844119.37,ROCM_SMI,GPU_7,1474.1,129.0,100.0
1781844121.56,ROCM_SMI,GPU_0,1474.1,148.0,100.0
1781844121.56,ROCM_SMI,GPU_1,1474.1,142.0,100.0
1781844121.56,ROCM_SMI,GPU_2,1474.1,145.0,100.0
1781844121.56,ROCM_SMI,GPU_3,1474.1,146.0,100.0
1781844121.56,ROCM_SMI,GPU_4,1474.1,141.0,100.0
1781844121.56,ROCM_SMI,GPU_5,1474.1,143.0,100.0
1781844121.56,ROCM_SMI,GPU_6,1474.1,140.0,100.0
1781844121.56,ROCM_SMI,GPU_7,1474.1,141.0,100.0
1781844123.76,ROCM_SMI,GPU_0,1474.1,145.0,100.0
1781844123.76,ROCM_SMI,GPU_1,1474.1,141.0,100.0
1781844123.76,ROCM_SMI,GPU_2,1474.1,149.0,100.0
1781844123.76,ROCM_SMI,GPU_3,1474.1,147.0,100.0
1781844123.76,ROCM_SMI,GPU_4,1474.1,145.0,100.0
1781844123.76,ROCM_SMI,GPU_5,1474.1,141.0,100.0
1781844123.76,ROCM_SMI,GPU_6,1474.1,141.0,100.0
1781844123.76,ROCM_SMI,GPU_7,1474.1,139.0,100.0
1781844125.95,ROCM_SMI,GPU_0,1474.1,151.0,100.0
1781844125.95,ROCM_SMI,GPU_1,1474.1,141.0,100.0
1781844125.95,ROCM_SMI,GPU_2,1474.1,145.0,100.0
1781844125.95,ROCM_SMI,GPU_3,1474.1,147.0,100.0
1781844125.95,ROCM_SMI,GPU_4,1474.1,141.0,100.0
1781844125.95,ROCM_SMI,GPU_5,1474.1,142.0,100.0
1781844125.95,ROCM_SMI,GPU_6,1474.1,142.0,100.0
1781844125.95,ROCM_SMI,GPU_7,1474.1,140.0,100.0
1781844128.14,ROCM_SMI,GPU_0,1474.1,142.0,95.0
1781844128.14,ROCM_SMI,GPU_1,1474.1,141.0,100.0
1781844128.14,ROCM_SMI,GPU_2,1474.1,147.0,100.0
1781844128.14,ROCM_SMI,GPU_3,1474.1,148.0,100.0
1781844128.14,ROCM_SMI,GPU_4,1474.1,145.0,100.0
1781844128.14,ROCM_SMI,GPU_5,1474.1,140.0,100.0
1781844128.14,ROCM_SMI,GPU_6,1474.1,142.0,100.0
1781844128.14,ROCM_SMI,GPU_7,1474.1,139.0,100.0
1781844130.33,ROCM_SMI,GPU_0,1474.1,148.0,100.0
1781844130.33,ROCM_SMI,GPU_1,1474.1,139.0,100.0
1781844130.33,ROCM_SMI,GPU_2,1474.1,143.0,100.0
1781844130.33,ROCM_SMI,GPU_3,1474.1,146.0,100.0
1781844130.33,ROCM_SMI,GPU_4,1474.1,141.0,100.0
1781844130.33,ROCM_SMI,GPU_5,1474.1,140.0,100.0
1781844130.33,ROCM_SMI,GPU_6,1474.1,144.0,100.0
1781844130.33,ROCM_SMI,GPU_7,1474.1,138.0,100.0
1781844132.53,ROCM_SMI,GPU_0,1474.1,145.0,100.0
1781844132.53,ROCM_SMI,GPU_1,1474.1,167.0,100.0
1781844132.53,ROCM_SMI,GPU_2,1474.1,162.0,100.0
1781844132.53,ROCM_SMI,GPU_3,1474.1,139.0,100.0
1781844132.53,ROCM_SMI,GPU_4,1474.1,139.0,100.0
1781844132.53,ROCM_SMI,GPU_5,1474.1,135.0,100.0
1781844132.53,ROCM_SMI,GPU_6,1474.1,139.0,100.0
1781844132.53,ROCM_SMI,GPU_7,1474.1,136.0,100.0
1781844134.72,ROCM_SMI,GPU_0,1474.1,150.0,100.0
1781844134.72,ROCM_SMI,GPU_1,1474.1,141.0,100.0
1781844134.72,ROCM_SMI,GPU_2,1474.1,143.0,100.0
1781844134.72,ROCM_SMI,GPU_3,1474.1,146.0,100.0
1781844134.72,ROCM_SMI,GPU_4,1474.1,141.0,100.0
1781844134.72,ROCM_SMI,GPU_5,1474.1,141.0,100.0
1781844134.72,ROCM_SMI,GPU_6,1474.1,142.0,100.0
1781844134.72,ROCM_SMI,GPU_7,1474.1,139.0,100.0
1781844136.94,ROCM_SMI,GPU_0,1474.1,146.0,100.0
1781844136.94,ROCM_SMI,GPU_1,1474.1,141.0,100.0
1781844136.94,ROCM_SMI,GPU_2,1474.1,147.0,100.0
1781844136.94,ROCM_SMI,GPU_3,1474.1,148.0,100.0
1781844136.94,ROCM_SMI,GPU_4,1474.1,145.0,100.0
1781844136.94,ROCM_SMI,GPU_5,1474.1,138.0,93.0
1781844136.94,ROCM_SMI,GPU_6,1474.1,141.0,100.0
1781844136.94,ROCM_SMI,GPU_7,1474.1,137.0,100.0
1781844139.13,ROCM_SMI,GPU_0,1474.1,152.0,100.0
1781844139.13,ROCM_SMI,GPU_1,1474.1,142.0,100.0
1781844139.13,ROCM_SMI,GPU_2,1474.1,144.0,100.0
1781844139.13,ROCM_SMI,GPU_3,1474.1,147.0,100.0
1781844139.13,ROCM_SMI,GPU_4,1474.1,144.0,100.0
1781844139.13,ROCM_SMI,GPU_5,1474.1,139.0,100.0
1781844139.13,ROCM_SMI,GPU_6,1474.1,145.0,100.0
1781844139.13,ROCM_SMI,GPU_7,1474.1,140.0,100.0
1781844141.32,ROCM_SMI,GPU_0,1474.1,146.0,100.0
1781844141.32,ROCM_SMI,GPU_1,1474.1,143.0,100.0
1781844141.32,ROCM_SMI,GPU_2,1474.1,148.0,100.0
1781844141.32,ROCM_SMI,GPU_3,1474.1,148.0,100.0
1781844141.32,ROCM_SMI,GPU_4,1474.1,144.0,88.0
1781844141.32,ROCM_SMI,GPU_5,1474.1,139.0,100.0
1781844141.32,ROCM_SMI,GPU_6,1474.1,141.0,100.0
1781844141.32,ROCM_SMI,GPU_7,1474.1,139.0,100.0
1781844143.51,ROCM_SMI,GPU_0,1474.1,152.0,100.0
1781844143.51,ROCM_SMI,GPU_1,1474.1,141.0,100.0
1781844143.51,ROCM_SMI,GPU_2,1474.1,144.0,100.0
1781844143.51,ROCM_SMI,GPU_3,1474.1,147.0,100.0
1781844143.51,ROCM_SMI,GPU_4,1474.1,141.0,87.0
1781844143.51,ROCM_SMI,GPU_5,1474.1,140.0,100.0
1781844143.51,ROCM_SMI,GPU_6,1474.1,142.0,100.0
1781844143.51,ROCM_SMI,GPU_7,1474.1,140.0,100.0
1781844145.70,ROCM_SMI,GPU_0,1474.1,147.0,100.0
1781844145.70,ROCM_SMI,GPU_1,1474.1,141.0,100.0
1781844145.70,ROCM_SMI,GPU_2,1474.1,146.0,100.0
1781844145.70,ROCM_SMI,GPU_3,1474.1,147.0,100.0
1781844145.70,ROCM_SMI,GPU_4,1474.1,145.0,100.0
1781844145.70,ROCM_SMI,GPU_5,1474.1,138.0,87.0
1781844145.70,ROCM_SMI,GPU_6,1474.1,142.0,100.0
1781844145.70,ROCM_SMI,GPU_7,1474.1,141.0,100.0
1781844147.90,ROCM_SMI,GPU_0,1474.1,151.0,100.0
1781844147.90,ROCM_SMI,GPU_1,1474.1,141.0,100.0
1781844147.90,ROCM_SMI,GPU_2,1474.1,144.0,100.0
1781844147.90,ROCM_SMI,GPU_3,1474.1,147.0,100.0
1781844147.90,ROCM_SMI,GPU_4,1474.1,144.0,100.0
1781844147.90,ROCM_SMI,GPU_5,1474.1,139.0,82.0
1781844147.90,ROCM_SMI,GPU_6,1474.1,145.0,100.0
1781844147.90,ROCM_SMI,GPU_7,1474.1,141.0,100.0
1781844150.09,ROCM_SMI,GPU_0,1474.1,145.0,100.0
1781844150.09,ROCM_SMI,GPU_1,1474.1,144.0,100.0
1781844150.09,ROCM_SMI,GPU_2,1474.1,150.0,100.0
1781844150.09,ROCM_SMI,GPU_3,1474.1,146.0,100.0
1781844150.09,ROCM_SMI,GPU_4,1474.1,143.0,100.0
1781844150.09,ROCM_SMI,GPU_5,1474.1,141.0,86.0
1781844150.09,ROCM_SMI,GPU_6,1474.1,140.0,100.0
1781844150.09,ROCM_SMI,GPU_7,1474.1,140.0,100.0
1781844152.28,ROCM_SMI,GPU_0,1474.1,150.0,100.0
1781844152.28,ROCM_SMI,GPU_1,1474.1,141.0,100.0
1781844152.28,ROCM_SMI,GPU_2,1474.1,144.0,100.0
1781844152.28,ROCM_SMI,GPU_3,1474.1,146.0,100.0
1781844152.28,ROCM_SMI,GPU_4,1474.1,143.0,100.0
1781844152.28,ROCM_SMI,GPU_5,1474.1,138.0,86.0
1781844152.28,ROCM_SMI,GPU_6,1474.1,145.0,100.0
1781844152.28,ROCM_SMI,GPU_7,1474.1,140.0,100.0
1781844154.48,ROCM_SMI,GPU_0,1474.1,150.0,100.0
1781844154.48,ROCM_SMI,GPU_1,1474.1,142.0,100.0
1781844154.48,ROCM_SMI,GPU_2,1474.1,144.0,100.0
1781844154.48,ROCM_SMI,GPU_3,1474.1,145.0,100.0
1781844154.48,ROCM_SMI,GPU_4,1474.1,140.0,100.0
1781844154.48,ROCM_SMI,GPU_5,1474.1,142.0,100.0
1781844154.48,ROCM_SMI,GPU_6,1474.1,142.0,82.0
1781844154.48,ROCM_SMI,GPU_7,1474.1,139.0,100.0
1781844156.67,ROCM_SMI,GPU_0,1474.1,147.0,100.0
1781844156.67,ROCM_SMI,GPU_1,1474.1,142.0,100.0
1781844156.67,ROCM_SMI,GPU_2,1474.1,148.0,100.0
1781844156.67,ROCM_SMI,GPU_3,1474.1,149.0,100.0
1781844156.67,ROCM_SMI,GPU_4,1474.1,144.0,100.0
1781844156.67,ROCM_SMI,GPU_5,1474.1,142.0,100.0
1781844156.67,ROCM_SMI,GPU_6,1474.1,140.0,100.0
1781844156.67,ROCM_SMI,GPU_7,1474.1,139.0,87.0
1781844158.86,ROCM_SMI,GPU_0,1474.1,152.0,100.0
1781844158.86,ROCM_SMI,GPU_1,1474.1,139.0,100.0
1781844158.86,ROCM_SMI,GPU_2,1474.1,142.0,100.0
1781844158.86,ROCM_SMI,GPU_3,1474.1,146.0,100.0
1781844158.86,ROCM_SMI,GPU_4,1474.1,142.0,100.0
1781844158.86,ROCM_SMI,GPU_5,1474.1,138.0,100.0
1781844158.86,ROCM_SMI,GPU_6,1474.1,143.0,100.0
1781844158.86,ROCM_SMI,GPU_7,1474.1,138.0,80.0
1781844161.06,ROCM_SMI,GPU_0,1474.1,150.0,100.0
1781844161.06,ROCM_SMI,GPU_1,1474.1,142.0,100.0
1781844161.06,ROCM_SMI,GPU_2,1474.1,144.0,100.0
1781844161.06,ROCM_SMI,GPU_3,1474.1,145.0,100.0
1781844161.06,ROCM_SMI,GPU_4,1474.1,139.0,100.0
1781844161.06,ROCM_SMI,GPU_5,1474.1,142.0,100.0
1781844161.06,ROCM_SMI,GPU_6,1474.1,140.0,100.0
1781844161.06,ROCM_SMI,GPU_7,1474.1,138.0,87.0
1781844163.25,ROCM_SMI,GPU_0,1474.1,144.0,100.0
1781844163.25,ROCM_SMI,GPU_1,1474.1,141.0,100.0
1781844163.25,ROCM_SMI,GPU_2,1474.1,148.0,100.0
1781844163.25,ROCM_SMI,GPU_3,1474.1,148.0,100.0
1781844163.25,ROCM_SMI,GPU_4,1474.1,142.0,100.0
1781844163.25,ROCM_SMI,GPU_5,1474.1,143.0,100.0
1781844163.25,ROCM_SMI,GPU_6,1474.1,137.0,100.0
1781844163.25,ROCM_SMI,GPU_7,1474.1,140.0,100.0
1781844165.44,ROCM_SMI,GPU_0,1474.1,145.0,100.0
1781844165.44,ROCM_SMI,GPU_1,1474.1,141.0,100.0
1781844165.44,ROCM_SMI,GPU_2,1474.1,147.0,100.0
1781844165.44,ROCM_SMI,GPU_3,1474.1,149.0,100.0
1781844165.44,ROCM_SMI,GPU_4,1474.1,145.0,100.0
1781844165.44,ROCM_SMI,GPU_5,1474.1,140.0,100.0
1781844165.44,ROCM_SMI,GPU_6,1474.1,142.0,100.0
1781844165.44,ROCM_SMI,GPU_7,1474.1,139.0,100.0
1781844167.63,ROCM_SMI,GPU_0,1474.1,147.0,100.0
1781844167.63,ROCM_SMI,GPU_1,1474.1,141.0,100.0
1781844167.63,ROCM_SMI,GPU_2,1474.1,143.0,100.0
1781844167.63,ROCM_SMI,GPU_3,1474.1,147.0,100.0
1781844167.63,ROCM_SMI,GPU_4,1474.1,144.0,100.0
1781844167.63,ROCM_SMI,GPU_5,1474.1,137.0,100.0
1781844167.63,ROCM_SMI,GPU_6,1474.1,144.0,100.0
1781844167.63,ROCM_SMI,GPU_7,1474.1,138.0,100.0
1781844169.82,ROCM_SMI,GPU_0,1474.1,147.0,100.0
1781844169.82,ROCM_SMI,GPU_1,1474.1,141.0,100.0
1781844169.82,ROCM_SMI,GPU_2,1474.1,145.0,100.0
1781844169.82,ROCM_SMI,GPU_3,1474.1,147.0,100.0
1781844169.82,ROCM_SMI,GPU_4,1474.1,140.0,100.0
1781844169.82,ROCM_SMI,GPU_5,1474.1,143.0,100.0
1781844169.82,ROCM_SMI,GPU_6,1474.1,140.0,100.0
1781844169.82,ROCM_SMI,GPU_7,1474.1,141.0,100.0
1781844172.02,ROCM_SMI,GPU_0,1474.1,143.0,83.0
1781844172.02,ROCM_SMI,GPU_1,1474.1,141.0,100.0
1781844172.02,ROCM_SMI,GPU_2,1474.1,147.0,100.0
1781844172.02,ROCM_SMI,GPU_3,1474.1,148.0,100.0
1781844172.02,ROCM_SMI,GPU_4,1474.1,145.0,100.0
1781844172.02,ROCM_SMI,GPU_5,1474.1,140.0,100.0
1781844172.02,ROCM_SMI,GPU_6,1474.1,141.0,100.0
1781844172.02,ROCM_SMI,GPU_7,1474.1,139.0,100.0
1781844174.21,ROCM_SMI,GPU_0,1474.1,142.0,85.0
1781844174.21,ROCM_SMI,GPU_1,1474.1,135.0,100.0
1781844174.21,ROCM_SMI,GPU_2,1474.1,142.0,100.0
1781844174.21,ROCM_SMI,GPU_3,1474.1,145.0,100.0
1781844174.21,ROCM_SMI,GPU_4,1474.1,148.0,100.0
1781844174.21,ROCM_SMI,GPU_5,1474.1,141.0,100.0
1781844174.21,ROCM_SMI,GPU_6,1474.1,148.0,100.0
1781844174.21,ROCM_SMI,GPU_7,1474.1,139.0,100.0
1781844176.40,ROCM_SMI,GPU_0,1474.1,149.0,100.0
1781844176.40,ROCM_SMI,GPU_1,1474.1,138.0,88.0
1781844176.40,ROCM_SMI,GPU_2,1474.1,143.0,100.0
1781844176.40,ROCM_SMI,GPU_3,1474.1,146.0,100.0
1781844176.40,ROCM_SMI,GPU_4,1474.1,140.0,100.0
1781844176.40,ROCM_SMI,GPU_5,1474.1,142.0,100.0
1781844176.40,ROCM_SMI,GPU_6,1474.1,141.0,100.0
1781844176.40,ROCM_SMI,GPU_7,1474.1,140.0,100.0
1781844178.60,ROCM_SMI,GPU_0,1474.1,144.0,100.0
1781844178.60,ROCM_SMI,GPU_1,1474.1,141.0,96.0
1781844178.60,ROCM_SMI,GPU_2,1474.1,146.0,100.0
1781844178.60,ROCM_SMI,GPU_3,1474.1,147.0,100.0
1781844178.60,ROCM_SMI,GPU_4,1474.1,144.0,100.0
1781844178.60,ROCM_SMI,GPU_5,1474.1,140.0,100.0
1781844178.60,ROCM_SMI,GPU_6,1474.1,139.0,100.0
1781844178.60,ROCM_SMI,GPU_7,1474.1,139.0,100.0
1781844180.79,ROCM_SMI,GPU_0,1474.1,146.0,100.0
1781844180.79,ROCM_SMI,GPU_1,1474.1,139.0,100.0
1781844180.79,ROCM_SMI,GPU_2,1474.1,145.0,100.0
1781844180.79,ROCM_SMI,GPU_3,1474.1,146.0,90.0
1781844180.79,ROCM_SMI,GPU_4,1474.1,144.0,100.0
1781844180.79,ROCM_SMI,GPU_5,1474.1,138.0,100.0
1781844180.79,ROCM_SMI,GPU_6,1474.1,143.0,100.0
1781844180.79,ROCM_SMI,GPU_7,1474.1,137.0,100.0
1781844182.98,ROCM_SMI,GPU_0,1474.1,150.0,100.0
1781844182.98,ROCM_SMI,GPU_1,1474.1,139.0,100.0
1781844182.98,ROCM_SMI,GPU_2,1474.1,142.0,100.0
1781844182.98,ROCM_SMI,GPU_3,1474.1,145.0,81.0
1781844182.98,ROCM_SMI,GPU_4,1474.1,140.0,100.0
1781844182.98,ROCM_SMI,GPU_5,1474.1,140.0,100.0
1781844182.98,ROCM_SMI,GPU_6,1474.1,142.0,100.0
1781844182.98,ROCM_SMI,GPU_7,1474.1,139.0,100.0
1781844185.17,ROCM_SMI,GPU_0,1474.1,146.0,100.0
1781844185.17,ROCM_SMI,GPU_1,1474.1,143.0,100.0
1781844185.17,ROCM_SMI,GPU_2,1474.1,148.0,100.0
1781844185.17,ROCM_SMI,GPU_3,1474.1,145.0,100.0
1781844185.17,ROCM_SMI,GPU_4,1474.1,141.0,87.0
1781844185.17,ROCM_SMI,GPU_5,1474.1,142.0,100.0
1781844185.17,ROCM_SMI,GPU_6,1474.1,140.0,100.0
1781844185.17,ROCM_SMI,GPU_7,1474.1,139.0,100.0
1781844187.37,ROCM_SMI,GPU_0,1474.1,145.0,100.0
1781844187.37,ROCM_SMI,GPU_1,1474.1,141.0,100.0
1781844187.37,ROCM_SMI,GPU_2,1474.1,147.0,100.0
1781844187.37,ROCM_SMI,GPU_3,1474.1,148.0,100.0
1781844187.37,ROCM_SMI,GPU_4,1474.1,144.0,87.0
1781844187.37,ROCM_SMI,GPU_5,1474.1,138.0,100.0
1781844187.37,ROCM_SMI,GPU_6,1474.1,142.0,100.0
1781844187.37,ROCM_SMI,GPU_7,1474.1,140.0,100.0
1781844189.57,ROCM_SMI,GPU_0,1474.1,152.0,100.0
1781844189.57,ROCM_SMI,GPU_1,1474.1,140.0,100.0
1781844189.57,ROCM_SMI,GPU_2,1474.1,142.0,100.0
1781844189.57,ROCM_SMI,GPU_3,1474.1,147.0,100.0
1781844189.57,ROCM_SMI,GPU_4,1474.1,144.0,87.0
1781844189.57,ROCM_SMI,GPU_5,1474.1,140.0,100.0
1781844189.57,ROCM_SMI,GPU_6,1474.1,145.0,100.0
1781844189.57,ROCM_SMI,GPU_7,1474.1,139.0,100.0
1781844191.77,ROCM_SMI,GPU_0,1474.1,144.0,100.0
1781844191.77,ROCM_SMI,GPU_1,1474.1,141.0,100.0
1781844191.77,ROCM_SMI,GPU_2,1474.1,147.0,100.0
1781844191.77,ROCM_SMI,GPU_3,1474.1,148.0,100.0
1781844191.77,ROCM_SMI,GPU_4,1474.1,144.0,100.0
1781844191.77,ROCM_SMI,GPU_5,1474.1,140.0,100.0
1781844191.77,ROCM_SMI,GPU_6,1474.1,140.0,100.0
1781844191.77,ROCM_SMI,GPU_7,1474.1,138.0,100.0
1781844193.97,ROCM_SMI,GPU_0,1474.1,145.0,89.0
1781844193.97,ROCM_SMI,GPU_1,1474.1,141.0,100.0
1781844193.97,ROCM_SMI,GPU_2,1474.1,146.0,100.0
1781844193.97,ROCM_SMI,GPU_3,1474.1,147.0,100.0
1781844193.97,ROCM_SMI,GPU_4,1474.1,146.0,100.0
1781844193.97,ROCM_SMI,GPU_5,1474.1,139.0,100.0
1781844193.97,ROCM_SMI,GPU_6,1474.1,143.0,100.0
1781844193.97,ROCM_SMI,GPU_7,1474.1,138.0,100.0
1781844196.16,ROCM_SMI,GPU_0,1474.1,150.0,85.0
1781844196.16,ROCM_SMI,GPU_1,1474.1,139.0,100.0
1781844196.16,ROCM_SMI,GPU_2,1474.1,142.0,100.0
1781844196.16,ROCM_SMI,GPU_3,1474.1,144.0,100.0
1781844196.16,ROCM_SMI,GPU_4,1474.1,142.0,100.0
1781844196.16,ROCM_SMI,GPU_5,1474.1,140.0,100.0
1781844196.16,ROCM_SMI,GPU_6,1474.1,143.0,100.0
1781844196.16,ROCM_SMI,GPU_7,1474.1,138.0,100.0
1781844198.35,ROCM_SMI,GPU_0,1474.1,145.0,100.0
1781844198.35,ROCM_SMI,GPU_1,1474.1,141.0,88.0
1781844198.35,ROCM_SMI,GPU_2,1474.1,145.0,96.0
1781844198.35,ROCM_SMI,GPU_3,1474.1,147.0,100.0
1781844198.35,ROCM_SMI,GPU_4,1474.1,141.0,100.0
1781844198.35,ROCM_SMI,GPU_5,1474.1,143.0,100.0
1781844198.35,ROCM_SMI,GPU_6,1474.1,137.0,100.0
1781844198.35,ROCM_SMI,GPU_7,1474.1,139.0,100.0
1781844200.54,ROCM_SMI,GPU_0,1474.1,147.0,100.0
1781844200.54,ROCM_SMI,GPU_1,1474.1,140.0,88.0
1781844200.54,ROCM_SMI,GPU_2,1474.1,143.0,100.0
1781844200.54,ROCM_SMI,GPU_3,1474.1,145.0,100.0
1781844200.54,ROCM_SMI,GPU_4,1474.1,146.0,100.0
1781844200.54,ROCM_SMI,GPU_5,1474.1,137.0,100.0
1781844200.54,ROCM_SMI,GPU_6,1474.1,143.0,100.0
1781844200.54,ROCM_SMI,GPU_7,1474.1,138.0,100.0
1781844202.74,ROCM_SMI,GPU_0,1474.1,140.0,100.0
1781844202.74,ROCM_SMI,GPU_1,1474.1,130.0,87.0
1781844202.74,ROCM_SMI,GPU_2,1474.1,114.0,96.0
1781844202.74,ROCM_SMI,GPU_3,1474.1,199.0,100.0
1781844202.74,ROCM_SMI,GPU_4,1474.1,137.0,100.0
1781844202.74,ROCM_SMI,GPU_5,1474.1,143.0,100.0
1781844202.74,ROCM_SMI,GPU_6,1474.1,144.0,100.0
1781844202.74,ROCM_SMI,GPU_7,1474.1,134.0,100.0
1781844204.94,ROCM_SMI,GPU_0,1474.1,146.0,100.0
1781844204.94,ROCM_SMI,GPU_1,1474.1,141.0,98.0
1781844204.94,ROCM_SMI,GPU_2,1474.1,145.0,100.0
1781844204.94,ROCM_SMI,GPU_3,1474.1,147.0,100.0
1781844204.94,ROCM_SMI,GPU_4,1474.1,141.0,100.0
1781844204.94,ROCM_SMI,GPU_5,1474.1,143.0,100.0
1781844204.94,ROCM_SMI,GPU_6,1474.1,139.0,100.0
1781844204.94,ROCM_SMI,GPU_7,1474.1,139.0,100.0
1781844207.13,ROCM_SMI,GPU_0,1474.1,147.0,100.0
1781844207.13,ROCM_SMI,GPU_1,1474.1,140.0,100.0
1781844207.13,ROCM_SMI,GPU_2,1474.1,146.0,100.0
1781844207.13,ROCM_SMI,GPU_3,1474.1,144.0,94.0
1781844207.13,ROCM_SMI,GPU_4,1474.1,138.0,100.0
1781844207.13,ROCM_SMI,GPU_5,1474.1,143.0,100.0
1781844207.13,ROCM_SMI,GPU_6,1474.1,139.0,100.0
1781844207.13,ROCM_SMI,GPU_7,1474.1,139.0,100.0
1781844209.32,ROCM_SMI,GPU_0,1474.1,145.0,100.0
1781844209.32,ROCM_SMI,GPU_1,1474.1,143.0,100.0
1781844209.32,ROCM_SMI,GPU_2,1474.1,147.0,100.0
1781844209.32,ROCM_SMI,GPU_3,1474.1,146.0,83.0
1781844209.32,ROCM_SMI,GPU_4,1474.1,144.0,100.0
1781844209.32,ROCM_SMI,GPU_5,1474.1,140.0,100.0
1781844209.32,ROCM_SMI,GPU_6,1474.1,142.0,100.0
1781844209.32,ROCM_SMI,GPU_7,1474.1,140.0,100.0
1781844211.52,ROCM_SMI,GPU_0,1474.1,148.0,100.0
1781844211.52,ROCM_SMI,GPU_1,1474.1,142.0,100.0
1781844211.52,ROCM_SMI,GPU_2,1474.1,145.0,100.0
1781844211.52,ROCM_SMI,GPU_3,1474.1,146.0,100.0
1781844211.52,ROCM_SMI,GPU_4,1474.1,145.0,81.0
1781844211.52,ROCM_SMI,GPU_5,1474.1,138.0,100.0
1781844211.52,ROCM_SMI,GPU_6,1474.1,144.0,100.0
1781844211.52,ROCM_SMI,GPU_7,1474.1,138.0,100.0
1781844213.71,ROCM_SMI,GPU_0,1474.1,152.0,100.0
1781844213.71,ROCM_SMI,GPU_1,1474.1,141.0,100.0
1781844213.71,ROCM_SMI,GPU_2,1474.1,144.0,100.0
1781844213.71,ROCM_SMI,GPU_3,1474.1,146.0,100.0
1781844213.71,ROCM_SMI,GPU_4,1474.1,141.0,81.0
1781844213.71,ROCM_SMI,GPU_5,1474.1,140.0,100.0
1781844213.71,ROCM_SMI,GPU_6,1474.1,142.0,100.0
1781844213.71,ROCM_SMI,GPU_7,1474.1,140.0,100.0
1781844215.90,ROCM_SMI,GPU_0,1474.1,150.0,100.0
1781844215.90,ROCM_SMI,GPU_1,1474.1,139.0,100.0
1781844215.90,ROCM_SMI,GPU_2,1474.1,143.0,100.0
1781844215.90,ROCM_SMI,GPU_3,1474.1,144.0,100.0
1781844215.90,ROCM_SMI,GPU_4,1474.1,142.0,87.0
1781844215.90,ROCM_SMI,GPU_5,1474.1,136.0,100.0
1781844215.90,ROCM_SMI,GPU_6,1474.1,145.0,100.0
1781844215.90,ROCM_SMI,GPU_7,1474.1,139.0,100.0
1781844218.09,ROCM_SMI,GPU_0,1474.1,150.0,100.0
1781844218.09,ROCM_SMI,GPU_1,1474.1,141.0,100.0
1781844218.09,ROCM_SMI,GPU_2,1474.1,146.0,100.0
1781844218.09,ROCM_SMI,GPU_3,1474.1,145.0,100.0
1781844218.09,ROCM_SMI,GPU_4,1474.1,141.0,91.0
1781844218.09,ROCM_SMI,GPU_5,1474.1,142.0,100.0
1781844218.09,ROCM_SMI,GPU_6,1474.1,140.0,100.0
1781844218.09,ROCM_SMI,GPU_7,1474.1,140.0,100.0
1781844220.29,ROCM_SMI,GPU_0,1474.1,144.0,100.0
1781844220.29,ROCM_SMI,GPU_1,1474.1,143.0,100.0
1781844220.29,ROCM_SMI,GPU_2,1474.1,150.0,100.0
1781844220.29,ROCM_SMI,GPU_3,1474.1,149.0,100.0
1781844220.29,ROCM_SMI,GPU_4,1474.1,144.0,100.0
1781844220.29,ROCM_SMI,GPU_5,1474.1,142.0,81.0
1781844220.29,ROCM_SMI,GPU_6,1474.1,140.0,100.0
1781844220.29,ROCM_SMI,GPU_7,1474.1,140.0,100.0
1781844222.48,ROCM_SMI,GPU_0,1474.1,152.0,100.0
1781844222.48,ROCM_SMI,GPU_1,1474.1,142.0,100.0
1781844222.48,ROCM_SMI,GPU_2,1474.1,143.0,100.0
1781844222.48,ROCM_SMI,GPU_3,1474.1,147.0,100.0
1781844222.48,ROCM_SMI,GPU_4,1474.1,142.0,100.0
1781844222.48,ROCM_SMI,GPU_5,1474.1,139.0,100.0
1781844222.48,ROCM_SMI,GPU_6,1474.1,144.0,88.0
1781844222.48,ROCM_SMI,GPU_7,1474.1,139.0,100.0
1781844224.67,ROCM_SMI,GPU_0,1474.1,149.0,100.0
1781844224.67,ROCM_SMI,GPU_1,1474.1,143.0,100.0
1781844224.67,ROCM_SMI,GPU_2,1474.1,146.0,100.0
1781844224.67,ROCM_SMI,GPU_3,1474.1,147.0,100.0
1781844224.67,ROCM_SMI,GPU_4,1474.1,141.0,100.0
1781844224.67,ROCM_SMI,GPU_5,1474.1,143.0,100.0
1781844224.67,ROCM_SMI,GPU_6,1474.1,140.0,100.0
1781844224.67,ROCM_SMI,GPU_7,1474.1,139.0,81.0
1781844226.86,ROCM_SMI,GPU_0,1474.1,147.0,100.0
1781844226.86,ROCM_SMI,GPU_1,1474.1,142.0,100.0
1781844226.86,ROCM_SMI,GPU_2,1474.1,148.0,100.0
1781844226.86,ROCM_SMI,GPU_3,1474.1,148.0,100.0
1781844226.86,ROCM_SMI,GPU_4,1474.1,141.0,100.0
1781844226.86,ROCM_SMI,GPU_5,1474.1,144.0,100.0
1781844226.86,ROCM_SMI,GPU_6,1474.1,140.0,100.0
1781844226.86,ROCM_SMI,GPU_7,1474.1,140.0,100.0
1781844229.05,ROCM_SMI,GPU_0,1474.1,148.0,100.0
1781844229.05,ROCM_SMI,GPU_1,1474.1,141.0,100.0
1781844229.05,ROCM_SMI,GPU_2,1474.1,145.0,100.0
1781844229.05,ROCM_SMI,GPU_3,1474.1,147.0,100.0
1781844229.05,ROCM_SMI,GPU_4,1474.1,145.0,100.0
1781844229.05,ROCM_SMI,GPU_5,1474.1,138.0,100.0
1781844229.05,ROCM_SMI,GPU_6,1474.1,142.0,100.0
1781844229.05,ROCM_SMI,GPU_7,1474.1,137.0,100.0
1781844231.25,ROCM_SMI,GPU_0,1474.1,151.0,100.0
1781844231.25,ROCM_SMI,GPU_1,1474.1,145.0,100.0
1781844231.25,ROCM_SMI,GPU_2,1474.1,146.0,100.0
1781844231.25,ROCM_SMI,GPU_3,1474.1,146.0,100.0
1781844231.25,ROCM_SMI,GPU_4,1474.1,138.0,100.0
1781844231.25,ROCM_SMI,GPU_5,1474.1,148.0,100.0
1781844231.25,ROCM_SMI,GPU_6,1474.1,146.0,100.0
1781844231.25,ROCM_SMI,GPU_7,1474.1,140.0,100.0
1781844233.44,ROCM_SMI,GPU_0,1474.1,145.0,100.0
1781844233.44,ROCM_SMI,GPU_1,1474.1,143.0,100.0
1781844233.44,ROCM_SMI,GPU_2,1474.1,149.0,100.0
1781844233.44,ROCM_SMI,GPU_3,1474.1,145.0,100.0
1781844233.44,ROCM_SMI,GPU_4,1474.1,141.0,100.0
1781844233.44,ROCM_SMI,GPU_5,1474.1,144.0,100.0
1781844233.44,ROCM_SMI,GPU_6,1474.1,139.0,100.0
1781844233.44,ROCM_SMI,GPU_7,1474.1,139.0,100.0
1781844235.63,ROCM_SMI,GPU_0,1474.1,150.0,100.0
1781844235.63,ROCM_SMI,GPU_1,1474.1,140.0,100.0
1781844235.63,ROCM_SMI,GPU_2,1474.1,143.0,100.0
1781844235.63,ROCM_SMI,GPU_3,1474.1,145.0,100.0
1781844235.63,ROCM_SMI,GPU_4,1474.1,142.0,100.0
1781844235.63,ROCM_SMI,GPU_5,1474.1,139.0,100.0
1781844235.63,ROCM_SMI,GPU_6,1474.1,143.0,100.0
1781844235.63,ROCM_SMI,GPU_7,1474.1,140.0,100.0
1781844237.82,ROCM_SMI,GPU_0,1474.1,146.0,100.0
1781844237.82,ROCM_SMI,GPU_1,1474.1,142.0,100.0
1781844237.82,ROCM_SMI,GPU_2,1474.1,145.0,100.0
1781844237.82,ROCM_SMI,GPU_3,1474.1,147.0,100.0
1781844237.82,ROCM_SMI,GPU_4,1474.1,144.0,100.0
1781844237.82,ROCM_SMI,GPU_5,1474.1,139.0,100.0
1781844237.82,ROCM_SMI,GPU_6,1474.1,143.0,100.0
1781844237.82,ROCM_SMI,GPU_7,1474.1,138.0,100.0
1781844240.02,ROCM_SMI,GPU_0,1474.1,149.0,100.0
1781844240.02,ROCM_SMI,GPU_1,1474.1,142.0,100.0
1781844240.02,ROCM_SMI,GPU_2,1474.1,145.0,100.0
1781844240.02,ROCM_SMI,GPU_3,1474.1,147.0,100.0
1781844240.02,ROCM_SMI,GPU_4,1474.1,141.0,100.0
1781844240.02,ROCM_SMI,GPU_5,1474.1,143.0,100.0
1781844240.02,ROCM_SMI,GPU_6,1474.1,142.0,100.0
1781844240.02,ROCM_SMI,GPU_7,1474.1,138.0,100.0
1781844242.21,ROCM_SMI,GPU_0,1474.1,145.0,100.0
1781844242.21,ROCM_SMI,GPU_1,1474.1,143.0,100.0
1781844242.21,ROCM_SMI,GPU_2,1474.1,148.0,100.0
1781844242.21,ROCM_SMI,GPU_3,1474.1,146.0,100.0
1781844242.21,ROCM_SMI,GPU_4,1474.1,143.0,100.0
1781844242.21,ROCM_SMI,GPU_5,1474.1,142.0,100.0
1781844242.21,ROCM_SMI,GPU_6,1474.1,140.0,100.0
1781844242.21,ROCM_SMI,GPU_7,1474.1,139.0,100.0
1781844244.41,ROCM_SMI,GPU_0,1474.1,174.0,100.0
1781844244.41,ROCM_SMI,GPU_1,1474.1,138.0,100.0
1781844244.41,ROCM_SMI,GPU_2,1474.1,146.0,100.0
1781844244.41,ROCM_SMI,GPU_3,1474.1,140.0,100.0
1781844244.41,ROCM_SMI,GPU_4,1474.1,139.0,100.0
1781844244.41,ROCM_SMI,GPU_5,1474.1,142.0,100.0
1781844244.41,ROCM_SMI,GPU_6,1474.1,140.0,100.0
1781844244.41,ROCM_SMI,GPU_7,1474.1,127.0,100.0
1781844246.60,ROCM_SMI,GPU_0,1474.1,150.0,100.0
1781844246.60,ROCM_SMI,GPU_1,1474.1,143.0,100.0
1781844246.60,ROCM_SMI,GPU_2,1474.1,144.0,100.0
1781844246.60,ROCM_SMI,GPU_3,1474.1,146.0,100.0
1781844246.60,ROCM_SMI,GPU_4,1474.1,139.0,100.0
1781844246.60,ROCM_SMI,GPU_5,1474.1,142.0,100.0
1781844246.60,ROCM_SMI,GPU_6,1474.1,141.0,100.0
1781844246.60,ROCM_SMI,GPU_7,1474.1,138.0,100.0
1781844248.80,ROCM_SMI,GPU_0,1474.1,147.0,100.0
1781844248.80,ROCM_SMI,GPU_1,1474.1,143.0,100.0
1781844248.80,ROCM_SMI,GPU_2,1474.1,147.0,100.0
1781844248.80,ROCM_SMI,GPU_3,1474.1,145.0,100.0
1781844248.80,ROCM_SMI,GPU_4,1474.1,142.0,100.0
1781844248.80,ROCM_SMI,GPU_5,1474.1,144.0,100.0
1781844248.80,ROCM_SMI,GPU_6,1474.1,140.0,100.0
1781844248.80,ROCM_SMI,GPU_7,1474.1,140.0,100.0
1781844250.99,ROCM_SMI,GPU_0,1474.1,147.0,100.0
1781844250.99,ROCM_SMI,GPU_1,1474.1,142.0,100.0
1781844250.99,ROCM_SMI,GPU_2,1474.1,143.0,100.0
1781844250.99,ROCM_SMI,GPU_3,1474.1,148.0,100.0
1781844250.99,ROCM_SMI,GPU_4,1474.1,145.0,100.0
1781844250.99,ROCM_SMI,GPU_5,1474.1,138.0,100.0
1781844250.99,ROCM_SMI,GPU_6,1474.1,144.0,100.0
1781844250.99,ROCM_SMI,GPU_7,1474.1,138.0,100.0
1781844253.18,ROCM_SMI,GPU_0,1474.1,147.0,100.0
1781844253.18,ROCM_SMI,GPU_1,1474.1,143.0,100.0
1781844253.18,ROCM_SMI,GPU_2,1474.1,147.0,100.0
1781844253.18,ROCM_SMI,GPU_3,1474.1,147.0,100.0
1781844253.18,ROCM_SMI,GPU_4,1474.1,141.0,100.0
1781844253.18,ROCM_SMI,GPU_5,1474.1,143.0,100.0
1781844253.18,ROCM_SMI,GPU_6,1474.1,140.0,100.0
1781844253.18,ROCM_SMI,GPU_7,1474.1,141.0,100.0
1781844255.37,ROCM_SMI,GPU_0,1474.1,145.0,86.0
1781844255.37,ROCM_SMI,GPU_1,1474.1,139.0,100.0
1781844255.37,ROCM_SMI,GPU_2,1474.1,145.0,100.0
1781844255.37,ROCM_SMI,GPU_3,1474.1,147.0,100.0
1781844255.37,ROCM_SMI,GPU_4,1474.1,146.0,100.0
1781844255.37,ROCM_SMI,GPU_5,1474.1,138.0,100.0
1781844255.37,ROCM_SMI,GPU_6,1474.1,143.0,100.0
1781844255.37,ROCM_SMI,GPU_7,1474.1,138.0,100.0
1781844257.56,ROCM_SMI,GPU_0,1474.1,145.0,83.0
1781844257.56,ROCM_SMI,GPU_1,1474.1,144.0,100.0
1781844257.56,ROCM_SMI,GPU_2,1474.1,155.0,100.0
1781844257.56,ROCM_SMI,GPU_3,1474.1,148.0,100.0
1781844257.56,ROCM_SMI,GPU_4,1474.1,142.0,100.0
1781844257.56,ROCM_SMI,GPU_5,1474.1,140.0,100.0
1781844257.56,ROCM_SMI,GPU_6,1474.1,137.0,100.0
1781844257.56,ROCM_SMI,GPU_7,1474.1,138.0,100.0
1781844259.76,ROCM_SMI,GPU_0,1474.1,146.0,85.0
1781844259.76,ROCM_SMI,GPU_1,1474.1,140.0,100.0
1781844259.76,ROCM_SMI,GPU_2,1474.1,143.0,100.0
1781844259.76,ROCM_SMI,GPU_3,1474.1,148.0,100.0
1781844259.76,ROCM_SMI,GPU_4,1474.1,145.0,100.0
1781844259.76,ROCM_SMI,GPU_5,1474.1,138.0,100.0
1781844259.76,ROCM_SMI,GPU_6,1474.1,144.0,100.0
1781844259.76,ROCM_SMI,GPU_7,1474.1,137.0,100.0
1781844261.95,ROCM_SMI,GPU_0,1474.1,150.0,90.0
1781844261.95,ROCM_SMI,GPU_1,1474.1,139.0,100.0
1781844261.95,ROCM_SMI,GPU_2,1474.1,144.0,100.0
1781844261.95,ROCM_SMI,GPU_3,1474.1,145.0,100.0
1781844261.95,ROCM_SMI,GPU_4,1474.1,139.0,100.0
1781844261.95,ROCM_SMI,GPU_5,1474.1,142.0,100.0
1781844261.95,ROCM_SMI,GPU_6,1474.1,141.0,100.0
1781844261.95,ROCM_SMI,GPU_7,1474.1,140.0,100.0
1781844264.14,ROCM_SMI,GPU_0,1474.1,146.0,100.0
1781844264.14,ROCM_SMI,GPU_1,1474.1,140.0,82.0
1781844264.14,ROCM_SMI,GPU_2,1474.1,147.0,100.0
1781844264.14,ROCM_SMI,GPU_3,1474.1,147.0,100.0
1781844264.14,ROCM_SMI,GPU_4,1474.1,143.0,100.0
1781844264.14,ROCM_SMI,GPU_5,1474.1,143.0,100.0
1781844264.14,ROCM_SMI,GPU_6,1474.1,140.0,100.0
1781844264.14,ROCM_SMI,GPU_7,1474.1,138.0,100.0
1781844266.33,ROCM_SMI,GPU_0,1474.1,148.0,100.0
1781844266.33,ROCM_SMI,GPU_1,1474.1,139.0,88.0
1781844266.33,ROCM_SMI,GPU_2,1474.1,143.0,100.0
1781844266.33,ROCM_SMI,GPU_3,1474.1,148.0,100.0
1781844266.33,ROCM_SMI,GPU_4,1474.1,145.0,100.0
1781844266.33,ROCM_SMI,GPU_5,1474.1,139.0,100.0
1781844266.33,ROCM_SMI,GPU_6,1474.1,144.0,100.0
1781844266.33,ROCM_SMI,GPU_7,1474.1,138.0,100.0
1781844268.52,ROCM_SMI,GPU_0,1474.1,148.0,100.0
1781844268.52,ROCM_SMI,GPU_1,1474.1,141.0,100.0
1781844268.52,ROCM_SMI,GPU_2,1474.1,143.0,82.0
1781844268.52,ROCM_SMI,GPU_3,1474.1,145.0,100.0
1781844268.52,ROCM_SMI,GPU_4,1474.1,139.0,100.0
1781844268.52,ROCM_SMI,GPU_5,1474.1,143.0,100.0
1781844268.52,ROCM_SMI,GPU_6,1474.1,140.0,100.0
1781844268.52,ROCM_SMI,GPU_7,1474.1,141.0,100.0
1781844270.72,ROCM_SMI,GPU_0,1474.1,146.0,100.0
1781844270.72,ROCM_SMI,GPU_1,1474.1,140.0,100.0
1781844270.72,ROCM_SMI,GPU_2,1474.1,144.0,83.0
1781844270.72,ROCM_SMI,GPU_3,1474.1,146.0,100.0
1781844270.72,ROCM_SMI,GPU_4,1474.1,146.0,100.0
1781844270.72,ROCM_SMI,GPU_5,1474.1,138.0,100.0
1781844270.72,ROCM_SMI,GPU_6,1474.1,144.0,100.0
1781844270.72,ROCM_SMI,GPU_7,1474.1,139.0,100.0
1781844272.92,ROCM_SMI,GPU_0,1474.1,150.0,100.0
1781844272.92,ROCM_SMI,GPU_1,1474.1,138.0,100.0
1781844272.92,ROCM_SMI,GPU_2,1474.1,142.0,84.0
1781844272.92,ROCM_SMI,GPU_3,1474.1,144.0,100.0
1781844272.92,ROCM_SMI,GPU_4,1474.1,141.0,100.0
1781844272.92,ROCM_SMI,GPU_5,1474.1,141.0,100.0
1781844272.92,ROCM_SMI,GPU_6,1474.1,143.0,100.0
1781844272.92,ROCM_SMI,GPU_7,1474.1,140.0,100.0
1781844275.11,ROCM_SMI,GPU_0,1474.1,144.0,100.0
1781844275.11,ROCM_SMI,GPU_1,1474.1,142.0,83.0
1781844275.11,ROCM_SMI,GPU_2,1474.1,147.0,100.0
1781844275.11,ROCM_SMI,GPU_3,1474.1,148.0,100.0
1781844275.11,ROCM_SMI,GPU_4,1474.1,144.0,100.0
1781844275.11,ROCM_SMI,GPU_5,1474.1,141.0,100.0
1781844275.11,ROCM_SMI,GPU_6,1474.1,140.0,100.0
1781844275.11,ROCM_SMI,GPU_7,1474.1,138.0,100.0
1781844277.30,ROCM_SMI,GPU_0,1474.1,148.0,100.0
1781844277.30,ROCM_SMI,GPU_1,1474.1,139.0,100.0
1781844277.30,ROCM_SMI,GPU_2,1474.1,143.0,84.0
1781844277.30,ROCM_SMI,GPU_3,1474.1,145.0,100.0
1781844277.30,ROCM_SMI,GPU_4,1474.1,145.0,100.0
1781844277.30,ROCM_SMI,GPU_5,1474.1,137.0,100.0
1781844277.30,ROCM_SMI,GPU_6,1474.1,145.0,100.0
1781844277.30,ROCM_SMI,GPU_7,1474.1,138.0,100.0
1781844279.50,ROCM_SMI,GPU_0,1474.1,150.0,100.0
1781844279.50,ROCM_SMI,GPU_1,1474.1,140.0,100.0
1781844279.50,ROCM_SMI,GPU_2,1474.1,143.0,85.0
1781844279.50,ROCM_SMI,GPU_3,1474.1,146.0,100.0
1781844279.50,ROCM_SMI,GPU_4,1474.1,141.0,100.0
1781844279.50,ROCM_SMI,GPU_5,1474.1,142.0,100.0
1781844279.50,ROCM_SMI,GPU_6,1474.1,142.0,100.0
1781844279.50,ROCM_SMI,GPU_7,1474.1,139.0,100.0
1781844281.69,ROCM_SMI,GPU_0,1474.1,145.0,100.0
1781844281.69,ROCM_SMI,GPU_1,1474.1,142.0,100.0
1781844281.69,ROCM_SMI,GPU_2,1474.1,147.0,100.0
1781844281.69,ROCM_SMI,GPU_3,1474.1,145.0,88.0
1781844281.69,ROCM_SMI,GPU_4,1474.1,141.0,100.0
1781844281.69,ROCM_SMI,GPU_5,1474.1,142.0,100.0
1781844281.69,ROCM_SMI,GPU_6,1474.1,140.0,100.0
1781844281.69,ROCM_SMI,GPU_7,1474.1,140.0,100.0
1781844283.88,ROCM_SMI,GPU_0,1474.1,146.0,100.0
1781844283.88,ROCM_SMI,GPU_1,1474.1,141.0,100.0
1781844283.88,ROCM_SMI,GPU_2,1474.1,146.0,100.0
1781844283.88,ROCM_SMI,GPU_3,1474.1,146.0,81.0
1781844283.88,ROCM_SMI,GPU_4,1474.1,144.0,100.0
1781844283.88,ROCM_SMI,GPU_5,1474.1,138.0,100.0
1781844283.88,ROCM_SMI,GPU_6,1474.1,144.0,100.0
1781844283.88,ROCM_SMI,GPU_7,1474.1,139.0,100.0
1781844286.08,ROCM_SMI,GPU_0,1474.1,145.0,100.0
1781844286.08,ROCM_SMI,GPU_1,1474.1,136.0,100.0
1781844286.08,ROCM_SMI,GPU_2,1474.1,137.0,89.0
1781844286.08,ROCM_SMI,GPU_3,1474.1,137.0,100.0
1781844286.08,ROCM_SMI,GPU_4,1474.1,143.0,100.0
1781844286.08,ROCM_SMI,GPU_5,1474.1,152.0,100.0
1781844286.08,ROCM_SMI,GPU_6,1474.1,138.0,100.0
1781844286.08,ROCM_SMI,GPU_7,1474.1,145.0,100.0
1781844288.28,ROCM_SMI,GPU_0,1474.1,145.0,100.0
1781844288.28,ROCM_SMI,GPU_1,1474.1,140.0,100.0
1781844288.28,ROCM_SMI,GPU_2,1474.1,146.0,85.0
1781844288.28,ROCM_SMI,GPU_3,1474.1,145.0,100.0
1781844288.28,ROCM_SMI,GPU_4,1474.1,143.0,100.0
1781844288.28,ROCM_SMI,GPU_5,1474.1,141.0,100.0
1781844288.28,ROCM_SMI,GPU_6,1474.1,140.0,100.0
1781844288.28,ROCM_SMI,GPU_7,1474.1,139.0,100.0
1781844290.47,ROCM_SMI,GPU_0,1474.1,145.0,100.0
1781844290.47,ROCM_SMI,GPU_1,1474.1,141.0,100.0
1781844290.47,ROCM_SMI,GPU_2,1474.1,146.0,100.0
1781844290.47,ROCM_SMI,GPU_3,1474.1,145.0,82.0
1781844290.47,ROCM_SMI,GPU_4,1474.1,144.0,100.0
1781844290.47,ROCM_SMI,GPU_5,1474.1,138.0,100.0
1781844290.47,ROCM_SMI,GPU_6,1474.1,143.0,100.0
1781844290.47,ROCM_SMI,GPU_7,1474.1,137.0,100.0
1781844292.68,ROCM_SMI,GPU_0,1474.1,150.0,100.0
1781844292.68,ROCM_SMI,GPU_1,1474.1,141.0,100.0
1781844292.68,ROCM_SMI,GPU_2,1474.1,143.0,100.0
1781844292.68,ROCM_SMI,GPU_3,1474.1,146.0,100.0
1781844292.68,ROCM_SMI,GPU_4,1474.1,142.0,100.0
1781844292.68,ROCM_SMI,GPU_5,1474.1,140.0,100.0
1781844292.68,ROCM_SMI,GPU_6,1474.1,143.0,100.0
1781844292.68,ROCM_SMI,GPU_7,1474.1,139.0,100.0
1781844294.87,ROCM_SMI,GPU_0,1474.1,147.0,100.0
1781844294.87,ROCM_SMI,GPU_1,1474.1,139.0,94.0
1781844294.87,ROCM_SMI,GPU_2,1474.1,146.0,100.0
1781844294.87,ROCM_SMI,GPU_3,1474.1,144.0,100.0
1781844294.87,ROCM_SMI,GPU_4,1474.1,141.0,100.0
1781844294.87,ROCM_SMI,GPU_5,1474.1,143.0,100.0
1781844294.87,ROCM_SMI,GPU_6,1474.1,139.0,100.0
1781844294.87,ROCM_SMI,GPU_7,1474.1,140.0,100.0
1781844297.06,ROCM_SMI,GPU_0,1474.1,143.0,100.0
1781844297.06,ROCM_SMI,GPU_1,1474.1,140.0,100.0
1781844297.06,ROCM_SMI,GPU_2,1474.1,147.0,83.0
1781844297.06,ROCM_SMI,GPU_3,1474.1,146.0,100.0
1781844297.06,ROCM_SMI,GPU_4,1474.1,144.0,100.0
1781844297.06,ROCM_SMI,GPU_5,1474.1,140.0,100.0
1781844297.06,ROCM_SMI,GPU_6,1474.1,142.0,100.0
1781844297.06,ROCM_SMI,GPU_7,1474.1,138.0,100.0
1781844299.25,ROCM_SMI,GPU_0,1474.1,151.0,100.0
1781844299.25,ROCM_SMI,GPU_1,1474.1,141.0,100.0
1781844299.25,ROCM_SMI,GPU_2,1474.1,140.0,84.0
1781844299.25,ROCM_SMI,GPU_3,1474.1,148.0,100.0
1781844299.25,ROCM_SMI,GPU_4,1474.1,143.0,100.0
1781844299.25,ROCM_SMI,GPU_5,1474.1,140.0,100.0
1781844299.25,ROCM_SMI,GPU_6,1474.1,143.0,100.0
1781844299.25,ROCM_SMI,GPU_7,1474.1,140.0,100.0
1781844301.44,ROCM_SMI,GPU_0,1474.1,150.0,100.0
1781844301.44,ROCM_SMI,GPU_1,1474.1,140.0,100.0
1781844301.44,ROCM_SMI,GPU_2,1474.1,143.0,100.0
1781844301.44,ROCM_SMI,GPU_3,1474.1,144.0,82.0
1781844301.44,ROCM_SMI,GPU_4,1474.1,140.0,100.0
1781844301.44,ROCM_SMI,GPU_5,1474.1,142.0,100.0
1781844301.44,ROCM_SMI,GPU_6,1474.1,141.0,100.0
1781844301.44,ROCM_SMI,GPU_7,1474.1,138.0,100.0
1781844303.64,ROCM_SMI,GPU_0,1474.1,148.0,100.0
1781844303.64,ROCM_SMI,GPU_1,1474.1,141.0,100.0
1781844303.64,ROCM_SMI,GPU_2,1474.1,147.0,100.0
1781844303.64,ROCM_SMI,GPU_3,1474.1,146.0,100.0
1781844303.64,ROCM_SMI,GPU_4,1474.1,140.0,83.0
1781844303.64,ROCM_SMI,GPU_5,1474.1,142.0,100.0
1781844303.64,ROCM_SMI,GPU_6,1474.1,138.0,100.0
1781844303.64,ROCM_SMI,GPU_7,1474.1,140.0,100.0
1781844305.83,ROCM_SMI,GPU_0,1474.1,147.0,100.0
1781844305.83,ROCM_SMI,GPU_1,1474.1,142.0,100.0
1781844305.83,ROCM_SMI,GPU_2,1474.1,147.0,100.0
1781844305.83,ROCM_SMI,GPU_3,1474.1,148.0,87.0
1781844305.83,ROCM_SMI,GPU_4,1474.1,145.0,100.0
1781844305.83,ROCM_SMI,GPU_5,1474.1,138.0,100.0
1781844305.83,ROCM_SMI,GPU_6,1474.1,145.0,100.0
1781844305.83,ROCM_SMI,GPU_7,1474.1,138.0,100.0
1781844308.03,ROCM_SMI,GPU_0,1474.1,151.0,100.0
1781844308.03,ROCM_SMI,GPU_1,1474.1,140.0,100.0
1781844308.03,ROCM_SMI,GPU_2,1474.1,143.0,100.0
1781844308.03,ROCM_SMI,GPU_3,1474.1,145.0,100.0
1781844308.03,ROCM_SMI,GPU_4,1474.1,141.0,87.0
1781844308.03,ROCM_SMI,GPU_5,1474.1,139.0,100.0
1781844308.03,ROCM_SMI,GPU_6,1474.1,144.0,100.0
1781844308.03,ROCM_SMI,GPU_7,1474.1,139.0,100.0
1781844310.22,ROCM_SMI,GPU_0,1474.1,146.0,100.0
1781844310.22,ROCM_SMI,GPU_1,1474.1,144.0,100.0
1781844310.22,ROCM_SMI,GPU_2,1474.1,148.0,100.0
1781844310.22,ROCM_SMI,GPU_3,1474.1,148.0,100.0
1781844310.22,ROCM_SMI,GPU_4,1474.1,144.0,87.0
1781844310.22,ROCM_SMI,GPU_5,1474.1,141.0,100.0
1781844310.22,ROCM_SMI,GPU_6,1474.1,140.0,100.0
1781844310.22,ROCM_SMI,GPU_7,1474.1,140.0,100.0
1781844312.41,ROCM_SMI,GPU_0,1474.1,151.0,100.0
1781844312.41,ROCM_SMI,GPU_1,1474.1,139.0,100.0
1781844312.41,ROCM_SMI,GPU_2,1474.1,140.0,100.0
1781844312.41,ROCM_SMI,GPU_3,1474.1,145.0,100.0
1781844312.41,ROCM_SMI,GPU_4,1474.1,143.0,100.0
1781844312.41,ROCM_SMI,GPU_5,1474.1,139.0,81.0
1781844312.41,ROCM_SMI,GPU_6,1474.1,145.0,100.0
1781844312.41,ROCM_SMI,GPU_7,1474.1,139.0,100.0
1781844314.60,ROCM_SMI,GPU_0,1474.1,149.0,100.0
1781844314.60,ROCM_SMI,GPU_1,1474.1,141.0,100.0
1781844314.60,ROCM_SMI,GPU_2,1474.1,147.0,100.0
1781844314.60,ROCM_SMI,GPU_3,1474.1,146.0,100.0
1781844314.60,ROCM_SMI,GPU_4,1474.1,140.0,97.0
1781844314.60,ROCM_SMI,GPU_5,1474.1,143.0,94.0
1781844314.60,ROCM_SMI,GPU_6,1474.1,141.0,100.0
1781844314.60,ROCM_SMI,GPU_7,1474.1,141.0,100.0
1781844316.80,ROCM_SMI,GPU_0,1474.1,145.0,100.0
1781844316.80,ROCM_SMI,GPU_1,1474.1,142.0,100.0
1781844316.80,ROCM_SMI,GPU_2,1474.1,148.0,100.0
1781844316.80,ROCM_SMI,GPU_3,1474.1,147.0,100.0
1781844316.80,ROCM_SMI,GPU_4,1474.1,146.0,100.0
1781844316.80,ROCM_SMI,GPU_5,1474.1,141.0,88.0
1781844316.80,ROCM_SMI,GPU_6,1474.1,142.0,100.0
1781844316.80,ROCM_SMI,GPU_7,1474.1,140.0,100.0
1781844318.99,ROCM_SMI,GPU_0,1474.1,150.0,100.0
1781844318.99,ROCM_SMI,GPU_1,1474.1,142.0,100.0
1781844318.99,ROCM_SMI,GPU_2,1474.1,146.0,100.0
1781844318.99,ROCM_SMI,GPU_3,1474.1,147.0,100.0
1781844318.99,ROCM_SMI,GPU_4,1474.1,141.0,100.0
1781844318.99,ROCM_SMI,GPU_5,1474.1,143.0,81.0
1781844318.99,ROCM_SMI,GPU_6,1474.1,141.0,100.0
1781844318.99,ROCM_SMI,GPU_7,1474.1,140.0,100.0
1781844321.18,ROCM_SMI,GPU_0,1474.1,147.0,100.0
1781844321.18,ROCM_SMI,GPU_1,1474.1,142.0,100.0
1781844321.18,ROCM_SMI,GPU_2,1474.1,147.0,100.0
1781844321.18,ROCM_SMI,GPU_3,1474.1,148.0,100.0
1781844321.18,ROCM_SMI,GPU_4,1474.1,146.0,100.0
1781844321.18,ROCM_SMI,GPU_5,1474.1,140.0,89.0
1781844321.18,ROCM_SMI,GPU_6,1474.1,141.0,99.0
1781844321.18,ROCM_SMI,GPU_7,1474.1,139.0,100.0
1781844323.37,ROCM_SMI,GPU_0,1474.1,148.0,100.0
1781844323.37,ROCM_SMI,GPU_1,1474.1,141.0,100.0
1781844323.37,ROCM_SMI,GPU_2,1474.1,144.0,100.0
1781844323.37,ROCM_SMI,GPU_3,1474.1,147.0,100.0
1781844323.37,ROCM_SMI,GPU_4,1474.1,145.0,100.0
1781844323.37,ROCM_SMI,GPU_5,1474.1,139.0,100.0
1781844323.37,ROCM_SMI,GPU_6,1474.1,144.0,100.0
1781844323.37,ROCM_SMI,GPU_7,1474.1,138.0,80.0
1781844325.58,ROCM_SMI,GPU_0,1474.1,151.0,100.0
1781844325.58,ROCM_SMI,GPU_1,1474.1,141.0,100.0
1781844325.58,ROCM_SMI,GPU_2,1474.1,143.0,100.0
1781844325.58,ROCM_SMI,GPU_3,1474.1,146.0,100.0
1781844325.58,ROCM_SMI,GPU_4,1474.1,139.0,87.0
1781844325.58,ROCM_SMI,GPU_5,1474.1,141.0,100.0
1781844325.58,ROCM_SMI,GPU_6,1474.1,141.0,100.0
1781844325.58,ROCM_SMI,GPU_7,1474.1,139.0,100.0
1781844327.78,ROCM_SMI,GPU_0,1474.1,146.0,100.0
1781844327.78,ROCM_SMI,GPU_1,1474.1,137.0,100.0
1781844327.78,ROCM_SMI,GPU_2,1474.1,142.0,99.0
1781844327.78,ROCM_SMI,GPU_3,1474.1,139.0,100.0
1781844327.78,ROCM_SMI,GPU_4,1474.1,145.0,100.0
1781844327.78,ROCM_SMI,GPU_5,1474.1,141.0,100.0
1781844327.78,ROCM_SMI,GPU_6,1474.1,148.0,100.0
1781844327.78,ROCM_SMI,GPU_7,1474.1,140.0,100.0
1781844329.97,ROCM_SMI,GPU_0,1474.1,147.0,100.0
1781844329.97,ROCM_SMI,GPU_1,1474.1,140.0,100.0
1781844329.97,ROCM_SMI,GPU_2,1474.1,144.0,100.0
1781844329.97,ROCM_SMI,GPU_3,1474.1,145.0,99.0
1781844329.97,ROCM_SMI,GPU_4,1474.1,145.0,100.0
1781844329.97,ROCM_SMI,GPU_5,1474.1,137.0,100.0
1781844329.97,ROCM_SMI,GPU_6,1474.1,144.0,100.0
1781844329.97,ROCM_SMI,GPU_7,1474.1,139.0,100.0
1781844332.18,ROCM_SMI,GPU_0,1474.1,149.0,94.0
1781844332.18,ROCM_SMI,GPU_1,1474.1,140.0,100.0
1781844332.18,ROCM_SMI,GPU_2,1474.1,144.0,100.0
1781844332.18,ROCM_SMI,GPU_3,1474.1,146.0,100.0
1781844332.18,ROCM_SMI,GPU_4,1474.1,140.0,100.0
1781844332.18,ROCM_SMI,GPU_5,1474.1,141.0,100.0
1781844332.18,ROCM_SMI,GPU_6,1474.1,141.0,100.0
1781844332.18,ROCM_SMI,GPU_7,1474.1,138.0,100.0
1781844334.37,ROCM_SMI,GPU_0,1474.1,144.0,83.0
1781844334.37,ROCM_SMI,GPU_1,1474.1,141.0,100.0
1781844334.37,ROCM_SMI,GPU_2,1474.1,148.0,100.0
1781844334.37,ROCM_SMI,GPU_3,1474.1,146.0,100.0
1781844334.37,ROCM_SMI,GPU_4,1474.1,142.0,100.0
1781844334.37,ROCM_SMI,GPU_5,1474.1,141.0,100.0
1781844334.37,ROCM_SMI,GPU_6,1474.1,139.0,100.0
1781844334.37,ROCM_SMI,GPU_7,1474.1,140.0,100.0
1781844336.56,ROCM_SMI,GPU_0,1474.1,149.0,87.0
1781844336.56,ROCM_SMI,GPU_1,1474.1,140.0,100.0
1781844336.56,ROCM_SMI,GPU_2,1474.1,142.0,100.0
1781844336.56,ROCM_SMI,GPU_3,1474.1,147.0,100.0
1781844336.56,ROCM_SMI,GPU_4,1474.1,143.0,100.0
1781844336.56,ROCM_SMI,GPU_5,1474.1,138.0,100.0
1781844336.56,ROCM_SMI,GPU_6,1474.1,144.0,100.0
1781844336.56,ROCM_SMI,GPU_7,1474.1,139.0,100.0
1781844338.76,ROCM_SMI,GPU_0,1474.1,146.0,94.0
1781844338.76,ROCM_SMI,GPU_1,1474.1,140.0,100.0
1781844338.76,ROCM_SMI,GPU_2,1474.1,148.0,100.0
1781844338.76,ROCM_SMI,GPU_3,1474.1,147.0,100.0
1781844338.76,ROCM_SMI,GPU_4,1474.1,142.0,100.0
1781844338.76,ROCM_SMI,GPU_5,1474.1,143.0,100.0
1781844338.76,ROCM_SMI,GPU_6,1474.1,140.0,100.0
1781844338.76,ROCM_SMI,GPU_7,1474.1,140.0,100.0
1781844340.95,ROCM_SMI,GPU_0,1474.1,151.0,89.0
1781844340.95,ROCM_SMI,GPU_1,1474.1,137.0,100.0
1781844340.95,ROCM_SMI,GPU_2,1474.1,141.0,100.0
1781844340.95,ROCM_SMI,GPU_3,1474.1,146.0,100.0
1781844340.95,ROCM_SMI,GPU_4,1474.1,142.0,100.0
1781844340.95,ROCM_SMI,GPU_5,1474.1,141.0,100.0
1781844340.95,ROCM_SMI,GPU_6,1474.1,143.0,100.0
1781844340.95,ROCM_SMI,GPU_7,1474.1,139.0,100.0
1781844343.15,ROCM_SMI,GPU_0,1474.1,149.0,84.0
1781844343.15,ROCM_SMI,GPU_1,1474.1,141.0,100.0
1781844343.15,ROCM_SMI,GPU_2,1474.1,145.0,100.0
1781844343.15,ROCM_SMI,GPU_3,1474.1,146.0,100.0
1781844343.15,ROCM_SMI,GPU_4,1474.1,140.0,100.0
1781844343.15,ROCM_SMI,GPU_5,1474.1,143.0,100.0
1781844343.15,ROCM_SMI,GPU_6,1474.1,139.0,100.0
1781844343.15,ROCM_SMI,GPU_7,1474.1,139.0,100.0
1781844345.35,ROCM_SMI,GPU_0,1474.1,144.0,97.0
1781844345.35,ROCM_SMI,GPU_1,1474.1,141.0,100.0
1781844345.35,ROCM_SMI,GPU_2,1474.1,148.0,100.0
1781844345.35,ROCM_SMI,GPU_3,1474.1,146.0,100.0
1781844345.35,ROCM_SMI,GPU_4,1474.1,143.0,100.0
1781844345.35,ROCM_SMI,GPU_5,1474.1,142.0,100.0
1781844345.35,ROCM_SMI,GPU_6,1474.1,140.0,100.0
1781844345.35,ROCM_SMI,GPU_7,1474.1,139.0,100.0
1781844347.54,ROCM_SMI,GPU_0,1474.1,146.0,94.0
1781844347.54,ROCM_SMI,GPU_1,1474.1,139.0,100.0
1781844347.54,ROCM_SMI,GPU_2,1474.1,143.0,100.0
1781844347.54,ROCM_SMI,GPU_3,1474.1,148.0,100.0
1781844347.54,ROCM_SMI,GPU_4,1474.1,145.0,100.0
1781844347.54,ROCM_SMI,GPU_5,1474.1,138.0,100.0
1781844347.54,ROCM_SMI,GPU_6,1474.1,144.0,100.0
1781844347.54,ROCM_SMI,GPU_7,1474.1,139.0,100.0
1781844349.73,ROCM_SMI,GPU_0,1474.1,149.0,100.0
1781844349.73,ROCM_SMI,GPU_1,1474.1,140.0,81.0
1781844349.73,ROCM_SMI,GPU_2,1474.1,139.0,100.0
1781844349.73,ROCM_SMI,GPU_3,1474.1,145.0,100.0
1781844349.73,ROCM_SMI,GPU_4,1474.1,142.0,100.0
1781844349.73,ROCM_SMI,GPU_5,1474.1,140.0,100.0
1781844349.73,ROCM_SMI,GPU_6,1474.1,143.0,100.0
1781844349.73,ROCM_SMI,GPU_7,1474.1,138.0,100.0
1781844351.92,ROCM_SMI,GPU_0,1474.1,146.0,100.0
1781844351.92,ROCM_SMI,GPU_1,1474.1,140.0,88.0
1781844351.92,ROCM_SMI,GPU_2,1474.1,146.0,100.0
1781844351.92,ROCM_SMI,GPU_3,1474.1,147.0,100.0
1781844351.92,ROCM_SMI,GPU_4,1474.1,143.0,100.0
1781844351.92,ROCM_SMI,GPU_5,1474.1,142.0,100.0
1781844351.92,ROCM_SMI,GPU_6,1474.1,140.0,100.0
1781844351.92,ROCM_SMI,GPU_7,1474.1,139.0,100.0
1781844354.11,ROCM_SMI,GPU_0,1474.1,151.0,100.0
1781844354.11,ROCM_SMI,GPU_1,1474.1,140.0,88.0
1781844354.11,ROCM_SMI,GPU_2,1474.1,143.0,100.0
1781844354.11,ROCM_SMI,GPU_3,1474.1,145.0,100.0
1781844354.11,ROCM_SMI,GPU_4,1474.1,141.0,100.0
1781844354.11,ROCM_SMI,GPU_5,1474.1,144.0,100.0
1781844354.11,ROCM_SMI,GPU_6,1474.1,140.0,100.0
1781844354.11,ROCM_SMI,GPU_7,1474.1,141.0,100.0
1781844356.31,ROCM_SMI,GPU_0,1474.1,146.0,100.0
1781844356.31,ROCM_SMI,GPU_1,1474.1,140.0,82.0
1781844356.31,ROCM_SMI,GPU_2,1474.1,143.0,100.0
1781844356.31,ROCM_SMI,GPU_3,1474.1,147.0,100.0
1781844356.31,ROCM_SMI,GPU_4,1474.1,146.0,100.0
1781844356.31,ROCM_SMI,GPU_5,1474.1,138.0,100.0
1781844356.31,ROCM_SMI,GPU_6,1474.1,143.0,100.0
1781844356.31,ROCM_SMI,GPU_7,1474.1,137.0,100.0
1781844358.50,ROCM_SMI,GPU_0,1474.1,149.0,85.0
1781844358.50,ROCM_SMI,GPU_1,1474.1,139.0,100.0
1781844358.50,ROCM_SMI,GPU_2,1474.1,143.0,100.0
1781844358.50,ROCM_SMI,GPU_3,1474.1,144.0,100.0
1781844358.50,ROCM_SMI,GPU_4,1474.1,141.0,100.0
1781844358.50,ROCM_SMI,GPU_5,1474.1,141.0,100.0
1781844358.50,ROCM_SMI,GPU_6,1474.1,143.0,100.0
1781844358.50,ROCM_SMI,GPU_7,1474.1,139.0,100.0
1781844360.70,ROCM_SMI,GPU_0,1474.1,146.0,90.0
1781844360.70,ROCM_SMI,GPU_1,1474.1,140.0,100.0
1781844360.70,ROCM_SMI,GPU_2,1474.1,146.0,100.0
1781844360.70,ROCM_SMI,GPU_3,1474.1,145.0,100.0
1781844360.70,ROCM_SMI,GPU_4,1474.1,141.0,100.0
1781844360.70,ROCM_SMI,GPU_5,1474.1,143.0,100.0
1781844360.70,ROCM_SMI,GPU_6,1474.1,139.0,100.0
1781844360.70,ROCM_SMI,GPU_7,1474.1,140.0,100.0
1781844362.89,ROCM_SMI,GPU_0,1474.1,145.0,100.0
1781844362.89,ROCM_SMI,GPU_1,1474.1,140.0,100.0
1781844362.89,ROCM_SMI,GPU_2,1474.1,146.0,83.0
1781844362.89,ROCM_SMI,GPU_3,1474.1,145.0,100.0
1781844362.89,ROCM_SMI,GPU_4,1474.1,143.0,100.0
1781844362.89,ROCM_SMI,GPU_5,1474.1,141.0,100.0
1781844362.89,ROCM_SMI,GPU_6,1474.1,141.0,100.0
1781844362.89,ROCM_SMI,GPU_7,1474.1,139.0,100.0
1781844365.08,ROCM_SMI,GPU_0,1474.1,148.0,100.0
1781844365.08,ROCM_SMI,GPU_1,1474.1,141.0,100.0
1781844365.08,ROCM_SMI,GPU_2,1474.1,143.0,100.0
1781844365.08,ROCM_SMI,GPU_3,1474.1,146.0,100.0
1781844365.08,ROCM_SMI,GPU_4,1474.1,144.0,100.0
1781844365.08,ROCM_SMI,GPU_5,1474.1,138.0,100.0
1781844365.08,ROCM_SMI,GPU_6,1474.1,144.0,100.0
1781844365.08,ROCM_SMI,GPU_7,1474.1,137.0,100.0
1781844367.27,ROCM_SMI,GPU_0,1474.1,148.0,100.0
1781844367.27,ROCM_SMI,GPU_1,1474.1,140.0,100.0
1781844367.27,ROCM_SMI,GPU_2,1474.1,145.0,100.0
1781844367.28,ROCM_SMI,GPU_3,1474.1,144.0,82.0
1781844367.28,ROCM_SMI,GPU_4,1474.1,140.0,100.0
1781844367.28,ROCM_SMI,GPU_5,1474.1,142.0,100.0
1781844367.28,ROCM_SMI,GPU_6,1474.1,140.0,100.0
1781844367.28,ROCM_SMI,GPU_7,1474.1,139.0,100.0
1781844369.47,ROCM_SMI,GPU_0,1474.1,147.0,100.0
1781844369.47,ROCM_SMI,GPU_1,1474.1,138.0,100.0
1781844369.47,ROCM_SMI,GPU_2,1474.1,140.0,87.0
1781844369.47,ROCM_SMI,GPU_3,1474.1,145.0,91.0
1781844369.47,ROCM_SMI,GPU_4,1474.1,146.0,100.0
1781844369.47,ROCM_SMI,GPU_5,1474.1,141.0,100.0
1781844369.47,ROCM_SMI,GPU_6,1474.1,147.0,100.0
1781844369.47,ROCM_SMI,GPU_7,1474.1,136.0,100.0
1781844371.67,ROCM_SMI,GPU_0,1474.1,149.0,100.0
1781844371.67,ROCM_SMI,GPU_1,1474.1,139.0,100.0
1781844371.67,ROCM_SMI,GPU_2,1474.1,142.0,88.0
1781844371.67,ROCM_SMI,GPU_3,1474.1,144.0,100.0
1781844371.67,ROCM_SMI,GPU_4,1474.1,141.0,100.0
1781844371.67,ROCM_SMI,GPU_5,1474.1,140.0,100.0
1781844371.67,ROCM_SMI,GPU_6,1474.1,143.0,100.0
1781844371.67,ROCM_SMI,GPU_7,1474.1,140.0,100.0
1781844373.86,ROCM_SMI,GPU_0,1474.1,148.0,100.0
1781844373.86,ROCM_SMI,GPU_1,1474.1,141.0,100.0
1781844373.86,ROCM_SMI,GPU_2,1474.1,146.0,100.0
1781844373.86,ROCM_SMI,GPU_3,1474.1,146.0,88.0
1781844373.86,ROCM_SMI,GPU_4,1474.1,139.0,100.0
1781844373.86,ROCM_SMI,GPU_5,1474.1,143.0,100.0
1781844373.86,ROCM_SMI,GPU_6,1474.1,139.0,100.0
1781844373.86,ROCM_SMI,GPU_7,1474.1,139.0,100.0
1781844376.06,ROCM_SMI,GPU_0,1474.1,146.0,100.0
1781844376.06,ROCM_SMI,GPU_1,1474.1,142.0,100.0
1781844376.06,ROCM_SMI,GPU_2,1474.1,146.0,95.0
1781844376.06,ROCM_SMI,GPU_3,1474.1,146.0,92.0
1781844376.06,ROCM_SMI,GPU_4,1474.1,145.0,100.0
1781844376.06,ROCM_SMI,GPU_5,1474.1,137.0,100.0
1781844376.06,ROCM_SMI,GPU_6,1474.1,144.0,100.0
1781844376.06,ROCM_SMI,GPU_7,1474.1,137.0,100.0
1781844378.25,ROCM_SMI,GPU_0,1474.1,150.0,100.0
1781844378.25,ROCM_SMI,GPU_1,1474.1,139.0,100.0
1781844378.25,ROCM_SMI,GPU_2,1474.1,141.0,100.0
1781844378.25,ROCM_SMI,GPU_3,1474.1,145.0,87.0
1781844378.25,ROCM_SMI,GPU_4,1474.1,143.0,100.0
1781844378.25,ROCM_SMI,GPU_5,1474.1,137.0,100.0
1781844378.25,ROCM_SMI,GPU_6,1474.1,145.0,100.0
1781844378.25,ROCM_SMI,GPU_7,1474.1,137.0,100.0
1781844380.44,ROCM_SMI,GPU_0,1474.1,150.0,100.0
1781844380.44,ROCM_SMI,GPU_1,1474.1,142.0,100.0
1781844380.44,ROCM_SMI,GPU_2,1474.1,146.0,100.0
1781844380.44,ROCM_SMI,GPU_3,1474.1,146.0,100.0
1781844380.44,ROCM_SMI,GPU_4,1474.1,138.0,88.0
1781844380.44,ROCM_SMI,GPU_5,1474.1,142.0,100.0
1781844380.44,ROCM_SMI,GPU_6,1474.1,140.0,100.0
1781844380.44,ROCM_SMI,GPU_7,1474.1,141.0,100.0
1781844382.63,ROCM_SMI,GPU_0,1474.1,146.0,100.0
1781844382.63,ROCM_SMI,GPU_1,1474.1,140.0,100.0
1781844382.63,ROCM_SMI,GPU_2,1474.1,143.0,100.0
1781844382.63,ROCM_SMI,GPU_3,1474.1,146.0,100.0
1781844382.63,ROCM_SMI,GPU_4,1474.1,142.0,88.0
1781844382.63,ROCM_SMI,GPU_5,1474.1,134.0,100.0
1781844382.63,ROCM_SMI,GPU_6,1474.1,150.0,100.0
1781844382.63,ROCM_SMI,GPU_7,1474.1,141.0,100.0
1781844384.83,ROCM_SMI,GPU_0,1474.1,152.0,100.0
1781844384.83,ROCM_SMI,GPU_1,1474.1,141.0,100.0
1781844384.83,ROCM_SMI,GPU_2,1474.1,144.0,100.0
1781844384.83,ROCM_SMI,GPU_3,1474.1,146.0,100.0
1781844384.83,ROCM_SMI,GPU_4,1474.1,141.0,81.0
1781844384.83,ROCM_SMI,GPU_5,1474.1,141.0,100.0
1781844384.83,ROCM_SMI,GPU_6,1474.1,143.0,100.0
1781844384.83,ROCM_SMI,GPU_7,1474.1,141.0,100.0
1781844387.02,ROCM_SMI,GPU_0,1474.1,147.0,100.0
1781844387.02,ROCM_SMI,GPU_1,1474.1,143.0,100.0
1781844387.02,ROCM_SMI,GPU_2,1474.1,148.0,100.0
1781844387.02,ROCM_SMI,GPU_3,1474.1,148.0,100.0
1781844387.02,ROCM_SMI,GPU_4,1474.1,142.0,89.0
1781844387.02,ROCM_SMI,GPU_5,1474.1,141.0,100.0
1781844387.02,ROCM_SMI,GPU_6,1474.1,140.0,100.0
1781844387.02,ROCM_SMI,GPU_7,1474.1,139.0,100.0
1781844389.21,ROCM_SMI,GPU_0,1474.1,149.0,100.0
1781844389.21,ROCM_SMI,GPU_1,1474.1,142.0,100.0
1781844389.21,ROCM_SMI,GPU_2,1474.1,145.0,100.0
1781844389.21,ROCM_SMI,GPU_3,1474.1,148.0,100.0
1781844389.21,ROCM_SMI,GPU_4,1474.1,146.0,100.0
1781844389.21,ROCM_SMI,GPU_5,1474.1,137.0,96.0
1781844389.21,ROCM_SMI,GPU_6,1474.1,144.0,100.0
1781844389.21,ROCM_SMI,GPU_7,1474.1,137.0,100.0
1781844391.41,ROCM_SMI,GPU_0,1474.1,150.0,100.0
1781844391.41,ROCM_SMI,GPU_1,1474.1,141.0,100.0
1781844391.41,ROCM_SMI,GPU_2,1474.1,141.0,100.0
1781844391.41,ROCM_SMI,GPU_3,1474.1,146.0,100.0
1781844391.41,ROCM_SMI,GPU_4,1474.1,144.0,100.0
1781844391.41,ROCM_SMI,GPU_5,1474.1,138.0,100.0
1781844391.41,ROCM_SMI,GPU_6,1474.1,144.0,100.0
1781844391.41,ROCM_SMI,GPU_7,1474.1,137.0,100.0
1781844393.60,ROCM_SMI,GPU_0,1474.1,151.0,100.0
1781844393.60,ROCM_SMI,GPU_1,1474.1,142.0,100.0
1781844393.60,ROCM_SMI,GPU_2,1474.1,145.0,100.0
1781844393.60,ROCM_SMI,GPU_3,1474.1,146.0,100.0
1781844393.60,ROCM_SMI,GPU_4,1474.1,140.0,100.0
1781844393.60,ROCM_SMI,GPU_5,1474.1,142.0,100.0
1781844393.60,ROCM_SMI,GPU_6,1474.1,141.0,100.0
1781844393.60,ROCM_SMI,GPU_7,1474.1,138.0,81.0
1781844395.79,ROCM_SMI,GPU_0,1474.1,146.0,100.0
1781844395.79,ROCM_SMI,GPU_1,1474.1,142.0,100.0
1781844395.79,ROCM_SMI,GPU_2,1474.1,144.0,100.0
1781844395.79,ROCM_SMI,GPU_3,1474.1,146.0,100.0
1781844395.79,ROCM_SMI,GPU_4,1474.1,146.0,100.0
1781844395.79,ROCM_SMI,GPU_5,1474.1,138.0,100.0
1781844395.79,ROCM_SMI,GPU_6,1474.1,143.0,100.0
1781844395.79,ROCM_SMI,GPU_7,1474.1,137.0,81.0
1781844397.99,ROCM_SMI,GPU_0,1474.1,159.0,100.0
1781844397.99,ROCM_SMI,GPU_1,1474.1,145.0,100.0
1781844397.99,ROCM_SMI,GPU_2,1474.1,148.0,100.0
1781844397.99,ROCM_SMI,GPU_3,1474.1,150.0,100.0
1781844397.99,ROCM_SMI,GPU_4,1474.1,138.0,100.0
1781844397.99,ROCM_SMI,GPU_5,1474.1,136.0,100.0
1781844397.99,ROCM_SMI,GPU_6,1474.1,138.0,100.0
1781844397.99,ROCM_SMI,GPU_7,1474.1,131.0,92.0
1781844400.18,ROCM_SMI,GPU_0,1474.1,151.0,100.0
1781844400.18,ROCM_SMI,GPU_1,1474.1,140.0,100.0
1781844400.18,ROCM_SMI,GPU_2,1474.1,143.0,100.0
1781844400.18,ROCM_SMI,GPU_3,1474.1,145.0,100.0
1781844400.18,ROCM_SMI,GPU_4,1474.1,142.0,100.0
1781844400.18,ROCM_SMI,GPU_5,1474.1,140.0,100.0
1781844400.18,ROCM_SMI,GPU_6,1474.1,144.0,100.0
1781844400.18,ROCM_SMI,GPU_7,1474.1,139.0,100.0
1781844402.37,ROCM_SMI,GPU_0,1474.1,150.0,100.0
1781844402.37,ROCM_SMI,GPU_1,1474.1,140.0,100.0
1781844402.37,ROCM_SMI,GPU_2,1474.1,145.0,100.0
1781844402.37,ROCM_SMI,GPU_3,1474.1,145.0,100.0
1781844402.37,ROCM_SMI,GPU_4,1474.1,140.0,100.0
1781844402.37,ROCM_SMI,GPU_5,1474.1,143.0,100.0
1781844402.37,ROCM_SMI,GPU_6,1474.1,141.0,100.0
1781844402.37,ROCM_SMI,GPU_7,1474.1,140.0,100.0
1781844404.57,ROCM_SMI,GPU_0,1474.1,147.0,100.0
1781844404.57,ROCM_SMI,GPU_1,1474.1,143.0,100.0
1781844404.57,ROCM_SMI,GPU_2,1474.1,147.0,100.0
1781844404.57,ROCM_SMI,GPU_3,1474.1,148.0,100.0
1781844404.57,ROCM_SMI,GPU_4,1474.1,141.0,100.0
1781844404.57,ROCM_SMI,GPU_5,1474.1,144.0,100.0
1781844404.57,ROCM_SMI,GPU_6,1474.1,139.0,100.0
1781844404.57,ROCM_SMI,GPU_7,1474.1,139.0,100.0
1781844406.76,ROCM_SMI,GPU_0,1474.1,144.0,100.0
1781844406.76,ROCM_SMI,GPU_1,1474.1,141.0,100.0
1781844406.76,ROCM_SMI,GPU_2,1474.1,147.0,100.0
1781844406.76,ROCM_SMI,GPU_3,1474.1,149.0,100.0
1781844406.76,ROCM_SMI,GPU_4,1474.1,145.0,100.0
1781844406.76,ROCM_SMI,GPU_5,1474.1,141.0,100.0
1781844406.76,ROCM_SMI,GPU_6,1474.1,143.0,100.0
1781844406.76,ROCM_SMI,GPU_7,1474.1,139.0,100.0
1781844408.95,ROCM_SMI,GPU_0,1474.1,149.0,89.0
1781844408.95,ROCM_SMI,GPU_1,1474.1,139.0,100.0
1781844408.95,ROCM_SMI,GPU_2,1474.1,141.0,100.0
1781844408.95,ROCM_SMI,GPU_3,1474.1,146.0,100.0
1781844408.95,ROCM_SMI,GPU_4,1474.1,142.0,100.0
1781844408.95,ROCM_SMI,GPU_5,1474.1,139.0,100.0
1781844408.95,ROCM_SMI,GPU_6,1474.1,145.0,100.0
1781844408.95,ROCM_SMI,GPU_7,1474.1,137.0,100.0
1781844411.14,ROCM_SMI,GPU_0,1474.1,148.0,100.0
1781844411.14,ROCM_SMI,GPU_1,1474.1,139.0,87.0
1781844411.14,ROCM_SMI,GPU_2,1474.1,146.0,100.0
1781844411.14,ROCM_SMI,GPU_3,1474.1,149.0,100.0
1781844411.14,ROCM_SMI,GPU_4,1474.1,141.0,100.0
1781844411.14,ROCM_SMI,GPU_5,1474.1,146.0,100.0
1781844411.14,ROCM_SMI,GPU_6,1474.1,137.0,100.0
1781844411.14,ROCM_SMI,GPU_7,1474.1,139.0,100.0
1781844413.34,ROCM_SMI,GPU_0,1474.1,144.0,100.0
1781844413.34,ROCM_SMI,GPU_1,1474.1,141.0,85.0
1781844413.34,ROCM_SMI,GPU_2,1474.1,146.0,97.0
1781844413.34,ROCM_SMI,GPU_3,1474.1,148.0,100.0
1781844413.34,ROCM_SMI,GPU_4,1474.1,143.0,100.0
1781844413.34,ROCM_SMI,GPU_5,1474.1,141.0,100.0
1781844413.34,ROCM_SMI,GPU_6,1474.1,139.0,100.0
1781844413.34,ROCM_SMI,GPU_7,1474.1,140.0,100.0
1781844415.53,ROCM_SMI,GPU_0,1474.1,145.0,100.0
1781844415.53,ROCM_SMI,GPU_1,1474.1,141.0,100.0
1781844415.53,ROCM_SMI,GPU_2,1474.1,145.0,95.0
1781844415.53,ROCM_SMI,GPU_3,1474.1,145.0,100.0
1781844415.53,ROCM_SMI,GPU_4,1474.1,142.0,100.0
1781844415.53,ROCM_SMI,GPU_5,1474.1,140.0,100.0
1781844415.53,ROCM_SMI,GPU_6,1474.1,141.0,100.0
1781844415.53,ROCM_SMI,GPU_7,1474.1,140.0,100.0
1781844417.72,ROCM_SMI,GPU_0,1474.1,147.0,100.0
1781844417.72,ROCM_SMI,GPU_1,1474.1,142.0,100.0
1781844417.72,ROCM_SMI,GPU_2,1474.1,146.0,100.0
1781844417.72,ROCM_SMI,GPU_3,1474.1,147.0,100.0
1781844417.72,ROCM_SMI,GPU_4,1474.1,144.0,86.0
1781844417.72,ROCM_SMI,GPU_5,1474.1,138.0,100.0
1781844417.72,ROCM_SMI,GPU_6,1474.1,142.0,100.0
1781844417.72,ROCM_SMI,GPU_7,1474.1,138.0,100.0
1781844419.91,ROCM_SMI,GPU_0,1474.1,152.0,100.0
1781844419.91,ROCM_SMI,GPU_1,1474.1,142.0,100.0
1781844419.91,ROCM_SMI,GPU_2,1474.1,143.0,100.0
1781844419.91,ROCM_SMI,GPU_3,1474.1,146.0,100.0
1781844419.91,ROCM_SMI,GPU_4,1474.1,141.0,83.0
1781844419.91,ROCM_SMI,GPU_5,1474.1,140.0,100.0
1781844419.91,ROCM_SMI,GPU_6,1474.1,143.0,100.0
1781844419.91,ROCM_SMI,GPU_7,1474.1,140.0,100.0
1781844422.11,ROCM_SMI,GPU_0,1474.1,145.0,100.0
1781844422.11,ROCM_SMI,GPU_1,1474.1,144.0,100.0
1781844422.11,ROCM_SMI,GPU_2,1474.1,149.0,100.0
1781844422.11,ROCM_SMI,GPU_3,1474.1,146.0,100.0
1781844422.11,ROCM_SMI,GPU_4,1474.1,142.0,100.0
1781844422.11,ROCM_SMI,GPU_5,1474.1,141.0,84.0
1781844422.11,ROCM_SMI,GPU_6,1474.1,140.0,100.0
1781844422.11,ROCM_SMI,GPU_7,1474.1,140.0,100.0
1781844424.30,ROCM_SMI,GPU_0,1474.1,148.0,100.0
1781844424.30,ROCM_SMI,GPU_1,1474.1,139.0,100.0
1781844424.30,ROCM_SMI,GPU_2,1474.1,142.0,100.0
1781844424.30,ROCM_SMI,GPU_3,1474.1,146.0,100.0
1781844424.30,ROCM_SMI,GPU_4,1474.1,145.0,100.0
1781844424.30,ROCM_SMI,GPU_5,1474.1,134.0,100.0
1781844424.30,ROCM_SMI,GPU_6,1474.1,142.0,100.0
1781844424.30,ROCM_SMI,GPU_7,1474.1,138.0,100.0
1781844426.49,ROCM_SMI,GPU_0,1474.1,151.0,100.0
1781844426.49,ROCM_SMI,GPU_1,1474.1,141.0,100.0
1781844426.49,ROCM_SMI,GPU_2,1474.1,143.0,100.0
1781844426.49,ROCM_SMI,GPU_3,1474.1,147.0,100.0
1781844426.49,ROCM_SMI,GPU_4,1474.1,143.0,100.0
1781844426.49,ROCM_SMI,GPU_5,1474.1,138.0,100.0
1781844426.49,ROCM_SMI,GPU_6,1474.1,144.0,74.0
1781844426.49,ROCM_SMI,GPU_7,1474.1,138.0,100.0
1781844428.69,ROCM_SMI,GPU_0,1474.1,151.0,100.0
1781844428.69,ROCM_SMI,GPU_1,1474.1,142.0,100.0
1781844428.69,ROCM_SMI,GPU_2,1474.1,145.0,100.0
1781844428.69,ROCM_SMI,GPU_3,1474.1,147.0,100.0
1781844428.69,ROCM_SMI,GPU_4,1474.1,140.0,100.0
1781844428.69,ROCM_SMI,GPU_5,1474.1,143.0,100.0
1781844428.69,ROCM_SMI,GPU_6,1474.1,141.0,100.0
1781844428.69,ROCM_SMI,GPU_7,1474.1,140.0,91.0
1781844430.88,ROCM_SMI,GPU_0,1474.1,150.0,100.0
1781844430.88,ROCM_SMI,GPU_1,1474.1,140.0,100.0
1781844430.88,ROCM_SMI,GPU_2,1474.1,146.0,100.0
1781844430.88,ROCM_SMI,GPU_3,1474.1,145.0,100.0
1781844430.88,ROCM_SMI,GPU_4,1474.1,141.0,100.0
1781844430.88,ROCM_SMI,GPU_5,1474.1,143.0,100.0
1781844430.88,ROCM_SMI,GPU_6,1474.1,140.0,100.0
1781844430.88,ROCM_SMI,GPU_7,1474.1,140.0,100.0
1781844433.07,ROCM_SMI,GPU_0,1474.1,146.0,100.0
1781844433.07,ROCM_SMI,GPU_1,1474.1,142.0,100.0
1781844433.07,ROCM_SMI,GPU_2,1474.1,147.0,100.0
1781844433.07,ROCM_SMI,GPU_3,1474.1,146.0,100.0
1781844433.07,ROCM_SMI,GPU_4,1474.1,142.0,100.0
1781844433.07,ROCM_SMI,GPU_5,1474.1,141.0,100.0
1781844433.07,ROCM_SMI,GPU_6,1474.1,140.0,100.0
1781844433.07,ROCM_SMI,GPU_7,1474.1,139.0,100.0
1781844435.26,ROCM_SMI,GPU_0,1474.1,146.0,100.0
1781844435.26,ROCM_SMI,GPU_1,1474.1,142.0,100.0
1781844435.26,ROCM_SMI,GPU_2,1474.1,144.0,100.0
1781844435.26,ROCM_SMI,GPU_3,1474.1,147.0,100.0
1781844435.26,ROCM_SMI,GPU_4,1474.1,145.0,100.0
1781844435.26,ROCM_SMI,GPU_5,1474.1,138.0,100.0
1781844435.26,ROCM_SMI,GPU_6,1474.1,144.0,100.0
1781844435.26,ROCM_SMI,GPU_7,1474.1,138.0,100.0
1781844437.46,ROCM_SMI,GPU_0,1474.1,153.0,100.0
1781844437.46,ROCM_SMI,GPU_1,1474.1,142.0,100.0
1781844437.46,ROCM_SMI,GPU_2,1474.1,144.0,100.0
1781844437.46,ROCM_SMI,GPU_3,1474.1,146.0,100.0
1781844437.46,ROCM_SMI,GPU_4,1474.1,141.0,100.0
1781844437.46,ROCM_SMI,GPU_5,1474.1,141.0,100.0
1781844437.46,ROCM_SMI,GPU_6,1474.1,143.0,100.0
1781844437.46,ROCM_SMI,GPU_7,1474.1,139.0,100.0
1781844439.65,ROCM_SMI,GPU_0,1474.1,146.0,100.0
1781844439.65,ROCM_SMI,GPU_1,1474.1,154.0,100.0
1781844439.65,ROCM_SMI,GPU_2,1474.1,155.0,100.0
1781844439.65,ROCM_SMI,GPU_3,1474.1,160.0,100.0
1781844439.65,ROCM_SMI,GPU_4,1474.1,141.0,100.0
1781844439.65,ROCM_SMI,GPU_5,1474.1,136.0,100.0
1781844439.65,ROCM_SMI,GPU_6,1474.1,137.0,100.0
1781844439.65,ROCM_SMI,GPU_7,1474.1,135.0,100.0
1781844441.85,ROCM_SMI,GPU_0,1474.1,144.0,100.0
1781844441.85,ROCM_SMI,GPU_1,1474.1,142.0,100.0
1781844441.85,ROCM_SMI,GPU_2,1474.1,147.0,100.0
1781844441.85,ROCM_SMI,GPU_3,1474.1,147.0,100.0
1781844441.85,ROCM_SMI,GPU_4,1474.1,144.0,100.0
1781844441.85,ROCM_SMI,GPU_5,1474.1,139.0,100.0
1781844441.85,ROCM_SMI,GPU_6,1474.1,142.0,100.0
1781844441.85,ROCM_SMI,GPU_7,1474.1,138.0,100.0
1781844444.04,ROCM_SMI,GPU_0,1474.1,145.0,89.0
1781844444.04,ROCM_SMI,GPU_1,1474.1,141.0,100.0
1781844444.04,ROCM_SMI,GPU_2,1474.1,146.0,100.0
1781844444.04,ROCM_SMI,GPU_3,1474.1,147.0,100.0
1781844444.04,ROCM_SMI,GPU_4,1474.1,144.0,100.0
1781844444.04,ROCM_SMI,GPU_5,1474.1,139.0,100.0
1781844444.04,ROCM_SMI,GPU_6,1474.1,143.0,100.0
1781844444.04,ROCM_SMI,GPU_7,1474.1,139.0,100.0
1781844446.23,ROCM_SMI,GPU_0,1474.1,148.0,100.0
1781844446.23,ROCM_SMI,GPU_1,1474.1,139.0,80.0
1781844446.23,ROCM_SMI,GPU_2,1474.1,141.0,100.0
1781844446.23,ROCM_SMI,GPU_3,1474.1,145.0,100.0
1781844446.23,ROCM_SMI,GPU_4,1474.1,145.0,100.0
1781844446.23,ROCM_SMI,GPU_5,1474.1,139.0,100.0
1781844446.23,ROCM_SMI,GPU_6,1474.1,144.0,100.0
1781844446.23,ROCM_SMI,GPU_7,1474.1,137.0,100.0
1781844448.42,ROCM_SMI,GPU_0,1474.1,149.0,100.0
1781844448.42,ROCM_SMI,GPU_1,1474.1,141.0,100.0
1781844448.42,ROCM_SMI,GPU_2,1474.1,141.0,100.0
1781844448.42,ROCM_SMI,GPU_3,1474.1,145.0,89.0
1781844448.42,ROCM_SMI,GPU_4,1474.1,144.0,100.0
1781844448.42,ROCM_SMI,GPU_5,1474.1,137.0,100.0
1781844448.42,ROCM_SMI,GPU_6,1474.1,144.0,100.0
1781844448.42,ROCM_SMI,GPU_7,1474.1,138.0,100.0
1781844450.62,ROCM_SMI,GPU_0,1474.1,152.0,100.0
1781844450.62,ROCM_SMI,GPU_1,1474.1,140.0,100.0
1781844450.62,ROCM_SMI,GPU_2,1474.1,145.0,84.0
1781844450.62,ROCM_SMI,GPU_3,1474.1,145.0,100.0
1781844450.62,ROCM_SMI,GPU_4,1474.1,140.0,100.0
1781844450.62,ROCM_SMI,GPU_5,1474.1,142.0,100.0
1781844450.62,ROCM_SMI,GPU_6,1474.1,140.0,100.0
1781844450.62,ROCM_SMI,GPU_7,1474.1,139.0,100.0
1781844452.82,ROCM_SMI,GPU_0,1474.1,146.0,100.0
1781844452.82,ROCM_SMI,GPU_1,1474.1,139.0,100.0
1781844452.82,ROCM_SMI,GPU_2,1474.1,144.0,89.0
1781844452.82,ROCM_SMI,GPU_3,1474.1,145.0,100.0
1781844452.82,ROCM_SMI,GPU_4,1474.1,146.0,100.0
1781844452.82,ROCM_SMI,GPU_5,1474.1,139.0,100.0
1781844452.82,ROCM_SMI,GPU_6,1474.1,144.0,100.0
1781844452.82,ROCM_SMI,GPU_7,1474.1,138.0,100.0
1781844455.01,ROCM_SMI,GPU_0,1474.1,147.0,100.0
1781844455.01,ROCM_SMI,GPU_1,1474.1,140.0,100.0
1781844455.01,ROCM_SMI,GPU_2,1474.1,142.0,100.0
1781844455.01,ROCM_SMI,GPU_3,1474.1,145.0,100.0
1781844455.01,ROCM_SMI,GPU_4,1474.1,144.0,100.0
1781844455.01,ROCM_SMI,GPU_5,1474.1,138.0,100.0
1781844455.01,ROCM_SMI,GPU_6,1474.1,143.0,100.0
1781844455.01,ROCM_SMI,GPU_7,1474.1,138.0,100.0
1781844457.20,ROCM_SMI,GPU_0,1474.1,150.0,100.0
1781844457.20,ROCM_SMI,GPU_1,1474.1,140.0,100.0
1781844457.20,ROCM_SMI,GPU_2,1474.1,143.0,100.0
1781844457.20,ROCM_SMI,GPU_3,1474.1,145.0,88.0
1781844457.20,ROCM_SMI,GPU_4,1474.1,141.0,100.0
1781844457.20,ROCM_SMI,GPU_5,1474.1,141.0,100.0
1781844457.20,ROCM_SMI,GPU_6,1474.1,142.0,100.0
1781844457.20,ROCM_SMI,GPU_7,1474.1,140.0,100.0
1781844459.40,ROCM_SMI,GPU_0,1474.1,151.0,100.0
1781844459.40,ROCM_SMI,GPU_1,1474.1,142.0,100.0
1781844459.40,ROCM_SMI,GPU_2,1474.1,147.0,100.0
1781844459.40,ROCM_SMI,GPU_3,1474.1,146.0,100.0
1781844459.40,ROCM_SMI,GPU_4,1474.1,140.0,88.0
1781844459.40,ROCM_SMI,GPU_5,1474.1,142.0,100.0
1781844459.40,ROCM_SMI,GPU_6,1474.1,139.0,100.0
1781844459.40,ROCM_SMI,GPU_7,1474.1,139.0,100.0
1781844461.59,ROCM_SMI,GPU_0,1474.1,148.0,100.0
1781844461.59,ROCM_SMI,GPU_1,1474.1,142.0,100.0
1781844461.59,ROCM_SMI,GPU_2,1474.1,148.0,100.0
1781844461.59,ROCM_SMI,GPU_3,1474.1,146.0,100.0
1781844461.59,ROCM_SMI,GPU_4,1474.1,141.0,100.0
1781844461.59,ROCM_SMI,GPU_5,1474.1,143.0,82.0
1781844461.59,ROCM_SMI,GPU_6,1474.1,139.0,100.0
1781844461.59,ROCM_SMI,GPU_7,1474.1,142.0,100.0
1781844463.78,ROCM_SMI,GPU_0,1474.1,146.0,100.0
1781844463.78,ROCM_SMI,GPU_1,1474.1,142.0,100.0
1781844463.78,ROCM_SMI,GPU_2,1474.1,146.0,100.0
1781844463.78,ROCM_SMI,GPU_3,1474.1,149.0,100.0
1781844463.78,ROCM_SMI,GPU_4,1474.1,146.0,100.0
1781844463.78,ROCM_SMI,GPU_5,1474.1,138.0,100.0
1781844463.78,ROCM_SMI,GPU_6,1474.1,142.0,81.0
1781844463.78,ROCM_SMI,GPU_7,1474.1,141.0,100.0
1781844465.98,ROCM_SMI,GPU_0,1474.1,148.0,100.0
1781844465.98,ROCM_SMI,GPU_1,1474.1,140.0,100.0
1781844465.98,ROCM_SMI,GPU_2,1474.1,140.0,100.0
1781844465.98,ROCM_SMI,GPU_3,1474.1,146.0,100.0
1781844465.98,ROCM_SMI,GPU_4,1474.1,142.0,100.0
1781844465.98,ROCM_SMI,GPU_5,1474.1,137.0,100.0
1781844465.98,ROCM_SMI,GPU_6,1474.1,142.0,81.0
1781844465.98,ROCM_SMI,GPU_7,1474.1,137.0,100.0
1781844468.17,ROCM_SMI,GPU_0,1474.1,151.0,100.0
1781844468.17,ROCM_SMI,GPU_1,1474.1,141.0,100.0
1781844468.17,ROCM_SMI,GPU_2,1474.1,141.0,100.0
1781844468.17,ROCM_SMI,GPU_3,1474.1,147.0,100.0
1781844468.17,ROCM_SMI,GPU_4,1474.1,144.0,100.0
1781844468.17,ROCM_SMI,GPU_5,1474.1,137.0,100.0
1781844468.17,ROCM_SMI,GPU_6,1474.1,145.0,100.0
1781844468.17,ROCM_SMI,GPU_7,1474.1,136.0,88.0
1781844470.37,ROCM_SMI,GPU_0,1474.1,151.0,100.0
1781844470.37,ROCM_SMI,GPU_1,1474.1,141.0,100.0
1781844470.37,ROCM_SMI,GPU_2,1474.1,144.0,100.0
1781844470.37,ROCM_SMI,GPU_3,1474.1,144.0,100.0
1781844470.37,ROCM_SMI,GPU_4,1474.1,140.0,100.0
1781844470.37,ROCM_SMI,GPU_5,1474.1,142.0,100.0
1781844470.37,ROCM_SMI,GPU_6,1474.1,141.0,100.0
1781844470.37,ROCM_SMI,GPU_7,1474.1,138.0,83.0
1781844472.56,ROCM_SMI,GPU_0,1474.1,145.0,100.0
1781844472.56,ROCM_SMI,GPU_1,1474.1,142.0,100.0
1781844472.56,ROCM_SMI,GPU_2,1474.1,149.0,100.0
1781844472.56,ROCM_SMI,GPU_3,1474.1,148.0,100.0
1781844472.56,ROCM_SMI,GPU_4,1474.1,142.0,100.0
1781844472.56,ROCM_SMI,GPU_5,1474.1,142.0,100.0
1781844472.56,ROCM_SMI,GPU_6,1474.1,139.0,100.0
1781844472.56,ROCM_SMI,GPU_7,1474.1,139.0,100.0
1781844474.75,ROCM_SMI,GPU_0,1474.1,147.0,100.0
1781844474.75,ROCM_SMI,GPU_1,1474.1,142.0,100.0
1781844474.75,ROCM_SMI,GPU_2,1474.1,144.0,100.0
1781844474.75,ROCM_SMI,GPU_3,1474.1,148.0,100.0
1781844474.75,ROCM_SMI,GPU_4,1474.1,145.0,100.0
1781844474.75,ROCM_SMI,GPU_5,1474.1,138.0,100.0
1781844474.75,ROCM_SMI,GPU_6,1474.1,144.0,100.0
1781844474.75,ROCM_SMI,GPU_7,1474.1,138.0,100.0
1781844476.94,ROCM_SMI,GPU_0,1474.1,150.0,100.0
1781844476.94,ROCM_SMI,GPU_1,1474.1,139.0,100.0
1781844476.94,ROCM_SMI,GPU_2,1474.1,142.0,100.0
1781844476.94,ROCM_SMI,GPU_3,1474.1,145.0,100.0
1781844476.94,ROCM_SMI,GPU_4,1474.1,144.0,100.0
1781844476.94,ROCM_SMI,GPU_5,1474.1,139.0,100.0
1781844476.94,ROCM_SMI,GPU_6,1474.1,144.0,100.0
1781844476.94,ROCM_SMI,GPU_7,1474.1,139.0,100.0
1781844479.14,ROCM_SMI,GPU_0,1474.1,149.0,100.0
1781844479.14,ROCM_SMI,GPU_1,1474.1,139.0,100.0
1781844479.14,ROCM_SMI,GPU_2,1474.1,145.0,100.0
1781844479.14,ROCM_SMI,GPU_3,1474.1,146.0,100.0
1781844479.14,ROCM_SMI,GPU_4,1474.1,140.0,100.0
1781844479.14,ROCM_SMI,GPU_5,1474.1,142.0,100.0
1781844479.14,ROCM_SMI,GPU_6,1474.1,141.0,100.0
1781844479.14,ROCM_SMI,GPU_7,1474.1,141.0,100.0
1781844481.33,ROCM_SMI,GPU_0,1474.1,148.0,82.0
1781844481.33,ROCM_SMI,GPU_1,1474.1,143.0,100.0
1781844481.33,ROCM_SMI,GPU_2,1474.1,150.0,100.0
1781844481.33,ROCM_SMI,GPU_3,1474.1,147.0,100.0
1781844481.33,ROCM_SMI,GPU_4,1474.1,140.0,100.0
1781844481.33,ROCM_SMI,GPU_5,1474.1,142.0,100.0
1781844481.33,ROCM_SMI,GPU_6,1474.1,137.0,100.0
1781844481.33,ROCM_SMI,GPU_7,1474.1,140.0,100.0
1781844483.52,ROCM_SMI,GPU_0,1474.1,146.0,100.0
1781844483.52,ROCM_SMI,GPU_1,1474.1,141.0,100.0
1781844483.52,ROCM_SMI,GPU_2,1474.1,146.0,100.0
1781844483.52,ROCM_SMI,GPU_3,1474.1,147.0,100.0
1781844483.52,ROCM_SMI,GPU_4,1474.1,143.0,100.0
1781844483.52,ROCM_SMI,GPU_5,1474.1,140.0,100.0
1781844483.52,ROCM_SMI,GPU_6,1474.1,140.0,100.0
1781844483.52,ROCM_SMI,GPU_7,1474.1,139.0,100.0
1781844485.72,ROCM_SMI,GPU_0,1474.1,145.0,100.0
1781844485.72,ROCM_SMI,GPU_1,1474.1,140.0,95.0
1781844485.72,ROCM_SMI,GPU_2,1474.1,144.0,89.0
1781844485.72,ROCM_SMI,GPU_3,1474.1,146.0,100.0
1781844485.72,ROCM_SMI,GPU_4,1474.1,145.0,100.0
1781844485.72,ROCM_SMI,GPU_5,1474.1,137.0,100.0
1781844485.72,ROCM_SMI,GPU_6,1474.1,143.0,100.0
1781844485.72,ROCM_SMI,GPU_7,1474.1,137.0,100.0
1781844487.91,ROCM_SMI,GPU_0,1474.1,149.0,100.0
1781844487.91,ROCM_SMI,GPU_1,1474.1,140.0,100.0
1781844487.91,ROCM_SMI,GPU_2,1474.1,142.0,100.0
1781844487.91,ROCM_SMI,GPU_3,1474.1,145.0,90.0
1781844487.91,ROCM_SMI,GPU_4,1474.1,141.0,100.0
1781844487.91,ROCM_SMI,GPU_5,1474.1,140.0,100.0
1781844487.91,ROCM_SMI,GPU_6,1474.1,142.0,100.0
1781844487.91,ROCM_SMI,GPU_7,1474.1,138.0,100.0
1781844490.11,ROCM_SMI,GPU_0,1474.1,151.0,100.0
1781844490.11,ROCM_SMI,GPU_1,1474.1,141.0,100.0
1781844490.11,ROCM_SMI,GPU_2,1474.1,143.0,86.0
1781844490.11,ROCM_SMI,GPU_3,1474.1,144.0,100.0
1781844490.11,ROCM_SMI,GPU_4,1474.1,139.0,100.0
1781844490.11,ROCM_SMI,GPU_5,1474.1,142.0,100.0
1781844490.11,ROCM_SMI,GPU_6,1474.1,140.0,100.0
1781844490.11,ROCM_SMI,GPU_7,1474.1,138.0,100.0
1781844492.30,ROCM_SMI,GPU_0,1474.1,151.0,100.0
1781844492.30,ROCM_SMI,GPU_1,1474.1,140.0,100.0
1781844492.30,ROCM_SMI,GPU_2,1474.1,144.0,100.0
1781844492.30,ROCM_SMI,GPU_3,1474.1,145.0,88.0
1781844492.30,ROCM_SMI,GPU_4,1474.1,138.0,100.0
1781844492.30,ROCM_SMI,GPU_5,1474.1,142.0,100.0
1781844492.30,ROCM_SMI,GPU_6,1474.1,140.0,100.0
1781844492.30,ROCM_SMI,GPU_7,1474.1,141.0,100.0
1781844494.50,ROCM_SMI,GPU_0,1474.1,146.0,100.0
1781844494.50,ROCM_SMI,GPU_1,1474.1,137.0,100.0
1781844494.50,ROCM_SMI,GPU_2,1474.1,137.0,100.0
1781844494.50,ROCM_SMI,GPU_3,1474.1,137.0,88.0
1781844494.50,ROCM_SMI,GPU_4,1474.1,143.0,100.0
1781844494.50,ROCM_SMI,GPU_5,1474.1,168.0,100.0
1781844494.50,ROCM_SMI,GPU_6,1474.1,154.0,100.0
1781844494.50,ROCM_SMI,GPU_7,1474.1,133.0,100.0
1781844496.69,ROCM_SMI,GPU_0,1474.1,146.0,100.0
1781844496.69,ROCM_SMI,GPU_1,1474.1,142.0,100.0
1781844496.69,ROCM_SMI,GPU_2,1474.1,146.0,100.0
1781844496.69,ROCM_SMI,GPU_3,1474.1,147.0,88.0
1781844496.69,ROCM_SMI,GPU_4,1474.1,142.0,100.0
1781844496.69,ROCM_SMI,GPU_5,1474.1,139.0,100.0
1781844496.69,ROCM_SMI,GPU_6,1474.1,142.0,100.0
1781844496.69,ROCM_SMI,GPU_7,1474.1,138.0,100.0
1781844498.89,ROCM_SMI,GPU_0,1474.1,146.0,100.0
1781844498.89,ROCM_SMI,GPU_1,1474.1,142.0,100.0
1781844498.89,ROCM_SMI,GPU_2,1474.1,146.0,100.0
1781844498.89,ROCM_SMI,GPU_3,1474.1,148.0,91.0
1781844498.89,ROCM_SMI,GPU_4,1474.1,144.0,100.0
1781844498.89,ROCM_SMI,GPU_5,1474.1,138.0,100.0
1781844498.89,ROCM_SMI,GPU_6,1474.1,143.0,100.0
1781844498.89,ROCM_SMI,GPU_7,1474.1,138.0,100.0
1781844501.09,ROCM_SMI,GPU_0,1474.1,149.0,100.0
1781844501.09,ROCM_SMI,GPU_1,1474.1,139.0,100.0
1781844501.09,ROCM_SMI,GPU_2,1474.1,141.0,100.0
1781844501.09,ROCM_SMI,GPU_3,1474.1,145.0,81.0
1781844501.09,ROCM_SMI,GPU_4,1474.1,143.0,100.0
1781844501.09,ROCM_SMI,GPU_5,1474.1,137.0,100.0
1781844501.09,ROCM_SMI,GPU_6,1474.1,145.0,100.0
1781844501.09,ROCM_SMI,GPU_7,1474.1,137.0,100.0
1781844503.28,ROCM_SMI,GPU_0,1474.1,152.0,100.0
1781844503.28,ROCM_SMI,GPU_1,1474.1,142.0,100.0
1781844503.28,ROCM_SMI,GPU_2,1474.1,143.0,100.0
1781844503.28,ROCM_SMI,GPU_3,1474.1,146.0,100.0
1781844503.28,ROCM_SMI,GPU_4,1474.1,144.0,88.0
1781844503.28,ROCM_SMI,GPU_5,1474.1,138.0,100.0
1781844503.28,ROCM_SMI,GPU_6,1474.1,144.0,100.0
1781844503.28,ROCM_SMI,GPU_7,1474.1,137.0,100.0
1781844505.47,ROCM_SMI,GPU_0,1474.1,150.0,100.0
1781844505.47,ROCM_SMI,GPU_1,1474.1,140.0,100.0
1781844505.47,ROCM_SMI,GPU_2,1474.1,147.0,100.0
1781844505.47,ROCM_SMI,GPU_3,1474.1,145.0,100.0
1781844505.47,ROCM_SMI,GPU_4,1474.1,139.0,81.0
1781844505.47,ROCM_SMI,GPU_5,1474.1,143.0,100.0
1781844505.47,ROCM_SMI,GPU_6,1474.1,141.0,100.0
1781844505.47,ROCM_SMI,GPU_7,1474.1,142.0,100.0
1781844507.67,ROCM_SMI,GPU_0,1474.1,144.0,100.0
1781844507.67,ROCM_SMI,GPU_1,1474.1,142.0,100.0
1781844507.67,ROCM_SMI,GPU_2,1474.1,145.0,100.0
1781844507.67,ROCM_SMI,GPU_3,1474.1,147.0,100.0
1781844507.67,ROCM_SMI,GPU_4,1474.1,145.0,100.0
1781844507.67,ROCM_SMI,GPU_5,1474.1,137.0,80.0
1781844507.67,ROCM_SMI,GPU_6,1474.1,142.0,100.0
1781844507.67,ROCM_SMI,GPU_7,1474.1,140.0,100.0
1781844509.86,ROCM_SMI,GPU_0,1474.1,147.0,100.0
1781844509.86,ROCM_SMI,GPU_1,1474.1,142.0,100.0
1781844509.86,ROCM_SMI,GPU_2,1474.1,147.0,100.0
1781844509.86,ROCM_SMI,GPU_3,1474.1,147.0,100.0
1781844509.86,ROCM_SMI,GPU_4,1474.1,144.0,100.0
1781844509.86,ROCM_SMI,GPU_5,1474.1,139.0,100.0
1781844509.86,ROCM_SMI,GPU_6,1474.1,142.0,97.0
1781844509.86,ROCM_SMI,GPU_7,1474.1,139.0,100.0
1781844512.05,ROCM_SMI,GPU_0,1474.1,145.0,100.0
1781844512.05,ROCM_SMI,GPU_1,1474.1,143.0,100.0
1781844512.05,ROCM_SMI,GPU_2,1474.1,147.0,100.0
1781844512.05,ROCM_SMI,GPU_3,1474.1,147.0,100.0
1781844512.05,ROCM_SMI,GPU_4,1474.1,144.0,100.0
1781844512.05,ROCM_SMI,GPU_5,1474.1,139.0,100.0
1781844512.05,ROCM_SMI,GPU_6,1474.1,141.0,100.0
1781844512.05,ROCM_SMI,GPU_7,1474.1,138.0,100.0
1781844514.25,ROCM_SMI,GPU_0,1474.1,145.0,100.0
1781844514.25,ROCM_SMI,GPU_1,1474.1,142.0,100.0
1781844514.25,ROCM_SMI,GPU_2,1474.1,146.0,100.0
1781844514.25,ROCM_SMI,GPU_3,1474.1,147.0,100.0
1781844514.25,ROCM_SMI,GPU_4,1474.1,143.0,100.0
1781844514.25,ROCM_SMI,GPU_5,1474.1,140.0,100.0
1781844514.25,ROCM_SMI,GPU_6,1474.1,142.0,100.0
1781844514.25,ROCM_SMI,GPU_7,1474.1,139.0,100.0
1781844516.44,ROCM_SMI,GPU_0,1474.1,145.0,100.0
1781844516.44,ROCM_SMI,GPU_1,1474.1,142.0,100.0
1781844516.44,ROCM_SMI,GPU_2,1474.1,148.0,100.0
1781844516.44,ROCM_SMI,GPU_3,1474.1,146.0,100.0
1781844516.44,ROCM_SMI,GPU_4,1474.1,141.0,100.0
1781844516.44,ROCM_SMI,GPU_5,1474.1,143.0,100.0
1781844516.44,ROCM_SMI,GPU_6,1474.1,139.0,100.0
1781844516.44,ROCM_SMI,GPU_7,1474.1,139.0,100.0
1781844518.63,ROCM_SMI,GPU_0,1474.1,148.0,100.0
1781844518.63,ROCM_SMI,GPU_1,1474.1,141.0,81.0
1781844518.63,ROCM_SMI,GPU_2,1474.1,146.0,100.0
1781844518.63,ROCM_SMI,GPU_3,1474.1,145.0,100.0
1781844518.63,ROCM_SMI,GPU_4,1474.1,140.0,100.0
1781844518.63,ROCM_SMI,GPU_5,1474.1,143.0,100.0
1781844518.63,ROCM_SMI,GPU_6,1474.1,139.0,100.0
1781844518.63,ROCM_SMI,GPU_7,1474.1,140.0,100.0
1781844520.83,ROCM_SMI,GPU_0,1474.1,148.0,100.0
1781844520.83,ROCM_SMI,GPU_1,1474.1,140.0,100.0
1781844520.83,ROCM_SMI,GPU_2,1474.1,146.0,84.0
1781844520.83,ROCM_SMI,GPU_3,1474.1,146.0,100.0
1781844520.83,ROCM_SMI,GPU_4,1474.1,139.0,100.0
1781844520.83,ROCM_SMI,GPU_5,1474.1,144.0,100.0
1781844520.83,ROCM_SMI,GPU_6,1474.1,139.0,100.0
1781844520.83,ROCM_SMI,GPU_7,1474.1,139.0,100.0
1781844523.02,ROCM_SMI,GPU_0,1474.1,147.0,100.0
1781844523.02,ROCM_SMI,GPU_1,1474.1,141.0,100.0
1781844523.02,ROCM_SMI,GPU_2,1474.1,148.0,100.0
1781844523.02,ROCM_SMI,GPU_3,1474.1,147.0,100.0
1781844523.02,ROCM_SMI,GPU_4,1474.1,139.0,100.0
1781844523.02,ROCM_SMI,GPU_5,1474.1,145.0,100.0
1781844523.02,ROCM_SMI,GPU_6,1474.1,141.0,100.0
1781844523.02,ROCM_SMI,GPU_7,1474.1,139.0,100.0
1781844525.21,ROCM_SMI,GPU_0,1474.1,151.0,100.0
1781844525.21,ROCM_SMI,GPU_1,1474.1,141.0,100.0
1781844525.21,ROCM_SMI,GPU_2,1474.1,144.0,100.0
1781844525.21,ROCM_SMI,GPU_3,1474.1,147.0,100.0
1781844525.21,ROCM_SMI,GPU_4,1474.1,141.0,100.0
1781844525.21,ROCM_SMI,GPU_5,1474.1,142.0,87.0
1781844525.21,ROCM_SMI,GPU_6,1474.1,142.0,100.0
1781844525.21,ROCM_SMI,GPU_7,1474.1,141.0,100.0
1781844527.41,ROCM_SMI,GPU_0,1474.1,151.0,100.0
1781844527.41,ROCM_SMI,GPU_1,1474.1,141.0,100.0
1781844527.41,ROCM_SMI,GPU_2,1474.1,146.0,100.0
1781844527.41,ROCM_SMI,GPU_3,1474.1,146.0,100.0
1781844527.41,ROCM_SMI,GPU_4,1474.1,141.0,100.0
1781844527.41,ROCM_SMI,GPU_5,1474.1,142.0,100.0
1781844527.41,ROCM_SMI,GPU_6,1474.1,140.0,100.0
1781844527.41,ROCM_SMI,GPU_7,1474.1,139.0,100.0
1781844529.60,ROCM_SMI,GPU_0,1474.1,147.0,100.0
1781844529.60,ROCM_SMI,GPU_1,1474.1,140.0,100.0
1781844529.60,ROCM_SMI,GPU_2,1474.1,147.0,100.0
1781844529.60,ROCM_SMI,GPU_3,1474.1,146.0,100.0
1781844529.60,ROCM_SMI,GPU_4,1474.1,141.0,100.0
1781844529.60,ROCM_SMI,GPU_5,1474.1,144.0,100.0
1781844529.60,ROCM_SMI,GPU_6,1474.1,139.0,100.0
1781844529.60,ROCM_SMI,GPU_7,1474.1,140.0,100.0
1781844531.79,ROCM_SMI,GPU_0,1474.1,151.0,100.0
1781844531.79,ROCM_SMI,GPU_1,1474.1,141.0,100.0
1781844531.79,ROCM_SMI,GPU_2,1474.1,144.0,100.0
1781844531.79,ROCM_SMI,GPU_3,1474.1,147.0,100.0
1781844531.79,ROCM_SMI,GPU_4,1474.1,140.0,100.0
1781844531.79,ROCM_SMI,GPU_5,1474.1,141.0,100.0
1781844531.79,ROCM_SMI,GPU_6,1474.1,142.0,100.0
1781844531.79,ROCM_SMI,GPU_7,1474.1,139.0,100.0
1781844533.98,ROCM_SMI,GPU_0,1474.1,150.0,100.0
1781844533.98,ROCM_SMI,GPU_1,1474.1,139.0,97.0
1781844533.98,ROCM_SMI,GPU_2,1474.1,144.0,100.0
1781844533.98,ROCM_SMI,GPU_3,1474.1,145.0,100.0
1781844533.98,ROCM_SMI,GPU_4,1474.1,141.0,100.0
1781844533.98,ROCM_SMI,GPU_5,1474.1,142.0,100.0
1781844533.98,ROCM_SMI,GPU_6,1474.1,141.0,100.0
1781844533.98,ROCM_SMI,GPU_7,1474.1,139.0,100.0
1781844536.18,ROCM_SMI,GPU_0,1474.1,155.0,100.0
1781844536.18,ROCM_SMI,GPU_1,1474.1,135.0,82.0
1781844536.18,ROCM_SMI,GPU_2,1474.1,139.0,100.0
1781844536.18,ROCM_SMI,GPU_3,1474.1,147.0,100.0
1781844536.18,ROCM_SMI,GPU_4,1474.1,138.0,100.0
1781844536.18,ROCM_SMI,GPU_5,1474.1,143.0,100.0
1781844536.18,ROCM_SMI,GPU_6,1474.1,140.0,100.0
1781844536.18,ROCM_SMI,GPU_7,1474.1,143.0,100.0
1781844538.37,ROCM_SMI,GPU_0,1474.1,150.0,100.0
1781844538.37,ROCM_SMI,GPU_1,1474.1,140.0,100.0
1781844538.37,ROCM_SMI,GPU_2,1474.1,142.0,100.0
1781844538.37,ROCM_SMI,GPU_3,1474.1,145.0,89.0
1781844538.37,ROCM_SMI,GPU_4,1474.1,139.0,100.0
1781844538.37,ROCM_SMI,GPU_5,1474.1,142.0,100.0
1781844538.37,ROCM_SMI,GPU_6,1474.1,141.0,100.0
1781844538.37,ROCM_SMI,GPU_7,1474.1,138.0,100.0
1781844540.56,ROCM_SMI,GPU_0,1474.1,152.0,100.0
1781844540.56,ROCM_SMI,GPU_1,1474.1,140.0,100.0
1781844540.56,ROCM_SMI,GPU_2,1474.1,144.0,100.0
1781844540.56,ROCM_SMI,GPU_3,1474.1,147.0,100.0
1781844540.56,ROCM_SMI,GPU_4,1474.1,143.0,91.0
1781844540.56,ROCM_SMI,GPU_5,1474.1,140.0,100.0
1781844540.56,ROCM_SMI,GPU_6,1474.1,141.0,100.0
1781844540.56,ROCM_SMI,GPU_7,1474.1,140.0,100.0
1781844542.76,ROCM_SMI,GPU_0,1474.1,151.0,100.0
1781844542.76,ROCM_SMI,GPU_1,1474.1,141.0,100.0
1781844542.76,ROCM_SMI,GPU_2,1474.1,144.0,100.0
1781844542.76,ROCM_SMI,GPU_3,1474.1,146.0,100.0
1781844542.76,ROCM_SMI,GPU_4,1474.1,140.0,100.0
1781844542.76,ROCM_SMI,GPU_5,1474.1,142.0,100.0
1781844542.76,ROCM_SMI,GPU_6,1474.1,142.0,76.0
1781844542.76,ROCM_SMI,GPU_7,1474.1,139.0,100.0
1781844544.95,ROCM_SMI,GPU_0,1474.1,148.0,100.0
1781844544.95,ROCM_SMI,GPU_1,1474.1,140.0,100.0
1781844544.95,ROCM_SMI,GPU_2,1474.1,147.0,100.0
1781844544.95,ROCM_SMI,GPU_3,1474.1,146.0,100.0
1781844544.95,ROCM_SMI,GPU_4,1474.1,140.0,100.0
1781844544.95,ROCM_SMI,GPU_5,1474.1,144.0,100.0
1781844544.95,ROCM_SMI,GPU_6,1474.1,140.0,100.0
1781844544.95,ROCM_SMI,GPU_7,1474.1,140.0,80.0
1781844547.14,ROCM_SMI,GPU_0,1474.1,148.0,100.0
1781844547.14,ROCM_SMI,GPU_1,1474.1,141.0,100.0
1781844547.14,ROCM_SMI,GPU_2,1474.1,147.0,100.0
1781844547.14,ROCM_SMI,GPU_3,1474.1,146.0,100.0
1781844547.14,ROCM_SMI,GPU_4,1474.1,139.0,100.0
1781844547.14,ROCM_SMI,GPU_5,1474.1,143.0,100.0
1781844547.14,ROCM_SMI,GPU_6,1474.1,139.0,100.0
1781844547.14,ROCM_SMI,GPU_7,1474.1,139.0,100.0
1781844549.33,ROCM_SMI,GPU_0,1474.1,149.0,100.0
1781844549.33,ROCM_SMI,GPU_1,1474.1,143.0,100.0
1781844549.33,ROCM_SMI,GPU_2,1474.1,150.0,100.0
1781844549.33,ROCM_SMI,GPU_3,1474.1,145.0,100.0
1781844549.33,ROCM_SMI,GPU_4,1474.1,142.0,100.0
1781844549.33,ROCM_SMI,GPU_5,1474.1,144.0,100.0
1781844549.33,ROCM_SMI,GPU_6,1474.1,139.0,100.0
1781844549.33,ROCM_SMI,GPU_7,1474.1,143.0,100.0
1781844551.53,ROCM_SMI,GPU_0,1474.1,149.0,85.0
1781844551.53,ROCM_SMI,GPU_1,1474.1,140.0,100.0
1781844551.53,ROCM_SMI,GPU_2,1474.1,145.0,100.0
1781844551.53,ROCM_SMI,GPU_3,1474.1,146.0,100.0
1781844551.53,ROCM_SMI,GPU_4,1474.1,140.0,100.0
1781844551.53,ROCM_SMI,GPU_5,1474.1,143.0,100.0
1781844551.53,ROCM_SMI,GPU_6,1474.1,140.0,100.0
1781844551.53,ROCM_SMI,GPU_7,1474.1,139.0,100.0
1781844553.72,ROCM_SMI,GPU_0,1474.1,149.0,100.0
1781844553.72,ROCM_SMI,GPU_1,1474.1,139.0,81.0
1781844553.72,ROCM_SMI,GPU_2,1474.1,146.0,100.0
1781844553.72,ROCM_SMI,GPU_3,1474.1,145.0,100.0
1781844553.72,ROCM_SMI,GPU_4,1474.1,140.0,100.0
1781844553.72,ROCM_SMI,GPU_5,1474.1,144.0,100.0
1781844553.72,ROCM_SMI,GPU_6,1474.1,138.0,100.0
1781844553.72,ROCM_SMI,GPU_7,1474.1,139.0,100.0
1781844555.91,ROCM_SMI,GPU_0,1474.1,146.0,100.0
1781844555.91,ROCM_SMI,GPU_1,1474.1,139.0,100.0
1781844555.91,ROCM_SMI,GPU_2,1474.1,146.0,94.0
1781844555.91,ROCM_SMI,GPU_3,1474.1,145.0,94.0
1781844555.91,ROCM_SMI,GPU_4,1474.1,141.0,100.0
1781844555.91,ROCM_SMI,GPU_5,1474.1,141.0,100.0
1781844555.91,ROCM_SMI,GPU_6,1474.1,140.0,100.0
1781844555.91,ROCM_SMI,GPU_7,1474.1,139.0,100.0
1781844558.11,ROCM_SMI,GPU_0,1474.1,147.0,100.0
1781844558.11,ROCM_SMI,GPU_1,1474.1,141.0,100.0
1781844558.11,ROCM_SMI,GPU_2,1474.1,147.0,100.0
1781844558.11,ROCM_SMI,GPU_3,1474.1,147.0,100.0
1781844558.11,ROCM_SMI,GPU_4,1474.1,140.0,83.0
1781844558.11,ROCM_SMI,GPU_5,1474.1,142.0,100.0
1781844558.11,ROCM_SMI,GPU_6,1474.1,139.0,100.0
1781844558.11,ROCM_SMI,GPU_7,1474.1,139.0,100.0
1781844560.30,ROCM_SMI,GPU_0,1474.1,145.0,100.0
1781844560.30,ROCM_SMI,GPU_1,1474.1,142.0,100.0
1781844560.30,ROCM_SMI,GPU_2,1474.1,148.0,100.0
1781844560.30,ROCM_SMI,GPU_3,1474.1,147.0,100.0
1781844560.30,ROCM_SMI,GPU_4,1474.1,142.0,100.0
1781844560.30,ROCM_SMI,GPU_5,1474.1,143.0,87.0
1781844560.30,ROCM_SMI,GPU_6,1474.1,140.0,100.0
1781844560.30,ROCM_SMI,GPU_7,1474.1,140.0,100.0
1781844562.49,ROCM_SMI,GPU_0,1474.1,145.0,100.0
1781844562.49,ROCM_SMI,GPU_1,1474.1,142.0,100.0
1781844562.49,ROCM_SMI,GPU_2,1474.1,147.0,100.0
1781844562.49,ROCM_SMI,GPU_3,1474.1,148.0,100.0
1781844562.49,ROCM_SMI,GPU_4,1474.1,144.0,100.0
1781844562.49,ROCM_SMI,GPU_5,1474.1,142.0,100.0
1781844562.49,ROCM_SMI,GPU_6,1474.1,142.0,100.0
1781844562.49,ROCM_SMI,GPU_7,1474.1,136.0,100.0
1781844564.69,ROCM_SMI,GPU_0,1474.1,151.0,100.0
1781844564.69,ROCM_SMI,GPU_1,1474.1,146.0,100.0
1781844564.69,ROCM_SMI,GPU_2,1474.1,147.0,100.0
1781844564.69,ROCM_SMI,GPU_3,1474.1,153.0,100.0
1781844564.69,ROCM_SMI,GPU_4,1474.1,148.0,100.0
1781844564.69,ROCM_SMI,GPU_5,1474.1,138.0,100.0
1781844564.69,ROCM_SMI,GPU_6,1474.1,137.0,100.0
1781844564.69,ROCM_SMI,GPU_7,1474.1,132.0,88.0
1781844566.88,ROCM_SMI,GPU_0,1474.1,145.0,100.0
1781844566.88,ROCM_SMI,GPU_1,1474.1,142.0,100.0
1781844566.88,ROCM_SMI,GPU_2,1474.1,148.0,100.0
1781844566.88,ROCM_SMI,GPU_3,1474.1,147.0,100.0
1781844566.88,ROCM_SMI,GPU_4,1474.1,143.0,100.0
1781844566.88,ROCM_SMI,GPU_5,1474.1,141.0,100.0
1781844566.88,ROCM_SMI,GPU_6,1474.1,141.0,100.0
1781844566.88,ROCM_SMI,GPU_7,1474.1,139.0,100.0
1781844569.07,ROCM_SMI,GPU_0,1474.1,145.0,100.0
1781844569.07,ROCM_SMI,GPU_1,1474.1,142.0,100.0
1781844569.07,ROCM_SMI,GPU_2,1474.1,145.0,100.0
1781844569.07,ROCM_SMI,GPU_3,1474.1,147.0,100.0
1781844569.07,ROCM_SMI,GPU_4,1474.1,144.0,100.0
1781844569.07,ROCM_SMI,GPU_5,1474.1,139.0,100.0
1781844569.07,ROCM_SMI,GPU_6,1474.1,143.0,100.0
1781844569.07,ROCM_SMI,GPU_7,1474.1,139.0,100.0
1781844571.26,ROCM_SMI,GPU_0,1474.1,146.0,100.0
1781844571.26,ROCM_SMI,GPU_1,1474.1,140.0,100.0
1781844571.26,ROCM_SMI,GPU_2,1474.1,141.0,100.0
1781844571.26,ROCM_SMI,GPU_3,1474.1,146.0,100.0
1781844571.26,ROCM_SMI,GPU_4,1474.1,146.0,100.0
1781844571.26,ROCM_SMI,GPU_5,1474.1,137.0,100.0
1781844571.26,ROCM_SMI,GPU_6,1474.1,145.0,100.0
1781844571.26,ROCM_SMI,GPU_7,1474.1,137.0,100.0
1781844573.46,ROCM_SMI,GPU_0,1474.1,149.0,100.0
1781844573.46,ROCM_SMI,GPU_1,1474.1,138.0,100.0
1781844573.46,ROCM_SMI,GPU_2,1474.1,142.0,100.0
1781844573.46,ROCM_SMI,GPU_3,1474.1,147.0,100.0
1781844573.46,ROCM_SMI,GPU_4,1474.1,143.0,100.0
1781844573.46,ROCM_SMI,GPU_5,1474.1,139.0,100.0
1781844573.46,ROCM_SMI,GPU_6,1474.1,143.0,100.0
1781844573.46,ROCM_SMI,GPU_7,1474.1,137.0,100.0
1781844575.65,ROCM_SMI,GPU_0,1474.1,149.0,100.0
1781844575.65,ROCM_SMI,GPU_1,1474.1,139.0,100.0
1781844575.65,ROCM_SMI,GPU_2,1474.1,142.0,84.0
1781844575.65,ROCM_SMI,GPU_3,1474.1,144.0,100.0
1781844575.65,ROCM_SMI,GPU_4,1474.1,142.0,100.0
1781844575.65,ROCM_SMI,GPU_5,1474.1,140.0,100.0
1781844575.65,ROCM_SMI,GPU_6,1474.1,142.0,100.0
1781844575.65,ROCM_SMI,GPU_7,1474.1,140.0,100.0
1781844577.85,ROCM_SMI,GPU_0,1474.1,149.0,100.0
1781844577.85,ROCM_SMI,GPU_1,1474.1,133.0,100.0
1781844577.85,ROCM_SMI,GPU_2,1474.1,134.0,92.0
1781844577.85,ROCM_SMI,GPU_3,1474.1,98.0,92.0
1781844577.85,ROCM_SMI,GPU_4,1474.1,129.0,100.0
1781844577.85,ROCM_SMI,GPU_5,1474.1,202.0,100.0
1781844577.85,ROCM_SMI,GPU_6,1474.1,132.0,100.0
1781844577.85,ROCM_SMI,GPU_7,1474.1,135.0,100.0
1781844580.04,ROCM_SMI,GPU_0,1474.1,151.0,100.0
1781844580.04,ROCM_SMI,GPU_1,1474.1,140.0,100.0
1781844580.04,ROCM_SMI,GPU_2,1474.1,143.0,100.0
1781844580.04,ROCM_SMI,GPU_3,1474.1,145.0,100.0
1781844580.04,ROCM_SMI,GPU_4,1474.1,143.0,81.0
1781844580.04,ROCM_SMI,GPU_5,1474.1,140.0,100.0
1781844580.04,ROCM_SMI,GPU_6,1474.1,144.0,100.0
1781844580.04,ROCM_SMI,GPU_7,1474.1,139.0,100.0
1781844582.23,ROCM_SMI,GPU_0,1474.1,151.0,100.0
1781844582.23,ROCM_SMI,GPU_1,1474.1,141.0,100.0
1781844582.23,ROCM_SMI,GPU_2,1474.1,143.0,100.0
1781844582.23,ROCM_SMI,GPU_3,1474.1,146.0,100.0
1781844582.23,ROCM_SMI,GPU_4,1474.1,143.0,100.0
1781844582.23,ROCM_SMI,GPU_5,1474.1,140.0,99.0
1781844582.23,ROCM_SMI,GPU_6,1474.1,144.0,100.0
1781844582.23,ROCM_SMI,GPU_7,1474.1,139.0,100.0
1781844584.44,ROCM_SMI,GPU_0,1474.1,151.0,100.0
1781844584.44,ROCM_SMI,GPU_1,1474.1,139.0,100.0
1781844584.44,ROCM_SMI,GPU_2,1474.1,143.0,100.0
1781844584.44,ROCM_SMI,GPU_3,1474.1,145.0,100.0
1781844584.44,ROCM_SMI,GPU_4,1474.1,142.0,100.0
1781844584.44,ROCM_SMI,GPU_5,1474.1,142.0,100.0
1781844584.44,ROCM_SMI,GPU_6,1474.1,143.0,100.0
1781844584.44,ROCM_SMI,GPU_7,1474.1,140.0,100.0
1781844586.63,ROCM_SMI,GPU_0,1474.1,152.0,100.0
1781844586.63,ROCM_SMI,GPU_1,1474.1,141.0,100.0
1781844586.63,ROCM_SMI,GPU_2,1474.1,145.0,100.0
1781844586.63,ROCM_SMI,GPU_3,1474.1,145.0,100.0
1781844586.63,ROCM_SMI,GPU_4,1474.1,140.0,88.0
1781844586.63,ROCM_SMI,GPU_5,1474.1,141.0,100.0
1781844586.63,ROCM_SMI,GPU_6,1474.1,139.0,100.0
1781844586.63,ROCM_SMI,GPU_7,1474.1,139.0,100.0
1781844588.82,ROCM_SMI,GPU_0,1474.1,148.0,100.0
1781844588.82,ROCM_SMI,GPU_1,1474.1,143.0,100.0
1781844588.82,ROCM_SMI,GPU_2,1474.1,149.0,100.0
1781844588.82,ROCM_SMI,GPU_3,1474.1,148.0,100.0
1781844588.82,ROCM_SMI,GPU_4,1474.1,139.0,100.0
1781844588.82,ROCM_SMI,GPU_5,1474.1,144.0,95.0
1781844588.82,ROCM_SMI,GPU_6,1474.1,140.0,99.0
1781844588.82,ROCM_SMI,GPU_7,1474.1,142.0,100.0
1781844591.01,ROCM_SMI,GPU_0,1474.1,146.0,100.0
1781844591.01,ROCM_SMI,GPU_1,1474.1,141.0,100.0
1781844591.01,ROCM_SMI,GPU_2,1474.1,145.0,100.0
1781844591.01,ROCM_SMI,GPU_3,1474.1,147.0,100.0
1781844591.01,ROCM_SMI,GPU_4,1474.1,145.0,100.0
1781844591.01,ROCM_SMI,GPU_5,1474.1,137.0,100.0
1781844591.01,ROCM_SMI,GPU_6,1474.1,143.0,100.0
1781844591.01,ROCM_SMI,GPU_7,1474.1,139.0,100.0
1781844593.21,ROCM_SMI,GPU_0,1474.1,145.0,100.0
1781844593.21,ROCM_SMI,GPU_1,1474.1,139.0,100.0
1781844593.21,ROCM_SMI,GPU_2,1474.1,140.0,100.0
1781844593.21,ROCM_SMI,GPU_3,1474.1,141.0,100.0
1781844593.21,ROCM_SMI,GPU_4,1474.1,142.0,100.0
1781844593.21,ROCM_SMI,GPU_5,1474.1,132.0,100.0
1781844593.21,ROCM_SMI,GPU_6,1474.1,130.0,81.0
1781844593.21,ROCM_SMI,GPU_7,1474.1,116.0,100.0
1781844595.40,ROCM_SMI,GPU_0,1474.1,152.0,100.0
1781844595.40,ROCM_SMI,GPU_1,1474.1,140.0,100.0
1781844595.40,ROCM_SMI,GPU_2,1474.1,146.0,100.0
1781844595.40,ROCM_SMI,GPU_3,1474.1,146.0,100.0
1781844595.40,ROCM_SMI,GPU_4,1474.1,141.0,100.0
1781844595.40,ROCM_SMI,GPU_5,1474.1,142.0,100.0
1781844595.40,ROCM_SMI,GPU_6,1474.1,141.0,100.0
1781844595.40,ROCM_SMI,GPU_7,1474.1,139.0,81.0
1781844597.60,ROCM_SMI,GPU_0,1474.1,148.0,100.0
1781844597.60,ROCM_SMI,GPU_1,1474.1,141.0,100.0
1781844597.60,ROCM_SMI,GPU_2,1474.1,148.0,100.0
1781844597.60,ROCM_SMI,GPU_3,1474.1,148.0,100.0
1781844597.60,ROCM_SMI,GPU_4,1474.1,139.0,100.0
1781844597.60,ROCM_SMI,GPU_5,1474.1,142.0,100.0
1781844597.60,ROCM_SMI,GPU_6,1474.1,139.0,100.0
1781844597.60,ROCM_SMI,GPU_7,1474.1,140.0,96.0
1781844599.79,ROCM_SMI,GPU_0,1474.1,145.0,100.0
1781844599.79,ROCM_SMI,GPU_1,1474.1,141.0,100.0
1781844599.79,ROCM_SMI,GPU_2,1474.1,147.0,100.0
1781844599.79,ROCM_SMI,GPU_3,1474.1,146.0,100.0
1781844599.79,ROCM_SMI,GPU_4,1474.1,142.0,100.0
1781844599.79,ROCM_SMI,GPU_5,1474.1,143.0,100.0
1781844599.79,ROCM_SMI,GPU_6,1474.1,140.0,100.0
1781844599.79,ROCM_SMI,GPU_7,1474.1,139.0,100.0
1781844601.99,ROCM_SMI,GPU_0,1474.1,146.0,100.0
1781844601.99,ROCM_SMI,GPU_1,1474.1,141.0,100.0
1781844601.99,ROCM_SMI,GPU_2,1474.1,145.0,100.0
1781844601.99,ROCM_SMI,GPU_3,1474.1,148.0,100.0
1781844601.99,ROCM_SMI,GPU_4,1474.1,146.0,100.0
1781844601.99,ROCM_SMI,GPU_5,1474.1,139.0,100.0
1781844601.99,ROCM_SMI,GPU_6,1474.1,143.0,100.0
1781844601.99,ROCM_SMI,GPU_7,1474.1,138.0,100.0
1781844604.18,ROCM_SMI,GPU_0,1474.1,147.0,100.0
1781844604.18,ROCM_SMI,GPU_1,1474.1,142.0,100.0
1781844604.18,ROCM_SMI,GPU_2,1474.1,143.0,100.0
1781844604.18,ROCM_SMI,GPU_3,1474.1,147.0,100.0
1781844604.18,ROCM_SMI,GPU_4,1474.1,145.0,100.0
1781844604.18,ROCM_SMI,GPU_5,1474.1,138.0,100.0
1781844604.18,ROCM_SMI,GPU_6,1474.1,144.0,100.0
1781844604.18,ROCM_SMI,GPU_7,1474.1,137.0,100.0
1781844606.38,ROCM_SMI,GPU_0,1474.1,146.0,100.0
1781844606.38,ROCM_SMI,GPU_1,1474.1,139.0,100.0
1781844606.38,ROCM_SMI,GPU_2,1474.1,146.0,100.0
1781844606.38,ROCM_SMI,GPU_3,1474.1,145.0,100.0
1781844606.38,ROCM_SMI,GPU_4,1474.1,138.0,100.0
1781844606.38,ROCM_SMI,GPU_5,1474.1,145.0,100.0
1781844606.38,ROCM_SMI,GPU_6,1474.1,141.0,100.0
1781844606.38,ROCM_SMI,GPU_7,1474.1,140.0,100.0
1781844608.57,ROCM_SMI,GPU_0,1474.1,145.0,100.0
1781844608.57,ROCM_SMI,GPU_1,1474.1,143.0,100.0
1781844608.57,ROCM_SMI,GPU_2,1474.1,148.0,100.0
1781844608.57,ROCM_SMI,GPU_3,1474.1,146.0,100.0
1781844608.57,ROCM_SMI,GPU_4,1474.1,142.0,100.0
1781844608.57,ROCM_SMI,GPU_5,1474.1,142.0,100.0
1781844608.57,ROCM_SMI,GPU_6,1474.1,139.0,100.0
1781844608.57,ROCM_SMI,GPU_7,1474.1,140.0,100.0
1781844610.76,ROCM_SMI,GPU_0,1474.1,145.0,85.0
1781844610.76,ROCM_SMI,GPU_1,1474.1,140.0,100.0
1781844610.76,ROCM_SMI,GPU_2,1474.1,147.0,100.0
1781844610.76,ROCM_SMI,GPU_3,1474.1,147.0,100.0
1781844610.76,ROCM_SMI,GPU_4,1474.1,143.0,100.0
1781844610.76,ROCM_SMI,GPU_5,1474.1,141.0,100.0
1781844610.76,ROCM_SMI,GPU_6,1474.1,140.0,100.0
1781844610.76,ROCM_SMI,GPU_7,1474.1,139.0,100.0
1781844612.95,ROCM_SMI,GPU_0,1474.1,144.0,100.0
1781844612.95,ROCM_SMI,GPU_1,1474.1,141.0,100.0
1781844612.95,ROCM_SMI,GPU_2,1474.1,145.0,83.0
1781844612.95,ROCM_SMI,GPU_3,1474.1,146.0,100.0
1781844612.95,ROCM_SMI,GPU_4,1474.1,144.0,100.0
1781844612.95,ROCM_SMI,GPU_5,1474.1,139.0,100.0
1781844612.95,ROCM_SMI,GPU_6,1474.1,143.0,100.0
1781844612.95,ROCM_SMI,GPU_7,1474.1,138.0,100.0
1781844615.14,ROCM_SMI,GPU_0,1474.1,146.0,100.0
1781844615.14,ROCM_SMI,GPU_1,1474.1,142.0,100.0
1781844615.14,ROCM_SMI,GPU_2,1474.1,144.0,100.0
1781844615.14,ROCM_SMI,GPU_3,1474.1,146.0,92.0
1781844615.14,ROCM_SMI,GPU_4,1474.1,143.0,100.0
1781844615.14,ROCM_SMI,GPU_5,1474.1,137.0,100.0
1781844615.14,ROCM_SMI,GPU_6,1474.1,144.0,100.0
1781844615.14,ROCM_SMI,GPU_7,1474.1,137.0,100.0
1781844617.33,ROCM_SMI,GPU_0,1474.1,148.0,100.0
1781844617.33,ROCM_SMI,GPU_1,1474.1,142.0,100.0
1781844617.33,ROCM_SMI,GPU_2,1474.1,144.0,100.0
1781844617.33,ROCM_SMI,GPU_3,1474.1,147.0,100.0
1781844617.33,ROCM_SMI,GPU_4,1474.1,145.0,100.0
1781844617.33,ROCM_SMI,GPU_5,1474.1,137.0,81.0
1781844617.33,ROCM_SMI,GPU_6,1474.1,144.0,100.0
1781844617.33,ROCM_SMI,GPU_7,1474.1,139.0,100.0
1781844619.54,ROCM_SMI,GPU_0,1474.1,150.0,100.0
1781844619.54,ROCM_SMI,GPU_1,1474.1,138.0,100.0
1781844619.54,ROCM_SMI,GPU_2,1474.1,143.0,89.0
1781844619.54,ROCM_SMI,GPU_3,1474.1,143.0,100.0
1781844619.54,ROCM_SMI,GPU_4,1474.1,140.0,100.0
1781844619.54,ROCM_SMI,GPU_5,1474.1,142.0,100.0
1781844619.54,ROCM_SMI,GPU_6,1474.1,143.0,100.0
1781844619.54,ROCM_SMI,GPU_7,1474.1,138.0,100.0
1781844621.74,ROCM_SMI,GPU_0,1474.1,152.0,100.0
1781844621.74,ROCM_SMI,GPU_1,1474.1,140.0,100.0
1781844621.74,ROCM_SMI,GPU_2,1474.1,142.0,84.0
1781844621.74,ROCM_SMI,GPU_3,1474.1,144.0,100.0
1781844621.74,ROCM_SMI,GPU_4,1474.1,140.0,100.0
1781844621.74,ROCM_SMI,GPU_5,1474.1,142.0,100.0
1781844621.74,ROCM_SMI,GPU_6,1474.1,141.0,100.0
1781844621.74,ROCM_SMI,GPU_7,1474.1,138.0,100.0
1781844623.94,ROCM_SMI,GPU_0,1474.1,149.0,100.0
1781844623.94,ROCM_SMI,GPU_1,1474.1,140.0,100.0
1781844623.94,ROCM_SMI,GPU_2,1474.1,145.0,100.0
1781844623.94,ROCM_SMI,GPU_3,1474.1,143.0,100.0
1781844623.94,ROCM_SMI,GPU_4,1474.1,138.0,100.0
1781844623.94,ROCM_SMI,GPU_5,1474.1,143.0,100.0
1781844623.94,ROCM_SMI,GPU_6,1474.1,138.0,100.0
1781844623.94,ROCM_SMI,GPU_7,1474.1,138.0,100.0
1781844626.13,ROCM_SMI,GPU_0,1474.1,150.0,100.0
1781844626.13,ROCM_SMI,GPU_1,1474.1,139.0,100.0
1781844626.13,ROCM_SMI,GPU_2,1474.1,146.0,100.0
1781844626.13,ROCM_SMI,GPU_3,1474.1,145.0,94.0
1781844626.13,ROCM_SMI,GPU_4,1474.1,138.0,100.0
1781844626.13,ROCM_SMI,GPU_5,1474.1,143.0,100.0
1781844626.13,ROCM_SMI,GPU_6,1474.1,139.0,100.0
1781844626.13,ROCM_SMI,GPU_7,1474.1,141.0,100.0
1781844628.32,ROCM_SMI,GPU_0,1474.1,152.0,100.0
1781844628.32,ROCM_SMI,GPU_1,1474.1,140.0,100.0
1781844628.32,ROCM_SMI,GPU_2,1474.1,144.0,100.0
1781844628.32,ROCM_SMI,GPU_3,1474.1,146.0,100.0
1781844628.32,ROCM_SMI,GPU_4,1474.1,141.0,100.0
1781844628.32,ROCM_SMI,GPU_5,1474.1,142.0,87.0
1781844628.32,ROCM_SMI,GPU_6,1474.1,141.0,88.0
1781844628.32,ROCM_SMI,GPU_7,1474.1,141.0,100.0
1781844630.51,ROCM_SMI,GPU_0,1474.1,150.0,100.0
1781844630.51,ROCM_SMI,GPU_1,1474.1,140.0,100.0
1781844630.51,ROCM_SMI,GPU_2,1474.1,146.0,100.0
1781844630.51,ROCM_SMI,GPU_3,1474.1,146.0,100.0
1781844630.51,ROCM_SMI,GPU_4,1474.1,140.0,100.0
1781844630.51,ROCM_SMI,GPU_5,1474.1,143.0,100.0
1781844630.51,ROCM_SMI,GPU_6,1474.1,140.0,100.0
1781844630.51,ROCM_SMI,GPU_7,1474.1,139.0,82.0
1781844632.70,ROCM_SMI,GPU_0,1474.1,148.0,100.0
1781844632.70,ROCM_SMI,GPU_1,1474.1,143.0,100.0
1781844632.70,ROCM_SMI,GPU_2,1474.1,148.0,100.0
1781844632.70,ROCM_SMI,GPU_3,1474.1,148.0,100.0
1781844632.70,ROCM_SMI,GPU_4,1474.1,141.0,100.0
1781844632.70,ROCM_SMI,GPU_5,1474.1,142.0,100.0
1781844632.70,ROCM_SMI,GPU_6,1474.1,138.0,100.0
1781844632.70,ROCM_SMI,GPU_7,1474.1,139.0,100.0
1781844634.90,ROCM_SMI,GPU_0,1474.1,147.0,100.0
1781844634.90,ROCM_SMI,GPU_1,1474.1,145.0,100.0
1781844634.90,ROCM_SMI,GPU_2,1474.1,149.0,100.0
1781844634.90,ROCM_SMI,GPU_3,1474.1,149.0,100.0
1781844634.90,ROCM_SMI,GPU_4,1474.1,142.0,100.0
1781844634.90,ROCM_SMI,GPU_5,1474.1,144.0,100.0
1781844634.90,ROCM_SMI,GPU_6,1474.1,143.0,100.0
1781844634.90,ROCM_SMI,GPU_7,1474.1,140.0,100.0
1781844637.10,ROCM_SMI,GPU_0,1474.1,149.0,100.0
1781844637.10,ROCM_SMI,GPU_1,1474.1,140.0,100.0
1781844637.10,ROCM_SMI,GPU_2,1474.1,147.0,100.0
1781844637.10,ROCM_SMI,GPU_3,1474.1,147.0,100.0
1781844637.10,ROCM_SMI,GPU_4,1474.1,139.0,100.0
1781844637.10,ROCM_SMI,GPU_5,1474.1,143.0,100.0
1781844637.10,ROCM_SMI,GPU_6,1474.1,140.0,100.0
1781844637.10,ROCM_SMI,GPU_7,1474.1,138.0,100.0
1781844639.29,ROCM_SMI,GPU_0,1474.1,148.0,85.0
1781844639.29,ROCM_SMI,GPU_1,1474.1,140.0,100.0
1781844639.29,ROCM_SMI,GPU_2,1474.1,146.0,100.0
1781844639.29,ROCM_SMI,GPU_3,1474.1,145.0,100.0
1781844639.29,ROCM_SMI,GPU_4,1474.1,139.0,100.0
1781844639.29,ROCM_SMI,GPU_5,1474.1,143.0,100.0
1781844639.29,ROCM_SMI,GPU_6,1474.1,140.0,100.0
1781844639.29,ROCM_SMI,GPU_7,1474.1,140.0,100.0
1781844641.48,ROCM_SMI,GPU_0,1474.1,148.0,100.0
1781844641.48,ROCM_SMI,GPU_1,1474.1,139.0,100.0
1781844641.48,ROCM_SMI,GPU_2,1474.1,146.0,85.0
1781844641.48,ROCM_SMI,GPU_3,1474.1,145.0,100.0
1781844641.48,ROCM_SMI,GPU_4,1474.1,141.0,100.0
1781844641.48,ROCM_SMI,GPU_5,1474.1,144.0,100.0
1781844641.48,ROCM_SMI,GPU_6,1474.1,139.0,100.0
1781844641.48,ROCM_SMI,GPU_7,1474.1,139.0,100.0
1781844643.67,ROCM_SMI,GPU_0,1474.1,149.0,100.0
1781844643.67,ROCM_SMI,GPU_1,1474.1,141.0,100.0
1781844643.67,ROCM_SMI,GPU_2,1474.1,146.0,100.0
1781844643.67,ROCM_SMI,GPU_3,1474.1,144.0,100.0
1781844643.67,ROCM_SMI,GPU_4,1474.1,138.0,87.0
1781844643.67,ROCM_SMI,GPU_5,1474.1,142.0,100.0
1781844643.67,ROCM_SMI,GPU_6,1474.1,139.0,100.0
1781844643.67,ROCM_SMI,GPU_7,1474.1,140.0,100.0
1781844645.86,ROCM_SMI,GPU_0,1474.1,146.0,100.0
1781844645.86,ROCM_SMI,GPU_1,1474.1,142.0,100.0
1781844645.86,ROCM_SMI,GPU_2,1474.1,147.0,100.0
1781844645.86,ROCM_SMI,GPU_3,1474.1,148.0,100.0
1781844645.86,ROCM_SMI,GPU_4,1474.1,145.0,90.0
1781844645.86,ROCM_SMI,GPU_5,1474.1,138.0,100.0
1781844645.86,ROCM_SMI,GPU_6,1474.1,143.0,100.0
1781844645.86,ROCM_SMI,GPU_7,1474.1,138.0,100.0
1781844648.06,ROCM_SMI,GPU_0,1474.1,155.0,100.0
1781844648.06,ROCM_SMI,GPU_1,1474.1,143.0,100.0
1781844648.06,ROCM_SMI,GPU_2,1474.1,144.0,100.0
1781844648.06,ROCM_SMI,GPU_3,1474.1,143.0,100.0
1781844648.06,ROCM_SMI,GPU_4,1474.1,140.0,100.0
1781844648.06,ROCM_SMI,GPU_5,1474.1,135.0,82.0
1781844648.06,ROCM_SMI,GPU_6,1474.1,138.0,100.0
1781844648.06,ROCM_SMI,GPU_7,1474.1,140.0,100.0
1781844650.25,ROCM_SMI,GPU_0,1474.1,148.0,100.0
1781844650.25,ROCM_SMI,GPU_1,1474.1,142.0,100.0
1781844650.25,ROCM_SMI,GPU_2,1474.1,142.0,100.0
1781844650.25,ROCM_SMI,GPU_3,1474.1,147.0,100.0
1781844650.25,ROCM_SMI,GPU_4,1474.1,146.0,100.0
1781844650.25,ROCM_SMI,GPU_5,1474.1,138.0,100.0
1781844650.25,ROCM_SMI,GPU_6,1474.1,144.0,83.0
1781844650.25,ROCM_SMI,GPU_7,1474.1,137.0,100.0
1781844652.45,ROCM_SMI,GPU_0,1474.1,149.0,100.0
1781844652.45,ROCM_SMI,GPU_1,1474.1,140.0,100.0
1781844652.45,ROCM_SMI,GPU_2,1474.1,142.0,100.0
1781844652.45,ROCM_SMI,GPU_3,1474.1,147.0,100.0
1781844652.45,ROCM_SMI,GPU_4,1474.1,145.0,100.0
1781844652.45,ROCM_SMI,GPU_5,1474.1,138.0,100.0
1781844652.45,ROCM_SMI,GPU_6,1474.1,144.0,81.0
1781844652.45,ROCM_SMI,GPU_7,1474.1,138.0,100.0
1781844654.64,ROCM_SMI,GPU_0,1474.1,149.0,100.0
1781844654.64,ROCM_SMI,GPU_1,1474.1,141.0,100.0
1781844654.64,ROCM_SMI,GPU_2,1474.1,143.0,100.0
1781844654.64,ROCM_SMI,GPU_3,1474.1,147.0,100.0
1781844654.64,ROCM_SMI,GPU_4,1474.1,146.0,100.0
1781844654.64,ROCM_SMI,GPU_5,1474.1,138.0,100.0
1781844654.64,ROCM_SMI,GPU_6,1474.1,143.0,100.0
1781844654.64,ROCM_SMI,GPU_7,1474.1,137.0,100.0
1781844656.83,ROCM_SMI,GPU_0,1474.1,150.0,100.0
1781844656.83,ROCM_SMI,GPU_1,1474.1,139.0,100.0
1781844656.83,ROCM_SMI,GPU_2,1474.1,146.0,100.0
1781844656.83,ROCM_SMI,GPU_3,1474.1,146.0,100.0
1781844656.83,ROCM_SMI,GPU_4,1474.1,139.0,100.0
1781844656.83,ROCM_SMI,GPU_5,1474.1,143.0,100.0
1781844656.83,ROCM_SMI,GPU_6,1474.1,140.0,100.0
1781844656.83,ROCM_SMI,GPU_7,1474.1,140.0,100.0
1781844659.02,ROCM_SMI,GPU_0,1474.1,147.0,100.0
1781844659.02,ROCM_SMI,GPU_1,1474.1,142.0,100.0
1781844659.02,ROCM_SMI,GPU_2,1474.1,146.0,100.0
1781844659.02,ROCM_SMI,GPU_3,1474.1,148.0,100.0
1781844659.02,ROCM_SMI,GPU_4,1474.1,144.0,100.0
1781844659.02,ROCM_SMI,GPU_5,1474.1,139.0,100.0
1781844659.02,ROCM_SMI,GPU_6,1474.1,141.0,100.0
1781844659.02,ROCM_SMI,GPU_7,1474.1,138.0,100.0
1781844661.22,ROCM_SMI,GPU_0,1474.1,146.0,100.0
1781844661.22,ROCM_SMI,GPU_1,1474.1,143.0,100.0
1781844661.22,ROCM_SMI,GPU_2,1474.1,144.0,100.0
1781844661.22,ROCM_SMI,GPU_3,1474.1,148.0,100.0
1781844661.22,ROCM_SMI,GPU_4,1474.1,145.0,100.0
1781844661.22,ROCM_SMI,GPU_5,1474.1,136.0,100.0
1781844661.22,ROCM_SMI,GPU_6,1474.1,144.0,100.0
1781844661.22,ROCM_SMI,GPU_7,1474.1,137.0,100.0
1781844663.41,ROCM_SMI,GPU_0,1474.1,148.0,100.0
1781844663.41,ROCM_SMI,GPU_1,1474.1,142.0,100.0
1781844663.41,ROCM_SMI,GPU_2,1474.1,147.0,100.0
1781844663.41,ROCM_SMI,GPU_3,1474.1,144.0,100.0
1781844663.41,ROCM_SMI,GPU_4,1474.1,139.0,100.0
1781844663.41,ROCM_SMI,GPU_5,1474.1,144.0,100.0
1781844663.41,ROCM_SMI,GPU_6,1474.1,139.0,100.0
1781844663.41,ROCM_SMI,GPU_7,1474.1,141.0,100.0
1781844665.61,ROCM_SMI,GPU_0,1474.1,146.0,100.0
1781844665.61,ROCM_SMI,GPU_1,1474.1,141.0,100.0
1781844665.61,ROCM_SMI,GPU_2,1474.1,143.0,100.0
1781844665.61,ROCM_SMI,GPU_3,1474.1,147.0,100.0
1781844665.61,ROCM_SMI,GPU_4,1474.1,145.0,100.0
1781844665.61,ROCM_SMI,GPU_5,1474.1,138.0,100.0
1781844665.61,ROCM_SMI,GPU_6,1474.1,144.0,100.0
1781844665.61,ROCM_SMI,GPU_7,1474.1,138.0,100.0
1781844667.80,ROCM_SMI,GPU_0,1474.1,149.0,100.0
1781844667.80,ROCM_SMI,GPU_1,1474.1,140.0,100.0
1781844667.80,ROCM_SMI,GPU_2,1474.1,142.0,100.0
1781844667.80,ROCM_SMI,GPU_3,1474.1,146.0,100.0
1781844667.80,ROCM_SMI,GPU_4,1474.1,144.0,100.0
1781844667.80,ROCM_SMI,GPU_5,1474.1,138.0,100.0
1781844667.80,ROCM_SMI,GPU_6,1474.1,144.0,100.0
1781844667.80,ROCM_SMI,GPU_7,1474.1,138.0,100.0
1781844670.00,ROCM_SMI,GPU_0,1474.1,150.0,100.0
1781844670.00,ROCM_SMI,GPU_1,1474.1,139.0,100.0
1781844670.00,ROCM_SMI,GPU_2,1474.1,147.0,100.0
1781844670.00,ROCM_SMI,GPU_3,1474.1,145.0,100.0
1781844670.00,ROCM_SMI,GPU_4,1474.1,140.0,100.0
1781844670.00,ROCM_SMI,GPU_5,1474.1,142.0,100.0
1781844670.00,ROCM_SMI,GPU_6,1474.1,140.0,100.0
1781844670.00,ROCM_SMI,GPU_7,1474.1,138.0,100.0
1781844672.20,ROCM_SMI,GPU_0,1474.1,146.0,100.0
1781844672.20,ROCM_SMI,GPU_1,1474.1,142.0,100.0
1781844672.20,ROCM_SMI,GPU_2,1474.1,146.0,100.0
1781844672.20,ROCM_SMI,GPU_3,1474.1,148.0,100.0
1781844672.20,ROCM_SMI,GPU_4,1474.1,144.0,100.0
1781844672.20,ROCM_SMI,GPU_5,1474.1,139.0,100.0
1781844672.20,ROCM_SMI,GPU_6,1474.1,141.0,100.0
1781844672.20,ROCM_SMI,GPU_7,1474.1,138.0,80.0
1781844674.39,ROCM_SMI,GPU_0,1474.1,145.0,100.0
1781844674.39,ROCM_SMI,GPU_1,1474.1,141.0,100.0
1781844674.39,ROCM_SMI,GPU_2,1474.1,145.0,100.0
1781844674.39,ROCM_SMI,GPU_3,1474.1,147.0,100.0
1781844674.39,ROCM_SMI,GPU_4,1474.1,145.0,100.0
1781844674.39,ROCM_SMI,GPU_5,1474.1,139.0,100.0
1781844674.39,ROCM_SMI,GPU_6,1474.1,143.0,100.0
1781844674.39,ROCM_SMI,GPU_7,1474.1,139.0,100.0
1781844676.59,ROCM_SMI,GPU_0,1474.1,152.0,100.0
1781844676.59,ROCM_SMI,GPU_1,1474.1,140.0,100.0
1781844676.59,ROCM_SMI,GPU_2,1474.1,145.0,100.0
1781844676.59,ROCM_SMI,GPU_3,1474.1,144.0,100.0
1781844676.59,ROCM_SMI,GPU_4,1474.1,142.0,100.0
1781844676.59,ROCM_SMI,GPU_5,1474.1,138.0,100.0
1781844676.59,ROCM_SMI,GPU_6,1474.1,143.0,100.0
1781844676.59,ROCM_SMI,GPU_7,1474.1,137.0,96.0
1781844678.79,ROCM_SMI,GPU_0,1474.1,149.0,100.0
1781844678.79,ROCM_SMI,GPU_1,1474.1,141.0,100.0
1781844678.79,ROCM_SMI,GPU_2,1474.1,143.0,100.0
1781844678.79,ROCM_SMI,GPU_3,1474.1,147.0,100.0
1781844678.79,ROCM_SMI,GPU_4,1474.1,145.0,100.0
1781844678.79,ROCM_SMI,GPU_5,1474.1,138.0,100.0
1781844678.79,ROCM_SMI,GPU_6,1474.1,144.0,100.0
1781844678.79,ROCM_SMI,GPU_7,1474.1,137.0,100.0
1781844680.98,ROCM_SMI,GPU_0,1474.1,150.0,100.0
1781844680.98,ROCM_SMI,GPU_1,1474.1,140.0,100.0
1781844680.98,ROCM_SMI,GPU_2,1474.1,142.0,100.0
1781844680.98,ROCM_SMI,GPU_3,1474.1,145.0,100.0
1781844680.98,ROCM_SMI,GPU_4,1474.1,144.0,100.0
1781844680.98,ROCM_SMI,GPU_5,1474.1,140.0,100.0
1781844680.98,ROCM_SMI,GPU_6,1474.1,144.0,100.0
1781844680.98,ROCM_SMI,GPU_7,1474.1,137.0,100.0
1781844683.18,ROCM_SMI,GPU_0,1474.1,148.0,100.0
1781844683.18,ROCM_SMI,GPU_1,1474.1,139.0,100.0
1781844683.18,ROCM_SMI,GPU_2,1474.1,142.0,100.0
1781844683.18,ROCM_SMI,GPU_3,1474.1,147.0,100.0
1781844683.18,ROCM_SMI,GPU_4,1474.1,145.0,100.0
1781844683.18,ROCM_SMI,GPU_5,1474.1,138.0,100.0
1781844683.18,ROCM_SMI,GPU_6,1474.1,145.0,100.0
1781844683.18,ROCM_SMI,GPU_7,1474.1,138.0,100.0
1781844685.37,ROCM_SMI,GPU_0,1474.1,144.0,100.0
1781844685.37,ROCM_SMI,GPU_1,1474.1,140.0,100.0
1781844685.37,ROCM_SMI,GPU_2,1474.1,144.0,85.0
1781844685.37,ROCM_SMI,GPU_3,1474.1,145.0,100.0
1781844685.37,ROCM_SMI,GPU_4,1474.1,144.0,100.0
1781844685.37,ROCM_SMI,GPU_5,1474.1,138.0,100.0
1781844685.37,ROCM_SMI,GPU_6,1474.1,144.0,100.0
1781844685.37,ROCM_SMI,GPU_7,1474.1,137.0,100.0
1781844687.56,ROCM_SMI,GPU_0,1474.1,145.0,100.0
1781844687.56,ROCM_SMI,GPU_1,1474.1,142.0,100.0
1781844687.56,ROCM_SMI,GPU_2,1474.1,146.0,100.0
1781844687.56,ROCM_SMI,GPU_3,1474.1,147.0,100.0
1781844687.56,ROCM_SMI,GPU_4,1474.1,142.0,87.0
1781844687.56,ROCM_SMI,GPU_5,1474.1,138.0,100.0
1781844687.56,ROCM_SMI,GPU_6,1474.1,142.0,100.0
1781844687.56,ROCM_SMI,GPU_7,1474.1,138.0,100.0
1781844689.76,ROCM_SMI,GPU_0,1474.1,149.0,100.0
1781844689.76,ROCM_SMI,GPU_1,1474.1,138.0,100.0
1781844689.76,ROCM_SMI,GPU_2,1474.1,141.0,100.0
1781844689.76,ROCM_SMI,GPU_3,1474.1,144.0,100.0
1781844689.76,ROCM_SMI,GPU_4,1474.1,142.0,81.0
1781844689.76,ROCM_SMI,GPU_5,1474.1,138.0,100.0
1781844689.76,ROCM_SMI,GPU_6,1474.1,146.0,100.0
1781844689.76,ROCM_SMI,GPU_7,1474.1,141.0,100.0
1781844691.95,ROCM_SMI,GPU_0,1474.1,149.0,100.0
1781844691.95,ROCM_SMI,GPU_1,1474.1,141.0,100.0
1781844691.95,ROCM_SMI,GPU_2,1474.1,141.0,100.0
1781844691.95,ROCM_SMI,GPU_3,1474.1,147.0,100.0
1781844691.95,ROCM_SMI,GPU_4,1474.1,145.0,100.0
1781844691.95,ROCM_SMI,GPU_5,1474.1,138.0,88.0
1781844691.95,ROCM_SMI,GPU_6,1474.1,145.0,100.0
1781844691.95,ROCM_SMI,GPU_7,1474.1,139.0,100.0
1781844694.14,ROCM_SMI,GPU_0,1474.1,150.0,100.0
1781844694.14,ROCM_SMI,GPU_1,1474.1,142.0,100.0
1781844694.14,ROCM_SMI,GPU_2,1474.1,142.0,100.0
1781844694.14,ROCM_SMI,GPU_3,1474.1,145.0,100.0
1781844694.14,ROCM_SMI,GPU_4,1474.1,144.0,100.0
1781844694.14,ROCM_SMI,GPU_5,1474.1,139.0,100.0
1781844694.14,ROCM_SMI,GPU_6,1474.1,144.0,100.0
1781844694.14,ROCM_SMI,GPU_7,1474.1,137.0,80.0
1781844696.33,ROCM_SMI,GPU_0,1474.1,149.0,100.0
1781844696.33,ROCM_SMI,GPU_1,1474.1,140.0,100.0
1781844696.33,ROCM_SMI,GPU_2,1474.1,143.0,100.0
1781844696.33,ROCM_SMI,GPU_3,1474.1,146.0,100.0
1781844696.33,ROCM_SMI,GPU_4,1474.1,146.0,100.0
1781844696.33,ROCM_SMI,GPU_5,1474.1,138.0,100.0
1781844696.33,ROCM_SMI,GPU_6,1474.1,145.0,100.0
1781844696.33,ROCM_SMI,GPU_7,1474.1,138.0,100.0
1781844698.54,ROCM_SMI,GPU_0,1474.1,151.0,100.0
1781844698.54,ROCM_SMI,GPU_1,1474.1,139.0,100.0
1781844698.54,ROCM_SMI,GPU_2,1474.1,144.0,100.0
1781844698.54,ROCM_SMI,GPU_3,1474.1,146.0,100.0
1781844698.54,ROCM_SMI,GPU_4,1474.1,144.0,100.0
1781844698.54,ROCM_SMI,GPU_5,1474.1,139.0,100.0
1781844698.54,ROCM_SMI,GPU_6,1474.1,143.0,88.0
1781844698.54,ROCM_SMI,GPU_7,1474.1,138.0,100.0
1781844700.73,ROCM_SMI,GPU_0,1474.1,150.0,100.0
1781844700.73,ROCM_SMI,GPU_1,1474.1,138.0,100.0
1781844700.73,ROCM_SMI,GPU_2,1474.1,140.0,100.0
1781844700.73,ROCM_SMI,GPU_3,1474.1,144.0,100.0
1781844700.73,ROCM_SMI,GPU_4,1474.1,144.0,100.0
1781844700.73,ROCM_SMI,GPU_5,1474.1,139.0,100.0
1781844700.73,ROCM_SMI,GPU_6,1474.1,144.0,100.0
1781844700.73,ROCM_SMI,GPU_7,1474.1,138.0,100.0
1781844702.92,ROCM_SMI,GPU_0,1474.1,151.0,100.0
1781844702.92,ROCM_SMI,GPU_1,1474.1,139.0,100.0
1781844702.92,ROCM_SMI,GPU_2,1474.1,146.0,100.0
1781844702.92,ROCM_SMI,GPU_3,1474.1,144.0,100.0
1781844702.92,ROCM_SMI,GPU_4,1474.1,140.0,100.0
1781844702.92,ROCM_SMI,GPU_5,1474.1,143.0,100.0
1781844702.92,ROCM_SMI,GPU_6,1474.1,140.0,100.0
1781844702.92,ROCM_SMI,GPU_7,1474.1,139.0,100.0
1781844705.12,ROCM_SMI,GPU_0,1474.1,143.0,100.0
1781844705.12,ROCM_SMI,GPU_1,1474.1,144.0,100.0
1781844705.12,ROCM_SMI,GPU_2,1474.1,149.0,100.0
1781844705.12,ROCM_SMI,GPU_3,1474.1,146.0,100.0
1781844705.12,ROCM_SMI,GPU_4,1474.1,142.0,100.0
1781844705.12,ROCM_SMI,GPU_5,1474.1,142.0,100.0
1781844705.12,ROCM_SMI,GPU_6,1474.1,142.0,100.0
1781844705.12,ROCM_SMI,GPU_7,1474.1,144.0,100.0
1781844707.31,ROCM_SMI,GPU_0,1474.1,144.0,100.0
1781844707.31,ROCM_SMI,GPU_1,1474.1,141.0,100.0
1781844707.31,ROCM_SMI,GPU_2,1474.1,144.0,100.0
1781844707.31,ROCM_SMI,GPU_3,1474.1,148.0,100.0
1781844707.31,ROCM_SMI,GPU_4,1474.1,145.0,100.0
1781844707.31,ROCM_SMI,GPU_5,1474.1,138.0,100.0
1781844707.31,ROCM_SMI,GPU_6,1474.1,144.0,100.0
1781844707.31,ROCM_SMI,GPU_7,1474.1,139.0,100.0
1781844709.50,ROCM_SMI,GPU_0,1474.1,148.0,100.0
1781844709.50,ROCM_SMI,GPU_1,1474.1,140.0,100.0
1781844709.50,ROCM_SMI,GPU_2,1474.1,144.0,100.0
1781844709.50,ROCM_SMI,GPU_3,1474.1,145.0,100.0
1781844709.50,ROCM_SMI,GPU_4,1474.1,141.0,100.0
1781844709.50,ROCM_SMI,GPU_5,1474.1,141.0,100.0
1781844709.50,ROCM_SMI,GPU_6,1474.1,140.0,100.0
1781844709.50,ROCM_SMI,GPU_7,1474.1,137.0,100.0
1781844711.70,ROCM_SMI,GPU_0,1474.1,145.0,100.0
1781844711.70,ROCM_SMI,GPU_1,1474.1,141.0,100.0
1781844711.70,ROCM_SMI,GPU_2,1474.1,148.0,100.0
1781844711.70,ROCM_SMI,GPU_3,1474.1,146.0,100.0
1781844711.70,ROCM_SMI,GPU_4,1474.1,142.0,100.0
1781844711.70,ROCM_SMI,GPU_5,1474.1,140.0,100.0
1781844711.70,ROCM_SMI,GPU_6,1474.1,141.0,100.0
1781844711.70,ROCM_SMI,GPU_7,1474.1,139.0,100.0
1781844713.89,ROCM_SMI,GPU_0,1474.1,143.0,100.0
1781844713.89,ROCM_SMI,GPU_1,1474.1,141.0,100.0
1781844713.89,ROCM_SMI,GPU_2,1474.1,144.0,100.0
1781844713.89,ROCM_SMI,GPU_3,1474.1,146.0,100.0
1781844713.89,ROCM_SMI,GPU_4,1474.1,145.0,100.0
1781844713.89,ROCM_SMI,GPU_5,1474.1,138.0,100.0
1781844713.89,ROCM_SMI,GPU_6,1474.1,143.0,100.0
1781844713.89,ROCM_SMI,GPU_7,1474.1,139.0,100.0
1781844716.09,ROCM_SMI,GPU_0,1474.1,148.0,100.0
1781844716.09,ROCM_SMI,GPU_1,1474.1,140.0,100.0
1781844716.09,ROCM_SMI,GPU_2,1474.1,144.0,100.0
1781844716.09,ROCM_SMI,GPU_3,1474.1,146.0,100.0
1781844716.09,ROCM_SMI,GPU_4,1474.1,142.0,100.0
1781844716.09,ROCM_SMI,GPU_5,1474.1,140.0,100.0
1781844716.09,ROCM_SMI,GPU_6,1474.1,143.0,100.0
1781844716.09,ROCM_SMI,GPU_7,1474.1,138.0,100.0
1781844718.28,ROCM_SMI,GPU_0,1474.1,140.0,100.0
1781844718.28,ROCM_SMI,GPU_1,1474.1,145.0,100.0
1781844718.28,ROCM_SMI,GPU_2,1474.1,169.0,100.0
1781844718.28,ROCM_SMI,GPU_3,1474.1,163.0,100.0
1781844718.28,ROCM_SMI,GPU_4,1474.1,146.0,100.0
1781844718.28,ROCM_SMI,GPU_5,1474.1,138.0,100.0
1781844718.28,ROCM_SMI,GPU_6,1474.1,140.0,100.0
1781844718.28,ROCM_SMI,GPU_7,1474.1,136.0,100.0
1781844720.48,ROCM_SMI,GPU_0,1474.1,144.0,100.0
1781844720.48,ROCM_SMI,GPU_1,1474.1,143.0,100.0
1781844720.48,ROCM_SMI,GPU_2,1474.1,146.0,100.0
1781844720.48,ROCM_SMI,GPU_3,1474.1,147.0,100.0
1781844720.48,ROCM_SMI,GPU_4,1474.1,143.0,100.0
1781844720.48,ROCM_SMI,GPU_5,1474.1,140.0,100.0
1781844720.48,ROCM_SMI,GPU_6,1474.1,141.0,100.0
1781844720.48,ROCM_SMI,GPU_7,1474.1,139.0,100.0
1781844722.67,ROCM_SMI,GPU_0,1474.1,145.0,100.0
1781844722.67,ROCM_SMI,GPU_1,1474.1,140.0,100.0
1781844722.67,ROCM_SMI,GPU_2,1474.1,142.0,100.0
1781844722.67,ROCM_SMI,GPU_3,1474.1,147.0,100.0
1781844722.67,ROCM_SMI,GPU_4,1474.1,145.0,100.0
1781844722.67,ROCM_SMI,GPU_5,1474.1,137.0,100.0
1781844722.67,ROCM_SMI,GPU_6,1474.1,145.0,100.0
1781844722.67,ROCM_SMI,GPU_7,1474.1,137.0,100.0
1781844724.86,ROCM_SMI,GPU_0,1474.1,148.0,96.0
1781844724.86,ROCM_SMI,GPU_1,1474.1,140.0,100.0
1781844724.86,ROCM_SMI,GPU_2,1474.1,148.0,100.0
1781844724.86,ROCM_SMI,GPU_3,1474.1,147.0,100.0
1781844724.86,ROCM_SMI,GPU_4,1474.1,140.0,100.0
1781844724.86,ROCM_SMI,GPU_5,1474.1,143.0,100.0
1781844724.86,ROCM_SMI,GPU_6,1474.1,140.0,100.0
1781844724.86,ROCM_SMI,GPU_7,1474.1,139.0,100.0
1781844727.06,ROCM_SMI,GPU_0,1474.1,144.0,92.0
1781844727.06,ROCM_SMI,GPU_1,1474.1,141.0,90.0
1781844727.06,ROCM_SMI,GPU_2,1474.1,147.0,100.0
1781844727.06,ROCM_SMI,GPU_3,1474.1,149.0,100.0
1781844727.06,ROCM_SMI,GPU_4,1474.1,143.0,100.0
1781844727.06,ROCM_SMI,GPU_5,1474.1,141.0,100.0
1781844727.06,ROCM_SMI,GPU_6,1474.1,141.0,100.0
1781844727.06,ROCM_SMI,GPU_7,1474.1,139.0,100.0
1781844729.25,ROCM_SMI,GPU_0,1474.1,146.0,100.0
1781844729.25,ROCM_SMI,GPU_1,1474.1,141.0,100.0
1781844729.25,ROCM_SMI,GPU_2,1474.1,141.0,85.0
1781844729.25,ROCM_SMI,GPU_3,1474.1,146.0,100.0
1781844729.25,ROCM_SMI,GPU_4,1474.1,145.0,100.0
1781844729.25,ROCM_SMI,GPU_5,1474.1,139.0,100.0
1781844729.25,ROCM_SMI,GPU_6,1474.1,144.0,100.0
1781844729.25,ROCM_SMI,GPU_7,1474.1,138.0,100.0
1781844731.44,ROCM_SMI,GPU_0,1474.1,150.0,100.0
1781844731.44,ROCM_SMI,GPU_1,1474.1,138.0,100.0
1781844731.44,ROCM_SMI,GPU_2,1474.1,143.0,100.0
1781844731.44,ROCM_SMI,GPU_3,1474.1,142.0,100.0
1781844731.44,ROCM_SMI,GPU_4,1474.1,138.0,100.0
1781844731.44,ROCM_SMI,GPU_5,1474.1,145.0,100.0
1781844731.44,ROCM_SMI,GPU_6,1474.1,141.0,100.0
1781844731.44,ROCM_SMI,GPU_7,1474.1,142.0,100.0
1781844733.64,ROCM_SMI,GPU_0,1474.1,151.0,100.0
1781844733.64,ROCM_SMI,GPU_1,1474.1,133.0,100.0
1781844733.64,ROCM_SMI,GPU_2,1474.1,133.0,93.0
1781844733.64,ROCM_SMI,GPU_3,1474.1,126.0,89.0
1781844733.64,ROCM_SMI,GPU_4,1474.1,149.0,100.0
1781844733.64,ROCM_SMI,GPU_5,1474.1,187.0,100.0
1781844733.64,ROCM_SMI,GPU_6,1474.1,136.0,100.0
1781844733.64,ROCM_SMI,GPU_7,1474.1,137.0,100.0
1781844735.83,ROCM_SMI,GPU_0,1474.1,145.0,100.0
1781844735.83,ROCM_SMI,GPU_1,1474.1,140.0,100.0
1781844735.83,ROCM_SMI,GPU_2,1474.1,147.0,100.0
1781844735.83,ROCM_SMI,GPU_3,1474.1,144.0,89.0
1781844735.83,ROCM_SMI,GPU_4,1474.1,140.0,100.0
1781844735.83,ROCM_SMI,GPU_5,1474.1,142.0,100.0
1781844735.83,ROCM_SMI,GPU_6,1474.1,140.0,100.0
1781844735.83,ROCM_SMI,GPU_7,1474.1,139.0,100.0
1781844738.02,ROCM_SMI,GPU_0,1474.1,147.0,100.0
1781844738.02,ROCM_SMI,GPU_1,1474.1,141.0,100.0
1781844738.02,ROCM_SMI,GPU_2,1474.1,148.0,100.0
1781844738.02,ROCM_SMI,GPU_3,1474.1,148.0,100.0
1781844738.02,ROCM_SMI,GPU_4,1474.1,140.0,100.0
1781844738.02,ROCM_SMI,GPU_5,1474.1,141.0,85.0
1781844738.02,ROCM_SMI,GPU_6,1474.1,140.0,100.0
1781844738.02,ROCM_SMI,GPU_7,1474.1,141.0,100.0
1781844740.21,ROCM_SMI,GPU_0,1474.1,146.0,100.0
1781844740.21,ROCM_SMI,GPU_1,1474.1,141.0,100.0
1781844740.21,ROCM_SMI,GPU_2,1474.1,147.0,100.0
1781844740.21,ROCM_SMI,GPU_3,1474.1,148.0,100.0
1781844740.21,ROCM_SMI,GPU_4,1474.1,142.0,100.0
1781844740.21,ROCM_SMI,GPU_5,1474.1,140.0,100.0
1781844740.21,ROCM_SMI,GPU_6,1474.1,140.0,100.0
1781844740.21,ROCM_SMI,GPU_7,1474.1,139.0,90.0
1781844742.42,ROCM_SMI,GPU_0,1474.1,144.0,100.0
1781844742.42,ROCM_SMI,GPU_1,1474.1,141.0,100.0
1781844742.42,ROCM_SMI,GPU_2,1474.1,146.0,100.0
1781844742.42,ROCM_SMI,GPU_3,1474.1,146.0,100.0
1781844742.42,ROCM_SMI,GPU_4,1474.1,142.0,87.0
1781844742.42,ROCM_SMI,GPU_5,1474.1,139.0,100.0
1781844742.42,ROCM_SMI,GPU_6,1474.1,142.0,100.0
1781844742.42,ROCM_SMI,GPU_7,1474.1,139.0,100.0
1781844744.61,ROCM_SMI,GPU_0,1474.1,144.0,100.0
1781844744.61,ROCM_SMI,GPU_1,1474.1,142.0,100.0
1781844744.61,ROCM_SMI,GPU_2,1474.1,144.0,100.0
1781844744.61,ROCM_SMI,GPU_3,1474.1,147.0,100.0
1781844744.61,ROCM_SMI,GPU_4,1474.1,144.0,100.0
1781844744.61,ROCM_SMI,GPU_5,1474.1,138.0,100.0
1781844744.61,ROCM_SMI,GPU_6,1474.1,142.0,82.0
1781844744.61,ROCM_SMI,GPU_7,1474.1,136.0,100.0
1781844746.80,ROCM_SMI,GPU_0,1474.1,147.0,100.0
1781844746.80,ROCM_SMI,GPU_1,1474.1,142.0,100.0
1781844746.80,ROCM_SMI,GPU_2,1474.1,144.0,100.0
1781844746.80,ROCM_SMI,GPU_3,1474.1,147.0,100.0
1781844746.80,ROCM_SMI,GPU_4,1474.1,146.0,100.0
1781844746.80,ROCM_SMI,GPU_5,1474.1,139.0,100.0
1781844746.80,ROCM_SMI,GPU_6,1474.1,144.0,100.0
1781844746.80,ROCM_SMI,GPU_7,1474.1,139.0,100.0
1781844749.00,ROCM_SMI,GPU_0,1474.1,146.0,100.0
1781844749.00,ROCM_SMI,GPU_1,1474.1,142.0,100.0
1781844749.00,ROCM_SMI,GPU_2,1474.1,145.0,100.0
1781844749.00,ROCM_SMI,GPU_3,1474.1,147.0,100.0
1781844749.00,ROCM_SMI,GPU_4,1474.1,144.0,100.0
1781844749.00,ROCM_SMI,GPU_5,1474.1,139.0,100.0
1781844749.00,ROCM_SMI,GPU_6,1474.1,143.0,100.0
1781844749.00,ROCM_SMI,GPU_7,1474.1,139.0,100.0
1781844751.19,ROCM_SMI,GPU_0,1474.1,144.0,88.0
1781844751.19,ROCM_SMI,GPU_1,1474.1,141.0,100.0
1781844751.19,ROCM_SMI,GPU_2,1474.1,148.0,100.0
1781844751.19,ROCM_SMI,GPU_3,1474.1,147.0,100.0
1781844751.19,ROCM_SMI,GPU_4,1474.1,142.0,100.0
1781844751.19,ROCM_SMI,GPU_5,1474.1,140.0,100.0
1781844751.19,ROCM_SMI,GPU_6,1474.1,141.0,100.0
1781844751.19,ROCM_SMI,GPU_7,1474.1,138.0,100.0
1781844753.38,ROCM_SMI,GPU_0,1474.1,144.0,100.0
1781844753.38,ROCM_SMI,GPU_1,1474.1,141.0,76.0
1781844753.38,ROCM_SMI,GPU_2,1474.1,145.0,100.0
1781844753.38,ROCM_SMI,GPU_3,1474.1,148.0,100.0
1781844753.38,ROCM_SMI,GPU_4,1474.1,144.0,100.0
1781844753.38,ROCM_SMI,GPU_5,1474.1,140.0,100.0
1781844753.38,ROCM_SMI,GPU_6,1474.1,142.0,100.0
1781844753.38,ROCM_SMI,GPU_7,1474.1,138.0,100.0
1781844755.57,ROCM_SMI,GPU_0,1474.1,146.0,100.0
1781844755.57,ROCM_SMI,GPU_1,1474.1,143.0,100.0
1781844755.57,ROCM_SMI,GPU_2,1474.1,147.0,100.0
1781844755.57,ROCM_SMI,GPU_3,1474.1,147.0,88.0
1781844755.57,ROCM_SMI,GPU_4,1474.1,139.0,100.0
1781844755.57,ROCM_SMI,GPU_5,1474.1,142.0,100.0
1781844755.57,ROCM_SMI,GPU_6,1474.1,140.0,100.0
1781844755.57,ROCM_SMI,GPU_7,1474.1,138.0,100.0
1781844757.76,ROCM_SMI,GPU_0,1474.1,147.0,100.0
1781844757.76,ROCM_SMI,GPU_1,1474.1,141.0,100.0
1781844757.76,ROCM_SMI,GPU_2,1474.1,149.0,100.0
1781844757.76,ROCM_SMI,GPU_3,1474.1,146.0,100.0
1781844757.76,ROCM_SMI,GPU_4,1474.1,141.0,100.0
1781844757.76,ROCM_SMI,GPU_5,1474.1,141.0,86.0
1781844757.76,ROCM_SMI,GPU_6,1474.1,139.0,100.0
1781844757.76,ROCM_SMI,GPU_7,1474.1,139.0,100.0
1781844759.96,ROCM_SMI,GPU_0,1474.1,147.0,100.0
1781844759.96,ROCM_SMI,GPU_1,1474.1,142.0,100.0
1781844759.96,ROCM_SMI,GPU_2,1474.1,148.0,100.0
1781844759.96,ROCM_SMI,GPU_3,1474.1,147.0,100.0
1781844759.96,ROCM_SMI,GPU_4,1474.1,141.0,100.0
1781844759.96,ROCM_SMI,GPU_5,1474.1,141.0,88.0
1781844759.96,ROCM_SMI,GPU_6,1474.1,139.0,100.0
1781844759.96,ROCM_SMI,GPU_7,1474.1,140.0,100.0
1781844762.16,ROCM_SMI,GPU_0,1474.1,146.0,100.0
1781844762.16,ROCM_SMI,GPU_1,1474.1,143.0,100.0
1781844762.16,ROCM_SMI,GPU_2,1474.1,147.0,100.0
1781844762.16,ROCM_SMI,GPU_3,1474.1,147.0,100.0
1781844762.16,ROCM_SMI,GPU_4,1474.1,142.0,100.0
1781844762.16,ROCM_SMI,GPU_5,1474.1,141.0,100.0
1781844762.16,ROCM_SMI,GPU_6,1474.1,140.0,84.0
1781844762.16,ROCM_SMI,GPU_7,1474.1,139.0,100.0
1781844764.35,ROCM_SMI,GPU_0,1474.1,146.0,100.0
1781844764.35,ROCM_SMI,GPU_1,1474.1,141.0,100.0
1781844764.35,ROCM_SMI,GPU_2,1474.1,147.0,100.0
1781844764.35,ROCM_SMI,GPU_3,1474.1,146.0,100.0
1781844764.35,ROCM_SMI,GPU_4,1474.1,141.0,100.0
1781844764.35,ROCM_SMI,GPU_5,1474.1,142.0,100.0
1781844764.35,ROCM_SMI,GPU_6,1474.1,140.0,100.0
1781844764.35,ROCM_SMI,GPU_7,1474.1,139.0,87.0
1781844766.54,ROCM_SMI,GPU_0,1474.1,146.0,100.0
1781844766.54,ROCM_SMI,GPU_1,1474.1,142.0,100.0
1781844766.54,ROCM_SMI,GPU_2,1474.1,144.0,100.0
1781844766.54,ROCM_SMI,GPU_3,1474.1,147.0,100.0
1781844766.54,ROCM_SMI,GPU_4,1474.1,144.0,100.0
1781844766.54,ROCM_SMI,GPU_5,1474.1,139.0,100.0
1781844766.54,ROCM_SMI,GPU_6,1474.1,143.0,100.0
1781844766.54,ROCM_SMI,GPU_7,1474.1,138.0,100.0
1781844768.73,ROCM_SMI,GPU_0,1474.1,146.0,100.0
1781844768.73,ROCM_SMI,GPU_1,1474.1,142.0,100.0
1781844768.73,ROCM_SMI,GPU_2,1474.1,148.0,100.0
1781844768.73,ROCM_SMI,GPU_3,1474.1,147.0,100.0
1781844768.73,ROCM_SMI,GPU_4,1474.1,141.0,100.0
1781844768.73,ROCM_SMI,GPU_5,1474.1,142.0,100.0
1781844768.73,ROCM_SMI,GPU_6,1474.1,141.0,100.0
1781844768.73,ROCM_SMI,GPU_7,1474.1,138.0,100.0
1781844770.92,ROCM_SMI,GPU_0,1474.1,146.0,100.0
1781844770.92,ROCM_SMI,GPU_1,1474.1,139.0,87.0
1781844770.92,ROCM_SMI,GPU_2,1474.1,146.0,100.0
1781844770.92,ROCM_SMI,GPU_3,1474.1,145.0,100.0
1781844770.92,ROCM_SMI,GPU_4,1474.1,142.0,100.0
1781844770.92,ROCM_SMI,GPU_5,1474.1,141.0,100.0
1781844770.92,ROCM_SMI,GPU_6,1474.1,140.0,100.0
1781844770.92,ROCM_SMI,GPU_7,1474.1,139.0,100.0
1781844773.12,ROCM_SMI,GPU_0,1474.1,148.0,100.0
1781844773.12,ROCM_SMI,GPU_1,1474.1,139.0,100.0
1781844773.12,ROCM_SMI,GPU_2,1474.1,145.0,85.0
1781844773.12,ROCM_SMI,GPU_3,1474.1,143.0,100.0
1781844773.12,ROCM_SMI,GPU_4,1474.1,144.0,100.0
1781844773.12,ROCM_SMI,GPU_5,1474.1,146.0,100.0
1781844773.12,ROCM_SMI,GPU_6,1474.1,144.0,100.0
1781844773.12,ROCM_SMI,GPU_7,1474.1,138.0,100.0
1781844775.32,ROCM_SMI,GPU_0,1474.1,144.0,100.0
1781844775.32,ROCM_SMI,GPU_1,1474.1,137.0,100.0
1781844775.32,ROCM_SMI,GPU_2,1474.1,141.0,100.0
1781844775.32,ROCM_SMI,GPU_3,1474.1,138.0,88.0
1781844775.32,ROCM_SMI,GPU_4,1474.1,140.0,100.0
1781844775.32,ROCM_SMI,GPU_5,1474.1,144.0,100.0
1781844775.32,ROCM_SMI,GPU_6,1474.1,143.0,100.0
1781844775.32,ROCM_SMI,GPU_7,1474.1,144.0,100.0
1781844777.51,ROCM_SMI,GPU_0,1474.1,150.0,100.0
1781844777.51,ROCM_SMI,GPU_1,1474.1,142.0,100.0
1781844777.51,ROCM_SMI,GPU_2,1474.1,146.0,100.0
1781844777.51,ROCM_SMI,GPU_3,1474.1,145.0,93.0
1781844777.51,ROCM_SMI,GPU_4,1474.1,138.0,88.0
1781844777.51,ROCM_SMI,GPU_5,1474.1,143.0,100.0
1781844777.51,ROCM_SMI,GPU_6,1474.1,138.0,100.0
1781844777.51,ROCM_SMI,GPU_7,1474.1,139.0,100.0
1781844779.71,ROCM_SMI,GPU_0,1474.1,148.0,100.0
1781844779.71,ROCM_SMI,GPU_1,1474.1,140.0,100.0
1781844779.71,ROCM_SMI,GPU_2,1474.1,147.0,100.0
1781844779.71,ROCM_SMI,GPU_3,1474.1,143.0,100.0
1781844779.71,ROCM_SMI,GPU_4,1474.1,141.0,100.0
1781844779.71,ROCM_SMI,GPU_5,1474.1,142.0,82.0
1781844779.71,ROCM_SMI,GPU_6,1474.1,139.0,100.0
1781844779.71,ROCM_SMI,GPU_7,1474.1,140.0,100.0
1781844781.90,ROCM_SMI,GPU_0,1474.1,148.0,100.0
1781844781.90,ROCM_SMI,GPU_1,1474.1,140.0,100.0
1781844781.90,ROCM_SMI,GPU_2,1474.1,148.0,100.0
1781844781.90,ROCM_SMI,GPU_3,1474.1,145.0,100.0
1781844781.90,ROCM_SMI,GPU_4,1474.1,140.0,100.0
1781844781.90,ROCM_SMI,GPU_5,1474.1,143.0,100.0
1781844781.90,ROCM_SMI,GPU_6,1474.1,139.0,100.0
1781844781.90,ROCM_SMI,GPU_7,1474.1,140.0,80.0
1781844784.09,ROCM_SMI,GPU_0,1474.1,148.0,100.0
1781844784.09,ROCM_SMI,GPU_1,1474.1,142.0,100.0
1781844784.09,ROCM_SMI,GPU_2,1474.1,149.0,100.0
1781844784.09,ROCM_SMI,GPU_3,1474.1,145.0,100.0
1781844784.09,ROCM_SMI,GPU_4,1474.1,139.0,100.0
1781844784.09,ROCM_SMI,GPU_5,1474.1,143.0,100.0
1781844784.09,ROCM_SMI,GPU_6,1474.1,138.0,100.0
1781844784.09,ROCM_SMI,GPU_7,1474.1,138.0,100.0
1781844786.28,ROCM_SMI,GPU_0,1474.1,150.0,100.0
1781844786.28,ROCM_SMI,GPU_1,1474.1,143.0,100.0
1781844786.28,ROCM_SMI,GPU_2,1474.1,147.0,100.0
1781844786.28,ROCM_SMI,GPU_3,1474.1,144.0,100.0
1781844786.28,ROCM_SMI,GPU_4,1474.1,139.0,100.0
1781844786.28,ROCM_SMI,GPU_5,1474.1,142.0,100.0
1781844786.28,ROCM_SMI,GPU_6,1474.1,139.0,100.0
1781844786.28,ROCM_SMI,GPU_7,1474.1,140.0,100.0
1781844788.47,ROCM_SMI,GPU_0,1474.1,147.0,90.0
1781844788.47,ROCM_SMI,GPU_1,1474.1,137.0,100.0
1781844788.47,ROCM_SMI,GPU_2,1474.1,146.0,100.0
1781844788.47,ROCM_SMI,GPU_3,1474.1,145.0,100.0
1781844788.47,ROCM_SMI,GPU_4,1474.1,139.0,100.0
1781844788.47,ROCM_SMI,GPU_5,1474.1,145.0,100.0
1781844788.47,ROCM_SMI,GPU_6,1474.1,139.0,100.0
1781844788.47,ROCM_SMI,GPU_7,1474.1,141.0,100.0
1781844790.67,ROCM_SMI,GPU_0,1474.1,149.0,100.0
1781844790.67,ROCM_SMI,GPU_1,1474.1,140.0,100.0
1781844790.67,ROCM_SMI,GPU_2,1474.1,144.0,83.0
1781844790.67,ROCM_SMI,GPU_3,1474.1,143.0,100.0
1781844790.67,ROCM_SMI,GPU_4,1474.1,140.0,100.0
1781844790.67,ROCM_SMI,GPU_5,1474.1,143.0,100.0
1781844790.67,ROCM_SMI,GPU_6,1474.1,138.0,100.0
1781844790.67,ROCM_SMI,GPU_7,1474.1,138.0,100.0
1781844792.86,ROCM_SMI,GPU_0,1474.1,151.0,100.0
1781844792.86,ROCM_SMI,GPU_1,1474.1,141.0,100.0
1781844792.86,ROCM_SMI,GPU_2,1474.1,144.0,100.0
1781844792.86,ROCM_SMI,GPU_3,1474.1,145.0,100.0
1781844792.86,ROCM_SMI,GPU_4,1474.1,142.0,94.0
1781844792.86,ROCM_SMI,GPU_5,1474.1,141.0,100.0
1781844792.86,ROCM_SMI,GPU_6,1474.1,142.0,100.0
1781844792.86,ROCM_SMI,GPU_7,1474.1,139.0,100.0
1781844795.05,ROCM_SMI,GPU_0,1474.1,151.0,100.0
1781844795.05,ROCM_SMI,GPU_1,1474.1,140.0,100.0
1781844795.05,ROCM_SMI,GPU_2,1474.1,141.0,100.0
1781844795.05,ROCM_SMI,GPU_3,1474.1,145.0,100.0
1781844795.05,ROCM_SMI,GPU_4,1474.1,144.0,100.0
1781844795.05,ROCM_SMI,GPU_5,1474.1,140.0,87.0
1781844795.05,ROCM_SMI,GPU_6,1474.1,143.0,100.0
1781844795.05,ROCM_SMI,GPU_7,1474.1,139.0,100.0
1781844797.24,ROCM_SMI,GPU_0,1474.1,148.0,100.0
1781844797.24,ROCM_SMI,GPU_1,1474.1,140.0,100.0
1781844797.24,ROCM_SMI,GPU_2,1474.1,143.0,100.0
1781844797.24,ROCM_SMI,GPU_3,1474.1,146.0,100.0
1781844797.24,ROCM_SMI,GPU_4,1474.1,145.0,100.0
1781844797.24,ROCM_SMI,GPU_5,1474.1,137.0,100.0
1781844797.24,ROCM_SMI,GPU_6,1474.1,144.0,100.0
1781844797.24,ROCM_SMI,GPU_7,1474.1,137.0,100.0
1781844799.44,ROCM_SMI,GPU_0,1474.1,145.0,100.0
1781844799.44,ROCM_SMI,GPU_1,1474.1,141.0,100.0
1781844799.44,ROCM_SMI,GPU_2,1474.1,143.0,100.0
1781844799.44,ROCM_SMI,GPU_3,1474.1,146.0,100.0
1781844799.44,ROCM_SMI,GPU_4,1474.1,145.0,100.0
1781844799.44,ROCM_SMI,GPU_5,1474.1,138.0,100.0
1781844799.44,ROCM_SMI,GPU_6,1474.1,144.0,100.0
1781844799.44,ROCM_SMI,GPU_7,1474.1,137.0,100.0
1781844801.63,ROCM_SMI,GPU_0,1474.1,131.0,83.0
1781844801.63,ROCM_SMI,GPU_1,1474.1,142.0,100.0
1781844801.63,ROCM_SMI,GPU_2,1474.1,154.0,100.0
1781844801.63,ROCM_SMI,GPU_3,1474.1,158.0,100.0
1781844801.63,ROCM_SMI,GPU_4,1474.1,165.0,100.0
1781844801.63,ROCM_SMI,GPU_5,1474.1,134.0,100.0
1781844801.63,ROCM_SMI,GPU_6,1474.1,139.0,100.0
1781844801.63,ROCM_SMI,GPU_7,1474.1,135.0,100.0
1781844803.83,ROCM_SMI,GPU_0,1474.1,146.0,100.0
1781844803.83,ROCM_SMI,GPU_1,1474.1,141.0,100.0
1781844803.83,ROCM_SMI,GPU_2,1474.1,148.0,100.0
1781844803.83,ROCM_SMI,GPU_3,1474.1,146.0,100.0
1781844803.83,ROCM_SMI,GPU_4,1474.1,141.0,100.0
1781844803.83,ROCM_SMI,GPU_5,1474.1,141.0,100.0
1781844803.83,ROCM_SMI,GPU_6,1474.1,141.0,100.0
1781844803.83,ROCM_SMI,GPU_7,1474.1,139.0,100.0
1781844806.02,ROCM_SMI,GPU_0,1474.1,148.0,100.0
1781844806.02,ROCM_SMI,GPU_1,1474.1,141.0,100.0
1781844806.02,ROCM_SMI,GPU_2,1474.1,144.0,84.0
1781844806.02,ROCM_SMI,GPU_3,1474.1,145.0,100.0
1781844806.02,ROCM_SMI,GPU_4,1474.1,139.0,100.0
1781844806.02,ROCM_SMI,GPU_5,1474.1,143.0,100.0
1781844806.02,ROCM_SMI,GPU_6,1474.1,139.0,100.0
1781844806.02,ROCM_SMI,GPU_7,1474.1,141.0,100.0
1781844808.22,ROCM_SMI,GPU_0,1474.1,150.0,100.0
1781844808.22,ROCM_SMI,GPU_1,1474.1,139.0,100.0
1781844808.22,ROCM_SMI,GPU_2,1474.1,145.0,100.0
1781844808.22,ROCM_SMI,GPU_3,1474.1,143.0,100.0
1781844808.22,ROCM_SMI,GPU_4,1474.1,139.0,97.0
1781844808.22,ROCM_SMI,GPU_5,1474.1,143.0,100.0
1781844808.22,ROCM_SMI,GPU_6,1474.1,140.0,100.0
1781844808.22,ROCM_SMI,GPU_7,1474.1,139.0,100.0
1781844810.41,ROCM_SMI,GPU_0,1474.1,148.0,100.0
1781844810.41,ROCM_SMI,GPU_1,1474.1,141.0,100.0
1781844810.41,ROCM_SMI,GPU_2,1474.1,149.0,100.0
1781844810.41,ROCM_SMI,GPU_3,1474.1,147.0,100.0
1781844810.41,ROCM_SMI,GPU_4,1474.1,140.0,95.0
1781844810.41,ROCM_SMI,GPU_5,1474.1,141.0,100.0
1781844810.41,ROCM_SMI,GPU_6,1474.1,139.0,100.0
1781844810.41,ROCM_SMI,GPU_7,1474.1,140.0,100.0
1781844812.60,ROCM_SMI,GPU_0,1474.1,148.0,100.0
1781844812.60,ROCM_SMI,GPU_1,1474.1,141.0,100.0
1781844812.60,ROCM_SMI,GPU_2,1474.1,148.0,100.0
1781844812.60,ROCM_SMI,GPU_3,1474.1,146.0,100.0
1781844812.60,ROCM_SMI,GPU_4,1474.1,139.0,100.0
1781844812.60,ROCM_SMI,GPU_5,1474.1,142.0,100.0
1781844812.60,ROCM_SMI,GPU_6,1474.1,139.0,85.0
1781844812.60,ROCM_SMI,GPU_7,1474.1,139.0,100.0
1781844814.81,ROCM_SMI,GPU_0,1474.1,146.0,100.0
1781844814.81,ROCM_SMI,GPU_1,1474.1,141.0,100.0
1781844814.81,ROCM_SMI,GPU_2,1474.1,145.0,100.0
1781844814.81,ROCM_SMI,GPU_3,1474.1,144.0,82.0
1781844814.81,ROCM_SMI,GPU_4,1474.1,144.0,100.0
1781844814.81,ROCM_SMI,GPU_5,1474.1,138.0,100.0
1781844814.81,ROCM_SMI,GPU_6,1474.1,147.0,100.0
1781844814.81,ROCM_SMI,GPU_7,1474.1,140.0,100.0
1781844817.00,ROCM_SMI,GPU_0,1474.1,144.0,100.0
1781844817.00,ROCM_SMI,GPU_1,1474.1,141.0,100.0
1781844817.00,ROCM_SMI,GPU_2,1474.1,143.0,100.0
1781844817.00,ROCM_SMI,GPU_3,1474.1,146.0,100.0
1781844817.00,ROCM_SMI,GPU_4,1474.1,142.0,84.0
1781844817.00,ROCM_SMI,GPU_5,1474.1,135.0,100.0
1781844817.00,ROCM_SMI,GPU_6,1474.1,144.0,100.0
1781844817.00,ROCM_SMI,GPU_7,1474.1,141.0,100.0
1781844819.19,ROCM_SMI,GPU_0,1474.1,147.0,100.0
1781844819.19,ROCM_SMI,GPU_1,1474.1,141.0,100.0
1781844819.19,ROCM_SMI,GPU_2,1474.1,148.0,100.0
1781844819.19,ROCM_SMI,GPU_3,1474.1,146.0,100.0
1781844819.19,ROCM_SMI,GPU_4,1474.1,141.0,100.0
1781844819.19,ROCM_SMI,GPU_5,1474.1,142.0,100.0
1781844819.19,ROCM_SMI,GPU_6,1474.1,139.0,88.0
1781844819.19,ROCM_SMI,GPU_7,1474.1,139.0,100.0
1781844821.39,ROCM_SMI,GPU_0,1474.1,145.0,100.0
1781844821.39,ROCM_SMI,GPU_1,1474.1,143.0,100.0
1781844821.39,ROCM_SMI,GPU_2,1474.1,146.0,100.0
1781844821.39,ROCM_SMI,GPU_3,1474.1,147.0,100.0
1781844821.39,ROCM_SMI,GPU_4,1474.1,142.0,100.0
1781844821.39,ROCM_SMI,GPU_5,1474.1,140.0,100.0
1781844821.39,ROCM_SMI,GPU_6,1474.1,142.0,100.0
1781844821.39,ROCM_SMI,GPU_7,1474.1,139.0,94.0
1781844823.58,ROCM_SMI,GPU_0,1474.1,149.0,100.0
1781844823.58,ROCM_SMI,GPU_1,1474.1,140.0,100.0
1781844823.58,ROCM_SMI,GPU_2,1474.1,147.0,100.0
1781844823.58,ROCM_SMI,GPU_3,1474.1,146.0,100.0
1781844823.58,ROCM_SMI,GPU_4,1474.1,140.0,100.0
1781844823.58,ROCM_SMI,GPU_5,1474.1,142.0,100.0
1781844823.58,ROCM_SMI,GPU_6,1474.1,139.0,100.0
1781844823.58,ROCM_SMI,GPU_7,1474.1,138.0,100.0
1781844825.77,ROCM_SMI,GPU_0,1474.1,147.0,88.0
1781844825.77,ROCM_SMI,GPU_1,1474.1,138.0,95.0
1781844825.77,ROCM_SMI,GPU_2,1474.1,147.0,100.0
1781844825.77,ROCM_SMI,GPU_3,1474.1,147.0,100.0
1781844825.77,ROCM_SMI,GPU_4,1474.1,140.0,100.0
1781844825.77,ROCM_SMI,GPU_5,1474.1,143.0,100.0
1781844825.77,ROCM_SMI,GPU_6,1474.1,140.0,100.0
1781844825.77,ROCM_SMI,GPU_7,1474.1,139.0,100.0
1781844827.96,ROCM_SMI,GPU_0,1474.1,146.0,100.0
1781844827.96,ROCM_SMI,GPU_1,1474.1,142.0,100.0
1781844827.96,ROCM_SMI,GPU_2,1474.1,146.0,84.0
1781844827.96,ROCM_SMI,GPU_3,1474.1,145.0,100.0
1781844827.96,ROCM_SMI,GPU_4,1474.1,140.0,100.0
1781844827.96,ROCM_SMI,GPU_5,1474.1,140.0,100.0
1781844827.96,ROCM_SMI,GPU_6,1474.1,140.0,100.0
1781844827.96,ROCM_SMI,GPU_7,1474.1,139.0,100.0
1781844830.16,ROCM_SMI,GPU_0,1474.1,143.0,100.0
1781844830.16,ROCM_SMI,GPU_1,1474.1,142.0,100.0
1781844830.16,ROCM_SMI,GPU_2,1474.1,145.0,100.0
1781844830.16,ROCM_SMI,GPU_3,1474.1,146.0,86.0
1781844830.16,ROCM_SMI,GPU_4,1474.1,141.0,100.0
1781844830.16,ROCM_SMI,GPU_5,1474.1,140.0,100.0
1781844830.16,ROCM_SMI,GPU_6,1474.1,143.0,100.0
1781844830.16,ROCM_SMI,GPU_7,1474.1,140.0,100.0
1781844832.35,ROCM_SMI,GPU_0,1474.1,146.0,100.0
1781844832.35,ROCM_SMI,GPU_1,1474.1,142.0,100.0
1781844832.35,ROCM_SMI,GPU_2,1474.1,144.0,100.0
1781844832.35,ROCM_SMI,GPU_3,1474.1,148.0,100.0
1781844832.35,ROCM_SMI,GPU_4,1474.1,143.0,81.0
1781844832.35,ROCM_SMI,GPU_5,1474.1,135.0,100.0
1781844832.35,ROCM_SMI,GPU_6,1474.1,144.0,100.0
1781844832.35,ROCM_SMI,GPU_7,1474.1,137.0,100.0
1781844834.54,ROCM_SMI,GPU_0,1474.1,147.0,100.0
1781844834.54,ROCM_SMI,GPU_1,1474.1,142.0,100.0
1781844834.54,ROCM_SMI,GPU_2,1474.1,143.0,100.0
1781844834.54,ROCM_SMI,GPU_3,1474.1,148.0,100.0
1781844834.54,ROCM_SMI,GPU_4,1474.1,146.0,100.0
1781844834.54,ROCM_SMI,GPU_5,1474.1,138.0,79.0
1781844834.54,ROCM_SMI,GPU_6,1474.1,144.0,100.0
1781844834.54,ROCM_SMI,GPU_7,1474.1,138.0,100.0
1781844836.73,ROCM_SMI,GPU_0,1474.1,147.0,100.0
1781844836.73,ROCM_SMI,GPU_1,1474.1,142.0,100.0
1781844836.73,ROCM_SMI,GPU_2,1474.1,143.0,100.0
1781844836.73,ROCM_SMI,GPU_3,1474.1,148.0,100.0
1781844836.73,ROCM_SMI,GPU_4,1474.1,145.0,100.0
1781844836.73,ROCM_SMI,GPU_5,1474.1,139.0,100.0
1781844836.73,ROCM_SMI,GPU_6,1474.1,143.0,100.0
1781844836.73,ROCM_SMI,GPU_7,1474.1,138.0,88.0
1781844838.92,ROCM_SMI,GPU_0,1474.1,149.0,100.0
1781844838.92,ROCM_SMI,GPU_1,1474.1,141.0,100.0
1781844838.92,ROCM_SMI,GPU_2,1474.1,142.0,100.0
1781844838.92,ROCM_SMI,GPU_3,1474.1,148.0,100.0
1781844838.92,ROCM_SMI,GPU_4,1474.1,144.0,100.0
1781844838.92,ROCM_SMI,GPU_5,1474.1,138.0,100.0
1781844838.92,ROCM_SMI,GPU_6,1474.1,144.0,100.0
1781844838.92,ROCM_SMI,GPU_7,1474.1,138.0,100.0
1781844841.12,ROCM_SMI,GPU_0,1474.1,151.0,100.0
1781844841.12,ROCM_SMI,GPU_1,1474.1,140.0,100.0
1781844841.12,ROCM_SMI,GPU_2,1474.1,143.0,100.0
1781844841.12,ROCM_SMI,GPU_3,1474.1,147.0,100.0
1781844841.12,ROCM_SMI,GPU_4,1474.1,142.0,100.0
1781844841.12,ROCM_SMI,GPU_5,1474.1,141.0,100.0
1781844841.12,ROCM_SMI,GPU_6,1474.1,143.0,100.0
1781844841.12,ROCM_SMI,GPU_7,1474.1,138.0,100.0
1781844843.31,ROCM_SMI,GPU_0,1474.1,146.0,100.0
1781844843.31,ROCM_SMI,GPU_1,1474.1,148.0,100.0
1781844843.31,ROCM_SMI,GPU_2,1474.1,150.0,100.0
1781844843.31,ROCM_SMI,GPU_3,1474.1,152.0,100.0
1781844843.31,ROCM_SMI,GPU_4,1474.1,149.0,100.0
1781844843.31,ROCM_SMI,GPU_5,1474.1,141.0,100.0
1781844843.31,ROCM_SMI,GPU_6,1474.1,139.0,100.0
1781844843.31,ROCM_SMI,GPU_7,1474.1,136.0,100.0
1781844845.51,ROCM_SMI,GPU_0,1474.1,146.0,100.0
1781844845.51,ROCM_SMI,GPU_1,1474.1,141.0,100.0
1781844845.51,ROCM_SMI,GPU_2,1474.1,146.0,100.0
1781844845.51,ROCM_SMI,GPU_3,1474.1,149.0,100.0
1781844845.51,ROCM_SMI,GPU_4,1474.1,144.0,100.0
1781844845.51,ROCM_SMI,GPU_5,1474.1,139.0,100.0
1781844845.51,ROCM_SMI,GPU_6,1474.1,143.0,100.0
1781844845.51,ROCM_SMI,GPU_7,1474.1,137.0,100.0
1781844847.70,ROCM_SMI,GPU_0,1474.1,146.0,100.0
1781844847.70,ROCM_SMI,GPU_1,1474.1,142.0,100.0
1781844847.70,ROCM_SMI,GPU_2,1474.1,146.0,100.0
1781844847.70,ROCM_SMI,GPU_3,1474.1,147.0,100.0
1781844847.70,ROCM_SMI,GPU_4,1474.1,144.0,100.0
1781844847.70,ROCM_SMI,GPU_5,1474.1,139.0,100.0
1781844847.70,ROCM_SMI,GPU_6,1474.1,142.0,100.0
1781844847.70,ROCM_SMI,GPU_7,1474.1,139.0,100.0
1781844849.90,ROCM_SMI,GPU_0,1474.1,144.0,84.0
1781844849.90,ROCM_SMI,GPU_1,1474.1,142.0,100.0
1781844849.90,ROCM_SMI,GPU_2,1474.1,145.0,100.0
1781844849.90,ROCM_SMI,GPU_3,1474.1,147.0,100.0
1781844849.90,ROCM_SMI,GPU_4,1474.1,144.0,100.0
1781844849.90,ROCM_SMI,GPU_5,1474.1,139.0,100.0
1781844849.90,ROCM_SMI,GPU_6,1474.1,143.0,100.0
1781844849.90,ROCM_SMI,GPU_7,1474.1,138.0,100.0
1781844852.09,ROCM_SMI,GPU_0,1474.1,144.0,100.0
1781844852.09,ROCM_SMI,GPU_1,1474.1,140.0,81.0
1781844852.09,ROCM_SMI,GPU_2,1474.1,142.0,100.0
1781844852.09,ROCM_SMI,GPU_3,1474.1,147.0,100.0
1781844852.09,ROCM_SMI,GPU_4,1474.1,144.0,100.0
1781844852.09,ROCM_SMI,GPU_5,1474.1,137.0,100.0
1781844852.09,ROCM_SMI,GPU_6,1474.1,144.0,100.0
1781844852.09,ROCM_SMI,GPU_7,1474.1,138.0,100.0
1781844854.30,ROCM_SMI,GPU_0,1474.1,146.0,100.0
1781844854.30,ROCM_SMI,GPU_1,1474.1,141.0,100.0
1781844854.30,ROCM_SMI,GPU_2,1474.1,143.0,100.0
1781844854.30,ROCM_SMI,GPU_3,1474.1,147.0,100.0
1781844854.30,ROCM_SMI,GPU_4,1474.1,144.0,100.0
1781844854.30,ROCM_SMI,GPU_5,1474.1,138.0,100.0
1781844854.30,ROCM_SMI,GPU_6,1474.1,144.0,100.0
1781844854.30,ROCM_SMI,GPU_7,1474.1,138.0,100.0
1781844856.49,ROCM_SMI,GPU_0,1474.1,147.0,100.0
1781844856.49,ROCM_SMI,GPU_1,1474.1,141.0,100.0
1781844856.49,ROCM_SMI,GPU_2,1474.1,141.0,100.0
1781844856.49,ROCM_SMI,GPU_3,1474.1,147.0,100.0
1781844856.49,ROCM_SMI,GPU_4,1474.1,145.0,100.0
1781844856.49,ROCM_SMI,GPU_5,1474.1,139.0,100.0
1781844856.49,ROCM_SMI,GPU_6,1474.1,145.0,100.0
1781844856.49,ROCM_SMI,GPU_7,1474.1,137.0,100.0
1781844858.69,ROCM_SMI,GPU_0,1474.1,146.0,84.0
1781844858.69,ROCM_SMI,GPU_1,1474.1,139.0,100.0
1781844858.69,ROCM_SMI,GPU_2,1474.1,143.0,100.0
1781844858.69,ROCM_SMI,GPU_3,1474.1,150.0,100.0
1781844858.69,ROCM_SMI,GPU_4,1474.1,144.0,100.0
1781844858.69,ROCM_SMI,GPU_5,1474.1,139.0,100.0
1781844858.69,ROCM_SMI,GPU_6,1474.1,143.0,100.0
1781844858.69,ROCM_SMI,GPU_7,1474.1,137.0,100.0
1781844860.88,ROCM_SMI,GPU_0,1474.1,146.0,100.0
1781844860.88,ROCM_SMI,GPU_1,1474.1,140.0,100.0
1781844860.88,ROCM_SMI,GPU_2,1474.1,141.0,84.0
1781844860.88,ROCM_SMI,GPU_3,1474.1,145.0,100.0
1781844860.88,ROCM_SMI,GPU_4,1474.1,146.0,97.0
1781844860.88,ROCM_SMI,GPU_5,1474.1,137.0,100.0
1781844860.88,ROCM_SMI,GPU_6,1474.1,145.0,100.0
1781844860.88,ROCM_SMI,GPU_7,1474.1,138.0,100.0
1781844863.07,ROCM_SMI,GPU_0,1474.1,147.0,100.0
1781844863.07,ROCM_SMI,GPU_1,1474.1,141.0,100.0
1781844863.07,ROCM_SMI,GPU_2,1474.1,141.0,100.0
1781844863.07,ROCM_SMI,GPU_3,1474.1,145.0,100.0
1781844863.07,ROCM_SMI,GPU_4,1474.1,144.0,100.0
1781844863.07,ROCM_SMI,GPU_5,1474.1,137.0,100.0
1781844863.07,ROCM_SMI,GPU_6,1474.1,145.0,100.0
1781844863.07,ROCM_SMI,GPU_7,1474.1,136.0,100.0
1781844865.26,ROCM_SMI,GPU_0,1474.1,148.0,100.0
1781844865.26,ROCM_SMI,GPU_1,1474.1,142.0,100.0
1781844865.26,ROCM_SMI,GPU_2,1474.1,143.0,100.0
1781844865.26,ROCM_SMI,GPU_3,1474.1,147.0,100.0
1781844865.26,ROCM_SMI,GPU_4,1474.1,146.0,100.0
1781844865.26,ROCM_SMI,GPU_5,1474.1,138.0,87.0
1781844865.26,ROCM_SMI,GPU_6,1474.1,144.0,90.0
1781844865.26,ROCM_SMI,GPU_7,1474.1,139.0,100.0
1781844867.45,ROCM_SMI,GPU_0,1474.1,150.0,100.0
1781844867.45,ROCM_SMI,GPU_1,1474.1,141.0,100.0
1781844867.45,ROCM_SMI,GPU_2,1474.1,141.0,100.0
1781844867.45,ROCM_SMI,GPU_3,1474.1,147.0,100.0
1781844867.45,ROCM_SMI,GPU_4,1474.1,145.0,100.0
1781844867.45,ROCM_SMI,GPU_5,1474.1,139.0,100.0
1781844867.45,ROCM_SMI,GPU_6,1474.1,144.0,100.0
1781844867.45,ROCM_SMI,GPU_7,1474.1,138.0,80.0
1781844869.65,ROCM_SMI,GPU_0,1474.1,154.0,100.0
1781844869.65,ROCM_SMI,GPU_1,1474.1,140.0,100.0
1781844869.65,ROCM_SMI,GPU_2,1474.1,144.0,100.0
1781844869.65,ROCM_SMI,GPU_3,1474.1,144.0,100.0
1781844869.65,ROCM_SMI,GPU_4,1474.1,142.0,100.0
1781844869.65,ROCM_SMI,GPU_5,1474.1,139.0,100.0
1781844869.65,ROCM_SMI,GPU_6,1474.1,142.0,100.0
1781844869.65,ROCM_SMI,GPU_7,1474.1,137.0,100.0
1781844871.84,ROCM_SMI,GPU_0,1474.1,149.0,100.0
1781844871.84,ROCM_SMI,GPU_1,1474.1,142.0,100.0
1781844871.84,ROCM_SMI,GPU_2,1474.1,141.0,100.0
1781844871.84,ROCM_SMI,GPU_3,1474.1,150.0,100.0
1781844871.84,ROCM_SMI,GPU_4,1474.1,145.0,100.0
1781844871.84,ROCM_SMI,GPU_5,1474.1,138.0,100.0
1781844871.84,ROCM_SMI,GPU_6,1474.1,143.0,100.0
1781844871.84,ROCM_SMI,GPU_7,1474.1,137.0,100.0
1781844874.03,ROCM_SMI,GPU_0,1474.1,144.0,86.0
1781844874.03,ROCM_SMI,GPU_1,1474.1,140.0,100.0
1781844874.03,ROCM_SMI,GPU_2,1474.1,146.0,100.0
1781844874.03,ROCM_SMI,GPU_3,1474.1,148.0,100.0
1781844874.03,ROCM_SMI,GPU_4,1474.1,144.0,100.0
1781844874.03,ROCM_SMI,GPU_5,1474.1,138.0,100.0
1781844874.03,ROCM_SMI,GPU_6,1474.1,142.0,100.0
1781844874.03,ROCM_SMI,GPU_7,1474.1,139.0,100.0
1781844876.24,ROCM_SMI,GPU_0,1474.1,145.0,100.0
1781844876.24,ROCM_SMI,GPU_1,1474.1,142.0,100.0
1781844876.24,ROCM_SMI,GPU_2,1474.1,146.0,100.0
1781844876.24,ROCM_SMI,GPU_3,1474.1,146.0,100.0
1781844876.24,ROCM_SMI,GPU_4,1474.1,143.0,100.0
1781844876.24,ROCM_SMI,GPU_5,1474.1,140.0,100.0
1781844876.24,ROCM_SMI,GPU_6,1474.1,141.0,100.0
1781844876.24,ROCM_SMI,GPU_7,1474.1,138.0,100.0
1781844878.44,ROCM_SMI,GPU_0,1474.1,144.0,100.0
1781844878.44,ROCM_SMI,GPU_1,1474.1,143.0,100.0
1781844878.44,ROCM_SMI,GPU_2,1474.1,146.0,100.0
1781844878.44,ROCM_SMI,GPU_3,1474.1,148.0,100.0
1781844878.44,ROCM_SMI,GPU_4,1474.1,143.0,100.0
1781844878.44,ROCM_SMI,GPU_5,1474.1,139.0,100.0
1781844878.44,ROCM_SMI,GPU_6,1474.1,141.0,100.0
1781844878.44,ROCM_SMI,GPU_7,1474.1,139.0,100.0
1781844880.63,ROCM_SMI,GPU_0,1474.1,145.0,88.0
1781844880.63,ROCM_SMI,GPU_1,1474.1,140.0,100.0
1781844880.63,ROCM_SMI,GPU_2,1474.1,146.0,100.0
1781844880.63,ROCM_SMI,GPU_3,1474.1,148.0,100.0
1781844880.63,ROCM_SMI,GPU_4,1474.1,143.0,100.0
1781844880.63,ROCM_SMI,GPU_5,1474.1,140.0,100.0
1781844880.63,ROCM_SMI,GPU_6,1474.1,141.0,100.0
1781844880.63,ROCM_SMI,GPU_7,1474.1,138.0,100.0
1781844882.82,ROCM_SMI,GPU_0,1474.1,146.0,100.0
1781844882.82,ROCM_SMI,GPU_1,1474.1,142.0,100.0
1781844882.82,ROCM_SMI,GPU_2,1474.1,146.0,93.0
1781844882.82,ROCM_SMI,GPU_3,1474.1,144.0,100.0
1781844882.82,ROCM_SMI,GPU_4,1474.1,140.0,100.0
1781844882.82,ROCM_SMI,GPU_5,1474.1,140.0,100.0
1781844882.82,ROCM_SMI,GPU_6,1474.1,141.0,100.0
1781844882.82,ROCM_SMI,GPU_7,1474.1,139.0,100.0
1781844885.01,ROCM_SMI,GPU_0,1474.1,146.0,100.0
1781844885.01,ROCM_SMI,GPU_1,1474.1,140.0,100.0
1781844885.01,ROCM_SMI,GPU_2,1474.1,145.0,100.0
1781844885.01,ROCM_SMI,GPU_3,1474.1,146.0,96.0
1781844885.01,ROCM_SMI,GPU_4,1474.1,141.0,100.0
1781844885.01,ROCM_SMI,GPU_5,1474.1,136.0,100.0
1781844885.01,ROCM_SMI,GPU_6,1474.1,147.0,100.0
1781844885.01,ROCM_SMI,GPU_7,1474.1,139.0,100.0
1781844887.21,ROCM_SMI,GPU_0,1474.1,146.0,100.0
1781844887.21,ROCM_SMI,GPU_1,1474.1,142.0,100.0
1781844887.21,ROCM_SMI,GPU_2,1474.1,148.0,100.0
1781844887.21,ROCM_SMI,GPU_3,1474.1,146.0,100.0
1781844887.21,ROCM_SMI,GPU_4,1474.1,142.0,100.0
1781844887.21,ROCM_SMI,GPU_5,1474.1,140.0,81.0
1781844887.21,ROCM_SMI,GPU_6,1474.1,142.0,100.0
1781844887.21,ROCM_SMI,GPU_7,1474.1,140.0,100.0
1781844889.40,ROCM_SMI,GPU_0,1474.1,149.0,100.0
1781844889.40,ROCM_SMI,GPU_1,1474.1,141.0,100.0
1781844889.40,ROCM_SMI,GPU_2,1474.1,148.0,100.0
1781844889.40,ROCM_SMI,GPU_3,1474.1,145.0,100.0
1781844889.40,ROCM_SMI,GPU_4,1474.1,140.0,100.0
1781844889.40,ROCM_SMI,GPU_5,1474.1,143.0,100.0
1781844889.40,ROCM_SMI,GPU_6,1474.1,139.0,100.0
1781844889.40,ROCM_SMI,GPU_7,1474.1,139.0,88.0
1781844891.59,ROCM_SMI,GPU_0,1474.1,150.0,100.0
1781844891.59,ROCM_SMI,GPU_1,1474.1,139.0,100.0
1781844891.59,ROCM_SMI,GPU_2,1474.1,146.0,100.0
1781844891.59,ROCM_SMI,GPU_3,1474.1,146.0,100.0
1781844891.59,ROCM_SMI,GPU_4,1474.1,140.0,100.0
1781844891.59,ROCM_SMI,GPU_5,1474.1,143.0,100.0
1781844891.59,ROCM_SMI,GPU_6,1474.1,139.0,100.0
1781844891.59,ROCM_SMI,GPU_7,1474.1,140.0,100.0
1781844893.78,ROCM_SMI,GPU_0,1474.1,149.0,86.0
1781844893.78,ROCM_SMI,GPU_1,1474.1,139.0,100.0
1781844893.78,ROCM_SMI,GPU_2,1474.1,144.0,100.0
1781844893.78,ROCM_SMI,GPU_3,1474.1,145.0,100.0
1781844893.78,ROCM_SMI,GPU_4,1474.1,142.0,100.0
1781844893.78,ROCM_SMI,GPU_5,1474.1,141.0,100.0
1781844893.78,ROCM_SMI,GPU_6,1474.1,142.0,100.0
1781844893.78,ROCM_SMI,GPU_7,1474.1,138.0,100.0
1781844895.98,ROCM_SMI,GPU_0,1474.1,149.0,100.0
1781844895.98,ROCM_SMI,GPU_1,1474.1,140.0,82.0
1781844895.98,ROCM_SMI,GPU_2,1474.1,142.0,100.0
1781844895.98,ROCM_SMI,GPU_3,1474.1,146.0,100.0
1781844895.98,ROCM_SMI,GPU_4,1474.1,143.0,100.0
1781844895.98,ROCM_SMI,GPU_5,1474.1,141.0,100.0
1781844895.98,ROCM_SMI,GPU_6,1474.1,142.0,100.0
1781844895.98,ROCM_SMI,GPU_7,1474.1,139.0,100.0
1781844898.17,ROCM_SMI,GPU_0,1474.1,150.0,100.0
1781844898.17,ROCM_SMI,GPU_1,1474.1,139.0,100.0
1781844898.17,ROCM_SMI,GPU_2,1474.1,143.0,100.0
1781844898.17,ROCM_SMI,GPU_3,1474.1,147.0,82.0
1781844898.17,ROCM_SMI,GPU_4,1474.1,142.0,100.0
1781844898.17,ROCM_SMI,GPU_5,1474.1,140.0,100.0
1781844898.17,ROCM_SMI,GPU_6,1474.1,143.0,100.0
1781844898.17,ROCM_SMI,GPU_7,1474.1,138.0,100.0
1781844900.37,ROCM_SMI,GPU_0,1474.1,161.0,100.0
1781844900.37,ROCM_SMI,GPU_1,1474.1,138.0,100.0
1781844900.37,ROCM_SMI,GPU_2,1474.1,143.0,100.0
1781844900.37,ROCM_SMI,GPU_3,1474.1,142.0,100.0
1781844900.37,ROCM_SMI,GPU_4,1474.1,136.0,88.0
1781844900.37,ROCM_SMI,GPU_5,1474.1,133.0,100.0
1781844900.37,ROCM_SMI,GPU_6,1474.1,148.0,100.0
1781844900.37,ROCM_SMI,GPU_7,1474.1,141.0,100.0
1781844902.56,ROCM_SMI,GPU_0,1474.1,146.0,100.0
1781844902.56,ROCM_SMI,GPU_1,1474.1,142.0,100.0
1781844902.56,ROCM_SMI,GPU_2,1474.1,143.0,100.0
1781844902.56,ROCM_SMI,GPU_3,1474.1,147.0,100.0
1781844902.56,ROCM_SMI,GPU_4,1474.1,146.0,100.0
1781844902.56,ROCM_SMI,GPU_5,1474.1,138.0,89.0
1781844902.56,ROCM_SMI,GPU_6,1474.1,145.0,87.0
1781844902.56,ROCM_SMI,GPU_7,1474.1,138.0,100.0
1781844904.75,ROCM_SMI,GPU_0,1474.1,146.0,100.0
1781844904.75,ROCM_SMI,GPU_1,1474.1,141.0,100.0
1781844904.75,ROCM_SMI,GPU_2,1474.1,147.0,100.0
1781844904.75,ROCM_SMI,GPU_3,1474.1,147.0,100.0
1781844904.75,ROCM_SMI,GPU_4,1474.1,142.0,100.0
1781844904.75,ROCM_SMI,GPU_5,1474.1,141.0,100.0
1781844904.75,ROCM_SMI,GPU_6,1474.1,140.0,100.0
1781844904.75,ROCM_SMI,GPU_7,1474.1,139.0,100.0
1781844906.94,ROCM_SMI,GPU_0,1474.1,147.0,100.0
1781844906.94,ROCM_SMI,GPU_1,1474.1,140.0,100.0
1781844906.94,ROCM_SMI,GPU_2,1474.1,148.0,100.0
1781844906.94,ROCM_SMI,GPU_3,1474.1,147.0,100.0
1781844906.94,ROCM_SMI,GPU_4,1474.1,140.0,100.0
1781844906.94,ROCM_SMI,GPU_5,1474.1,143.0,100.0
1781844906.94,ROCM_SMI,GPU_6,1474.1,140.0,100.0
1781844906.94,ROCM_SMI,GPU_7,1474.1,139.0,100.0
1781844909.14,ROCM_SMI,GPU_0,1474.1,145.0,100.0
1781844909.14,ROCM_SMI,GPU_1,1474.1,139.0,100.0
1781844909.14,ROCM_SMI,GPU_2,1474.1,147.0,100.0
1781844909.14,ROCM_SMI,GPU_3,1474.1,146.0,100.0
1781844909.14,ROCM_SMI,GPU_4,1474.1,140.0,100.0
1781844909.14,ROCM_SMI,GPU_5,1474.1,142.0,100.0
1781844909.14,ROCM_SMI,GPU_6,1474.1,139.0,100.0
1781844909.14,ROCM_SMI,GPU_7,1474.1,140.0,100.0
1781844911.33,ROCM_SMI,GPU_0,1474.1,146.0,100.0
1781844911.33,ROCM_SMI,GPU_1,1474.1,141.0,88.0
1781844911.33,ROCM_SMI,GPU_2,1474.1,147.0,100.0
1781844911.33,ROCM_SMI,GPU_3,1474.1,148.0,100.0
1781844911.33,ROCM_SMI,GPU_4,1474.1,141.0,100.0
1781844911.33,ROCM_SMI,GPU_5,1474.1,140.0,100.0
1781844911.33,ROCM_SMI,GPU_6,1474.1,141.0,100.0
1781844911.33,ROCM_SMI,GPU_7,1474.1,140.0,100.0
1781844913.53,ROCM_SMI,GPU_0,1474.1,144.0,100.0
1781844913.53,ROCM_SMI,GPU_1,1474.1,131.0,100.0
1781844913.53,ROCM_SMI,GPU_2,1474.1,137.0,84.0
1781844913.53,ROCM_SMI,GPU_3,1474.1,153.0,100.0
1781844913.53,ROCM_SMI,GPU_4,1474.1,162.0,100.0
1781844913.53,ROCM_SMI,GPU_5,1474.1,134.0,100.0
1781844913.53,ROCM_SMI,GPU_6,1474.1,140.0,100.0
1781844913.53,ROCM_SMI,GPU_7,1474.1,136.0,100.0
1781844915.72,ROCM_SMI,GPU_0,1474.1,150.0,100.0
1781844915.72,ROCM_SMI,GPU_1,1474.1,140.0,100.0
1781844915.72,ROCM_SMI,GPU_2,1474.1,143.0,100.0
1781844915.72,ROCM_SMI,GPU_3,1474.1,145.0,100.0
1781844915.72,ROCM_SMI,GPU_4,1474.1,143.0,76.0
1781844915.72,ROCM_SMI,GPU_5,1474.1,138.0,100.0
1781844915.72,ROCM_SMI,GPU_6,1474.1,143.0,100.0
1781844915.72,ROCM_SMI,GPU_7,1474.1,137.0,100.0
1781844917.91,ROCM_SMI,GPU_0,1474.1,146.0,100.0
1781844917.91,ROCM_SMI,GPU_1,1474.1,142.0,100.0
1781844917.91,ROCM_SMI,GPU_2,1474.1,144.0,100.0
1781844917.91,ROCM_SMI,GPU_3,1474.1,147.0,100.0
1781844917.91,ROCM_SMI,GPU_4,1474.1,145.0,100.0
1781844917.91,ROCM_SMI,GPU_5,1474.1,139.0,100.0
1781844917.91,ROCM_SMI,GPU_6,1474.1,143.0,82.0
1781844917.91,ROCM_SMI,GPU_7,1474.1,138.0,100.0
1781844920.11,ROCM_SMI,GPU_0,1474.1,146.0,100.0
1781844920.11,ROCM_SMI,GPU_1,1474.1,142.0,100.0
1781844920.11,ROCM_SMI,GPU_2,1474.1,143.0,100.0
1781844920.11,ROCM_SMI,GPU_3,1474.1,148.0,100.0
1781844920.11,ROCM_SMI,GPU_4,1474.1,145.0,100.0
1781844920.11,ROCM_SMI,GPU_5,1474.1,138.0,100.0
1781844920.11,ROCM_SMI,GPU_6,1474.1,143.0,100.0
1781844920.11,ROCM_SMI,GPU_7,1474.1,139.0,93.0
1781844922.30,ROCM_SMI,GPU_0,1474.1,144.0,100.0
1781844922.30,ROCM_SMI,GPU_1,1474.1,141.0,100.0
1781844922.30,ROCM_SMI,GPU_2,1474.1,144.0,100.0
1781844922.30,ROCM_SMI,GPU_3,1474.1,147.0,100.0
1781844922.30,ROCM_SMI,GPU_4,1474.1,144.0,100.0
1781844922.30,ROCM_SMI,GPU_5,1474.1,137.0,100.0
1781844922.30,ROCM_SMI,GPU_6,1474.1,143.0,100.0
1781844922.30,ROCM_SMI,GPU_7,1474.1,138.0,100.0
1781844924.49,ROCM_SMI,GPU_0,1474.1,143.0,100.0
1781844924.49,ROCM_SMI,GPU_1,1474.1,142.0,100.0
1781844924.49,ROCM_SMI,GPU_2,1474.1,144.0,100.0
1781844924.49,ROCM_SMI,GPU_3,1474.1,147.0,100.0
1781844924.49,ROCM_SMI,GPU_4,1474.1,144.0,100.0
1781844924.49,ROCM_SMI,GPU_5,1474.1,139.0,100.0
1781844924.49,ROCM_SMI,GPU_6,1474.1,144.0,100.0
1781844924.49,ROCM_SMI,GPU_7,1474.1,138.0,100.0
1781844926.68,ROCM_SMI,GPU_0,1474.1,146.0,100.0
1781844926.68,ROCM_SMI,GPU_1,1474.1,137.0,88.0
1781844926.68,ROCM_SMI,GPU_2,1474.1,141.0,100.0
1781844926.68,ROCM_SMI,GPU_3,1474.1,146.0,100.0
1781844926.68,ROCM_SMI,GPU_4,1474.1,146.0,100.0
1781844926.68,ROCM_SMI,GPU_5,1474.1,140.0,100.0
1781844926.68,ROCM_SMI,GPU_6,1474.1,144.0,100.0
1781844926.68,ROCM_SMI,GPU_7,1474.1,138.0,100.0
1781844928.87,ROCM_SMI,GPU_0,1474.1,150.0,100.0
1781844928.87,ROCM_SMI,GPU_1,1474.1,139.0,100.0
1781844928.87,ROCM_SMI,GPU_2,1474.1,143.0,84.0
1781844928.87,ROCM_SMI,GPU_3,1474.1,144.0,100.0
1781844928.87,ROCM_SMI,GPU_4,1474.1,141.0,100.0
1781844928.87,ROCM_SMI,GPU_5,1474.1,142.0,100.0
1781844928.87,ROCM_SMI,GPU_6,1474.1,140.0,100.0
1781844928.87,ROCM_SMI,GPU_7,1474.1,140.0,100.0
1781844931.06,ROCM_SMI,GPU_0,1474.1,151.0,100.0
1781844931.06,ROCM_SMI,GPU_1,1474.1,139.0,100.0
1781844931.06,ROCM_SMI,GPU_2,1474.1,144.0,100.0
1781844931.06,ROCM_SMI,GPU_3,1474.1,144.0,100.0
1781844931.06,ROCM_SMI,GPU_4,1474.1,141.0,89.0
1781844931.06,ROCM_SMI,GPU_5,1474.1,141.0,100.0
1781844931.06,ROCM_SMI,GPU_6,1474.1,140.0,100.0
1781844931.06,ROCM_SMI,GPU_7,1474.1,138.0,100.0
1781844933.26,ROCM_SMI,GPU_0,1474.1,150.0,100.0
1781844933.26,ROCM_SMI,GPU_1,1474.1,140.0,100.0
1781844933.26,ROCM_SMI,GPU_2,1474.1,148.0,100.0
1781844933.26,ROCM_SMI,GPU_3,1474.1,146.0,100.0
1781844933.26,ROCM_SMI,GPU_4,1474.1,141.0,100.0
1781844933.26,ROCM_SMI,GPU_5,1474.1,143.0,88.0
1781844933.26,ROCM_SMI,GPU_6,1474.1,139.0,100.0
1781844933.26,ROCM_SMI,GPU_7,1474.1,140.0,100.0
1781844935.45,ROCM_SMI,GPU_0,1474.1,150.0,100.0
1781844935.45,ROCM_SMI,GPU_1,1474.1,142.0,100.0
1781844935.45,ROCM_SMI,GPU_2,1474.1,139.0,100.0
1781844935.45,ROCM_SMI,GPU_3,1474.1,143.0,100.0
1781844935.45,ROCM_SMI,GPU_4,1474.1,139.0,100.0
1781844935.45,ROCM_SMI,GPU_5,1474.1,138.0,100.0
1781844935.45,ROCM_SMI,GPU_6,1474.1,137.0,84.0
1781844935.45,ROCM_SMI,GPU_7,1474.1,141.0,100.0
1781844937.64,ROCM_SMI,GPU_0,1474.1,151.0,100.0
1781844937.64,ROCM_SMI,GPU_1,1474.1,139.0,100.0
1781844937.64,ROCM_SMI,GPU_2,1474.1,146.0,100.0
1781844937.64,ROCM_SMI,GPU_3,1474.1,145.0,100.0
1781844937.64,ROCM_SMI,GPU_4,1474.1,141.0,100.0
1781844937.64,ROCM_SMI,GPU_5,1474.1,143.0,100.0
1781844937.64,ROCM_SMI,GPU_6,1474.1,139.0,100.0
1781844937.64,ROCM_SMI,GPU_7,1474.1,138.0,100.0
1781844939.83,ROCM_SMI,GPU_0,1474.1,148.0,100.0
1781844939.83,ROCM_SMI,GPU_1,1474.1,140.0,100.0
1781844939.83,ROCM_SMI,GPU_2,1474.1,147.0,100.0
1781844939.83,ROCM_SMI,GPU_3,1474.1,145.0,100.0
1781844939.83,ROCM_SMI,GPU_4,1474.1,139.0,100.0
1781844939.83,ROCM_SMI,GPU_5,1474.1,143.0,100.0
1781844939.83,ROCM_SMI,GPU_6,1474.1,138.0,100.0
1781844939.83,ROCM_SMI,GPU_7,1474.1,141.0,100.0
1781844942.03,ROCM_SMI,GPU_0,1474.1,129.0,100.0
1781844942.03,ROCM_SMI,GPU_1,1474.1,174.0,100.0
1781844942.03,ROCM_SMI,GPU_2,1474.1,129.0,100.0
1781844942.03,ROCM_SMI,GPU_3,1474.1,143.0,100.0
1781844942.03,ROCM_SMI,GPU_4,1474.1,136.0,100.0
1781844942.03,ROCM_SMI,GPU_5,1474.1,138.0,100.0
1781844942.03,ROCM_SMI,GPU_6,1474.1,139.0,100.0
1781844942.03,ROCM_SMI,GPU_7,1474.1,137.0,100.0
1781844944.22,ROCM_SMI,GPU_0,1474.1,144.0,100.0
1781844944.22,ROCM_SMI,GPU_1,1474.1,142.0,100.0
1781844944.22,ROCM_SMI,GPU_2,1474.1,144.0,100.0
1781844944.22,ROCM_SMI,GPU_3,1474.1,147.0,100.0
1781844944.22,ROCM_SMI,GPU_4,1474.1,145.0,100.0
1781844944.22,ROCM_SMI,GPU_5,1474.1,138.0,100.0
1781844944.22,ROCM_SMI,GPU_6,1474.1,144.0,100.0
1781844944.22,ROCM_SMI,GPU_7,1474.1,138.0,100.0
1781844946.41,ROCM_SMI,GPU_0,1474.1,149.0,90.0
1781844946.41,ROCM_SMI,GPU_1,1474.1,139.0,100.0
1781844946.41,ROCM_SMI,GPU_2,1474.1,144.0,100.0
1781844946.41,ROCM_SMI,GPU_3,1474.1,145.0,100.0
1781844946.41,ROCM_SMI,GPU_4,1474.1,142.0,100.0
1781844946.41,ROCM_SMI,GPU_5,1474.1,142.0,100.0
1781844946.41,ROCM_SMI,GPU_6,1474.1,141.0,100.0
1781844946.41,ROCM_SMI,GPU_7,1474.1,137.0,100.0
1781844948.61,ROCM_SMI,GPU_0,1474.1,147.0,86.0
1781844948.61,ROCM_SMI,GPU_1,1474.1,141.0,97.0
1781844948.61,ROCM_SMI,GPU_2,1474.1,147.0,100.0
1781844948.61,ROCM_SMI,GPU_3,1474.1,147.0,100.0
1781844948.61,ROCM_SMI,GPU_4,1474.1,140.0,100.0
1781844948.61,ROCM_SMI,GPU_5,1474.1,142.0,100.0
1781844948.61,ROCM_SMI,GPU_6,1474.1,139.0,100.0
1781844948.61,ROCM_SMI,GPU_7,1474.1,141.0,100.0
1781844950.80,ROCM_SMI,GPU_0,1474.1,145.0,100.0
1781844950.80,ROCM_SMI,GPU_1,1474.1,141.0,88.0
1781844950.80,ROCM_SMI,GPU_2,1474.1,143.0,100.0
1781844950.80,ROCM_SMI,GPU_3,1474.1,148.0,100.0
1781844950.80,ROCM_SMI,GPU_4,1474.1,145.0,100.0
1781844950.80,ROCM_SMI,GPU_5,1474.1,137.0,100.0
1781844950.80,ROCM_SMI,GPU_6,1474.1,144.0,100.0
1781844950.80,ROCM_SMI,GPU_7,1474.1,137.0,100.0
1781844952.99,ROCM_SMI,GPU_0,1474.1,147.0,100.0
1781844952.99,ROCM_SMI,GPU_1,1474.1,141.0,100.0
1781844952.99,ROCM_SMI,GPU_2,1474.1,141.0,100.0
1781844952.99,ROCM_SMI,GPU_3,1474.1,146.0,82.0
1781844952.99,ROCM_SMI,GPU_4,1474.1,145.0,100.0
1781844952.99,ROCM_SMI,GPU_5,1474.1,137.0,100.0
1781844952.99,ROCM_SMI,GPU_6,1474.1,144.0,100.0
1781844952.99,ROCM_SMI,GPU_7,1474.1,137.0,100.0
1781844955.19,ROCM_SMI,GPU_0,1474.1,149.0,100.0
1781844955.19,ROCM_SMI,GPU_1,1474.1,140.0,100.0
1781844955.19,ROCM_SMI,GPU_2,1474.1,140.0,100.0
1781844955.19,ROCM_SMI,GPU_3,1474.1,145.0,85.0
1781844955.19,ROCM_SMI,GPU_4,1474.1,140.0,100.0
1781844955.19,ROCM_SMI,GPU_5,1474.1,139.0,100.0
1781844955.19,ROCM_SMI,GPU_6,1474.1,144.0,100.0
1781844955.19,ROCM_SMI,GPU_7,1474.1,136.0,100.0
1781844957.38,ROCM_SMI,GPU_0,1474.1,151.0,100.0
1781844957.38,ROCM_SMI,GPU_1,1474.1,141.0,100.0
1781844957.38,ROCM_SMI,GPU_2,1474.1,144.0,84.0
1781844957.38,ROCM_SMI,GPU_3,1474.1,145.0,100.0
1781844957.38,ROCM_SMI,GPU_4,1474.1,140.0,100.0
1781844957.38,ROCM_SMI,GPU_5,1474.1,143.0,100.0
1781844957.38,ROCM_SMI,GPU_6,1474.1,140.0,100.0
1781844957.38,ROCM_SMI,GPU_7,1474.1,138.0,100.0
1781844959.58,ROCM_SMI,GPU_0,1474.1,147.0,100.0
1781844959.58,ROCM_SMI,GPU_1,1474.1,141.0,100.0
1781844959.58,ROCM_SMI,GPU_2,1474.1,148.0,100.0
1781844959.58,ROCM_SMI,GPU_3,1474.1,145.0,88.0
1781844959.58,ROCM_SMI,GPU_4,1474.1,138.0,100.0
1781844959.58,ROCM_SMI,GPU_5,1474.1,142.0,100.0
1781844959.58,ROCM_SMI,GPU_6,1474.1,139.0,100.0
1781844959.58,ROCM_SMI,GPU_7,1474.1,140.0,100.0
1781844961.77,ROCM_SMI,GPU_0,1474.1,145.0,100.0
1781844961.77,ROCM_SMI,GPU_1,1474.1,143.0,100.0
1781844961.77,ROCM_SMI,GPU_2,1474.1,146.0,100.0
1781844961.77,ROCM_SMI,GPU_3,1474.1,148.0,100.0
1781844961.77,ROCM_SMI,GPU_4,1474.1,142.0,92.0
1781844961.77,ROCM_SMI,GPU_5,1474.1,138.0,100.0
1781844961.77,ROCM_SMI,GPU_6,1474.1,143.0,100.0
1781844961.77,ROCM_SMI,GPU_7,1474.1,140.0,100.0
1781844963.96,ROCM_SMI,GPU_0,1474.1,149.0,100.0
1781844963.96,ROCM_SMI,GPU_1,1474.1,141.0,100.0
1781844963.96,ROCM_SMI,GPU_2,1474.1,143.0,100.0
1781844963.96,ROCM_SMI,GPU_3,1474.1,147.0,100.0
1781844963.96,ROCM_SMI,GPU_4,1474.1,145.0,87.0
1781844963.96,ROCM_SMI,GPU_5,1474.1,138.0,100.0
1781844963.96,ROCM_SMI,GPU_6,1474.1,144.0,100.0
1781844963.96,ROCM_SMI,GPU_7,1474.1,138.0,100.0
1781844966.16,ROCM_SMI,GPU_0,1474.1,151.0,100.0
1781844966.16,ROCM_SMI,GPU_1,1474.1,139.0,100.0
1781844966.16,ROCM_SMI,GPU_2,1474.1,143.0,100.0
1781844966.16,ROCM_SMI,GPU_3,1474.1,146.0,100.0
1781844966.16,ROCM_SMI,GPU_4,1474.1,145.0,100.0
1781844966.16,ROCM_SMI,GPU_5,1474.1,140.0,100.0
1781844966.16,ROCM_SMI,GPU_6,1474.1,143.0,82.0
1781844966.16,ROCM_SMI,GPU_7,1474.1,140.0,100.0
1781844968.35,ROCM_SMI,GPU_0,1474.1,149.0,100.0
1781844968.35,ROCM_SMI,GPU_1,1474.1,142.0,100.0
1781844968.35,ROCM_SMI,GPU_2,1474.1,151.0,100.0
1781844968.35,ROCM_SMI,GPU_3,1474.1,150.0,100.0
1781844968.35,ROCM_SMI,GPU_4,1474.1,140.0,100.0
1781844968.35,ROCM_SMI,GPU_5,1474.1,139.0,100.0
1781844968.35,ROCM_SMI,GPU_6,1474.1,140.0,99.0
1781844968.35,ROCM_SMI,GPU_7,1474.1,137.0,100.0
1781844970.54,ROCM_SMI,GPU_0,1474.1,145.0,100.0
1781844970.54,ROCM_SMI,GPU_1,1474.1,143.0,100.0
1781844970.54,ROCM_SMI,GPU_2,1474.1,145.0,100.0
1781844970.54,ROCM_SMI,GPU_3,1474.1,147.0,100.0
1781844970.54,ROCM_SMI,GPU_4,1474.1,144.0,100.0
1781844970.54,ROCM_SMI,GPU_5,1474.1,139.0,100.0
1781844970.54,ROCM_SMI,GPU_6,1474.1,143.0,100.0
1781844970.54,ROCM_SMI,GPU_7,1474.1,139.0,87.0
1781844972.74,ROCM_SMI,GPU_0,1474.1,147.0,100.0
1781844972.74,ROCM_SMI,GPU_1,1474.1,141.0,100.0
1781844972.74,ROCM_SMI,GPU_2,1474.1,142.0,100.0
1781844972.74,ROCM_SMI,GPU_3,1474.1,146.0,100.0
1781844972.74,ROCM_SMI,GPU_4,1474.1,144.0,100.0
1781844972.74,ROCM_SMI,GPU_5,1474.1,138.0,100.0
1781844972.74,ROCM_SMI,GPU_6,1474.1,144.0,100.0
1781844972.74,ROCM_SMI,GPU_7,1474.1,137.0,81.0
1781844974.93,ROCM_SMI,GPU_0,1474.1,151.0,100.0
1781844974.93,ROCM_SMI,GPU_1,1474.1,141.0,100.0
1781844974.93,ROCM_SMI,GPU_2,1474.1,146.0,100.0
1781844974.93,ROCM_SMI,GPU_3,1474.1,146.0,100.0
1781844974.93,ROCM_SMI,GPU_4,1474.1,140.0,100.0
1781844974.93,ROCM_SMI,GPU_5,1474.1,144.0,100.0
1781844974.93,ROCM_SMI,GPU_6,1474.1,139.0,100.0
1781844974.93,ROCM_SMI,GPU_7,1474.1,140.0,100.0
1781844977.12,ROCM_SMI,GPU_0,1474.1,148.0,100.0
1781844977.12,ROCM_SMI,GPU_1,1474.1,142.0,100.0
1781844977.12,ROCM_SMI,GPU_2,1474.1,148.0,100.0
1781844977.12,ROCM_SMI,GPU_3,1474.1,147.0,100.0
1781844977.12,ROCM_SMI,GPU_4,1474.1,140.0,100.0
1781844977.12,ROCM_SMI,GPU_5,1474.1,143.0,100.0
1781844977.12,ROCM_SMI,GPU_6,1474.1,139.0,100.0
1781844977.12,ROCM_SMI,GPU_7,1474.1,138.0,100.0
1781844979.31,ROCM_SMI,GPU_0,1474.1,143.0,100.0
1781844979.31,ROCM_SMI,GPU_1,1474.1,142.0,100.0
1781844979.31,ROCM_SMI,GPU_2,1474.1,146.0,100.0
1781844979.31,ROCM_SMI,GPU_3,1474.1,147.0,100.0
1781844979.31,ROCM_SMI,GPU_4,1474.1,142.0,100.0
1781844979.31,ROCM_SMI,GPU_5,1474.1,140.0,100.0
1781844979.31,ROCM_SMI,GPU_6,1474.1,141.0,100.0
1781844979.31,ROCM_SMI,GPU_7,1474.1,139.0,100.0
1781844981.51,ROCM_SMI,GPU_0,1474.1,145.0,89.0
1781844981.51,ROCM_SMI,GPU_1,1474.1,141.0,100.0
1781844981.51,ROCM_SMI,GPU_2,1474.1,143.0,100.0
1781844981.51,ROCM_SMI,GPU_3,1474.1,148.0,100.0
1781844981.51,ROCM_SMI,GPU_4,1474.1,145.0,100.0
1781844981.51,ROCM_SMI,GPU_5,1474.1,138.0,100.0
1781844981.51,ROCM_SMI,GPU_6,1474.1,145.0,100.0
1781844981.51,ROCM_SMI,GPU_7,1474.1,140.0,100.0
1781844983.70,ROCM_SMI,GPU_0,1474.1,144.0,90.0
1781844983.70,ROCM_SMI,GPU_1,1474.1,135.0,100.0
1781844983.70,ROCM_SMI,GPU_2,1474.1,139.0,100.0
1781844983.70,ROCM_SMI,GPU_3,1474.1,147.0,100.0
1781844983.70,ROCM_SMI,GPU_4,1474.1,148.0,100.0
1781844983.70,ROCM_SMI,GPU_5,1474.1,136.0,100.0
1781844983.70,ROCM_SMI,GPU_6,1474.1,145.0,100.0
1781844983.70,ROCM_SMI,GPU_7,1474.1,137.0,100.0
1781844985.90,ROCM_SMI,GPU_0,1474.1,145.0,100.0
1781844985.90,ROCM_SMI,GPU_1,1474.1,140.0,85.0
1781844985.90,ROCM_SMI,GPU_2,1474.1,143.0,100.0
1781844985.90,ROCM_SMI,GPU_3,1474.1,147.0,100.0
1781844985.90,ROCM_SMI,GPU_4,1474.1,145.0,100.0
1781844985.90,ROCM_SMI,GPU_5,1474.1,138.0,100.0
1781844985.90,ROCM_SMI,GPU_6,1474.1,144.0,100.0
1781844985.90,ROCM_SMI,GPU_7,1474.1,138.0,100.0
1781844988.09,ROCM_SMI,GPU_0,1474.1,147.0,100.0
1781844988.09,ROCM_SMI,GPU_1,1474.1,140.0,100.0
1781844988.09,ROCM_SMI,GPU_2,1474.1,141.0,84.0
1781844988.09,ROCM_SMI,GPU_3,1474.1,145.0,100.0
1781844988.09,ROCM_SMI,GPU_4,1474.1,144.0,100.0
1781844988.09,ROCM_SMI,GPU_5,1474.1,138.0,100.0
1781844988.09,ROCM_SMI,GPU_6,1474.1,144.0,100.0
1781844988.09,ROCM_SMI,GPU_7,1474.1,137.0,100.0
1781844990.28,ROCM_SMI,GPU_0,1474.1,147.0,100.0
1781844990.28,ROCM_SMI,GPU_1,1474.1,142.0,100.0
1781844990.28,ROCM_SMI,GPU_2,1474.1,143.0,100.0
1781844990.28,ROCM_SMI,GPU_3,1474.1,147.0,100.0
1781844990.28,ROCM_SMI,GPU_4,1474.1,146.0,96.0
1781844990.28,ROCM_SMI,GPU_5,1474.1,136.0,99.0
1781844990.28,ROCM_SMI,GPU_6,1474.1,144.0,100.0
1781844990.28,ROCM_SMI,GPU_7,1474.1,140.0,100.0
1781844992.47,ROCM_SMI,GPU_0,1474.1,145.0,100.0
1781844992.47,ROCM_SMI,GPU_1,1474.1,142.0,100.0
1781844992.47,ROCM_SMI,GPU_2,1474.1,143.0,100.0
1781844992.47,ROCM_SMI,GPU_3,1474.1,147.0,100.0
1781844992.47,ROCM_SMI,GPU_4,1474.1,145.0,100.0
1781844992.47,ROCM_SMI,GPU_5,1474.1,138.0,100.0
1781844992.47,ROCM_SMI,GPU_6,1474.1,145.0,94.0
1781844992.47,ROCM_SMI,GPU_7,1474.1,137.0,100.0
1781844994.67,ROCM_SMI,GPU_0,1474.1,147.0,100.0
1781844994.67,ROCM_SMI,GPU_1,1474.1,142.0,100.0
1781844994.67,ROCM_SMI,GPU_2,1474.1,143.0,100.0
1781844994.67,ROCM_SMI,GPU_3,1474.1,146.0,100.0
1781844994.67,ROCM_SMI,GPU_4,1474.1,145.0,100.0
1781844994.67,ROCM_SMI,GPU_5,1474.1,138.0,100.0
1781844994.67,ROCM_SMI,GPU_6,1474.1,144.0,100.0
1781844994.67,ROCM_SMI,GPU_7,1474.1,138.0,81.0
1781844996.86,ROCM_SMI,GPU_0,1474.1,150.0,100.0
1781844996.86,ROCM_SMI,GPU_1,1474.1,139.0,100.0
1781844996.86,ROCM_SMI,GPU_2,1474.1,144.0,100.0
1781844996.86,ROCM_SMI,GPU_3,1474.1,146.0,100.0
1781844996.86,ROCM_SMI,GPU_4,1474.1,146.0,100.0
1781844996.86,ROCM_SMI,GPU_5,1474.1,145.0,100.0
1781844996.86,ROCM_SMI,GPU_6,1474.1,138.0,100.0
1781844996.86,ROCM_SMI,GPU_7,1474.1,135.0,100.0
1781844999.05,ROCM_SMI,GPU_0,1474.1,150.0,100.0
1781844999.05,ROCM_SMI,GPU_1,1474.1,141.0,100.0
1781844999.05,ROCM_SMI,GPU_2,1474.1,143.0,100.0
1781844999.05,ROCM_SMI,GPU_3,1474.1,147.0,100.0
1781844999.05,ROCM_SMI,GPU_4,1474.1,143.0,100.0
1781844999.05,ROCM_SMI,GPU_5,1474.1,140.0,100.0
1781844999.05,ROCM_SMI,GPU_6,1474.1,144.0,100.0
1781844999.05,ROCM_SMI,GPU_7,1474.1,139.0,100.0
1781845001.25,ROCM_SMI,GPU_0,1474.1,151.0,100.0
1781845001.25,ROCM_SMI,GPU_1,1474.1,139.0,100.0
1781845001.25,ROCM_SMI,GPU_2,1474.1,147.0,100.0
1781845001.25,ROCM_SMI,GPU_3,1474.1,145.0,100.0
1781845001.25,ROCM_SMI,GPU_4,1474.1,140.0,100.0
1781845001.25,ROCM_SMI,GPU_5,1474.1,143.0,100.0
1781845001.25,ROCM_SMI,GPU_6,1474.1,139.0,100.0
1781845001.25,ROCM_SMI,GPU_7,1474.1,140.0,100.0
1781845003.44,ROCM_SMI,GPU_0,1474.1,146.0,100.0
1781845003.44,ROCM_SMI,GPU_1,1474.1,140.0,100.0
1781845003.44,ROCM_SMI,GPU_2,1474.1,147.0,100.0
1781845003.44,ROCM_SMI,GPU_3,1474.1,146.0,100.0
1781845003.44,ROCM_SMI,GPU_4,1474.1,141.0,100.0
1781845003.44,ROCM_SMI,GPU_5,1474.1,142.0,100.0
1781845003.44,ROCM_SMI,GPU_6,1474.1,140.0,100.0
1781845003.44,ROCM_SMI,GPU_7,1474.1,138.0,100.0
1781845005.63,ROCM_SMI,GPU_0,1474.1,148.0,100.0
1781845005.63,ROCM_SMI,GPU_1,1474.1,139.0,85.0
1781845005.63,ROCM_SMI,GPU_2,1474.1,145.0,99.0
1781845005.63,ROCM_SMI,GPU_3,1474.1,145.0,100.0
1781845005.63,ROCM_SMI,GPU_4,1474.1,140.0,100.0
1781845005.63,ROCM_SMI,GPU_5,1474.1,143.0,100.0
1781845005.63,ROCM_SMI,GPU_6,1474.1,140.0,100.0
1781845005.63,ROCM_SMI,GPU_7,1474.1,141.0,100.0
1781845007.82,ROCM_SMI,GPU_0,1474.1,150.0,100.0
1781845007.82,ROCM_SMI,GPU_1,1474.1,139.0,100.0
1781845007.82,ROCM_SMI,GPU_2,1474.1,146.0,100.0
1781845007.82,ROCM_SMI,GPU_3,1474.1,144.0,100.0
1781845007.82,ROCM_SMI,GPU_4,1474.1,138.0,87.0
1781845007.82,ROCM_SMI,GPU_5,1474.1,142.0,100.0
1781845007.82,ROCM_SMI,GPU_6,1474.1,139.0,100.0
1781845007.82,ROCM_SMI,GPU_7,1474.1,140.0,100.0
1781845010.02,ROCM_SMI,GPU_0,1474.1,150.0,100.0
1781845010.02,ROCM_SMI,GPU_1,1474.1,140.0,100.0
1781845010.02,ROCM_SMI,GPU_2,1474.1,146.0,100.0
1781845010.02,ROCM_SMI,GPU_3,1474.1,145.0,100.0
1781845010.02,ROCM_SMI,GPU_4,1474.1,141.0,100.0
1781845010.02,ROCM_SMI,GPU_5,1474.1,143.0,92.0
1781845010.02,ROCM_SMI,GPU_6,1474.1,138.0,93.0
1781845010.02,ROCM_SMI,GPU_7,1474.1,140.0,100.0
1781845012.21,ROCM_SMI,GPU_0,1474.1,150.0,100.0
1781845012.21,ROCM_SMI,GPU_1,1474.1,140.0,100.0
1781845012.21,ROCM_SMI,GPU_2,1474.1,142.0,100.0
1781845012.21,ROCM_SMI,GPU_3,1474.1,146.0,100.0
1781845012.21,ROCM_SMI,GPU_4,1474.1,143.0,100.0
1781845012.21,ROCM_SMI,GPU_5,1474.1,139.0,100.0
1781845012.21,ROCM_SMI,GPU_6,1474.1,143.0,100.0
1781845012.21,ROCM_SMI,GPU_7,1474.1,138.0,81.0
1781845014.40,ROCM_SMI,GPU_0,1474.1,151.0,100.0
1781845014.40,ROCM_SMI,GPU_1,1474.1,140.0,100.0
1781845014.40,ROCM_SMI,GPU_2,1474.1,147.0,100.0
1781845014.40,ROCM_SMI,GPU_3,1474.1,144.0,100.0
1781845014.40,ROCM_SMI,GPU_4,1474.1,141.0,100.0
1781845014.40,ROCM_SMI,GPU_5,1474.1,143.0,100.0
1781845014.40,ROCM_SMI,GPU_6,1474.1,139.0,100.0
1781845014.40,ROCM_SMI,GPU_7,1474.1,140.0,100.0
1781845016.59,ROCM_SMI,GPU_0,1474.1,152.0,100.0
1781845016.59,ROCM_SMI,GPU_1,1474.1,140.0,100.0
1781845016.59,ROCM_SMI,GPU_2,1474.1,146.0,100.0
1781845016.59,ROCM_SMI,GPU_3,1474.1,146.0,100.0
1781845016.59,ROCM_SMI,GPU_4,1474.1,140.0,100.0
1781845016.59,ROCM_SMI,GPU_5,1474.1,142.0,100.0
1781845016.59,ROCM_SMI,GPU_6,1474.1,139.0,100.0
1781845016.59,ROCM_SMI,GPU_7,1474.1,138.0,100.0
1781845018.78,ROCM_SMI,GPU_0,1474.1,148.0,85.0
1781845018.78,ROCM_SMI,GPU_1,1474.1,140.0,100.0
1781845018.78,ROCM_SMI,GPU_2,1474.1,147.0,100.0
1781845018.78,ROCM_SMI,GPU_3,1474.1,145.0,100.0
1781845018.78,ROCM_SMI,GPU_4,1474.1,140.0,100.0
1781845018.78,ROCM_SMI,GPU_5,1474.1,142.0,100.0
1781845018.78,ROCM_SMI,GPU_6,1474.1,139.0,100.0
1781845018.78,ROCM_SMI,GPU_7,1474.1,139.0,100.0
1781845020.98,ROCM_SMI,GPU_0,1474.1,148.0,100.0
1781845020.98,ROCM_SMI,GPU_1,1474.1,140.0,85.0
1781845020.98,ROCM_SMI,GPU_2,1474.1,146.0,95.0
1781845020.98,ROCM_SMI,GPU_3,1474.1,146.0,100.0
1781845020.98,ROCM_SMI,GPU_4,1474.1,140.0,100.0
1781845020.98,ROCM_SMI,GPU_5,1474.1,142.0,100.0
1781845020.98,ROCM_SMI,GPU_6,1474.1,139.0,100.0
1781845020.98,ROCM_SMI,GPU_7,1474.1,139.0,100.0
1781845023.17,ROCM_SMI,GPU_0,1474.1,150.0,100.0
1781845023.17,ROCM_SMI,GPU_1,1474.1,140.0,100.0
1781845023.17,ROCM_SMI,GPU_2,1474.1,145.0,91.0
1781845023.17,ROCM_SMI,GPU_3,1474.1,145.0,99.0
1781845023.17,ROCM_SMI,GPU_4,1474.1,140.0,100.0
1781845023.17,ROCM_SMI,GPU_5,1474.1,143.0,100.0
1781845023.17,ROCM_SMI,GPU_6,1474.1,140.0,100.0
1781845023.17,ROCM_SMI,GPU_7,1474.1,140.0,100.0
1781845025.37,ROCM_SMI,GPU_0,1474.1,145.0,100.0
1781845025.37,ROCM_SMI,GPU_1,1474.1,137.0,100.0
1781845025.37,ROCM_SMI,GPU_2,1474.1,142.0,100.0
1781845025.37,ROCM_SMI,GPU_3,1474.1,137.0,99.0
1781845025.37,ROCM_SMI,GPU_4,1474.1,139.0,100.0
1781845025.37,ROCM_SMI,GPU_5,1474.1,145.0,100.0
1781845025.37,ROCM_SMI,GPU_6,1474.1,147.0,100.0
1781845025.37,ROCM_SMI,GPU_7,1474.1,149.0,100.0
1781845027.56,ROCM_SMI,GPU_0,1474.1,147.0,100.0
1781845027.56,ROCM_SMI,GPU_1,1474.1,141.0,100.0
1781845027.56,ROCM_SMI,GPU_2,1474.1,148.0,100.0
1781845027.56,ROCM_SMI,GPU_3,1474.1,146.0,100.0
1781845027.56,ROCM_SMI,GPU_4,1474.1,140.0,88.0
1781845027.56,ROCM_SMI,GPU_5,1474.1,139.0,100.0
1781845027.56,ROCM_SMI,GPU_6,1474.1,141.0,100.0
1781845027.56,ROCM_SMI,GPU_7,1474.1,138.0,100.0
1781845029.75,ROCM_SMI,GPU_0,1474.1,146.0,100.0
1781845029.75,ROCM_SMI,GPU_1,1474.1,143.0,100.0
1781845029.75,ROCM_SMI,GPU_2,1474.1,147.0,100.0
1781845029.75,ROCM_SMI,GPU_3,1474.1,147.0,100.0
1781845029.75,ROCM_SMI,GPU_4,1474.1,143.0,100.0
1781845029.75,ROCM_SMI,GPU_5,1474.1,140.0,84.0
1781845029.75,ROCM_SMI,GPU_6,1474.1,142.0,100.0
1781845029.75,ROCM_SMI,GPU_7,1474.1,140.0,100.0
1781845031.95,ROCM_SMI,GPU_0,1474.1,146.0,100.0
1781845031.95,ROCM_SMI,GPU_1,1474.1,141.0,100.0
1781845031.95,ROCM_SMI,GPU_2,1474.1,147.0,100.0
1781845031.95,ROCM_SMI,GPU_3,1474.1,146.0,100.0
1781845031.95,ROCM_SMI,GPU_4,1474.1,141.0,100.0
1781845031.95,ROCM_SMI,GPU_5,1474.1,142.0,100.0
1781845031.95,ROCM_SMI,GPU_6,1474.1,140.0,100.0
1781845031.95,ROCM_SMI,GPU_7,1474.1,138.0,100.0
1781845034.14,ROCM_SMI,GPU_0,1474.1,146.0,100.0
1781845034.14,ROCM_SMI,GPU_1,1474.1,143.0,100.0
1781845034.14,ROCM_SMI,GPU_2,1474.1,146.0,100.0
1781845034.14,ROCM_SMI,GPU_3,1474.1,147.0,100.0
1781845034.14,ROCM_SMI,GPU_4,1474.1,144.0,100.0
1781845034.14,ROCM_SMI,GPU_5,1474.1,139.0,100.0
1781845034.14,ROCM_SMI,GPU_6,1474.1,143.0,100.0
1781845034.14,ROCM_SMI,GPU_7,1474.1,139.0,100.0
1781845036.34,ROCM_SMI,GPU_0,1474.1,145.0,100.0
1781845036.34,ROCM_SMI,GPU_1,1474.1,142.0,100.0
1781845036.34,ROCM_SMI,GPU_2,1474.1,145.0,100.0
1781845036.34,ROCM_SMI,GPU_3,1474.1,146.0,100.0
1781845036.34,ROCM_SMI,GPU_4,1474.1,143.0,100.0
1781845036.34,ROCM_SMI,GPU_5,1474.1,137.0,100.0
1781845036.34,ROCM_SMI,GPU_6,1474.1,142.0,100.0
1781845036.34,ROCM_SMI,GPU_7,1474.1,138.0,100.0
1781845038.54,ROCM_SMI,GPU_0,1474.1,149.0,100.0
1781845038.54,ROCM_SMI,GPU_1,1474.1,145.0,100.0
1781845038.54,ROCM_SMI,GPU_2,1474.1,144.0,100.0
1781845038.54,ROCM_SMI,GPU_3,1474.1,165.0,100.0
1781845038.54,ROCM_SMI,GPU_4,1474.1,154.0,100.0
1781845038.54,ROCM_SMI,GPU_5,1474.1,138.0,100.0
1781845038.54,ROCM_SMI,GPU_6,1474.1,138.0,100.0
1781845038.54,ROCM_SMI,GPU_7,1474.1,135.0,100.0
1781845040.74,ROCM_SMI,GPU_0,1474.1,143.0,100.0
1781845040.74,ROCM_SMI,GPU_1,1474.1,143.0,100.0
1781845040.74,ROCM_SMI,GPU_2,1474.1,144.0,100.0
1781845040.74,ROCM_SMI,GPU_3,1474.1,146.0,100.0
1781845040.74,ROCM_SMI,GPU_4,1474.1,143.0,100.0
1781845040.74,ROCM_SMI,GPU_5,1474.1,137.0,100.0
1781845040.74,ROCM_SMI,GPU_6,1474.1,143.0,100.0
1781845040.74,ROCM_SMI,GPU_7,1474.1,139.0,100.0
1781845042.93,ROCM_SMI,GPU_0,1474.1,145.0,85.0
1781845042.93,ROCM_SMI,GPU_1,1474.1,141.0,100.0
1781845042.93,ROCM_SMI,GPU_2,1474.1,142.0,100.0
1781845042.93,ROCM_SMI,GPU_3,1474.1,148.0,100.0
1781845042.93,ROCM_SMI,GPU_4,1474.1,144.0,100.0
1781845042.93,ROCM_SMI,GPU_5,1474.1,136.0,100.0
1781845042.93,ROCM_SMI,GPU_6,1474.1,144.0,100.0
1781845042.93,ROCM_SMI,GPU_7,1474.1,139.0,100.0
1781845045.13,ROCM_SMI,GPU_0,1474.1,146.0,89.0
1781845045.13,ROCM_SMI,GPU_1,1474.1,141.0,100.0
1781845045.13,ROCM_SMI,GPU_2,1474.1,142.0,100.0
1781845045.13,ROCM_SMI,GPU_3,1474.1,147.0,100.0
1781845045.13,ROCM_SMI,GPU_4,1474.1,144.0,100.0
1781845045.13,ROCM_SMI,GPU_5,1474.1,139.0,100.0
1781845045.13,ROCM_SMI,GPU_6,1474.1,144.0,100.0
1781845045.13,ROCM_SMI,GPU_7,1474.1,137.0,100.0
1781845047.32,ROCM_SMI,GPU_0,1474.1,147.0,100.0
1781845047.32,ROCM_SMI,GPU_1,1474.1,138.0,94.0
1781845047.32,ROCM_SMI,GPU_2,1474.1,140.0,100.0
1781845047.32,ROCM_SMI,GPU_3,1474.1,145.0,100.0
1781845047.32,ROCM_SMI,GPU_4,1474.1,145.0,100.0
1781845047.32,ROCM_SMI,GPU_5,1474.1,140.0,100.0
1781845047.32,ROCM_SMI,GPU_6,1474.1,143.0,100.0
1781845047.32,ROCM_SMI,GPU_7,1474.1,137.0,100.0
1781845049.51,ROCM_SMI,GPU_0,1474.1,144.0,100.0
1781845049.51,ROCM_SMI,GPU_1,1474.1,142.0,100.0
1781845049.51,ROCM_SMI,GPU_2,1474.1,144.0,100.0
1781845049.51,ROCM_SMI,GPU_3,1474.1,146.0,100.0
1781845049.51,ROCM_SMI,GPU_4,1474.1,142.0,82.0
1781845049.51,ROCM_SMI,GPU_5,1474.1,136.0,100.0
1781845049.51,ROCM_SMI,GPU_6,1474.1,144.0,100.0
1781845049.51,ROCM_SMI,GPU_7,1474.1,139.0,100.0
1781845051.70,ROCM_SMI,GPU_0,1474.1,146.0,100.0
1781845051.70,ROCM_SMI,GPU_1,1474.1,141.0,100.0
1781845051.70,ROCM_SMI,GPU_2,1474.1,141.0,100.0
1781845051.70,ROCM_SMI,GPU_3,1474.1,148.0,100.0
1781845051.70,ROCM_SMI,GPU_4,1474.1,144.0,100.0
1781845051.70,ROCM_SMI,GPU_5,1474.1,135.0,83.0
1781845051.70,ROCM_SMI,GPU_6,1474.1,144.0,100.0
1781845051.70,ROCM_SMI,GPU_7,1474.1,138.0,100.0
1781845053.90,ROCM_SMI,GPU_0,1474.1,146.0,100.0
1781845053.90,ROCM_SMI,GPU_1,1474.1,142.0,100.0
1781845053.90,ROCM_SMI,GPU_2,1474.1,148.0,100.0
1781845053.90,ROCM_SMI,GPU_3,1474.1,146.0,100.0
1781845053.90,ROCM_SMI,GPU_4,1474.1,140.0,100.0
1781845053.90,ROCM_SMI,GPU_5,1474.1,141.0,100.0
1781845053.90,ROCM_SMI,GPU_6,1474.1,139.0,88.0
1781845053.90,ROCM_SMI,GPU_7,1474.1,140.0,100.0
1781845056.09,ROCM_SMI,GPU_0,1474.1,151.0,100.0
1781845056.09,ROCM_SMI,GPU_1,1474.1,140.0,100.0
1781845056.09,ROCM_SMI,GPU_2,1474.1,147.0,100.0
1781845056.09,ROCM_SMI,GPU_3,1474.1,144.0,100.0
1781845056.09,ROCM_SMI,GPU_4,1474.1,141.0,100.0
1781845056.09,ROCM_SMI,GPU_5,1474.1,144.0,100.0
1781845056.09,ROCM_SMI,GPU_6,1474.1,140.0,100.0
1781845056.09,ROCM_SMI,GPU_7,1474.1,139.0,100.0
1781845058.28,ROCM_SMI,GPU_0,1474.1,150.0,100.0
1781845058.28,ROCM_SMI,GPU_1,1474.1,140.0,100.0
1781845058.28,ROCM_SMI,GPU_2,1474.1,146.0,100.0
1781845058.28,ROCM_SMI,GPU_3,1474.1,147.0,100.0
1781845058.28,ROCM_SMI,GPU_4,1474.1,141.0,100.0
1781845058.28,ROCM_SMI,GPU_5,1474.1,142.0,100.0
1781845058.28,ROCM_SMI,GPU_6,1474.1,140.0,100.0
1781845058.28,ROCM_SMI,GPU_7,1474.1,138.0,100.0
1781845060.48,ROCM_SMI,GPU_0,1474.1,149.0,87.0
1781845060.48,ROCM_SMI,GPU_1,1474.1,138.0,100.0
1781845060.48,ROCM_SMI,GPU_2,1474.1,144.0,100.0
1781845060.48,ROCM_SMI,GPU_3,1474.1,146.0,100.0
1781845060.48,ROCM_SMI,GPU_4,1474.1,142.0,100.0
1781845060.48,ROCM_SMI,GPU_5,1474.1,142.0,100.0
1781845060.48,ROCM_SMI,GPU_6,1474.1,141.0,100.0
1781845060.48,ROCM_SMI,GPU_7,1474.1,139.0,100.0
1781845062.67,ROCM_SMI,GPU_0,1474.1,149.0,100.0
1781845062.67,ROCM_SMI,GPU_1,1474.1,139.0,100.0
1781845062.67,ROCM_SMI,GPU_2,1474.1,145.0,100.0
1781845062.67,ROCM_SMI,GPU_3,1474.1,146.0,100.0
1781845062.67,ROCM_SMI,GPU_4,1474.1,141.0,100.0
1781845062.67,ROCM_SMI,GPU_5,1474.1,143.0,100.0
1781845062.67,ROCM_SMI,GPU_6,1474.1,140.0,100.0
1781845062.67,ROCM_SMI,GPU_7,1474.1,138.0,100.0
1781845064.86,ROCM_SMI,GPU_0,1474.1,147.0,100.0
1781845064.86,ROCM_SMI,GPU_1,1474.1,139.0,100.0
1781845064.86,ROCM_SMI,GPU_2,1474.1,146.0,100.0
1781845064.86,ROCM_SMI,GPU_3,1474.1,144.0,81.0
1781845064.86,ROCM_SMI,GPU_4,1474.1,139.0,100.0
1781845064.86,ROCM_SMI,GPU_5,1474.1,142.0,100.0
1781845064.86,ROCM_SMI,GPU_6,1474.1,140.0,100.0
1781845064.86,ROCM_SMI,GPU_7,1474.1,141.0,100.0
1781845067.06,ROCM_SMI,GPU_0,1474.1,150.0,100.0
1781845067.06,ROCM_SMI,GPU_1,1474.1,138.0,100.0
1781845067.06,ROCM_SMI,GPU_2,1474.1,141.0,100.0
1781845067.06,ROCM_SMI,GPU_3,1474.1,140.0,88.0
1781845067.06,ROCM_SMI,GPU_4,1474.1,134.0,100.0
1781845067.06,ROCM_SMI,GPU_5,1474.1,135.0,100.0
1781845067.06,ROCM_SMI,GPU_6,1474.1,151.0,100.0
1781845067.06,ROCM_SMI,GPU_7,1474.1,139.0,100.0
1781845069.25,ROCM_SMI,GPU_0,1474.1,146.0,100.0
1781845069.25,ROCM_SMI,GPU_1,1474.1,144.0,100.0
1781845069.25,ROCM_SMI,GPU_2,1474.1,147.0,100.0
1781845069.25,ROCM_SMI,GPU_3,1474.1,148.0,100.0
1781845069.25,ROCM_SMI,GPU_4,1474.1,142.0,95.0
1781845069.25,ROCM_SMI,GPU_5,1474.1,139.0,100.0
1781845069.25,ROCM_SMI,GPU_6,1474.1,143.0,100.0
1781845069.25,ROCM_SMI,GPU_7,1474.1,139.0,100.0
1781845071.45,ROCM_SMI,GPU_0,1474.1,145.0,100.0
1781845071.45,ROCM_SMI,GPU_1,1474.1,141.0,100.0
1781845071.45,ROCM_SMI,GPU_2,1474.1,146.0,100.0
1781845071.45,ROCM_SMI,GPU_3,1474.1,147.0,100.0
1781845071.45,ROCM_SMI,GPU_4,1474.1,141.0,100.0
1781845071.45,ROCM_SMI,GPU_5,1474.1,140.0,100.0
1781845071.45,ROCM_SMI,GPU_6,1474.1,141.0,94.0
1781845071.45,ROCM_SMI,GPU_7,1474.1,139.0,100.0
1781845073.64,ROCM_SMI,GPU_0,1474.1,146.0,100.0
1781845073.64,ROCM_SMI,GPU_1,1474.1,140.0,100.0
1781845073.64,ROCM_SMI,GPU_2,1474.1,146.0,100.0
1781845073.64,ROCM_SMI,GPU_3,1474.1,146.0,100.0
1781845073.64,ROCM_SMI,GPU_4,1474.1,141.0,100.0
1781845073.64,ROCM_SMI,GPU_5,1474.1,140.0,100.0
1781845073.64,ROCM_SMI,GPU_6,1474.1,141.0,100.0
1781845073.64,ROCM_SMI,GPU_7,1474.1,140.0,81.0
1781845075.83,ROCM_SMI,GPU_0,1474.1,144.0,100.0
1781845075.83,ROCM_SMI,GPU_1,1474.1,141.0,100.0
1781845075.83,ROCM_SMI,GPU_2,1474.1,144.0,100.0
1781845075.83,ROCM_SMI,GPU_3,1474.1,147.0,100.0
1781845075.83,ROCM_SMI,GPU_4,1474.1,142.0,100.0
1781845075.83,ROCM_SMI,GPU_5,1474.1,139.0,100.0
1781845075.83,ROCM_SMI,GPU_6,1474.1,143.0,100.0
1781845075.83,ROCM_SMI,GPU_7,1474.1,139.0,100.0
1781845078.02,ROCM_SMI,GPU_0,1474.1,146.0,100.0
1781845078.02,ROCM_SMI,GPU_1,1474.1,142.0,100.0
1781845078.02,ROCM_SMI,GPU_2,1474.1,143.0,100.0
1781845078.02,ROCM_SMI,GPU_3,1474.1,146.0,100.0
1781845078.02,ROCM_SMI,GPU_4,1474.1,145.0,100.0
1781845078.02,ROCM_SMI,GPU_5,1474.1,138.0,100.0
1781845078.02,ROCM_SMI,GPU_6,1474.1,145.0,100.0
1781845078.02,ROCM_SMI,GPU_7,1474.1,138.0,100.0
1781845080.22,ROCM_SMI,GPU_0,1474.1,152.0,100.0
1781845080.22,ROCM_SMI,GPU_1,1474.1,143.0,100.0
1781845080.22,ROCM_SMI,GPU_2,1474.1,147.0,100.0
1781845080.22,ROCM_SMI,GPU_3,1474.1,146.0,100.0
1781845080.22,ROCM_SMI,GPU_4,1474.1,149.0,100.0
1781845080.22,ROCM_SMI,GPU_5,1474.1,147.0,100.0
1781845080.22,ROCM_SMI,GPU_6,1474.1,143.0,100.0
1781845080.22,ROCM_SMI,GPU_7,1474.1,135.0,100.0
1781845082.41,ROCM_SMI,GPU_0,1474.1,147.0,100.0
1781845082.41,ROCM_SMI,GPU_1,1474.1,140.0,100.0
1781845082.41,ROCM_SMI,GPU_2,1474.1,143.0,100.0
1781845082.41,ROCM_SMI,GPU_3,1474.1,146.0,100.0
1781845082.41,ROCM_SMI,GPU_4,1474.1,145.0,100.0
1781845082.41,ROCM_SMI,GPU_5,1474.1,140.0,100.0
1781845082.41,ROCM_SMI,GPU_6,1474.1,143.0,100.0
1781845082.41,ROCM_SMI,GPU_7,1474.1,137.0,100.0
1781845084.62,ROCM_SMI,GPU_0,1474.1,146.0,100.0
1781845084.62,ROCM_SMI,GPU_1,1474.1,140.0,100.0
1781845084.62,ROCM_SMI,GPU_2,1474.1,141.0,100.0
1781845084.62,ROCM_SMI,GPU_3,1474.1,146.0,100.0
1781845084.62,ROCM_SMI,GPU_4,1474.1,144.0,100.0
1781845084.62,ROCM_SMI,GPU_5,1474.1,138.0,100.0
1781845084.62,ROCM_SMI,GPU_6,1474.1,143.0,100.0
1781845084.62,ROCM_SMI,GPU_7,1474.1,137.0,100.0
1781845086.81,ROCM_SMI,GPU_0,1474.1,145.0,81.0
1781845086.81,ROCM_SMI,GPU_1,1474.1,141.0,100.0
1781845086.81,ROCM_SMI,GPU_2,1474.1,143.0,100.0
1781845086.81,ROCM_SMI,GPU_3,1474.1,147.0,100.0
1781845086.81,ROCM_SMI,GPU_4,1474.1,145.0,100.0
1781845086.81,ROCM_SMI,GPU_5,1474.1,138.0,100.0
1781845086.81,ROCM_SMI,GPU_6,1474.1,144.0,100.0
1781845086.81,ROCM_SMI,GPU_7,1474.1,138.0,100.0
1781845089.00,ROCM_SMI,GPU_0,1474.1,146.0,100.0
1781845089.00,ROCM_SMI,GPU_1,1474.1,140.0,87.0
1781845089.00,ROCM_SMI,GPU_2,1474.1,140.0,100.0
1781845089.00,ROCM_SMI,GPU_3,1474.1,145.0,100.0
1781845089.00,ROCM_SMI,GPU_4,1474.1,144.0,100.0
1781845089.00,ROCM_SMI,GPU_5,1474.1,138.0,100.0
1781845089.00,ROCM_SMI,GPU_6,1474.1,144.0,100.0
1781845089.00,ROCM_SMI,GPU_7,1474.1,137.0,100.0
1781845091.19,ROCM_SMI,GPU_0,1474.1,145.0,100.0
1781845091.19,ROCM_SMI,GPU_1,1474.1,141.0,100.0
1781845091.19,ROCM_SMI,GPU_2,1474.1,141.0,100.0
1781845091.19,ROCM_SMI,GPU_3,1474.1,146.0,83.0
1781845091.19,ROCM_SMI,GPU_4,1474.1,144.0,100.0
1781845091.19,ROCM_SMI,GPU_5,1474.1,138.0,100.0
1781845091.19,ROCM_SMI,GPU_6,1474.1,145.0,100.0
1781845091.19,ROCM_SMI,GPU_7,1474.1,137.0,100.0
1781845093.39,ROCM_SMI,GPU_0,1474.1,144.0,100.0
1781845093.39,ROCM_SMI,GPU_1,1474.1,144.0,100.0
1781845093.39,ROCM_SMI,GPU_2,1474.1,146.0,100.0
1781845093.39,ROCM_SMI,GPU_3,1474.1,146.0,100.0
1781845093.39,ROCM_SMI,GPU_4,1474.1,141.0,100.0
1781845093.39,ROCM_SMI,GPU_5,1474.1,136.0,81.0
1781845093.39,ROCM_SMI,GPU_6,1474.1,142.0,100.0
1781845093.39,ROCM_SMI,GPU_7,1474.1,139.0,100.0
1781845095.61,ROCM_SMI,GPU_0,1474.1,144.0,100.0
1781845095.61,ROCM_SMI,GPU_1,1474.1,135.0,92.0
1781845095.61,ROCM_SMI,GPU_2,1474.1,139.0,100.0
1781845095.61,ROCM_SMI,GPU_3,1474.1,148.0,100.0
1781845095.61,ROCM_SMI,GPU_4,1474.1,151.0,100.0
1781845095.61,ROCM_SMI,GPU_5,1474.1,136.0,100.0
1781845095.61,ROCM_SMI,GPU_6,1474.1,148.0,100.0
1781845095.61,ROCM_SMI,GPU_7,1474.1,140.0,100.0
1781845097.80,ROCM_SMI,GPU_0,1474.1,147.0,100.0
1781845097.80,ROCM_SMI,GPU_1,1474.1,139.0,91.0
1781845097.80,ROCM_SMI,GPU_2,1474.1,145.0,100.0
1781845097.80,ROCM_SMI,GPU_3,1474.1,145.0,100.0
1781845097.80,ROCM_SMI,GPU_4,1474.1,140.0,100.0
1781845097.80,ROCM_SMI,GPU_5,1474.1,140.0,100.0
1781845097.80,ROCM_SMI,GPU_6,1474.1,140.0,100.0
1781845097.80,ROCM_SMI,GPU_7,1474.1,140.0,100.0
1781845099.99,ROCM_SMI,GPU_0,1474.1,145.0,100.0
1781845099.99,ROCM_SMI,GPU_1,1474.1,139.0,100.0
1781845099.99,ROCM_SMI,GPU_2,1474.1,146.0,100.0
1781845099.99,ROCM_SMI,GPU_3,1474.1,145.0,80.0
1781845099.99,ROCM_SMI,GPU_4,1474.1,139.0,100.0
1781845099.99,ROCM_SMI,GPU_5,1474.1,141.0,100.0
1781845099.99,ROCM_SMI,GPU_6,1474.1,141.0,100.0
1781845099.99,ROCM_SMI,GPU_7,1474.1,140.0,100.0
1781845102.19,ROCM_SMI,GPU_0,1474.1,152.0,100.0
1781845102.19,ROCM_SMI,GPU_1,1474.1,142.0,100.0
1781845102.19,ROCM_SMI,GPU_2,1474.1,148.0,100.0
1781845102.19,ROCM_SMI,GPU_3,1474.1,145.0,100.0
1781845102.19,ROCM_SMI,GPU_4,1474.1,139.0,97.0
1781845102.19,ROCM_SMI,GPU_5,1474.1,143.0,89.0
1781845102.19,ROCM_SMI,GPU_6,1474.1,139.0,100.0
1781845102.19,ROCM_SMI,GPU_7,1474.1,140.0,100.0
1781845104.38,ROCM_SMI,GPU_0,1474.1,151.0,100.0
1781845104.38,ROCM_SMI,GPU_1,1474.1,139.0,100.0
1781845104.38,ROCM_SMI,GPU_2,1474.1,147.0,100.0
1781845104.38,ROCM_SMI,GPU_3,1474.1,147.0,100.0
1781845104.38,ROCM_SMI,GPU_4,1474.1,140.0,100.0
1781845104.38,ROCM_SMI,GPU_5,1474.1,143.0,93.0
1781845104.38,ROCM_SMI,GPU_6,1474.1,139.0,93.0
1781845104.38,ROCM_SMI,GPU_7,1474.1,141.0,100.0
1781845106.57,ROCM_SMI,GPU_0,1474.1,150.0,100.0
1781845106.57,ROCM_SMI,GPU_1,1474.1,138.0,100.0
1781845106.57,ROCM_SMI,GPU_2,1474.1,145.0,100.0
1781845106.57,ROCM_SMI,GPU_3,1474.1,146.0,100.0
1781845106.57,ROCM_SMI,GPU_4,1474.1,142.0,100.0
1781845106.57,ROCM_SMI,GPU_5,1474.1,142.0,100.0
1781845106.57,ROCM_SMI,GPU_6,1474.1,141.0,100.0
1781845106.57,ROCM_SMI,GPU_7,1474.1,139.0,88.0
1781845108.77,ROCM_SMI,GPU_0,1474.1,155.0,100.0
1781845108.77,ROCM_SMI,GPU_1,1474.1,141.0,100.0
1781845108.77,ROCM_SMI,GPU_2,1474.1,150.0,100.0
1781845108.77,ROCM_SMI,GPU_3,1474.1,148.0,100.0
1781845108.77,ROCM_SMI,GPU_4,1474.1,147.0,100.0
1781845108.77,ROCM_SMI,GPU_5,1474.1,145.0,100.0
1781845108.77,ROCM_SMI,GPU_6,1474.1,137.0,100.0
1781845108.77,ROCM_SMI,GPU_7,1474.1,135.0,100.0
1781845110.96,ROCM_SMI,GPU_0,1474.1,148.0,100.0
1781845110.96,ROCM_SMI,GPU_1,1474.1,140.0,100.0
1781845110.96,ROCM_SMI,GPU_2,1474.1,142.0,100.0
1781845110.96,ROCM_SMI,GPU_3,1474.1,146.0,100.0
1781845110.96,ROCM_SMI,GPU_4,1474.1,145.0,100.0
1781845110.96,ROCM_SMI,GPU_5,1474.1,140.0,100.0
1781845110.96,ROCM_SMI,GPU_6,1474.1,143.0,100.0
1781845110.96,ROCM_SMI,GPU_7,1474.1,137.0,100.0
1781845113.16,ROCM_SMI,GPU_0,1474.1,146.0,96.0
1781845113.16,ROCM_SMI,GPU_1,1474.1,139.0,100.0
1781845113.16,ROCM_SMI,GPU_2,1474.1,142.0,100.0
1781845113.16,ROCM_SMI,GPU_3,1474.1,146.0,100.0
1781845113.16,ROCM_SMI,GPU_4,1474.1,145.0,100.0
1781845113.16,ROCM_SMI,GPU_5,1474.1,140.0,100.0
1781845113.16,ROCM_SMI,GPU_6,1474.1,144.0,100.0
1781845113.16,ROCM_SMI,GPU_7,1474.1,139.0,100.0
1781845115.35,ROCM_SMI,GPU_0,1474.1,145.0,100.0
1781845115.35,ROCM_SMI,GPU_1,1474.1,140.0,100.0
1781845115.35,ROCM_SMI,GPU_2,1474.1,141.0,84.0
1781845115.35,ROCM_SMI,GPU_3,1474.1,145.0,100.0
1781845115.35,ROCM_SMI,GPU_4,1474.1,144.0,100.0
1781845115.35,ROCM_SMI,GPU_5,1474.1,138.0,100.0
1781845115.35,ROCM_SMI,GPU_6,1474.1,144.0,100.0
1781845115.35,ROCM_SMI,GPU_7,1474.1,139.0,100.0
1781845117.56,ROCM_SMI,GPU_0,1474.1,145.0,89.0
1781845117.56,ROCM_SMI,GPU_1,1474.1,142.0,100.0
1781845117.56,ROCM_SMI,GPU_2,1474.1,144.0,100.0
1781845117.56,ROCM_SMI,GPU_3,1474.1,148.0,100.0
1781845117.56,ROCM_SMI,GPU_4,1474.1,144.0,100.0
1781845117.56,ROCM_SMI,GPU_5,1474.1,138.0,100.0
1781845117.56,ROCM_SMI,GPU_6,1474.1,144.0,100.0
1781845117.56,ROCM_SMI,GPU_7,1474.1,137.0,100.0
1781845119.75,ROCM_SMI,GPU_0,1474.1,144.0,100.0
1781845119.75,ROCM_SMI,GPU_1,1474.1,140.0,88.0
1781845119.75,ROCM_SMI,GPU_2,1474.1,144.0,100.0
1781845119.75,ROCM_SMI,GPU_3,1474.1,148.0,100.0
1781845119.75,ROCM_SMI,GPU_4,1474.1,143.0,100.0
1781845119.75,ROCM_SMI,GPU_5,1474.1,138.0,100.0
1781845119.75,ROCM_SMI,GPU_6,1474.1,143.0,100.0
1781845119.75,ROCM_SMI,GPU_7,1474.1,139.0,100.0
1781845121.94,ROCM_SMI,GPU_0,1474.1,147.0,100.0
1781845121.94,ROCM_SMI,GPU_1,1474.1,142.0,100.0
1781845121.94,ROCM_SMI,GPU_2,1474.1,145.0,100.0
1781845121.94,ROCM_SMI,GPU_3,1474.1,145.0,88.0
1781845121.94,ROCM_SMI,GPU_4,1474.1,140.0,100.0
1781845121.94,ROCM_SMI,GPU_5,1474.1,141.0,100.0
1781845121.94,ROCM_SMI,GPU_6,1474.1,141.0,100.0
1781845121.94,ROCM_SMI,GPU_7,1474.1,140.0,100.0
1781845124.14,ROCM_SMI,GPU_0,1474.1,147.0,100.0
1781845124.14,ROCM_SMI,GPU_1,1474.1,138.0,100.0
1781845124.14,ROCM_SMI,GPU_2,1474.1,142.0,100.0
1781845124.14,ROCM_SMI,GPU_3,1474.1,140.0,87.0
1781845124.14,ROCM_SMI,GPU_4,1474.1,133.0,100.0
1781845124.14,ROCM_SMI,GPU_5,1474.1,143.0,100.0
1781845124.14,ROCM_SMI,GPU_6,1474.1,144.0,100.0
1781845124.14,ROCM_SMI,GPU_7,1474.1,147.0,100.0
1781845126.33,ROCM_SMI,GPU_0,1474.1,149.0,100.0
1781845126.33,ROCM_SMI,GPU_1,1474.1,140.0,100.0
1781845126.33,ROCM_SMI,GPU_2,1474.1,143.0,100.0
1781845126.33,ROCM_SMI,GPU_3,1474.1,147.0,100.0
1781845126.33,ROCM_SMI,GPU_4,1474.1,145.0,100.0
1781845126.33,ROCM_SMI,GPU_5,1474.1,140.0,100.0
1781845126.33,ROCM_SMI,GPU_6,1474.1,144.0,81.0
1781845126.33,ROCM_SMI,GPU_7,1474.1,138.0,100.0
1781845128.53,ROCM_SMI,GPU_0,1474.1,143.0,100.0
1781845128.53,ROCM_SMI,GPU_1,1474.1,142.0,100.0
1781845128.53,ROCM_SMI,GPU_2,1474.1,142.0,100.0
1781845128.53,ROCM_SMI,GPU_3,1474.1,146.0,100.0
1781845128.53,ROCM_SMI,GPU_4,1474.1,143.0,100.0
1781845128.53,ROCM_SMI,GPU_5,1474.1,137.0,100.0
1781845128.53,ROCM_SMI,GPU_6,1474.1,144.0,100.0
1781845128.53,ROCM_SMI,GPU_7,1474.1,136.0,100.0
1781845130.72,ROCM_SMI,GPU_0,1474.1,146.0,100.0
1781845130.72,ROCM_SMI,GPU_1,1474.1,141.0,100.0
1781845130.72,ROCM_SMI,GPU_2,1474.1,144.0,100.0
1781845130.72,ROCM_SMI,GPU_3,1474.1,148.0,100.0
1781845130.72,ROCM_SMI,GPU_4,1474.1,144.0,100.0
1781845130.72,ROCM_SMI,GPU_5,1474.1,139.0,100.0
1781845130.72,ROCM_SMI,GPU_6,1474.1,143.0,100.0
1781845130.72,ROCM_SMI,GPU_7,1474.1,138.0,100.0
1781845132.92,ROCM_SMI,GPU_0,1474.1,145.0,100.0
1781845132.92,ROCM_SMI,GPU_1,1474.1,143.0,100.0
1781845132.92,ROCM_SMI,GPU_2,1474.1,144.0,100.0
1781845132.92,ROCM_SMI,GPU_3,1474.1,146.0,100.0
1781845132.92,ROCM_SMI,GPU_4,1474.1,144.0,100.0
1781845132.92,ROCM_SMI,GPU_5,1474.1,138.0,100.0
1781845132.92,ROCM_SMI,GPU_6,1474.1,144.0,100.0
1781845132.92,ROCM_SMI,GPU_7,1474.1,140.0,100.0
1781845135.11,ROCM_SMI,GPU_0,1474.1,144.0,85.0
1781845135.11,ROCM_SMI,GPU_1,1474.1,140.0,100.0
1781845135.11,ROCM_SMI,GPU_2,1474.1,144.0,100.0
1781845135.11,ROCM_SMI,GPU_3,1474.1,147.0,100.0
1781845135.11,ROCM_SMI,GPU_4,1474.1,144.0,100.0
1781845135.11,ROCM_SMI,GPU_5,1474.1,137.0,100.0
1781845135.11,ROCM_SMI,GPU_6,1474.1,144.0,100.0
1781845135.11,ROCM_SMI,GPU_7,1474.1,138.0,100.0
1781845137.31,ROCM_SMI,GPU_0,1474.1,143.0,94.0
1781845137.31,ROCM_SMI,GPU_1,1474.1,114.0,100.0
1781845137.31,ROCM_SMI,GPU_2,1474.1,192.0,100.0
1781845137.31,ROCM_SMI,GPU_3,1474.1,119.0,100.0
1781845137.31,ROCM_SMI,GPU_4,1474.1,135.0,100.0
1781845137.31,ROCM_SMI,GPU_5,1474.1,141.0,100.0
1781845137.31,ROCM_SMI,GPU_6,1474.1,138.0,100.0
1781845137.31,ROCM_SMI,GPU_7,1474.1,133.0,100.0
1781845139.50,ROCM_SMI,GPU_0,1474.1,145.0,96.0
1781845139.50,ROCM_SMI,GPU_1,1474.1,140.0,91.0
1781845139.50,ROCM_SMI,GPU_2,1474.1,142.0,100.0
1781845139.50,ROCM_SMI,GPU_3,1474.1,147.0,100.0
1781845139.50,ROCM_SMI,GPU_4,1474.1,144.0,100.0
1781845139.50,ROCM_SMI,GPU_5,1474.1,137.0,100.0
1781845139.50,ROCM_SMI,GPU_6,1474.1,144.0,100.0
1781845139.50,ROCM_SMI,GPU_7,1474.1,139.0,100.0
1781845141.70,ROCM_SMI,GPU_0,1474.1,146.0,100.0
1781845141.70,ROCM_SMI,GPU_1,1474.1,140.0,100.0
1781845141.70,ROCM_SMI,GPU_2,1474.1,146.0,100.0
1781845141.70,ROCM_SMI,GPU_3,1474.1,146.0,80.0
1781845141.70,ROCM_SMI,GPU_4,1474.1,140.0,100.0
1781845141.70,ROCM_SMI,GPU_5,1474.1,142.0,100.0
1781845141.70,ROCM_SMI,GPU_6,1474.1,141.0,100.0
1781845141.70,ROCM_SMI,GPU_7,1474.1,139.0,100.0
1781845143.89,ROCM_SMI,GPU_0,1474.1,149.0,100.0
1781845143.89,ROCM_SMI,GPU_1,1474.1,141.0,100.0
1781845143.89,ROCM_SMI,GPU_2,1474.1,148.0,100.0
1781845143.89,ROCM_SMI,GPU_3,1474.1,146.0,100.0
1781845143.89,ROCM_SMI,GPU_4,1474.1,141.0,100.0
1781845143.89,ROCM_SMI,GPU_5,1474.1,143.0,80.0
1781845143.89,ROCM_SMI,GPU_6,1474.1,140.0,100.0
1781845143.89,ROCM_SMI,GPU_7,1474.1,142.0,100.0
1781845146.08,ROCM_SMI,GPU_0,1474.1,151.0,100.0
1781845146.08,ROCM_SMI,GPU_1,1474.1,141.0,100.0
1781845146.08,ROCM_SMI,GPU_2,1474.1,147.0,100.0
1781845146.08,ROCM_SMI,GPU_3,1474.1,145.0,100.0
1781845146.08,ROCM_SMI,GPU_4,1474.1,141.0,100.0
1781845146.08,ROCM_SMI,GPU_5,1474.1,144.0,100.0
1781845146.08,ROCM_SMI,GPU_6,1474.1,139.0,96.0
1781845146.08,ROCM_SMI,GPU_7,1474.1,139.0,82.0
1781845148.28,ROCM_SMI,GPU_0,1474.1,150.0,100.0
1781845148.28,ROCM_SMI,GPU_1,1474.1,140.0,100.0
1781845148.28,ROCM_SMI,GPU_2,1474.1,146.0,100.0
1781845148.28,ROCM_SMI,GPU_3,1474.1,146.0,100.0
1781845148.28,ROCM_SMI,GPU_4,1474.1,140.0,100.0
1781845148.28,ROCM_SMI,GPU_5,1474.1,143.0,100.0
1781845148.28,ROCM_SMI,GPU_6,1474.1,139.0,100.0
1781845148.28,ROCM_SMI,GPU_7,1474.1,140.0,94.0
1781845150.47,ROCM_SMI,GPU_0,1474.1,152.0,100.0
1781845150.47,ROCM_SMI,GPU_1,1474.1,139.0,100.0
1781845150.47,ROCM_SMI,GPU_2,1474.1,146.0,100.0
1781845150.47,ROCM_SMI,GPU_3,1474.1,145.0,100.0
1781845150.47,ROCM_SMI,GPU_4,1474.1,142.0,100.0
1781845150.47,ROCM_SMI,GPU_5,1474.1,144.0,100.0
1781845150.47,ROCM_SMI,GPU_6,1474.1,139.0,100.0
1781845150.47,ROCM_SMI,GPU_7,1474.1,142.0,100.0
1781845152.67,ROCM_SMI,GPU_0,1474.1,207.0,100.0
1781845152.67,ROCM_SMI,GPU_1,1474.1,123.0,100.0
1781845152.67,ROCM_SMI,GPU_2,1474.1,146.0,100.0
1781845152.67,ROCM_SMI,GPU_3,1474.1,143.0,100.0
1781845152.67,ROCM_SMI,GPU_4,1474.1,134.0,100.0
1781845152.67,ROCM_SMI,GPU_5,1474.1,135.0,100.0
1781845152.67,ROCM_SMI,GPU_6,1474.1,140.0,100.0
1781845152.67,ROCM_SMI,GPU_7,1474.1,130.0,100.0
1781845154.86,ROCM_SMI,GPU_0,1474.1,149.0,100.0
1781845154.86,ROCM_SMI,GPU_1,1474.1,141.0,100.0
1781845154.86,ROCM_SMI,GPU_2,1474.1,145.0,100.0
1781845154.86,ROCM_SMI,GPU_3,1474.1,145.0,100.0
1781845154.86,ROCM_SMI,GPU_4,1474.1,143.0,100.0
1781845154.86,ROCM_SMI,GPU_5,1474.1,141.0,100.0
1781845154.86,ROCM_SMI,GPU_6,1474.1,142.0,100.0
1781845154.86,ROCM_SMI,GPU_7,1474.1,138.0,100.0
1781845157.06,ROCM_SMI,GPU_0,1474.1,149.0,84.0
1781845157.06,ROCM_SMI,GPU_1,1474.1,139.0,100.0
1781845157.06,ROCM_SMI,GPU_2,1474.1,143.0,100.0
1781845157.06,ROCM_SMI,GPU_3,1474.1,146.0,100.0
1781845157.06,ROCM_SMI,GPU_4,1474.1,143.0,100.0
1781845157.06,ROCM_SMI,GPU_5,1474.1,141.0,100.0
1781845157.06,ROCM_SMI,GPU_6,1474.1,141.0,100.0
1781845157.06,ROCM_SMI,GPU_7,1474.1,137.0,100.0
1781845159.25,ROCM_SMI,GPU_0,1474.1,147.0,100.0
1781845159.25,ROCM_SMI,GPU_1,1474.1,141.0,100.0
1781845159.25,ROCM_SMI,GPU_2,1474.1,140.0,84.0
1781845159.25,ROCM_SMI,GPU_3,1474.1,146.0,100.0
1781845159.25,ROCM_SMI,GPU_4,1474.1,145.0,100.0
1781845159.25,ROCM_SMI,GPU_5,1474.1,139.0,100.0
1781845159.25,ROCM_SMI,GPU_6,1474.1,144.0,100.0
1781845159.25,ROCM_SMI,GPU_7,1474.1,139.0,100.0
1781845161.44,ROCM_SMI,GPU_0,1474.1,146.0,100.0
1781845161.44,ROCM_SMI,GPU_1,1474.1,143.0,100.0
1781845161.44,ROCM_SMI,GPU_2,1474.1,142.0,100.0
1781845161.44,ROCM_SMI,GPU_3,1474.1,146.0,100.0
1781845161.44,ROCM_SMI,GPU_4,1474.1,144.0,81.0
1781845161.44,ROCM_SMI,GPU_5,1474.1,137.0,100.0
1781845161.44,ROCM_SMI,GPU_6,1474.1,145.0,100.0
1781845161.44,ROCM_SMI,GPU_7,1474.1,137.0,100.0
1781845163.63,ROCM_SMI,GPU_0,1474.1,148.0,100.0
1781845163.63,ROCM_SMI,GPU_1,1474.1,143.0,100.0
1781845163.63,ROCM_SMI,GPU_2,1474.1,143.0,100.0
1781845163.63,ROCM_SMI,GPU_3,1474.1,146.0,100.0
1781845163.63,ROCM_SMI,GPU_4,1474.1,144.0,100.0
1781845163.63,ROCM_SMI,GPU_5,1474.1,138.0,94.0
1781845163.63,ROCM_SMI,GPU_6,1474.1,142.0,100.0
1781845163.63,ROCM_SMI,GPU_7,1474.1,138.0,100.0
1781845165.83,ROCM_SMI,GPU_0,1474.1,149.0,100.0
1781845165.83,ROCM_SMI,GPU_1,1474.1,140.0,100.0
1781845165.83,ROCM_SMI,GPU_2,1474.1,142.0,100.0
1781845165.83,ROCM_SMI,GPU_3,1474.1,148.0,100.0
1781845165.83,ROCM_SMI,GPU_4,1474.1,146.0,100.0
1781845165.83,ROCM_SMI,GPU_5,1474.1,139.0,100.0
1781845165.83,ROCM_SMI,GPU_6,1474.1,141.0,100.0
1781845165.83,ROCM_SMI,GPU_7,1474.1,136.0,80.0
1781845168.02,ROCM_SMI,GPU_0,1474.1,144.0,100.0
1781845168.02,ROCM_SMI,GPU_1,1474.1,141.0,100.0
1781845168.02,ROCM_SMI,GPU_2,1474.1,143.0,100.0
1781845168.02,ROCM_SMI,GPU_3,1474.1,146.0,100.0
1781845168.02,ROCM_SMI,GPU_4,1474.1,143.0,100.0
1781845168.02,ROCM_SMI,GPU_5,1474.1,137.0,100.0
1781845168.02,ROCM_SMI,GPU_6,1474.1,144.0,100.0
1781845168.02,ROCM_SMI,GPU_7,1474.1,138.0,100.0
1781845170.21,ROCM_SMI,GPU_0,1474.1,143.0,96.0
1781845170.21,ROCM_SMI,GPU_1,1474.1,141.0,100.0
1781845170.21,ROCM_SMI,GPU_2,1474.1,143.0,100.0
1781845170.21,ROCM_SMI,GPU_3,1474.1,147.0,100.0
1781845170.21,ROCM_SMI,GPU_4,1474.1,144.0,100.0
1781845170.21,ROCM_SMI,GPU_5,1474.1,138.0,100.0
1781845170.21,ROCM_SMI,GPU_6,1474.1,144.0,100.0
1781845170.21,ROCM_SMI,GPU_7,1474.1,139.0,100.0
1781845172.40,ROCM_SMI,GPU_0,1474.1,146.0,100.0
1781845172.40,ROCM_SMI,GPU_1,1474.1,140.0,89.0
1781845172.40,ROCM_SMI,GPU_2,1474.1,145.0,91.0
1781845172.40,ROCM_SMI,GPU_3,1474.1,146.0,100.0
1781845172.40,ROCM_SMI,GPU_4,1474.1,141.0,100.0
1781845172.40,ROCM_SMI,GPU_5,1474.1,139.0,100.0
1781845172.40,ROCM_SMI,GPU_6,1474.1,141.0,100.0
1781845172.40,ROCM_SMI,GPU_7,1474.1,140.0,100.0
1781845174.59,ROCM_SMI,GPU_0,1474.1,152.0,100.0
1781845174.59,ROCM_SMI,GPU_1,1474.1,141.0,100.0
1781845174.59,ROCM_SMI,GPU_2,1474.1,145.0,100.0
1781845174.59,ROCM_SMI,GPU_3,1474.1,145.0,100.0
1781845174.59,ROCM_SMI,GPU_4,1474.1,143.0,81.0
1781845174.59,ROCM_SMI,GPU_5,1474.1,142.0,100.0
1781845174.59,ROCM_SMI,GPU_6,1474.1,141.0,100.0
1781845174.59,ROCM_SMI,GPU_7,1474.1,138.0,100.0
1781845176.79,ROCM_SMI,GPU_0,1474.1,149.0,100.0
1781845176.79,ROCM_SMI,GPU_1,1474.1,141.0,100.0
1781845176.79,ROCM_SMI,GPU_2,1474.1,142.0,100.0
1781845176.79,ROCM_SMI,GPU_3,1474.1,146.0,100.0
1781845176.79,ROCM_SMI,GPU_4,1474.1,146.0,100.0
1781845176.79,ROCM_SMI,GPU_5,1474.1,140.0,85.0
1781845176.79,ROCM_SMI,GPU_6,1474.1,143.0,100.0
1781845176.79,ROCM_SMI,GPU_7,1474.1,138.0,100.0
1781845178.99,ROCM_SMI,GPU_0,1474.1,154.0,100.0
1781845178.99,ROCM_SMI,GPU_1,1474.1,148.0,100.0
1781845178.99,ROCM_SMI,GPU_2,1474.1,142.0,100.0
1781845178.99,ROCM_SMI,GPU_3,1474.1,144.0,100.0
1781845178.99,ROCM_SMI,GPU_4,1474.1,140.0,100.0
1781845178.99,ROCM_SMI,GPU_5,1474.1,135.0,100.0
1781845178.99,ROCM_SMI,GPU_6,1474.1,135.0,84.0
1781845178.99,ROCM_SMI,GPU_7,1474.1,135.0,100.0
1781845181.18,ROCM_SMI,GPU_0,1474.1,150.0,100.0
1781845181.18,ROCM_SMI,GPU_1,1474.1,141.0,100.0
1781845181.18,ROCM_SMI,GPU_2,1474.1,144.0,100.0
1781845181.18,ROCM_SMI,GPU_3,1474.1,147.0,100.0
1781845181.18,ROCM_SMI,GPU_4,1474.1,145.0,100.0
1781845181.18,ROCM_SMI,GPU_5,1474.1,140.0,100.0
1781845181.18,ROCM_SMI,GPU_6,1474.1,142.0,100.0
1781845181.18,ROCM_SMI,GPU_7,1474.1,138.0,82.0
1781845183.37,ROCM_SMI,GPU_0,1474.1,150.0,100.0
1781845183.37,ROCM_SMI,GPU_1,1474.1,141.0,100.0
1781845183.37,ROCM_SMI,GPU_2,1474.1,142.0,100.0
1781845183.37,ROCM_SMI,GPU_3,1474.1,145.0,100.0
1781845183.37,ROCM_SMI,GPU_4,1474.1,143.0,100.0
1781845183.37,ROCM_SMI,GPU_5,1474.1,141.0,100.0
1781845183.37,ROCM_SMI,GPU_6,1474.1,142.0,100.0
1781845183.37,ROCM_SMI,GPU_7,1474.1,137.0,100.0
1781845185.57,ROCM_SMI,GPU_0,1474.1,150.0,100.0
1781845185.57,ROCM_SMI,GPU_1,1474.1,141.0,100.0
1781845185.57,ROCM_SMI,GPU_2,1474.1,145.0,100.0
1781845185.57,ROCM_SMI,GPU_3,1474.1,145.0,100.0
1781845185.57,ROCM_SMI,GPU_4,1474.1,143.0,100.0
1781845185.57,ROCM_SMI,GPU_5,1474.1,142.0,100.0
1781845185.57,ROCM_SMI,GPU_6,1474.1,141.0,100.0
1781845185.57,ROCM_SMI,GPU_7,1474.1,137.0,100.0
1781845187.76,ROCM_SMI,GPU_0,1474.1,148.0,100.0
1781845187.76,ROCM_SMI,GPU_1,1474.1,140.0,100.0
1781845187.76,ROCM_SMI,GPU_2,1474.1,145.0,100.0
1781845187.76,ROCM_SMI,GPU_3,1474.1,146.0,100.0
1781845187.76,ROCM_SMI,GPU_4,1474.1,142.0,100.0
1781845187.76,ROCM_SMI,GPU_5,1474.1,142.0,100.0
1781845187.76,ROCM_SMI,GPU_6,1474.1,140.0,100.0
1781845187.76,ROCM_SMI,GPU_7,1474.1,138.0,100.0
1781845189.95,ROCM_SMI,GPU_0,1474.1,148.0,100.0
1781845189.95,ROCM_SMI,GPU_1,1474.1,138.0,100.0
1781845189.95,ROCM_SMI,GPU_2,1474.1,142.0,90.0
1781845189.95,ROCM_SMI,GPU_3,1474.1,145.0,100.0
1781845189.95,ROCM_SMI,GPU_4,1474.1,143.0,100.0
1781845189.95,ROCM_SMI,GPU_5,1474.1,141.0,100.0
1781845189.95,ROCM_SMI,GPU_6,1474.1,142.0,100.0
1781845189.95,ROCM_SMI,GPU_7,1474.1,139.0,100.0
1781845192.14,ROCM_SMI,GPU_0,1474.1,151.0,100.0
1781845192.14,ROCM_SMI,GPU_1,1474.1,141.0,100.0
1781845192.14,ROCM_SMI,GPU_2,1474.1,143.0,100.0
1781845192.14,ROCM_SMI,GPU_3,1474.1,145.0,87.0
1781845192.14,ROCM_SMI,GPU_4,1474.1,140.0,100.0
1781845192.14,ROCM_SMI,GPU_5,1474.1,141.0,100.0
1781845192.14,ROCM_SMI,GPU_6,1474.1,142.0,100.0
1781845192.14,ROCM_SMI,GPU_7,1474.1,139.0,100.0
1781845194.34,ROCM_SMI,GPU_0,1474.1,146.0,100.0
1781845194.34,ROCM_SMI,GPU_1,1474.1,137.0,100.0
1781845194.34,ROCM_SMI,GPU_2,1474.1,139.0,100.0
1781845194.34,ROCM_SMI,GPU_3,1474.1,140.0,100.0
1781845194.34,ROCM_SMI,GPU_4,1474.1,134.0,84.0
1781845194.34,ROCM_SMI,GPU_5,1474.1,140.0,100.0
1781845194.34,ROCM_SMI,GPU_6,1474.1,137.0,100.0
1781845194.34,ROCM_SMI,GPU_7,1474.1,148.0,100.0
1781845196.53,ROCM_SMI,GPU_0,1474.1,152.0,100.0
1781845196.53,ROCM_SMI,GPU_1,1474.1,140.0,100.0
1781845196.53,ROCM_SMI,GPU_2,1474.1,144.0,100.0
1781845196.53,ROCM_SMI,GPU_3,1474.1,146.0,100.0
1781845196.53,ROCM_SMI,GPU_4,1474.1,144.0,100.0
1781845196.53,ROCM_SMI,GPU_5,1474.1,142.0,100.0
1781845196.53,ROCM_SMI,GPU_6,1474.1,142.0,81.0
1781845196.53,ROCM_SMI,GPU_7,1474.1,138.0,100.0
1781845198.72,ROCM_SMI,GPU_0,1474.1,151.0,100.0
1781845198.72,ROCM_SMI,GPU_1,1474.1,139.0,100.0
1781845198.72,ROCM_SMI,GPU_2,1474.1,146.0,100.0
1781845198.72,ROCM_SMI,GPU_3,1474.1,145.0,100.0
1781845198.72,ROCM_SMI,GPU_4,1474.1,142.0,100.0
1781845198.72,ROCM_SMI,GPU_5,1474.1,143.0,100.0
1781845198.72,ROCM_SMI,GPU_6,1474.1,140.0,100.0
1781845198.72,ROCM_SMI,GPU_7,1474.1,137.0,80.0
1781845200.91,ROCM_SMI,GPU_0,1474.1,151.0,100.0
1781845200.91,ROCM_SMI,GPU_1,1474.1,139.0,100.0
1781845200.91,ROCM_SMI,GPU_2,1474.1,147.0,100.0
1781845200.91,ROCM_SMI,GPU_3,1474.1,146.0,100.0
1781845200.91,ROCM_SMI,GPU_4,1474.1,139.0,100.0
1781845200.91,ROCM_SMI,GPU_5,1474.1,143.0,100.0
1781845200.91,ROCM_SMI,GPU_6,1474.1,139.0,100.0
1781845200.91,ROCM_SMI,GPU_7,1474.1,139.0,100.0
1781845203.10,ROCM_SMI,GPU_0,1474.1,147.0,100.0
1781845203.10,ROCM_SMI,GPU_1,1474.1,140.0,100.0
1781845203.10,ROCM_SMI,GPU_2,1474.1,147.0,100.0
1781845203.10,ROCM_SMI,GPU_3,1474.1,147.0,100.0
1781845203.10,ROCM_SMI,GPU_4,1474.1,139.0,100.0
1781845203.10,ROCM_SMI,GPU_5,1474.1,142.0,100.0
1781845203.10,ROCM_SMI,GPU_6,1474.1,139.0,100.0
1781845203.10,ROCM_SMI,GPU_7,1474.1,140.0,100.0
1781845205.30,ROCM_SMI,GPU_0,1474.1,148.0,100.0
1781845205.30,ROCM_SMI,GPU_1,1474.1,140.0,87.0
1781845205.30,ROCM_SMI,GPU_2,1474.1,148.0,100.0
1781845205.30,ROCM_SMI,GPU_3,1474.1,146.0,100.0
1781845205.30,ROCM_SMI,GPU_4,1474.1,140.0,100.0
1781845205.30,ROCM_SMI,GPU_5,1474.1,144.0,100.0
1781845205.30,ROCM_SMI,GPU_6,1474.1,139.0,100.0
1781845205.30,ROCM_SMI,GPU_7,1474.1,143.0,100.0
1781845207.49,ROCM_SMI,GPU_0,1474.1,146.0,100.0
1781845207.49,ROCM_SMI,GPU_1,1474.1,140.0,100.0
1781845207.49,ROCM_SMI,GPU_2,1474.1,144.0,82.0
1781845207.49,ROCM_SMI,GPU_3,1474.1,144.0,100.0
1781845207.49,ROCM_SMI,GPU_4,1474.1,142.0,100.0
1781845207.49,ROCM_SMI,GPU_5,1474.1,144.0,100.0
1781845207.49,ROCM_SMI,GPU_6,1474.1,144.0,100.0
1781845207.49,ROCM_SMI,GPU_7,1474.1,141.0,100.0
1781845209.68,ROCM_SMI,GPU_0,1474.1,148.0,100.0
1781845209.68,ROCM_SMI,GPU_1,1474.1,140.0,100.0
1781845209.68,ROCM_SMI,GPU_2,1474.1,148.0,100.0
1781845209.68,ROCM_SMI,GPU_3,1474.1,145.0,100.0
1781845209.68,ROCM_SMI,GPU_4,1474.1,137.0,88.0
1781845209.68,ROCM_SMI,GPU_5,1474.1,142.0,100.0
1781845209.68,ROCM_SMI,GPU_6,1474.1,139.0,100.0
1781845209.68,ROCM_SMI,GPU_7,1474.1,139.0,100.0
1781845211.88,ROCM_SMI,GPU_0,1474.1,150.0,100.0
1781845211.88,ROCM_SMI,GPU_1,1474.1,141.0,100.0
1781845211.88,ROCM_SMI,GPU_2,1474.1,147.0,100.0
1781845211.88,ROCM_SMI,GPU_3,1474.1,145.0,100.0
1781845211.88,ROCM_SMI,GPU_4,1474.1,141.0,100.0
1781845211.88,ROCM_SMI,GPU_5,1474.1,143.0,87.0
1781845211.88,ROCM_SMI,GPU_6,1474.1,140.0,100.0
1781845211.88,ROCM_SMI,GPU_7,1474.1,142.0,100.0
1781845214.07,ROCM_SMI,GPU_0,1474.1,147.0,100.0
1781845214.07,ROCM_SMI,GPU_1,1474.1,141.0,100.0
1781845214.07,ROCM_SMI,GPU_2,1474.1,148.0,100.0
1781845214.07,ROCM_SMI,GPU_3,1474.1,147.0,100.0
1781845214.07,ROCM_SMI,GPU_4,1474.1,140.0,100.0
1781845214.07,ROCM_SMI,GPU_5,1474.1,142.0,100.0
1781845214.07,ROCM_SMI,GPU_6,1474.1,139.0,81.0
1781845214.07,ROCM_SMI,GPU_7,1474.1,139.0,100.0
1781845216.26,ROCM_SMI,GPU_0,1474.1,147.0,100.0
1781845216.26,ROCM_SMI,GPU_1,1474.1,142.0,100.0
1781845216.26,ROCM_SMI,GPU_2,1474.1,148.0,100.0
1781845216.26,ROCM_SMI,GPU_3,1474.1,147.0,100.0
1781845216.26,ROCM_SMI,GPU_4,1474.1,140.0,100.0
1781845216.26,ROCM_SMI,GPU_5,1474.1,142.0,100.0
1781845216.26,ROCM_SMI,GPU_6,1474.1,139.0,100.0
1781845216.26,ROCM_SMI,GPU_7,1474.1,140.0,82.0
1781845218.45,ROCM_SMI,GPU_0,1474.1,148.0,100.0
1781845218.45,ROCM_SMI,GPU_1,1474.1,140.0,100.0
1781845218.45,ROCM_SMI,GPU_2,1474.1,147.0,100.0
1781845218.45,ROCM_SMI,GPU_3,1474.1,146.0,100.0
1781845218.45,ROCM_SMI,GPU_4,1474.1,139.0,100.0
1781845218.45,ROCM_SMI,GPU_5,1474.1,141.0,100.0
1781845218.45,ROCM_SMI,GPU_6,1474.1,140.0,100.0
1781845218.45,ROCM_SMI,GPU_7,1474.1,140.0,100.0
1781845220.65,ROCM_SMI,GPU_0,1474.1,145.0,100.0
1781845220.65,ROCM_SMI,GPU_1,1474.1,139.0,100.0
1781845220.65,ROCM_SMI,GPU_2,1474.1,149.0,100.0
1781845220.65,ROCM_SMI,GPU_3,1474.1,149.0,100.0
1781845220.65,ROCM_SMI,GPU_4,1474.1,141.0,100.0
1781845220.65,ROCM_SMI,GPU_5,1474.1,142.0,100.0
1781845220.65,ROCM_SMI,GPU_6,1474.1,144.0,100.0
1781845220.65,ROCM_SMI,GPU_7,1474.1,144.0,100.0
1781845222.84,ROCM_SMI,GPU_0,1474.1,149.0,100.0
1781845222.84,ROCM_SMI,GPU_1,1474.1,139.0,100.0
1781845222.84,ROCM_SMI,GPU_2,1474.1,147.0,100.0
1781845222.84,ROCM_SMI,GPU_3,1474.1,146.0,100.0
1781845222.84,ROCM_SMI,GPU_4,1474.1,140.0,100.0
1781845222.84,ROCM_SMI,GPU_5,1474.1,143.0,100.0
1781845222.84,ROCM_SMI,GPU_6,1474.1,140.0,100.0
1781845222.84,ROCM_SMI,GPU_7,1474.1,140.0,100.0
1781845225.03,ROCM_SMI,GPU_0,1474.1,147.0,100.0
1781845225.03,ROCM_SMI,GPU_1,1474.1,139.0,100.0
1781845225.03,ROCM_SMI,GPU_2,1474.1,146.0,83.0
1781845225.03,ROCM_SMI,GPU_3,1474.1,147.0,100.0
1781845225.03,ROCM_SMI,GPU_4,1474.1,141.0,100.0
1781845225.03,ROCM_SMI,GPU_5,1474.1,141.0,100.0
1781845225.03,ROCM_SMI,GPU_6,1474.1,141.0,100.0
1781845225.03,ROCM_SMI,GPU_7,1474.1,140.0,100.0
1781845227.23,ROCM_SMI,GPU_0,1474.1,148.0,100.0
1781845227.23,ROCM_SMI,GPU_1,1474.1,140.0,100.0
1781845227.23,ROCM_SMI,GPU_2,1474.1,148.0,100.0
1781845227.23,ROCM_SMI,GPU_3,1474.1,145.0,95.0
1781845227.23,ROCM_SMI,GPU_4,1474.1,138.0,92.0
1781845227.23,ROCM_SMI,GPU_5,1474.1,142.0,100.0
1781845227.23,ROCM_SMI,GPU_6,1474.1,140.0,100.0
1781845227.23,ROCM_SMI,GPU_7,1474.1,139.0,100.0
1781845229.42,ROCM_SMI,GPU_0,1474.1,151.0,100.0
1781845229.42,ROCM_SMI,GPU_1,1474.1,139.0,100.0
1781845229.42,ROCM_SMI,GPU_2,1474.1,147.0,100.0
1781845229.42,ROCM_SMI,GPU_3,1474.1,145.0,100.0
1781845229.42,ROCM_SMI,GPU_4,1474.1,141.0,100.0
1781845229.42,ROCM_SMI,GPU_5,1474.1,143.0,100.0
1781845229.42,ROCM_SMI,GPU_6,1474.1,139.0,83.0
1781845229.42,ROCM_SMI,GPU_7,1474.1,138.0,100.0
1781845231.61,ROCM_SMI,GPU_0,1474.1,149.0,100.0
1781845231.61,ROCM_SMI,GPU_1,1474.1,141.0,100.0
1781845231.61,ROCM_SMI,GPU_2,1474.1,147.0,100.0
1781845231.61,ROCM_SMI,GPU_3,1474.1,145.0,100.0
1781845231.61,ROCM_SMI,GPU_4,1474.1,139.0,100.0
1781845231.61,ROCM_SMI,GPU_5,1474.1,143.0,100.0
1781845231.61,ROCM_SMI,GPU_6,1474.1,139.0,100.0
1781845231.61,ROCM_SMI,GPU_7,1474.1,139.0,100.0
1781845233.80,ROCM_SMI,GPU_0,1474.1,152.0,100.0
1781845233.80,ROCM_SMI,GPU_1,1474.1,139.0,100.0
1781845233.80,ROCM_SMI,GPU_2,1474.1,148.0,100.0
1781845233.80,ROCM_SMI,GPU_3,1474.1,145.0,100.0
1781845233.80,ROCM_SMI,GPU_4,1474.1,141.0,100.0
1781845233.80,ROCM_SMI,GPU_5,1474.1,144.0,100.0
1781845233.80,ROCM_SMI,GPU_6,1474.1,138.0,100.0
1781845233.80,ROCM_SMI,GPU_7,1474.1,139.0,100.0
1781845236.00,ROCM_SMI,GPU_0,1474.1,149.0,100.0
1781845236.00,ROCM_SMI,GPU_1,1474.1,141.0,100.0
1781845236.00,ROCM_SMI,GPU_2,1474.1,147.0,100.0
1781845236.00,ROCM_SMI,GPU_3,1474.1,146.0,100.0
1781845236.00,ROCM_SMI,GPU_4,1474.1,141.0,100.0
1781845236.00,ROCM_SMI,GPU_5,1474.1,143.0,100.0
1781845236.00,ROCM_SMI,GPU_6,1474.1,139.0,100.0
1781845236.00,ROCM_SMI,GPU_7,1474.1,139.0,100.0
1781845238.19,ROCM_SMI,GPU_0,1474.1,150.0,100.0
1781845238.19,ROCM_SMI,GPU_1,1474.1,139.0,100.0
1781845238.19,ROCM_SMI,GPU_2,1474.1,147.0,100.0
1781845238.19,ROCM_SMI,GPU_3,1474.1,145.0,100.0
1781845238.19,ROCM_SMI,GPU_4,1474.1,141.0,100.0
1781845238.19,ROCM_SMI,GPU_5,1474.1,143.0,100.0
1781845238.19,ROCM_SMI,GPU_6,1474.1,139.0,100.0
1781845238.19,ROCM_SMI,GPU_7,1474.1,139.0,100.0
1781845240.38,ROCM_SMI,GPU_0,1474.1,147.0,100.0
1781845240.38,ROCM_SMI,GPU_1,1474.1,137.0,93.0
1781845240.38,ROCM_SMI,GPU_2,1474.1,147.0,100.0
1781845240.38,ROCM_SMI,GPU_3,1474.1,147.0,100.0
1781845240.38,ROCM_SMI,GPU_4,1474.1,139.0,100.0
1781845240.38,ROCM_SMI,GPU_5,1474.1,141.0,100.0
1781845240.38,ROCM_SMI,GPU_6,1474.1,139.0,100.0
1781845240.38,ROCM_SMI,GPU_7,1474.1,141.0,100.0
1781845242.58,ROCM_SMI,GPU_0,1474.1,149.0,100.0
1781845242.58,ROCM_SMI,GPU_1,1474.1,139.0,100.0
1781845242.58,ROCM_SMI,GPU_2,1474.1,147.0,84.0
1781845242.58,ROCM_SMI,GPU_3,1474.1,145.0,100.0
1781845242.58,ROCM_SMI,GPU_4,1474.1,139.0,100.0
1781845242.58,ROCM_SMI,GPU_5,1474.1,142.0,100.0
1781845242.58,ROCM_SMI,GPU_6,1474.1,139.0,100.0
1781845242.58,ROCM_SMI,GPU_7,1474.1,140.0,100.0
1781845244.77,ROCM_SMI,GPU_0,1474.1,151.0,100.0
1781845244.77,ROCM_SMI,GPU_1,1474.1,141.0,100.0
1781845244.77,ROCM_SMI,GPU_2,1474.1,148.0,100.0
1781845244.77,ROCM_SMI,GPU_3,1474.1,146.0,100.0
1781845244.77,ROCM_SMI,GPU_4,1474.1,140.0,76.0
1781845244.77,ROCM_SMI,GPU_5,1474.1,141.0,100.0
1781845244.77,ROCM_SMI,GPU_6,1474.1,139.0,100.0
1781845244.77,ROCM_SMI,GPU_7,1474.1,139.0,100.0
1781845246.96,ROCM_SMI,GPU_0,1474.1,152.0,100.0
1781845246.96,ROCM_SMI,GPU_1,1474.1,139.0,100.0
1781845246.96,ROCM_SMI,GPU_2,1474.1,146.0,100.0
1781845246.96,ROCM_SMI,GPU_3,1474.1,146.0,100.0
1781845246.96,ROCM_SMI,GPU_4,1474.1,142.0,100.0
1781845246.96,ROCM_SMI,GPU_5,1474.1,143.0,100.0
1781845246.96,ROCM_SMI,GPU_6,1474.1,140.0,93.0
1781845246.96,ROCM_SMI,GPU_7,1474.1,137.0,100.0
1781845249.16,ROCM_SMI,GPU_0,1474.1,148.0,100.0
1781845249.16,ROCM_SMI,GPU_1,1474.1,143.0,100.0
1781845249.16,ROCM_SMI,GPU_2,1474.1,148.0,100.0
1781845249.16,ROCM_SMI,GPU_3,1474.1,143.0,100.0
1781845249.16,ROCM_SMI,GPU_4,1474.1,141.0,100.0
1781845249.16,ROCM_SMI,GPU_5,1474.1,140.0,100.0
1781845249.16,ROCM_SMI,GPU_6,1474.1,140.0,97.0
1781845249.16,ROCM_SMI,GPU_7,1474.1,136.0,98.0
1781845251.35,ROCM_SMI,GPU_0,1474.1,147.0,100.0
1781845251.35,ROCM_SMI,GPU_1,1474.1,140.0,100.0
1781845251.35,ROCM_SMI,GPU_2,1474.1,147.0,100.0
1781845251.35,ROCM_SMI,GPU_3,1474.1,146.0,100.0
1781845251.35,ROCM_SMI,GPU_4,1474.1,140.0,100.0
1781845251.35,ROCM_SMI,GPU_5,1474.1,142.0,100.0
1781845251.35,ROCM_SMI,GPU_6,1474.1,140.0,100.0
1781845251.35,ROCM_SMI,GPU_7,1474.1,141.0,100.0
1781845253.54,ROCM_SMI,GPU_0,1474.1,146.0,100.0
1781845253.54,ROCM_SMI,GPU_1,1474.1,141.0,100.0
1781845253.54,ROCM_SMI,GPU_2,1474.1,146.0,100.0
1781845253.54,ROCM_SMI,GPU_3,1474.1,145.0,100.0
1781845253.54,ROCM_SMI,GPU_4,1474.1,139.0,100.0
1781845253.54,ROCM_SMI,GPU_5,1474.1,141.0,100.0
1781845253.54,ROCM_SMI,GPU_6,1474.1,139.0,100.0
1781845253.54,ROCM_SMI,GPU_7,1474.1,141.0,100.0
1781845255.73,ROCM_SMI,GPU_0,1474.1,146.0,85.0
1781845255.73,ROCM_SMI,GPU_1,1474.1,141.0,100.0
1781845255.73,ROCM_SMI,GPU_2,1474.1,147.0,100.0
1781845255.73,ROCM_SMI,GPU_3,1474.1,146.0,100.0
1781845255.73,ROCM_SMI,GPU_4,1474.1,140.0,100.0
1781845255.73,ROCM_SMI,GPU_5,1474.1,141.0,100.0
1781845255.73,ROCM_SMI,GPU_6,1474.1,140.0,100.0
1781845255.73,ROCM_SMI,GPU_7,1474.1,140.0,100.0
1781845257.92,ROCM_SMI,GPU_0,1474.1,147.0,100.0
1781845257.92,ROCM_SMI,GPU_1,1474.1,139.0,97.0
1781845257.92,ROCM_SMI,GPU_2,1474.1,145.0,100.0
1781845257.92,ROCM_SMI,GPU_3,1474.1,144.0,100.0
1781845257.92,ROCM_SMI,GPU_4,1474.1,140.0,100.0
1781845257.92,ROCM_SMI,GPU_5,1474.1,141.0,100.0
1781845257.92,ROCM_SMI,GPU_6,1474.1,141.0,100.0
1781845257.92,ROCM_SMI,GPU_7,1474.1,140.0,100.0
1781845260.12,ROCM_SMI,GPU_0,1474.1,152.0,100.0
1781845260.12,ROCM_SMI,GPU_1,1474.1,139.0,100.0
1781845260.12,ROCM_SMI,GPU_2,1474.1,146.0,100.0
1781845260.12,ROCM_SMI,GPU_3,1474.1,145.0,82.0
1781845260.12,ROCM_SMI,GPU_4,1474.1,139.0,100.0
1781845260.12,ROCM_SMI,GPU_5,1474.1,144.0,100.0
1781845260.12,ROCM_SMI,GPU_6,1474.1,139.0,100.0
1781845260.12,ROCM_SMI,GPU_7,1474.1,140.0,100.0
1781845262.31,ROCM_SMI,GPU_0,1474.1,148.0,100.0
1781845262.31,ROCM_SMI,GPU_1,1474.1,139.0,100.0
1781845262.31,ROCM_SMI,GPU_2,1474.1,148.0,100.0
1781845262.31,ROCM_SMI,GPU_3,1474.1,147.0,100.0
1781845262.31,ROCM_SMI,GPU_4,1474.1,137.0,82.0
1781845262.31,ROCM_SMI,GPU_5,1474.1,141.0,100.0
1781845262.31,ROCM_SMI,GPU_6,1474.1,143.0,100.0
1781845262.31,ROCM_SMI,GPU_7,1474.1,141.0,100.0
1781845264.50,ROCM_SMI,GPU_0,1474.1,151.0,100.0
1781845264.50,ROCM_SMI,GPU_1,1474.1,142.0,100.0
1781845264.50,ROCM_SMI,GPU_2,1474.1,149.0,100.0
1781845264.50,ROCM_SMI,GPU_3,1474.1,145.0,100.0
1781845264.50,ROCM_SMI,GPU_4,1474.1,139.0,100.0
1781845264.50,ROCM_SMI,GPU_5,1474.1,144.0,100.0
1781845264.50,ROCM_SMI,GPU_6,1474.1,138.0,87.0
1781845264.50,ROCM_SMI,GPU_7,1474.1,140.0,100.0
1781845266.69,ROCM_SMI,GPU_0,1474.1,147.0,100.0
1781845266.69,ROCM_SMI,GPU_1,1474.1,140.0,100.0
1781845266.69,ROCM_SMI,GPU_2,1474.1,147.0,100.0
1781845266.69,ROCM_SMI,GPU_3,1474.1,145.0,100.0
1781845266.69,ROCM_SMI,GPU_4,1474.1,140.0,100.0
1781845266.69,ROCM_SMI,GPU_5,1474.1,142.0,100.0
1781845266.69,ROCM_SMI,GPU_6,1474.1,140.0,100.0
1781845266.69,ROCM_SMI,GPU_7,1474.1,140.0,82.0
1781845268.89,ROCM_SMI,GPU_0,1474.1,150.0,100.0
1781845268.89,ROCM_SMI,GPU_1,1474.1,141.0,100.0
1781845268.89,ROCM_SMI,GPU_2,1474.1,148.0,100.0
1781845268.89,ROCM_SMI,GPU_3,1474.1,146.0,100.0
1781845268.89,ROCM_SMI,GPU_4,1474.1,139.0,100.0
1781845268.89,ROCM_SMI,GPU_5,1474.1,143.0,100.0
1781845268.89,ROCM_SMI,GPU_6,1474.1,139.0,100.0
1781845268.89,ROCM_SMI,GPU_7,1474.1,141.0,100.0
1781845271.08,ROCM_SMI,GPU_0,1474.1,148.0,100.0
1781845271.08,ROCM_SMI,GPU_1,1474.1,139.0,100.0
1781845271.08,ROCM_SMI,GPU_2,1474.1,148.0,100.0
1781845271.08,ROCM_SMI,GPU_3,1474.1,145.0,100.0
1781845271.08,ROCM_SMI,GPU_4,1474.1,141.0,100.0
1781845271.08,ROCM_SMI,GPU_5,1474.1,143.0,100.0
1781845271.08,ROCM_SMI,GPU_6,1474.1,139.0,100.0
1781845271.08,ROCM_SMI,GPU_7,1474.1,140.0,100.0
1781845273.27,ROCM_SMI,GPU_0,1474.1,147.0,100.0
1781845273.27,ROCM_SMI,GPU_1,1474.1,140.0,87.0
1781845273.27,ROCM_SMI,GPU_2,1474.1,146.0,100.0
1781845273.27,ROCM_SMI,GPU_3,1474.1,147.0,100.0
1781845273.27,ROCM_SMI,GPU_4,1474.1,141.0,100.0
1781845273.27,ROCM_SMI,GPU_5,1474.1,142.0,100.0
1781845273.27,ROCM_SMI,GPU_6,1474.1,141.0,100.0
1781845273.27,ROCM_SMI,GPU_7,1474.1,139.0,100.0
1781845275.47,ROCM_SMI,GPU_0,1474.1,145.0,100.0
1781845275.47,ROCM_SMI,GPU_1,1474.1,140.0,81.0
1781845275.47,ROCM_SMI,GPU_2,1474.1,146.0,100.0
1781845275.47,ROCM_SMI,GPU_3,1474.1,146.0,100.0
1781845275.47,ROCM_SMI,GPU_4,1474.1,142.0,100.0
1781845275.47,ROCM_SMI,GPU_5,1474.1,141.0,100.0
1781845275.47,ROCM_SMI,GPU_6,1474.1,142.0,100.0
1781845275.47,ROCM_SMI,GPU_7,1474.1,140.0,100.0
1781845277.67,ROCM_SMI,GPU_0,1474.1,145.0,100.0
1781845277.67,ROCM_SMI,GPU_1,1474.1,134.0,88.0
1781845277.67,ROCM_SMI,GPU_2,1474.1,139.0,100.0
1781845277.67,ROCM_SMI,GPU_3,1474.1,149.0,100.0
1781845277.67,ROCM_SMI,GPU_4,1474.1,144.0,100.0
1781845277.67,ROCM_SMI,GPU_5,1474.1,138.0,100.0
1781845277.67,ROCM_SMI,GPU_6,1474.1,149.0,100.0
1781845277.67,ROCM_SMI,GPU_7,1474.1,142.0,100.0
1781845279.86,ROCM_SMI,GPU_0,1474.1,145.0,100.0
1781845279.86,ROCM_SMI,GPU_1,1474.1,140.0,100.0
1781845279.86,ROCM_SMI,GPU_2,1474.1,144.0,84.0
1781845279.86,ROCM_SMI,GPU_3,1474.1,147.0,100.0
1781845279.86,ROCM_SMI,GPU_4,1474.1,142.0,100.0
1781845279.86,ROCM_SMI,GPU_5,1474.1,139.0,100.0
1781845279.86,ROCM_SMI,GPU_6,1474.1,144.0,100.0
1781845279.86,ROCM_SMI,GPU_7,1474.1,139.0,100.0
1781845282.05,ROCM_SMI,GPU_0,1474.1,147.0,100.0
1781845282.05,ROCM_SMI,GPU_1,1474.1,141.0,100.0
1781845282.05,ROCM_SMI,GPU_2,1474.1,142.0,100.0
1781845282.05,ROCM_SMI,GPU_3,1474.1,145.0,81.0
1781845282.05,ROCM_SMI,GPU_4,1474.1,144.0,100.0
1781845282.05,ROCM_SMI,GPU_5,1474.1,139.0,100.0
1781845282.05,ROCM_SMI,GPU_6,1474.1,144.0,100.0
1781845282.05,ROCM_SMI,GPU_7,1474.1,138.0,100.0
1781845284.24,ROCM_SMI,GPU_0,1474.1,149.0,100.0
1781845284.24,ROCM_SMI,GPU_1,1474.1,142.0,100.0
1781845284.24,ROCM_SMI,GPU_2,1474.1,143.0,100.0
1781845284.24,ROCM_SMI,GPU_3,1474.1,147.0,100.0
1781845284.24,ROCM_SMI,GPU_4,1474.1,145.0,88.0
1781845284.24,ROCM_SMI,GPU_5,1474.1,138.0,100.0
1781845284.24,ROCM_SMI,GPU_6,1474.1,144.0,100.0
1781845284.24,ROCM_SMI,GPU_7,1474.1,138.0,100.0
1781845286.43,ROCM_SMI,GPU_0,1474.1,146.0,100.0
1781845286.43,ROCM_SMI,GPU_1,1474.1,142.0,100.0
1781845286.43,ROCM_SMI,GPU_2,1474.1,143.0,100.0
1781845286.43,ROCM_SMI,GPU_3,1474.1,148.0,100.0
1781845286.43,ROCM_SMI,GPU_4,1474.1,145.0,100.0
1781845286.43,ROCM_SMI,GPU_5,1474.1,138.0,100.0
1781845286.43,ROCM_SMI,GPU_6,1474.1,145.0,100.0
1781845286.43,ROCM_SMI,GPU_7,1474.1,139.0,88.0
1781845288.63,ROCM_SMI,GPU_0,1474.1,151.0,100.0
1781845288.63,ROCM_SMI,GPU_1,1474.1,140.0,100.0
1781845288.63,ROCM_SMI,GPU_2,1474.1,144.0,100.0
1781845288.63,ROCM_SMI,GPU_3,1474.1,145.0,100.0
1781845288.63,ROCM_SMI,GPU_4,1474.1,144.0,100.0
1781845288.63,ROCM_SMI,GPU_5,1474.1,141.0,100.0
1781845288.63,ROCM_SMI,GPU_6,1474.1,140.0,100.0
1781845288.63,ROCM_SMI,GPU_7,1474.1,138.0,89.0
1781845290.83,ROCM_SMI,GPU_0,1474.1,137.0,100.0
1781845290.83,ROCM_SMI,GPU_1,1474.1,134.0,100.0
1781845290.83,ROCM_SMI,GPU_2,1474.1,140.0,100.0
1781845290.83,ROCM_SMI,GPU_3,1474.1,147.0,100.0
1781845290.83,ROCM_SMI,GPU_4,1474.1,137.0,100.0
1781845290.83,ROCM_SMI,GPU_5,1474.1,133.0,100.0
1781845290.83,ROCM_SMI,GPU_6,1474.1,135.0,100.0
1781845290.83,ROCM_SMI,GPU_7,1474.1,131.0,95.0
1781845293.02,ROCM_SMI,GPU_0,1474.1,148.0,100.0
1781845293.02,ROCM_SMI,GPU_1,1474.1,142.0,100.0
1781845293.02,ROCM_SMI,GPU_2,1474.1,143.0,100.0
1781845293.02,ROCM_SMI,GPU_3,1474.1,147.0,100.0
1781845293.02,ROCM_SMI,GPU_4,1474.1,145.0,100.0
1781845293.02,ROCM_SMI,GPU_5,1474.1,138.0,100.0
1781845293.02,ROCM_SMI,GPU_6,1474.1,144.0,100.0
1781845293.02,ROCM_SMI,GPU_7,1474.1,137.0,100.0
1781845295.21,ROCM_SMI,GPU_0,1474.1,150.0,100.0
1781845295.21,ROCM_SMI,GPU_1,1474.1,140.0,100.0
1781845295.21,ROCM_SMI,GPU_2,1474.1,147.0,100.0
1781845295.21,ROCM_SMI,GPU_3,1474.1,145.0,100.0
1781845295.21,ROCM_SMI,GPU_4,1474.1,141.0,100.0
1781845295.21,ROCM_SMI,GPU_5,1474.1,143.0,100.0
1781845295.21,ROCM_SMI,GPU_6,1474.1,139.0,100.0
1781845295.21,ROCM_SMI,GPU_7,1474.1,139.0,100.0
1781845297.40,ROCM_SMI,GPU_0,1474.1,149.0,89.0
1781845297.40,ROCM_SMI,GPU_1,1474.1,139.0,100.0
1781845297.40,ROCM_SMI,GPU_2,1474.1,146.0,100.0
1781845297.40,ROCM_SMI,GPU_3,1474.1,144.0,100.0
1781845297.40,ROCM_SMI,GPU_4,1474.1,141.0,100.0
1781845297.40,ROCM_SMI,GPU_5,1474.1,142.0,100.0
1781845297.40,ROCM_SMI,GPU_6,1474.1,139.0,100.0
1781845297.40,ROCM_SMI,GPU_7,1474.1,139.0,100.0
1781845299.60,ROCM_SMI,GPU_0,1474.1,145.0,100.0
1781845299.60,ROCM_SMI,GPU_1,1474.1,139.0,83.0
1781845299.60,ROCM_SMI,GPU_2,1474.1,144.0,100.0
1781845299.60,ROCM_SMI,GPU_3,1474.1,148.0,100.0
1781845299.60,ROCM_SMI,GPU_4,1474.1,142.0,100.0
1781845299.60,ROCM_SMI,GPU_5,1474.1,139.0,100.0
1781845299.60,ROCM_SMI,GPU_6,1474.1,143.0,100.0
1781845299.60,ROCM_SMI,GPU_7,1474.1,139.0,100.0
1781845301.79,ROCM_SMI,GPU_0,1474.1,148.0,100.0
1781845301.79,ROCM_SMI,GPU_1,1474.1,139.0,88.0
1781845301.79,ROCM_SMI,GPU_2,1474.1,141.0,100.0
1781845301.79,ROCM_SMI,GPU_3,1474.1,146.0,100.0
1781845301.79,ROCM_SMI,GPU_4,1474.1,144.0,100.0
1781845301.79,ROCM_SMI,GPU_5,1474.1,139.0,100.0
1781845301.79,ROCM_SMI,GPU_6,1474.1,142.0,100.0
1781845301.79,ROCM_SMI,GPU_7,1474.1,137.0,100.0
1781845303.98,ROCM_SMI,GPU_0,1474.1,153.0,100.0
1781845303.98,ROCM_SMI,GPU_1,1474.1,139.0,100.0
1781845303.98,ROCM_SMI,GPU_2,1474.1,144.0,100.0
1781845303.98,ROCM_SMI,GPU_3,1474.1,142.0,88.0
1781845303.98,ROCM_SMI,GPU_4,1474.1,139.0,100.0
1781845303.98,ROCM_SMI,GPU_5,1474.1,143.0,100.0
1781845303.98,ROCM_SMI,GPU_6,1474.1,138.0,100.0
1781845303.98,ROCM_SMI,GPU_7,1474.1,142.0,100.0
1781845306.18,ROCM_SMI,GPU_0,1474.1,150.0,100.0
1781845306.18,ROCM_SMI,GPU_1,1474.1,140.0,100.0
1781845306.18,ROCM_SMI,GPU_2,1474.1,146.0,89.0
1781845306.18,ROCM_SMI,GPU_3,1474.1,144.0,100.0
1781845306.18,ROCM_SMI,GPU_4,1474.1,140.0,100.0
1781845306.18,ROCM_SMI,GPU_5,1474.1,142.0,100.0
1781845306.18,ROCM_SMI,GPU_6,1474.1,139.0,100.0
1781845306.18,ROCM_SMI,GPU_7,1474.1,140.0,100.0
1781845308.37,ROCM_SMI,GPU_0,1474.1,149.0,100.0
1781845308.37,ROCM_SMI,GPU_1,1474.1,139.0,100.0
1781845308.37,ROCM_SMI,GPU_2,1474.1,146.0,100.0
1781845308.37,ROCM_SMI,GPU_3,1474.1,145.0,82.0
1781845308.37,ROCM_SMI,GPU_4,1474.1,139.0,100.0
1781845308.37,ROCM_SMI,GPU_5,1474.1,143.0,100.0
1781845308.37,ROCM_SMI,GPU_6,1474.1,140.0,100.0
1781845308.37,ROCM_SMI,GPU_7,1474.1,140.0,100.0
1781845310.56,ROCM_SMI,GPU_0,1474.1,149.0,100.0
1781845310.56,ROCM_SMI,GPU_1,1474.1,143.0,100.0
1781845310.56,ROCM_SMI,GPU_2,1474.1,148.0,100.0
1781845310.56,ROCM_SMI,GPU_3,1474.1,147.0,100.0
1781845310.56,ROCM_SMI,GPU_4,1474.1,139.0,87.0
1781845310.56,ROCM_SMI,GPU_5,1474.1,142.0,100.0
1781845310.56,ROCM_SMI,GPU_6,1474.1,140.0,100.0
1781845310.56,ROCM_SMI,GPU_7,1474.1,140.0,100.0
1781845312.76,ROCM_SMI,GPU_0,1474.1,145.0,100.0
1781845312.76,ROCM_SMI,GPU_1,1474.1,143.0,100.0
1781845312.76,ROCM_SMI,GPU_2,1474.1,144.0,100.0
1781845312.76,ROCM_SMI,GPU_3,1474.1,149.0,100.0
1781845312.76,ROCM_SMI,GPU_4,1474.1,142.0,100.0
1781845312.76,ROCM_SMI,GPU_5,1474.1,140.0,87.0
1781845312.76,ROCM_SMI,GPU_6,1474.1,144.0,100.0
1781845312.76,ROCM_SMI,GPU_7,1474.1,140.0,100.0
1781845314.95,ROCM_SMI,GPU_0,1474.1,146.0,100.0
1781845314.95,ROCM_SMI,GPU_1,1474.1,141.0,100.0
1781845314.95,ROCM_SMI,GPU_2,1474.1,142.0,100.0
1781845314.95,ROCM_SMI,GPU_3,1474.1,147.0,100.0
1781845314.95,ROCM_SMI,GPU_4,1474.1,144.0,100.0
1781845314.95,ROCM_SMI,GPU_5,1474.1,138.0,100.0
1781845314.95,ROCM_SMI,GPU_6,1474.1,144.0,89.0
1781845314.95,ROCM_SMI,GPU_7,1474.1,139.0,100.0
1781845317.14,ROCM_SMI,GPU_0,1474.1,150.0,100.0
1781845317.14,ROCM_SMI,GPU_1,1474.1,139.0,100.0
1781845317.14,ROCM_SMI,GPU_2,1474.1,147.0,100.0
1781845317.14,ROCM_SMI,GPU_3,1474.1,146.0,100.0
1781845317.14,ROCM_SMI,GPU_4,1474.1,140.0,100.0
1781845317.14,ROCM_SMI,GPU_5,1474.1,143.0,100.0
1781845317.14,ROCM_SMI,GPU_6,1474.1,139.0,100.0
1781845317.14,ROCM_SMI,GPU_7,1474.1,138.0,90.0
1781845319.34,ROCM_SMI,GPU_0,1474.1,146.0,100.0
1781845319.34,ROCM_SMI,GPU_1,1474.1,141.0,100.0
1781845319.34,ROCM_SMI,GPU_2,1474.1,143.0,100.0
1781845319.34,ROCM_SMI,GPU_3,1474.1,146.0,100.0
1781845319.34,ROCM_SMI,GPU_4,1474.1,142.0,100.0
1781845319.34,ROCM_SMI,GPU_5,1474.1,137.0,100.0
1781845319.34,ROCM_SMI,GPU_6,1474.1,143.0,93.0
1781845319.34,ROCM_SMI,GPU_7,1474.1,134.0,100.0
1781845321.53,ROCM_SMI,GPU_0,1474.1,145.0,100.0
1781845321.53,ROCM_SMI,GPU_1,1474.1,143.0,100.0
1781845321.53,ROCM_SMI,GPU_2,1474.1,141.0,100.0
1781845321.53,ROCM_SMI,GPU_3,1474.1,148.0,100.0
1781845321.53,ROCM_SMI,GPU_4,1474.1,145.0,100.0
1781845321.53,ROCM_SMI,GPU_5,1474.1,136.0,100.0
1781845321.53,ROCM_SMI,GPU_6,1474.1,145.0,100.0
1781845321.53,ROCM_SMI,GPU_7,1474.1,138.0,100.0
1781845323.72,ROCM_SMI,GPU_0,1474.1,150.0,100.0
1781845323.72,ROCM_SMI,GPU_1,1474.1,141.0,100.0
1781845323.72,ROCM_SMI,GPU_2,1474.1,145.0,100.0
1781845323.72,ROCM_SMI,GPU_3,1474.1,146.0,100.0
1781845323.72,ROCM_SMI,GPU_4,1474.1,144.0,100.0
1781845323.72,ROCM_SMI,GPU_5,1474.1,141.0,100.0
1781845323.72,ROCM_SMI,GPU_6,1474.1,141.0,100.0
1781845323.72,ROCM_SMI,GPU_7,1474.1,138.0,100.0
1781845325.91,ROCM_SMI,GPU_0,1474.1,148.0,100.0
1781845325.91,ROCM_SMI,GPU_1,1474.1,139.0,100.0
1781845325.91,ROCM_SMI,GPU_2,1474.1,148.0,100.0
1781845325.91,ROCM_SMI,GPU_3,1474.1,148.0,100.0
1781845325.91,ROCM_SMI,GPU_4,1474.1,139.0,100.0
1781845325.91,ROCM_SMI,GPU_5,1474.1,143.0,100.0
1781845325.91,ROCM_SMI,GPU_6,1474.1,139.0,100.0
1781845325.91,ROCM_SMI,GPU_7,1474.1,139.0,100.0
1781845328.11,ROCM_SMI,GPU_0,1474.1,147.0,100.0
1781845328.11,ROCM_SMI,GPU_1,1474.1,139.0,100.0
1781845328.11,ROCM_SMI,GPU_2,1474.1,147.0,100.0
1781845328.11,ROCM_SMI,GPU_3,1474.1,145.0,100.0
1781845328.11,ROCM_SMI,GPU_4,1474.1,139.0,100.0
1781845328.11,ROCM_SMI,GPU_5,1474.1,144.0,100.0
1781845328.11,ROCM_SMI,GPU_6,1474.1,139.0,100.0
1781845328.11,ROCM_SMI,GPU_7,1474.1,141.0,100.0
1781845330.30,ROCM_SMI,GPU_0,1474.1,145.0,82.0
1781845330.30,ROCM_SMI,GPU_1,1474.1,141.0,100.0
1781845330.30,ROCM_SMI,GPU_2,1474.1,146.0,100.0
1781845330.30,ROCM_SMI,GPU_3,1474.1,146.0,100.0
1781845330.30,ROCM_SMI,GPU_4,1474.1,141.0,100.0
1781845330.30,ROCM_SMI,GPU_5,1474.1,139.0,100.0
1781845330.30,ROCM_SMI,GPU_6,1474.1,142.0,100.0
1781845330.30,ROCM_SMI,GPU_7,1474.1,141.0,100.0
1781845332.50,ROCM_SMI,GPU_0,1474.1,147.0,84.0
1781845332.50,ROCM_SMI,GPU_1,1474.1,138.0,100.0
1781845332.50,ROCM_SMI,GPU_2,1474.1,142.0,100.0
1781845332.50,ROCM_SMI,GPU_3,1474.1,146.0,100.0
1781845332.50,ROCM_SMI,GPU_4,1474.1,145.0,100.0
1781845332.50,ROCM_SMI,GPU_5,1474.1,139.0,100.0
1781845332.50,ROCM_SMI,GPU_6,1474.1,144.0,100.0
1781845332.50,ROCM_SMI,GPU_7,1474.1,137.0,100.0
1781845334.69,ROCM_SMI,GPU_0,1474.1,149.0,81.0
1781845334.69,ROCM_SMI,GPU_1,1474.1,140.0,100.0
1781845334.69,ROCM_SMI,GPU_2,1474.1,146.0,100.0
1781845334.69,ROCM_SMI,GPU_3,1474.1,146.0,100.0
1781845334.69,ROCM_SMI,GPU_4,1474.1,142.0,100.0
1781845334.69,ROCM_SMI,GPU_5,1474.1,143.0,100.0
1781845334.69,ROCM_SMI,GPU_6,1474.1,139.0,100.0
1781845334.69,ROCM_SMI,GPU_7,1474.1,139.0,100.0
1781845336.88,ROCM_SMI,GPU_0,1474.1,148.0,100.0
1781845336.88,ROCM_SMI,GPU_1,1474.1,139.0,81.0
1781845336.88,ROCM_SMI,GPU_2,1474.1,145.0,100.0
1781845336.88,ROCM_SMI,GPU_3,1474.1,146.0,100.0
1781845336.88,ROCM_SMI,GPU_4,1474.1,140.0,100.0
1781845336.88,ROCM_SMI,GPU_5,1474.1,142.0,100.0
1781845336.88,ROCM_SMI,GPU_6,1474.1,139.0,100.0
1781845336.88,ROCM_SMI,GPU_7,1474.1,138.0,100.0
1781845339.08,ROCM_SMI,GPU_0,1474.1,145.0,100.0
1781845339.08,ROCM_SMI,GPU_1,1474.1,140.0,99.0
1781845339.08,ROCM_SMI,GPU_2,1474.1,144.0,93.0
1781845339.08,ROCM_SMI,GPU_3,1474.1,146.0,100.0
1781845339.08,ROCM_SMI,GPU_4,1474.1,142.0,100.0
1781845339.08,ROCM_SMI,GPU_5,1474.1,140.0,100.0
1781845339.08,ROCM_SMI,GPU_6,1474.1,144.0,100.0
1781845339.08,ROCM_SMI,GPU_7,1474.1,139.0,100.0
1781845341.27,ROCM_SMI,GPU_0,1474.1,147.0,100.0
1781845341.27,ROCM_SMI,GPU_1,1474.1,140.0,100.0
1781845341.27,ROCM_SMI,GPU_2,1474.1,142.0,100.0
1781845341.27,ROCM_SMI,GPU_3,1474.1,146.0,100.0
1781845341.27,ROCM_SMI,GPU_4,1474.1,145.0,100.0
1781845341.27,ROCM_SMI,GPU_5,1474.1,139.0,100.0
1781845341.27,ROCM_SMI,GPU_6,1474.1,143.0,100.0
1781845341.27,ROCM_SMI,GPU_7,1474.1,139.0,100.0
1781845343.46,ROCM_SMI,GPU_0,1474.1,150.0,100.0
1781845343.46,ROCM_SMI,GPU_1,1474.1,139.0,100.0
1781845343.46,ROCM_SMI,GPU_2,1474.1,146.0,92.0
1781845343.46,ROCM_SMI,GPU_3,1474.1,144.0,92.0
1781845343.46,ROCM_SMI,GPU_4,1474.1,140.0,100.0
1781845343.46,ROCM_SMI,GPU_5,1474.1,143.0,100.0
1781845343.46,ROCM_SMI,GPU_6,1474.1,139.0,100.0
1781845343.46,ROCM_SMI,GPU_7,1474.1,140.0,100.0
1781845345.66,ROCM_SMI,GPU_0,1474.1,150.0,100.0
1781845345.66,ROCM_SMI,GPU_1,1474.1,136.0,100.0
1781845345.66,ROCM_SMI,GPU_2,1474.1,141.0,100.0
1781845345.66,ROCM_SMI,GPU_3,1474.1,141.0,87.0
1781845345.66,ROCM_SMI,GPU_4,1474.1,136.0,100.0
1781845345.66,ROCM_SMI,GPU_5,1474.1,145.0,100.0
1781845345.66,ROCM_SMI,GPU_6,1474.1,144.0,100.0
1781845345.66,ROCM_SMI,GPU_7,1474.1,141.0,100.0
1781845347.86,ROCM_SMI,GPU_0,1474.1,144.0,100.0
1781845347.86,ROCM_SMI,GPU_1,1474.1,137.0,100.0
1781845347.86,ROCM_SMI,GPU_2,1474.1,139.0,100.0
1781845347.86,ROCM_SMI,GPU_3,1474.1,138.0,86.0
1781845347.86,ROCM_SMI,GPU_4,1474.1,137.0,100.0
1781845347.86,ROCM_SMI,GPU_5,1474.1,146.0,100.0
1781845347.86,ROCM_SMI,GPU_6,1474.1,159.0,100.0
1781845347.86,ROCM_SMI,GPU_7,1474.1,152.0,100.0
1781845350.05,ROCM_SMI,GPU_0,1474.1,145.0,100.0
1781845350.05,ROCM_SMI,GPU_1,1474.1,141.0,100.0
1781845350.05,ROCM_SMI,GPU_2,1474.1,143.0,100.0
1781845350.05,ROCM_SMI,GPU_3,1474.1,147.0,80.0
1781845350.05,ROCM_SMI,GPU_4,1474.1,142.0,100.0
1781845350.05,ROCM_SMI,GPU_5,1474.1,137.0,100.0
1781845350.05,ROCM_SMI,GPU_6,1474.1,143.0,100.0
1781845350.05,ROCM_SMI,GPU_7,1474.1,137.0,100.0
1781845352.24,ROCM_SMI,GPU_0,1474.1,146.0,100.0
1781845352.24,ROCM_SMI,GPU_1,1474.1,142.0,100.0
1781845352.24,ROCM_SMI,GPU_2,1474.1,143.0,100.0
1781845352.24,ROCM_SMI,GPU_3,1474.1,148.0,100.0
1781845352.24,ROCM_SMI,GPU_4,1474.1,144.0,100.0
1781845352.24,ROCM_SMI,GPU_5,1474.1,138.0,99.0
1781845352.24,ROCM_SMI,GPU_6,1474.1,145.0,100.0
1781845352.24,ROCM_SMI,GPU_7,1474.1,138.0,100.0
1781845354.44,ROCM_SMI,GPU_0,1474.1,145.0,100.0
1781845354.44,ROCM_SMI,GPU_1,1474.1,143.0,100.0
1781845354.44,ROCM_SMI,GPU_2,1474.1,143.0,100.0
1781845354.44,ROCM_SMI,GPU_3,1474.1,149.0,100.0
1781845354.44,ROCM_SMI,GPU_4,1474.1,143.0,100.0
1781845354.44,ROCM_SMI,GPU_5,1474.1,138.0,94.0
1781845354.44,ROCM_SMI,GPU_6,1474.1,143.0,93.0
1781845354.44,ROCM_SMI,GPU_7,1474.1,139.0,100.0
1781845356.63,ROCM_SMI,GPU_0,1474.1,146.0,100.0
1781845356.63,ROCM_SMI,GPU_1,1474.1,142.0,100.0
1781845356.63,ROCM_SMI,GPU_2,1474.1,142.0,100.0
1781845356.63,ROCM_SMI,GPU_3,1474.1,147.0,100.0
1781845356.63,ROCM_SMI,GPU_4,1474.1,144.0,100.0
1781845356.63,ROCM_SMI,GPU_5,1474.1,138.0,100.0
1781845356.63,ROCM_SMI,GPU_6,1474.1,144.0,100.0
1781845356.63,ROCM_SMI,GPU_7,1474.1,138.0,87.0
1781845358.83,ROCM_SMI,GPU_0,1474.1,145.0,100.0
1781845358.83,ROCM_SMI,GPU_1,1474.1,144.0,100.0
1781845358.83,ROCM_SMI,GPU_2,1474.1,145.0,100.0
1781845358.83,ROCM_SMI,GPU_3,1474.1,147.0,100.0
1781845358.83,ROCM_SMI,GPU_4,1474.1,141.0,100.0
1781845358.83,ROCM_SMI,GPU_5,1474.1,139.0,100.0
1781845358.83,ROCM_SMI,GPU_6,1474.1,142.0,100.0
1781845358.83,ROCM_SMI,GPU_7,1474.1,139.0,100.0
1781845361.02,ROCM_SMI,GPU_0,1474.1,147.0,100.0
1781845361.02,ROCM_SMI,GPU_1,1474.1,140.0,100.0
1781845361.02,ROCM_SMI,GPU_2,1474.1,148.0,100.0
1781845361.02,ROCM_SMI,GPU_3,1474.1,148.0,100.0
1781845361.02,ROCM_SMI,GPU_4,1474.1,139.0,100.0
1781845361.02,ROCM_SMI,GPU_5,1474.1,142.0,100.0
1781845361.02,ROCM_SMI,GPU_6,1474.1,141.0,100.0
1781845361.02,ROCM_SMI,GPU_7,1474.1,141.0,100.0
1781845363.21,ROCM_SMI,GPU_0,1474.1,147.0,100.0
1781845363.21,ROCM_SMI,GPU_1,1474.1,141.0,100.0
1781845363.21,ROCM_SMI,GPU_2,1474.1,140.0,85.0
1781845363.21,ROCM_SMI,GPU_3,1474.1,145.0,100.0
1781845363.21,ROCM_SMI,GPU_4,1474.1,146.0,100.0
1781845363.21,ROCM_SMI,GPU_5,1474.1,138.0,100.0
1781845363.21,ROCM_SMI,GPU_6,1474.1,142.0,100.0
1781845363.21,ROCM_SMI,GPU_7,1474.1,137.0,100.0
1781845365.41,ROCM_SMI,GPU_0,1474.1,149.0,100.0
1781845365.41,ROCM_SMI,GPU_1,1474.1,141.0,100.0
1781845365.41,ROCM_SMI,GPU_2,1474.1,143.0,86.0
1781845365.41,ROCM_SMI,GPU_3,1474.1,145.0,100.0
1781845365.41,ROCM_SMI,GPU_4,1474.1,144.0,100.0
1781845365.41,ROCM_SMI,GPU_5,1474.1,141.0,100.0
1781845365.41,ROCM_SMI,GPU_6,1474.1,141.0,100.0
1781845365.41,ROCM_SMI,GPU_7,1474.1,139.0,100.0
1781845367.60,ROCM_SMI,GPU_0,1474.1,149.0,100.0
1781845367.60,ROCM_SMI,GPU_1,1474.1,141.0,100.0
1781845367.60,ROCM_SMI,GPU_2,1474.1,144.0,100.0
1781845367.60,ROCM_SMI,GPU_3,1474.1,144.0,83.0
1781845367.60,ROCM_SMI,GPU_4,1474.1,142.0,100.0
1781845367.60,ROCM_SMI,GPU_5,1474.1,140.0,100.0
1781845367.60,ROCM_SMI,GPU_6,1474.1,140.0,100.0
1781845367.60,ROCM_SMI,GPU_7,1474.1,138.0,100.0
1781845369.79,ROCM_SMI,GPU_0,1474.1,150.0,100.0
1781845369.79,ROCM_SMI,GPU_1,1474.1,143.0,100.0
1781845369.79,ROCM_SMI,GPU_2,1474.1,145.0,100.0
1781845369.79,ROCM_SMI,GPU_3,1474.1,147.0,100.0
1781845369.79,ROCM_SMI,GPU_4,1474.1,145.0,100.0
1781845369.79,ROCM_SMI,GPU_5,1474.1,140.0,87.0
1781845369.79,ROCM_SMI,GPU_6,1474.1,142.0,100.0
1781845369.79,ROCM_SMI,GPU_7,1474.1,139.0,100.0
1781845371.99,ROCM_SMI,GPU_0,1474.1,150.0,100.0
1781845371.99,ROCM_SMI,GPU_1,1474.1,143.0,100.0
1781845371.99,ROCM_SMI,GPU_2,1474.1,144.0,100.0
1781845371.99,ROCM_SMI,GPU_3,1474.1,147.0,100.0
1781845371.99,ROCM_SMI,GPU_4,1474.1,144.0,100.0
1781845371.99,ROCM_SMI,GPU_5,1474.1,140.0,100.0
1781845371.99,ROCM_SMI,GPU_6,1474.1,142.0,82.0
1781845371.99,ROCM_SMI,GPU_7,1474.1,139.0,100.0
1781845374.18,ROCM_SMI,GPU_0,1474.1,150.0,100.0
1781845374.18,ROCM_SMI,GPU_1,1474.1,141.0,100.0
1781845374.18,ROCM_SMI,GPU_2,1474.1,144.0,100.0
1781845374.18,ROCM_SMI,GPU_3,1474.1,147.0,100.0
1781845374.18,ROCM_SMI,GPU_4,1474.1,145.0,100.0
1781845374.18,ROCM_SMI,GPU_5,1474.1,141.0,100.0
1781845374.18,ROCM_SMI,GPU_6,1474.1,142.0,100.0
1781845374.18,ROCM_SMI,GPU_7,1474.1,138.0,100.0
1781845376.38,ROCM_SMI,GPU_0,1474.1,148.0,100.0
1781845376.38,ROCM_SMI,GPU_1,1474.1,142.0,100.0
1781845376.38,ROCM_SMI,GPU_2,1474.1,142.0,100.0
1781845376.38,ROCM_SMI,GPU_3,1474.1,147.0,100.0
1781845376.38,ROCM_SMI,GPU_4,1474.1,144.0,100.0
1781845376.38,ROCM_SMI,GPU_5,1474.1,138.0,100.0
1781845376.38,ROCM_SMI,GPU_6,1474.1,143.0,100.0
1781845376.38,ROCM_SMI,GPU_7,1474.1,138.0,87.0
1781845378.57,ROCM_SMI,GPU_0,1474.1,145.0,100.0
1781845378.57,ROCM_SMI,GPU_1,1474.1,141.0,100.0
1781845378.57,ROCM_SMI,GPU_2,1474.1,144.0,100.0
1781845378.57,ROCM_SMI,GPU_3,1474.1,147.0,100.0
1781845378.57,ROCM_SMI,GPU_4,1474.1,142.0,100.0
1781845378.57,ROCM_SMI,GPU_5,1474.1,139.0,100.0
1781845378.57,ROCM_SMI,GPU_6,1474.1,143.0,100.0
1781845378.57,ROCM_SMI,GPU_7,1474.1,139.0,100.0
1781845380.77,ROCM_SMI,GPU_0,1474.1,148.0,84.0
1781845380.77,ROCM_SMI,GPU_1,1474.1,139.0,100.0
1781845380.77,ROCM_SMI,GPU_2,1474.1,148.0,100.0
1781845380.77,ROCM_SMI,GPU_3,1474.1,145.0,100.0
1781845380.77,ROCM_SMI,GPU_4,1474.1,140.0,100.0
1781845380.77,ROCM_SMI,GPU_5,1474.1,143.0,100.0
1781845380.77,ROCM_SMI,GPU_6,1474.1,139.0,100.0
1781845380.77,ROCM_SMI,GPU_7,1474.1,140.0,100.0
1781845382.96,ROCM_SMI,GPU_0,1474.1,148.0,100.0
1781845382.96,ROCM_SMI,GPU_1,1474.1,139.0,80.0
1781845382.96,ROCM_SMI,GPU_2,1474.1,146.0,100.0
1781845382.96,ROCM_SMI,GPU_3,1474.1,145.0,100.0
1781845382.96,ROCM_SMI,GPU_4,1474.1,140.0,100.0
1781845382.96,ROCM_SMI,GPU_5,1474.1,142.0,100.0
1781845382.96,ROCM_SMI,GPU_6,1474.1,139.0,100.0
1781845382.96,ROCM_SMI,GPU_7,1474.1,140.0,100.0
1781845385.15,ROCM_SMI,GPU_0,1474.1,151.0,100.0
1781845385.15,ROCM_SMI,GPU_1,1474.1,139.0,100.0
1781845385.15,ROCM_SMI,GPU_2,1474.1,147.0,100.0
1781845385.15,ROCM_SMI,GPU_3,1474.1,143.0,87.0
1781845385.15,ROCM_SMI,GPU_4,1474.1,139.0,100.0
1781845385.15,ROCM_SMI,GPU_5,1474.1,144.0,100.0
1781845385.15,ROCM_SMI,GPU_6,1474.1,139.0,100.0
1781845385.15,ROCM_SMI,GPU_7,1474.1,139.0,100.0
1781845387.35,ROCM_SMI,GPU_0,1474.1,150.0,100.0
1781845387.35,ROCM_SMI,GPU_1,1474.1,141.0,100.0
1781845387.35,ROCM_SMI,GPU_2,1474.1,145.0,100.0
1781845387.35,ROCM_SMI,GPU_3,1474.1,148.0,100.0
1781845387.35,ROCM_SMI,GPU_4,1474.1,142.0,100.0
1781845387.35,ROCM_SMI,GPU_5,1474.1,138.0,81.0
1781845387.35,ROCM_SMI,GPU_6,1474.1,139.0,100.0
1781845387.35,ROCM_SMI,GPU_7,1474.1,140.0,100.0
1781845389.54,ROCM_SMI,GPU_0,1474.1,146.0,100.0
1781845389.54,ROCM_SMI,GPU_1,1474.1,140.0,100.0
1781845389.54,ROCM_SMI,GPU_2,1474.1,140.0,100.0
1781845389.54,ROCM_SMI,GPU_3,1474.1,144.0,100.0
1781845389.54,ROCM_SMI,GPU_4,1474.1,141.0,100.0
1781845389.54,ROCM_SMI,GPU_5,1474.1,131.0,100.0
1781845389.54,ROCM_SMI,GPU_6,1474.1,130.0,81.0
1781845389.54,ROCM_SMI,GPU_7,1474.1,133.0,100.0
1781845391.74,ROCM_SMI,GPU_0,1474.1,149.0,100.0
1781845391.74,ROCM_SMI,GPU_1,1474.1,143.0,100.0
1781845391.74,ROCM_SMI,GPU_2,1474.1,144.0,100.0
1781845391.74,ROCM_SMI,GPU_3,1474.1,146.0,100.0
1781845391.74,ROCM_SMI,GPU_4,1474.1,145.0,100.0
1781845391.74,ROCM_SMI,GPU_5,1474.1,138.0,100.0
1781845391.74,ROCM_SMI,GPU_6,1474.1,143.0,100.0
1781845391.74,ROCM_SMI,GPU_7,1474.1,139.0,81.0
1781845393.93,ROCM_SMI,GPU_0,1474.1,148.0,100.0
1781845393.93,ROCM_SMI,GPU_1,1474.1,142.0,100.0
1781845393.93,ROCM_SMI,GPU_2,1474.1,142.0,100.0
1781845393.93,ROCM_SMI,GPU_3,1474.1,147.0,100.0
1781845393.93,ROCM_SMI,GPU_4,1474.1,145.0,100.0
1781845393.93,ROCM_SMI,GPU_5,1474.1,138.0,100.0
1781845393.93,ROCM_SMI,GPU_6,1474.1,144.0,100.0
1781845393.93,ROCM_SMI,GPU_7,1474.1,138.0,100.0
1781845396.13,ROCM_SMI,GPU_0,1474.1,149.0,100.0
1781845396.13,ROCM_SMI,GPU_1,1474.1,141.0,100.0
1781845396.13,ROCM_SMI,GPU_2,1474.1,144.0,100.0
1781845396.13,ROCM_SMI,GPU_3,1474.1,146.0,100.0
1781845396.13,ROCM_SMI,GPU_4,1474.1,144.0,100.0
1781845396.13,ROCM_SMI,GPU_5,1474.1,141.0,100.0
1781845396.13,ROCM_SMI,GPU_6,1474.1,141.0,100.0
1781845396.13,ROCM_SMI,GPU_7,1474.1,138.0,100.0
1781845398.32,ROCM_SMI,GPU_0,1474.1,146.0,100.0
1781845398.32,ROCM_SMI,GPU_1,1474.1,139.0,100.0
1781845398.32,ROCM_SMI,GPU_2,1474.1,143.0,100.0
1781845398.32,ROCM_SMI,GPU_3,1474.1,144.0,100.0
1781845398.32,ROCM_SMI,GPU_4,1474.1,144.0,100.0
1781845398.32,ROCM_SMI,GPU_5,1474.1,139.0,100.0
1781845398.32,ROCM_SMI,GPU_6,1474.1,142.0,100.0
1781845398.32,ROCM_SMI,GPU_7,1474.1,137.0,100.0
1781845400.51,ROCM_SMI,GPU_0,1474.1,148.0,100.0
1781845400.51,ROCM_SMI,GPU_1,1474.1,139.0,100.0
1781845400.51,ROCM_SMI,GPU_2,1474.1,146.0,100.0
1781845400.51,ROCM_SMI,GPU_3,1474.1,145.0,100.0
1781845400.51,ROCM_SMI,GPU_4,1474.1,142.0,100.0
1781845400.51,ROCM_SMI,GPU_5,1474.1,143.0,100.0
1781845400.51,ROCM_SMI,GPU_6,1474.1,140.0,100.0
1781845400.51,ROCM_SMI,GPU_7,1474.1,139.0,100.0
1781845402.70,ROCM_SMI,GPU_0,1474.1,147.0,100.0
1781845402.70,ROCM_SMI,GPU_1,1474.1,138.0,100.0
1781845402.70,ROCM_SMI,GPU_2,1474.1,146.0,85.0
1781845402.70,ROCM_SMI,GPU_3,1474.1,142.0,100.0
1781845402.70,ROCM_SMI,GPU_4,1474.1,139.0,100.0
1781845402.70,ROCM_SMI,GPU_5,1474.1,145.0,100.0
1781845402.70,ROCM_SMI,GPU_6,1474.1,139.0,100.0
1781845402.70,ROCM_SMI,GPU_7,1474.1,142.0,100.0
1781845404.90,ROCM_SMI,GPU_0,1474.1,149.0,100.0
1781845404.90,ROCM_SMI,GPU_1,1474.1,138.0,100.0
1781845404.90,ROCM_SMI,GPU_2,1474.1,146.0,100.0
1781845404.90,ROCM_SMI,GPU_3,1474.1,143.0,88.0
1781845404.90,ROCM_SMI,GPU_4,1474.1,139.0,100.0
1781845404.90,ROCM_SMI,GPU_5,1474.1,143.0,100.0
1781845404.90,ROCM_SMI,GPU_6,1474.1,138.0,100.0
1781845404.90,ROCM_SMI,GPU_7,1474.1,139.0,100.0
1781845407.09,ROCM_SMI,GPU_0,1474.1,150.0,100.0
1781845407.09,ROCM_SMI,GPU_1,1474.1,140.0,100.0
1781845407.09,ROCM_SMI,GPU_2,1474.1,148.0,100.0
1781845407.09,ROCM_SMI,GPU_3,1474.1,146.0,100.0
1781845407.09,ROCM_SMI,GPU_4,1474.1,140.0,80.0
1781845407.09,ROCM_SMI,GPU_5,1474.1,141.0,100.0
1781845407.09,ROCM_SMI,GPU_6,1474.1,139.0,100.0
1781845407.09,ROCM_SMI,GPU_7,1474.1,141.0,100.0
1781845409.28,ROCM_SMI,GPU_0,1474.1,149.0,100.0
1781845409.28,ROCM_SMI,GPU_1,1474.1,141.0,100.0
1781845409.28,ROCM_SMI,GPU_2,1474.1,148.0,100.0
1781845409.28,ROCM_SMI,GPU_3,1474.1,145.0,100.0
1781845409.28,ROCM_SMI,GPU_4,1474.1,139.0,100.0
1781845409.28,ROCM_SMI,GPU_5,1474.1,143.0,100.0
1781845409.28,ROCM_SMI,GPU_6,1474.1,139.0,87.0
1781845409.28,ROCM_SMI,GPU_7,1474.1,140.0,100.0
1781845411.47,ROCM_SMI,GPU_0,1474.1,150.0,100.0
1781845411.47,ROCM_SMI,GPU_1,1474.1,139.0,100.0
1781845411.47,ROCM_SMI,GPU_2,1474.1,147.0,100.0
1781845411.47,ROCM_SMI,GPU_3,1474.1,147.0,100.0
1781845411.47,ROCM_SMI,GPU_4,1474.1,141.0,100.0
1781845411.47,ROCM_SMI,GPU_5,1474.1,144.0,100.0
1781845411.47,ROCM_SMI,GPU_6,1474.1,140.0,100.0
1781845411.47,ROCM_SMI,GPU_7,1474.1,139.0,96.0
1781845413.66,ROCM_SMI,GPU_0,1474.1,148.0,100.0
1781845413.66,ROCM_SMI,GPU_1,1474.1,140.0,100.0
1781845413.66,ROCM_SMI,GPU_2,1474.1,147.0,100.0
1781845413.66,ROCM_SMI,GPU_3,1474.1,148.0,100.0
1781845413.66,ROCM_SMI,GPU_4,1474.1,140.0,100.0
1781845413.66,ROCM_SMI,GPU_5,1474.1,141.0,100.0
1781845413.66,ROCM_SMI,GPU_6,1474.1,140.0,100.0
1781845413.66,ROCM_SMI,GPU_7,1474.1,139.0,100.0
1781845415.86,ROCM_SMI,GPU_0,1474.1,143.0,100.0
1781845415.86,ROCM_SMI,GPU_1,1474.1,143.0,100.0
1781845415.86,ROCM_SMI,GPU_2,1474.1,141.0,100.0
1781845415.86,ROCM_SMI,GPU_3,1474.1,147.0,100.0
1781845415.86,ROCM_SMI,GPU_4,1474.1,143.0,100.0
1781845415.86,ROCM_SMI,GPU_5,1474.1,137.0,100.0
1781845415.86,ROCM_SMI,GPU_6,1474.1,146.0,100.0
1781845415.86,ROCM_SMI,GPU_7,1474.1,138.0,100.0
1781845418.05,ROCM_SMI,GPU_0,1474.1,146.0,100.0
1781845418.05,ROCM_SMI,GPU_1,1474.1,141.0,100.0
1781845418.05,ROCM_SMI,GPU_2,1474.1,143.0,100.0
1781845418.05,ROCM_SMI,GPU_3,1474.1,146.0,100.0
1781845418.05,ROCM_SMI,GPU_4,1474.1,145.0,100.0
1781845418.05,ROCM_SMI,GPU_5,1474.1,138.0,100.0
1781845418.05,ROCM_SMI,GPU_6,1474.1,143.0,100.0
1781845418.05,ROCM_SMI,GPU_7,1474.1,139.0,100.0
1781845420.25,ROCM_SMI,GPU_0,1474.1,150.0,100.0
1781845420.25,ROCM_SMI,GPU_1,1474.1,139.0,100.0
1781845420.25,ROCM_SMI,GPU_2,1474.1,147.0,100.0
1781845420.25,ROCM_SMI,GPU_3,1474.1,144.0,100.0
1781845420.25,ROCM_SMI,GPU_4,1474.1,141.0,100.0
1781845420.25,ROCM_SMI,GPU_5,1474.1,143.0,100.0
1781845420.25,ROCM_SMI,GPU_6,1474.1,139.0,100.0
1781845420.25,ROCM_SMI,GPU_7,1474.1,140.0,100.0
1781845422.44,ROCM_SMI,GPU_0,1474.1,149.0,84.0
1781845422.44,ROCM_SMI,GPU_1,1474.1,140.0,100.0
1781845422.44,ROCM_SMI,GPU_2,1474.1,148.0,100.0
1781845422.44,ROCM_SMI,GPU_3,1474.1,145.0,100.0
1781845422.44,ROCM_SMI,GPU_4,1474.1,141.0,100.0
1781845422.44,ROCM_SMI,GPU_5,1474.1,143.0,100.0
1781845422.44,ROCM_SMI,GPU_6,1474.1,139.0,100.0
1781845422.44,ROCM_SMI,GPU_7,1474.1,138.0,100.0
1781845424.63,ROCM_SMI,GPU_0,1474.1,149.0,100.0
1781845424.63,ROCM_SMI,GPU_1,1474.1,139.0,77.0
1781845424.63,ROCM_SMI,GPU_2,1474.1,146.0,100.0
1781845424.63,ROCM_SMI,GPU_3,1474.1,145.0,100.0
1781845424.63,ROCM_SMI,GPU_4,1474.1,140.0,100.0
1781845424.63,ROCM_SMI,GPU_5,1474.1,143.0,100.0
1781845424.63,ROCM_SMI,GPU_6,1474.1,139.0,100.0
1781845424.63,ROCM_SMI,GPU_7,1474.1,139.0,100.0
1781845426.82,ROCM_SMI,GPU_0,1474.1,150.0,100.0
1781845426.82,ROCM_SMI,GPU_1,1474.1,140.0,100.0
1781845426.82,ROCM_SMI,GPU_2,1474.1,146.0,100.0
1781845426.82,ROCM_SMI,GPU_3,1474.1,144.0,81.0
1781845426.82,ROCM_SMI,GPU_4,1474.1,139.0,100.0
1781845426.82,ROCM_SMI,GPU_5,1474.1,143.0,100.0
1781845426.82,ROCM_SMI,GPU_6,1474.1,139.0,100.0
1781845426.82,ROCM_SMI,GPU_7,1474.1,139.0,100.0
1781845429.02,ROCM_SMI,GPU_0,1474.1,150.0,100.0
1781845429.02,ROCM_SMI,GPU_1,1474.1,142.0,100.0
1781845429.02,ROCM_SMI,GPU_2,1474.1,150.0,100.0
1781845429.02,ROCM_SMI,GPU_3,1474.1,145.0,100.0
1781845429.02,ROCM_SMI,GPU_4,1474.1,138.0,100.0
1781845429.02,ROCM_SMI,GPU_5,1474.1,141.0,84.0
1781845429.02,ROCM_SMI,GPU_6,1474.1,140.0,100.0
1781845429.02,ROCM_SMI,GPU_7,1474.1,141.0,100.0
1781845431.21,ROCM_SMI,GPU_0,1474.1,148.0,100.0
1781845431.21,ROCM_SMI,GPU_1,1474.1,137.0,100.0
1781845431.21,ROCM_SMI,GPU_2,1474.1,141.0,100.0
1781845431.21,ROCM_SMI,GPU_3,1474.1,143.0,100.0
1781845431.21,ROCM_SMI,GPU_4,1474.1,138.0,100.0
1781845431.21,ROCM_SMI,GPU_5,1474.1,133.0,87.0
1781845431.21,ROCM_SMI,GPU_6,1474.1,129.0,100.0
1781845431.21,ROCM_SMI,GPU_7,1474.1,143.0,100.0
1781845433.41,ROCM_SMI,GPU_0,1474.1,146.0,100.0
1781845433.41,ROCM_SMI,GPU_1,1474.1,143.0,100.0
1781845433.41,ROCM_SMI,GPU_2,1474.1,145.0,100.0
1781845433.41,ROCM_SMI,GPU_3,1474.1,148.0,100.0
1781845433.41,ROCM_SMI,GPU_4,1474.1,141.0,100.0
1781845433.41,ROCM_SMI,GPU_5,1474.1,139.0,100.0
1781845433.41,ROCM_SMI,GPU_6,1474.1,142.0,88.0
1781845433.41,ROCM_SMI,GPU_7,1474.1,140.0,100.0
1781845435.60,ROCM_SMI,GPU_0,1474.1,145.0,100.0
1781845435.60,ROCM_SMI,GPU_1,1474.1,143.0,100.0
1781845435.60,ROCM_SMI,GPU_2,1474.1,143.0,100.0
1781845435.60,ROCM_SMI,GPU_3,1474.1,147.0,100.0
1781845435.60,ROCM_SMI,GPU_4,1474.1,145.0,100.0
1781845435.60,ROCM_SMI,GPU_5,1474.1,139.0,100.0
1781845435.60,ROCM_SMI,GPU_6,1474.1,144.0,100.0
1781845435.60,ROCM_SMI,GPU_7,1474.1,138.0,87.0
1781845437.79,ROCM_SMI,GPU_0,1474.1,148.0,100.0
1781845437.79,ROCM_SMI,GPU_1,1474.1,141.0,100.0
1781845437.79,ROCM_SMI,GPU_2,1474.1,143.0,100.0
1781845437.79,ROCM_SMI,GPU_3,1474.1,147.0,100.0
1781845437.79,ROCM_SMI,GPU_4,1474.1,145.0,100.0
1781845437.79,ROCM_SMI,GPU_5,1474.1,138.0,100.0
1781845437.79,ROCM_SMI,GPU_6,1474.1,144.0,100.0
1781845437.79,ROCM_SMI,GPU_7,1474.1,139.0,86.0
1781845439.98,ROCM_SMI,GPU_0,1474.1,147.0,100.0
1781845439.98,ROCM_SMI,GPU_1,1474.1,142.0,100.0
1781845439.98,ROCM_SMI,GPU_2,1474.1,142.0,100.0
1781845439.98,ROCM_SMI,GPU_3,1474.1,146.0,100.0
1781845439.98,ROCM_SMI,GPU_4,1474.1,145.0,100.0
1781845439.98,ROCM_SMI,GPU_5,1474.1,138.0,100.0
1781845439.98,ROCM_SMI,GPU_6,1474.1,144.0,100.0
1781845439.98,ROCM_SMI,GPU_7,1474.1,137.0,100.0
1781845442.18,ROCM_SMI,GPU_0,1474.1,147.0,100.0
1781845442.18,ROCM_SMI,GPU_1,1474.1,141.0,100.0
1781845442.18,ROCM_SMI,GPU_2,1474.1,144.0,100.0
1781845442.18,ROCM_SMI,GPU_3,1474.1,147.0,100.0
1781845442.18,ROCM_SMI,GPU_4,1474.1,145.0,100.0
1781845442.18,ROCM_SMI,GPU_5,1474.1,139.0,100.0
1781845442.18,ROCM_SMI,GPU_6,1474.1,142.0,100.0
1781845442.18,ROCM_SMI,GPU_7,1474.1,139.0,100.0
1781845444.37,ROCM_SMI,GPU_0,1474.1,135.0,95.0
1781845444.37,ROCM_SMI,GPU_1,1474.1,125.0,90.0
1781845444.37,ROCM_SMI,GPU_2,1474.1,194.0,100.0
1781845444.37,ROCM_SMI,GPU_3,1474.1,150.0,100.0
1781845444.37,ROCM_SMI,GPU_4,1474.1,134.0,100.0
1781845444.37,ROCM_SMI,GPU_5,1474.1,138.0,100.0
1781845444.37,ROCM_SMI,GPU_6,1474.1,135.0,100.0
1781845444.37,ROCM_SMI,GPU_7,1474.1,138.0,100.0
1781845446.57,ROCM_SMI,GPU_0,1474.1,148.0,97.0
1781845446.57,ROCM_SMI,GPU_1,1474.1,138.0,100.0
1781845446.57,ROCM_SMI,GPU_2,1474.1,144.0,100.0
1781845446.57,ROCM_SMI,GPU_3,1474.1,146.0,100.0
1781845446.57,ROCM_SMI,GPU_4,1474.1,144.0,100.0
1781845446.57,ROCM_SMI,GPU_5,1474.1,141.0,100.0
1781845446.57,ROCM_SMI,GPU_6,1474.1,140.0,100.0
1781845446.57,ROCM_SMI,GPU_7,1474.1,138.0,100.0
1781845448.76,ROCM_SMI,GPU_0,1474.1,149.0,100.0
1781845448.76,ROCM_SMI,GPU_1,1474.1,139.0,100.0
1781845448.76,ROCM_SMI,GPU_2,1474.1,144.0,85.0
1781845448.76,ROCM_SMI,GPU_3,1474.1,144.0,100.0
1781845448.76,ROCM_SMI,GPU_4,1474.1,144.0,100.0
1781845448.76,ROCM_SMI,GPU_5,1474.1,142.0,100.0
1781845448.76,ROCM_SMI,GPU_6,1474.1,140.0,100.0
1781845448.76,ROCM_SMI,GPU_7,1474.1,138.0,100.0
1781845450.95,ROCM_SMI,GPU_0,1474.1,150.0,100.0
1781845450.95,ROCM_SMI,GPU_1,1474.1,141.0,100.0
1781845450.95,ROCM_SMI,GPU_2,1474.1,146.0,100.0
1781845450.95,ROCM_SMI,GPU_3,1474.1,145.0,100.0
1781845450.95,ROCM_SMI,GPU_4,1474.1,141.0,89.0
1781845450.95,ROCM_SMI,GPU_5,1474.1,141.0,100.0
1781845450.95,ROCM_SMI,GPU_6,1474.1,139.0,100.0
1781845450.95,ROCM_SMI,GPU_7,1474.1,137.0,100.0
1781845453.14,ROCM_SMI,GPU_0,1474.1,150.0,100.0
1781845453.14,ROCM_SMI,GPU_1,1474.1,141.0,100.0
1781845453.14,ROCM_SMI,GPU_2,1474.1,144.0,100.0
1781845453.14,ROCM_SMI,GPU_3,1474.1,146.0,100.0
1781845453.14,ROCM_SMI,GPU_4,1474.1,145.0,100.0
1781845453.14,ROCM_SMI,GPU_5,1474.1,141.0,100.0
1781845453.14,ROCM_SMI,GPU_6,1474.1,142.0,80.0
1781845453.14,ROCM_SMI,GPU_7,1474.1,140.0,100.0
1781845455.34,ROCM_SMI,GPU_0,1474.1,148.0,100.0
1781845455.34,ROCM_SMI,GPU_1,1474.1,142.0,100.0
1781845455.34,ROCM_SMI,GPU_2,1474.1,143.0,100.0
1781845455.34,ROCM_SMI,GPU_3,1474.1,146.0,100.0
1781845455.34,ROCM_SMI,GPU_4,1474.1,146.0,100.0
1781845455.34,ROCM_SMI,GPU_5,1474.1,139.0,100.0
1781845455.34,ROCM_SMI,GPU_6,1474.1,142.0,100.0
1781845455.34,ROCM_SMI,GPU_7,1474.1,139.0,80.0
1781845457.53,ROCM_SMI,GPU_0,1474.1,148.0,100.0
1781845457.53,ROCM_SMI,GPU_1,1474.1,140.0,100.0
1781845457.53,ROCM_SMI,GPU_2,1474.1,144.0,100.0
1781845457.53,ROCM_SMI,GPU_3,1474.1,147.0,100.0
1781845457.53,ROCM_SMI,GPU_4,1474.1,146.0,100.0
1781845457.53,ROCM_SMI,GPU_5,1474.1,139.0,100.0
1781845457.53,ROCM_SMI,GPU_6,1474.1,144.0,100.0
1781845457.53,ROCM_SMI,GPU_7,1474.1,139.0,100.0
1781845459.73,ROCM_SMI,GPU_0,1474.1,149.0,100.0
1781845459.73,ROCM_SMI,GPU_1,1474.1,141.0,100.0
1781845459.73,ROCM_SMI,GPU_2,1474.1,143.0,100.0
1781845459.73,ROCM_SMI,GPU_3,1474.1,146.0,100.0
1781845459.73,ROCM_SMI,GPU_4,1474.1,145.0,100.0
1781845459.73,ROCM_SMI,GPU_5,1474.1,139.0,100.0
1781845459.73,ROCM_SMI,GPU_6,1474.1,142.0,100.0
1781845459.73,ROCM_SMI,GPU_7,1474.1,137.0,100.0
1781845461.92,ROCM_SMI,GPU_0,1474.1,147.0,100.0
1781845461.92,ROCM_SMI,GPU_1,1474.1,141.0,100.0
1781845461.92,ROCM_SMI,GPU_2,1474.1,142.0,100.0
1781845461.92,ROCM_SMI,GPU_3,1474.1,145.0,100.0
1781845461.92,ROCM_SMI,GPU_4,1474.1,145.0,100.0
1781845461.92,ROCM_SMI,GPU_5,1474.1,139.0,100.0
1781845461.92,ROCM_SMI,GPU_6,1474.1,143.0,100.0
1781845461.92,ROCM_SMI,GPU_7,1474.1,139.0,100.0
1781845464.11,ROCM_SMI,GPU_0,1474.1,144.0,100.0
1781845464.11,ROCM_SMI,GPU_1,1474.1,141.0,100.0
1781845464.11,ROCM_SMI,GPU_2,1474.1,141.0,100.0
1781845464.11,ROCM_SMI,GPU_3,1474.1,146.0,100.0
1781845464.11,ROCM_SMI,GPU_4,1474.1,144.0,100.0
1781845464.11,ROCM_SMI,GPU_5,1474.1,138.0,100.0
1781845464.11,ROCM_SMI,GPU_6,1474.1,144.0,100.0
1781845464.11,ROCM_SMI,GPU_7,1474.1,139.0,100.0
1781845466.31,ROCM_SMI,GPU_0,1474.1,144.0,100.0
1781845466.31,ROCM_SMI,GPU_1,1474.1,141.0,100.0
1781845466.31,ROCM_SMI,GPU_2,1474.1,142.0,94.0
1781845466.31,ROCM_SMI,GPU_3,1474.1,145.0,99.0
1781845466.31,ROCM_SMI,GPU_4,1474.1,142.0,100.0
1781845466.31,ROCM_SMI,GPU_5,1474.1,138.0,100.0
1781845466.31,ROCM_SMI,GPU_6,1474.1,144.0,100.0
1781845466.31,ROCM_SMI,GPU_7,1474.1,138.0,100.0
1781845468.50,ROCM_SMI,GPU_0,1474.1,150.0,100.0
1781845468.50,ROCM_SMI,GPU_1,1474.1,141.0,100.0
1781845468.50,ROCM_SMI,GPU_2,1474.1,148.0,100.0
1781845468.50,ROCM_SMI,GPU_3,1474.1,146.0,79.0
1781845468.50,ROCM_SMI,GPU_4,1474.1,140.0,100.0
1781845468.50,ROCM_SMI,GPU_5,1474.1,143.0,100.0
1781845468.50,ROCM_SMI,GPU_6,1474.1,141.0,100.0
1781845468.50,ROCM_SMI,GPU_7,1474.1,142.0,100.0
1781845470.70,ROCM_SMI,GPU_0,1474.1,150.0,100.0
1781845470.70,ROCM_SMI,GPU_1,1474.1,140.0,100.0
1781845470.70,ROCM_SMI,GPU_2,1474.1,148.0,100.0
1781845470.70,ROCM_SMI,GPU_3,1474.1,144.0,100.0
1781845470.70,ROCM_SMI,GPU_4,1474.1,139.0,81.0
1781845470.70,ROCM_SMI,GPU_5,1474.1,142.0,100.0
1781845470.70,ROCM_SMI,GPU_6,1474.1,139.0,100.0
1781845470.70,ROCM_SMI,GPU_7,1474.1,139.0,100.0
1781845472.90,ROCM_SMI,GPU_0,1474.1,149.0,100.0
1781845472.90,ROCM_SMI,GPU_1,1474.1,141.0,100.0
1781845472.90,ROCM_SMI,GPU_2,1474.1,148.0,100.0
1781845472.90,ROCM_SMI,GPU_3,1474.1,145.0,100.0
1781845472.90,ROCM_SMI,GPU_4,1474.1,142.0,100.0
1781845472.90,ROCM_SMI,GPU_5,1474.1,137.0,91.0
1781845472.90,ROCM_SMI,GPU_6,1474.1,138.0,100.0
1781845472.90,ROCM_SMI,GPU_7,1474.1,139.0,100.0
1781845475.09,ROCM_SMI,GPU_0,1474.1,148.0,100.0
1781845475.09,ROCM_SMI,GPU_1,1474.1,142.0,100.0
1781845475.09,ROCM_SMI,GPU_2,1474.1,148.0,100.0
1781845475.09,ROCM_SMI,GPU_3,1474.1,146.0,100.0
1781845475.09,ROCM_SMI,GPU_4,1474.1,140.0,100.0
1781845475.09,ROCM_SMI,GPU_5,1474.1,143.0,89.0
1781845475.09,ROCM_SMI,GPU_6,1474.1,141.0,100.0
1781845475.09,ROCM_SMI,GPU_7,1474.1,140.0,100.0
1781845477.28,ROCM_SMI,GPU_0,1474.1,147.0,100.0
1781845477.28,ROCM_SMI,GPU_1,1474.1,140.0,100.0
1781845477.28,ROCM_SMI,GPU_2,1474.1,146.0,100.0
1781845477.28,ROCM_SMI,GPU_3,1474.1,147.0,100.0
1781845477.28,ROCM_SMI,GPU_4,1474.1,139.0,100.0
1781845477.28,ROCM_SMI,GPU_5,1474.1,141.0,100.0
1781845477.28,ROCM_SMI,GPU_6,1474.1,142.0,100.0
1781845477.28,ROCM_SMI,GPU_7,1474.1,140.0,91.0
1781845479.48,ROCM_SMI,GPU_0,1474.1,145.0,100.0
1781845479.48,ROCM_SMI,GPU_1,1474.1,142.0,100.0
1781845479.48,ROCM_SMI,GPU_2,1474.1,145.0,100.0
1781845479.48,ROCM_SMI,GPU_3,1474.1,147.0,100.0
1781845479.48,ROCM_SMI,GPU_4,1474.1,141.0,100.0
1781845479.48,ROCM_SMI,GPU_5,1474.1,139.0,100.0
1781845479.48,ROCM_SMI,GPU_6,1474.1,143.0,100.0
1781845479.48,ROCM_SMI,GPU_7,1474.1,140.0,100.0
1781845481.67,ROCM_SMI,GPU_0,1474.1,146.0,100.0
1781845481.67,ROCM_SMI,GPU_1,1474.1,140.0,100.0
1781845481.67,ROCM_SMI,GPU_2,1474.1,145.0,100.0
1781845481.67,ROCM_SMI,GPU_3,1474.1,145.0,100.0
1781845481.67,ROCM_SMI,GPU_4,1474.1,140.0,100.0
1781845481.67,ROCM_SMI,GPU_5,1474.1,140.0,100.0
1781845481.67,ROCM_SMI,GPU_6,1474.1,143.0,100.0
1781845481.67,ROCM_SMI,GPU_7,1474.1,139.0,100.0
1781845483.86,ROCM_SMI,GPU_0,1474.1,146.0,100.0
1781845483.86,ROCM_SMI,GPU_1,1474.1,142.0,100.0
1781845483.86,ROCM_SMI,GPU_2,1474.1,142.0,100.0
1781845483.86,ROCM_SMI,GPU_3,1474.1,147.0,100.0
1781845483.86,ROCM_SMI,GPU_4,1474.1,145.0,100.0
1781845483.86,ROCM_SMI,GPU_5,1474.1,138.0,100.0
1781845483.86,ROCM_SMI,GPU_6,1474.1,144.0,100.0
1781845483.86,ROCM_SMI,GPU_7,1474.1,139.0,100.0
1781845486.06,ROCM_SMI,GPU_0,1474.1,155.0,100.0
1781845486.06,ROCM_SMI,GPU_1,1474.1,140.0,100.0
1781845486.06,ROCM_SMI,GPU_2,1474.1,148.0,100.0
1781845486.06,ROCM_SMI,GPU_3,1474.1,148.0,100.0
1781845486.06,ROCM_SMI,GPU_4,1474.1,139.0,100.0
1781845486.06,ROCM_SMI,GPU_5,1474.1,146.0,100.0
1781845486.06,ROCM_SMI,GPU_6,1474.1,137.0,100.0
1781845486.06,ROCM_SMI,GPU_7,1474.1,140.0,100.0
1781845488.25,ROCM_SMI,GPU_0,1474.1,150.0,82.0
1781845488.25,ROCM_SMI,GPU_1,1474.1,139.0,100.0
1781845488.25,ROCM_SMI,GPU_2,1474.1,149.0,100.0
1781845488.25,ROCM_SMI,GPU_3,1474.1,146.0,100.0
1781845488.25,ROCM_SMI,GPU_4,1474.1,140.0,100.0
1781845488.25,ROCM_SMI,GPU_5,1474.1,143.0,100.0
1781845488.25,ROCM_SMI,GPU_6,1474.1,138.0,100.0
1781845488.25,ROCM_SMI,GPU_7,1474.1,139.0,100.0
1781845490.44,ROCM_SMI,GPU_0,1474.1,144.0,84.0
1781845490.44,ROCM_SMI,GPU_1,1474.1,140.0,100.0
1781845490.44,ROCM_SMI,GPU_2,1474.1,143.0,100.0
1781845490.44,ROCM_SMI,GPU_3,1474.1,148.0,100.0
1781845490.44,ROCM_SMI,GPU_4,1474.1,144.0,100.0
1781845490.44,ROCM_SMI,GPU_5,1474.1,139.0,100.0
1781845490.44,ROCM_SMI,GPU_6,1474.1,144.0,100.0
1781845490.44,ROCM_SMI,GPU_7,1474.1,139.0,100.0
1781845492.64,ROCM_SMI,GPU_0,1474.1,149.0,99.0
1781845492.64,ROCM_SMI,GPU_1,1474.1,139.0,89.0
1781845492.64,ROCM_SMI,GPU_2,1474.1,144.0,100.0
1781845492.64,ROCM_SMI,GPU_3,1474.1,147.0,100.0
1781845492.64,ROCM_SMI,GPU_4,1474.1,144.0,100.0
1781845492.64,ROCM_SMI,GPU_5,1474.1,141.0,100.0
1781845492.64,ROCM_SMI,GPU_6,1474.1,140.0,100.0
1781845492.64,ROCM_SMI,GPU_7,1474.1,138.0,100.0
1781845494.83,ROCM_SMI,GPU_0,1474.1,149.0,100.0
1781845494.83,ROCM_SMI,GPU_1,1474.1,140.0,100.0
1781845494.83,ROCM_SMI,GPU_2,1474.1,144.0,97.0
1781845494.83,ROCM_SMI,GPU_3,1474.1,143.0,90.0
1781845494.83,ROCM_SMI,GPU_4,1474.1,141.0,100.0
1781845494.83,ROCM_SMI,GPU_5,1474.1,143.0,100.0
1781845494.83,ROCM_SMI,GPU_6,1474.1,139.0,100.0
1781845494.83,ROCM_SMI,GPU_7,1474.1,139.0,100.0
1781845497.02,ROCM_SMI,GPU_0,1474.1,152.0,100.0
1781845497.02,ROCM_SMI,GPU_1,1474.1,140.0,100.0
1781845497.02,ROCM_SMI,GPU_2,1474.1,147.0,100.0
1781845497.02,ROCM_SMI,GPU_3,1474.1,147.0,100.0
1781845497.02,ROCM_SMI,GPU_4,1474.1,141.0,80.0
1781845497.02,ROCM_SMI,GPU_5,1474.1,143.0,100.0
1781845497.02,ROCM_SMI,GPU_6,1474.1,138.0,100.0
1781845497.02,ROCM_SMI,GPU_7,1474.1,139.0,100.0
1781845499.21,ROCM_SMI,GPU_0,1474.1,153.0,100.0
1781845499.21,ROCM_SMI,GPU_1,1474.1,140.0,100.0
1781845499.21,ROCM_SMI,GPU_2,1474.1,147.0,100.0
1781845499.21,ROCM_SMI,GPU_3,1474.1,144.0,100.0
1781845499.21,ROCM_SMI,GPU_4,1474.1,140.0,100.0
1781845499.21,ROCM_SMI,GPU_5,1474.1,143.0,100.0
1781845499.21,ROCM_SMI,GPU_6,1474.1,137.0,87.0
1781845499.21,ROCM_SMI,GPU_7,1474.1,141.0,100.0
1781845501.41,ROCM_SMI,GPU_0,1474.1,146.0,100.0
1781845501.41,ROCM_SMI,GPU_1,1474.1,142.0,100.0
1781845501.41,ROCM_SMI,GPU_2,1474.1,144.0,100.0
1781845501.41,ROCM_SMI,GPU_3,1474.1,148.0,100.0
1781845501.41,ROCM_SMI,GPU_4,1474.1,140.0,100.0
1781845501.41,ROCM_SMI,GPU_5,1474.1,139.0,87.0
1781845501.41,ROCM_SMI,GPU_6,1474.1,143.0,100.0
1781845501.41,ROCM_SMI,GPU_7,1474.1,141.0,100.0
1781845503.60,ROCM_SMI,GPU_0,1474.1,148.0,100.0
1781845503.60,ROCM_SMI,GPU_1,1474.1,142.0,100.0
1781845503.60,ROCM_SMI,GPU_2,1474.1,144.0,100.0
1781845503.60,ROCM_SMI,GPU_3,1474.1,147.0,100.0
1781845503.60,ROCM_SMI,GPU_4,1474.1,146.0,100.0
1781845503.60,ROCM_SMI,GPU_5,1474.1,138.0,90.0
1781845503.60,ROCM_SMI,GPU_6,1474.1,143.0,100.0
1781845503.60,ROCM_SMI,GPU_7,1474.1,138.0,100.0
1781845505.79,ROCM_SMI,GPU_0,1474.1,150.0,100.0
1781845505.79,ROCM_SMI,GPU_1,1474.1,140.0,100.0
1781845505.79,ROCM_SMI,GPU_2,1474.1,145.0,100.0
1781845505.79,ROCM_SMI,GPU_3,1474.1,145.0,100.0
1781845505.79,ROCM_SMI,GPU_4,1474.1,144.0,100.0
1781845505.79,ROCM_SMI,GPU_5,1474.1,141.0,100.0
1781845505.79,ROCM_SMI,GPU_6,1474.1,140.0,100.0
1781845505.79,ROCM_SMI,GPU_7,1474.1,139.0,87.0
1781845507.98,ROCM_SMI,GPU_0,1474.1,151.0,100.0
1781845507.98,ROCM_SMI,GPU_1,1474.1,139.0,100.0
1781845507.98,ROCM_SMI,GPU_2,1474.1,146.0,100.0
1781845507.98,ROCM_SMI,GPU_3,1474.1,144.0,100.0
1781845507.98,ROCM_SMI,GPU_4,1474.1,141.0,100.0
1781845507.98,ROCM_SMI,GPU_5,1474.1,143.0,100.0
1781845507.98,ROCM_SMI,GPU_6,1474.1,140.0,100.0
1781845507.98,ROCM_SMI,GPU_7,1474.1,139.0,100.0
1781845510.18,ROCM_SMI,GPU_0,1474.1,149.0,100.0
1781845510.18,ROCM_SMI,GPU_1,1474.1,140.0,100.0
1781845510.18,ROCM_SMI,GPU_2,1474.1,147.0,100.0
1781845510.18,ROCM_SMI,GPU_3,1474.1,145.0,100.0
1781845510.18,ROCM_SMI,GPU_4,1474.1,140.0,100.0
1781845510.18,ROCM_SMI,GPU_5,1474.1,142.0,100.0
1781845510.18,ROCM_SMI,GPU_6,1474.1,141.0,100.0
1781845510.18,ROCM_SMI,GPU_7,1474.1,139.0,100.0
1781845512.37,ROCM_SMI,GPU_0,1474.1,146.0,100.0
1781845512.37,ROCM_SMI,GPU_1,1474.1,142.0,100.0
1781845512.37,ROCM_SMI,GPU_2,1474.1,147.0,100.0
1781845512.37,ROCM_SMI,GPU_3,1474.1,145.0,100.0
1781845512.37,ROCM_SMI,GPU_4,1474.1,139.0,100.0
1781845512.37,ROCM_SMI,GPU_5,1474.1,142.0,100.0
1781845512.37,ROCM_SMI,GPU_6,1474.1,141.0,100.0
1781845512.37,ROCM_SMI,GPU_7,1474.1,141.0,100.0
1781845514.57,ROCM_SMI,GPU_0,1474.1,146.0,100.0
1781845514.57,ROCM_SMI,GPU_1,1474.1,144.0,100.0
1781845514.57,ROCM_SMI,GPU_2,1474.1,146.0,100.0
1781845514.57,ROCM_SMI,GPU_3,1474.1,146.0,100.0
1781845514.57,ROCM_SMI,GPU_4,1474.1,145.0,100.0
1781845514.57,ROCM_SMI,GPU_5,1474.1,138.0,100.0
1781845514.57,ROCM_SMI,GPU_6,1474.1,142.0,100.0
1781845514.57,ROCM_SMI,GPU_7,1474.1,139.0,100.0
1781845516.76,ROCM_SMI,GPU_0,1474.1,149.0,100.0
1781845516.76,ROCM_SMI,GPU_1,1474.1,140.0,100.0
1781845516.76,ROCM_SMI,GPU_2,1474.1,147.0,100.0
1781845516.76,ROCM_SMI,GPU_3,1474.1,146.0,100.0
1781845516.76,ROCM_SMI,GPU_4,1474.1,143.0,100.0
1781845516.76,ROCM_SMI,GPU_5,1474.1,142.0,100.0
1781845516.76,ROCM_SMI,GPU_6,1474.1,140.0,100.0
1781845516.76,ROCM_SMI,GPU_7,1474.1,140.0,100.0
1781845518.95,ROCM_SMI,GPU_0,1474.1,144.0,100.0
1781845518.95,ROCM_SMI,GPU_1,1474.1,141.0,100.0
1781845518.95,ROCM_SMI,GPU_2,1474.1,141.0,100.0
1781845518.95,ROCM_SMI,GPU_3,1474.1,147.0,100.0
1781845518.95,ROCM_SMI,GPU_4,1474.1,145.0,100.0
1781845518.95,ROCM_SMI,GPU_5,1474.1,139.0,100.0
1781845518.95,ROCM_SMI,GPU_6,1474.1,144.0,100.0
1781845518.95,ROCM_SMI,GPU_7,1474.1,138.0,100.0
1781845521.14,ROCM_SMI,GPU_0,1474.1,149.0,96.0
1781845521.14,ROCM_SMI,GPU_1,1474.1,140.0,100.0
1781845521.14,ROCM_SMI,GPU_2,1474.1,147.0,100.0
1781845521.14,ROCM_SMI,GPU_3,1474.1,147.0,100.0
1781845521.14,ROCM_SMI,GPU_4,1474.1,140.0,100.0
1781845521.14,ROCM_SMI,GPU_5,1474.1,142.0,100.0
1781845521.14,ROCM_SMI,GPU_6,1474.1,139.0,100.0
1781845521.14,ROCM_SMI,GPU_7,1474.1,141.0,100.0
1781845523.33,ROCM_SMI,GPU_0,1474.1,144.0,88.0
1781845523.33,ROCM_SMI,GPU_1,1474.1,140.0,100.0
1781845523.33,ROCM_SMI,GPU_2,1474.1,143.0,100.0
1781845523.33,ROCM_SMI,GPU_3,1474.1,148.0,100.0
1781845523.33,ROCM_SMI,GPU_4,1474.1,143.0,100.0
1781845523.33,ROCM_SMI,GPU_5,1474.1,139.0,100.0
1781845523.33,ROCM_SMI,GPU_6,1474.1,145.0,100.0
1781845523.33,ROCM_SMI,GPU_7,1474.1,138.0,100.0
1781845525.52,ROCM_SMI,GPU_0,1474.1,146.0,100.0
1781845525.52,ROCM_SMI,GPU_1,1474.1,140.0,82.0
1781845525.52,ROCM_SMI,GPU_2,1474.1,142.0,100.0
1781845525.52,ROCM_SMI,GPU_3,1474.1,148.0,100.0
1781845525.52,ROCM_SMI,GPU_4,1474.1,145.0,100.0
1781845525.52,ROCM_SMI,GPU_5,1474.1,138.0,100.0
1781845525.52,ROCM_SMI,GPU_6,1474.1,144.0,100.0
1781845525.52,ROCM_SMI,GPU_7,1474.1,139.0,100.0
1781845527.72,ROCM_SMI,GPU_0,1474.1,149.0,100.0
1781845527.72,ROCM_SMI,GPU_1,1474.1,137.0,85.0
1781845527.72,ROCM_SMI,GPU_2,1474.1,146.0,100.0
1781845527.72,ROCM_SMI,GPU_3,1474.1,150.0,100.0
1781845527.72,ROCM_SMI,GPU_4,1474.1,137.0,100.0
1781845527.72,ROCM_SMI,GPU_5,1474.1,142.0,100.0
1781845527.72,ROCM_SMI,GPU_6,1474.1,140.0,100.0
1781845527.72,ROCM_SMI,GPU_7,1474.1,140.0,100.0
1781845529.91,ROCM_SMI,GPU_0,1474.1,145.0,100.0
1781845529.91,ROCM_SMI,GPU_1,1474.1,141.0,88.0
1781845529.91,ROCM_SMI,GPU_2,1474.1,143.0,100.0
1781845529.91,ROCM_SMI,GPU_3,1474.1,148.0,100.0
1781845529.91,ROCM_SMI,GPU_4,1474.1,142.0,100.0
1781845529.91,ROCM_SMI,GPU_5,1474.1,139.0,100.0
1781845529.91,ROCM_SMI,GPU_6,1474.1,143.0,100.0
1781845529.91,ROCM_SMI,GPU_7,1474.1,140.0,100.0
1781845532.11,ROCM_SMI,GPU_0,1474.1,148.0,100.0
1781845532.11,ROCM_SMI,GPU_1,1474.1,140.0,87.0
1781845532.11,ROCM_SMI,GPU_2,1474.1,142.0,99.0
1781845532.11,ROCM_SMI,GPU_3,1474.1,146.0,100.0
1781845532.11,ROCM_SMI,GPU_4,1474.1,144.0,100.0
1781845532.11,ROCM_SMI,GPU_5,1474.1,140.0,100.0
1781845532.11,ROCM_SMI,GPU_6,1474.1,142.0,100.0
1781845532.11,ROCM_SMI,GPU_7,1474.1,138.0,100.0
1781845534.30,ROCM_SMI,GPU_0,1474.1,149.0,100.0
1781845534.30,ROCM_SMI,GPU_1,1474.1,140.0,100.0
1781845534.30,ROCM_SMI,GPU_2,1474.1,146.0,84.0
1781845534.30,ROCM_SMI,GPU_3,1474.1,145.0,100.0
1781845534.30,ROCM_SMI,GPU_4,1474.1,141.0,100.0
1781845534.30,ROCM_SMI,GPU_5,1474.1,143.0,100.0
1781845534.30,ROCM_SMI,GPU_6,1474.1,141.0,100.0
1781845534.30,ROCM_SMI,GPU_7,1474.1,140.0,100.0
1781845536.49,ROCM_SMI,GPU_0,1474.1,148.0,100.0
1781845536.49,ROCM_SMI,GPU_1,1474.1,139.0,100.0
1781845536.49,ROCM_SMI,GPU_2,1474.1,142.0,81.0
1781845536.49,ROCM_SMI,GPU_3,1474.1,145.0,100.0
1781845536.49,ROCM_SMI,GPU_4,1474.1,145.0,100.0
1781845536.49,ROCM_SMI,GPU_5,1474.1,140.0,100.0
1781845536.49,ROCM_SMI,GPU_6,1474.1,142.0,100.0
1781845536.49,ROCM_SMI,GPU_7,1474.1,138.0,100.0
1781845538.68,ROCM_SMI,GPU_0,1474.1,148.0,100.0
1781845538.68,ROCM_SMI,GPU_1,1474.1,140.0,100.0
1781845538.68,ROCM_SMI,GPU_2,1474.1,146.0,86.0
1781845538.68,ROCM_SMI,GPU_3,1474.1,146.0,100.0
1781845538.68,ROCM_SMI,GPU_4,1474.1,140.0,100.0
1781845538.68,ROCM_SMI,GPU_5,1474.1,142.0,100.0
1781845538.68,ROCM_SMI,GPU_6,1474.1,141.0,100.0
1781845538.68,ROCM_SMI,GPU_7,1474.1,140.0,100.0
1781845540.88,ROCM_SMI,GPU_0,1474.1,150.0,100.0
1781845540.88,ROCM_SMI,GPU_1,1474.1,140.0,100.0
1781845540.88,ROCM_SMI,GPU_2,1474.1,143.0,82.0
1781845540.88,ROCM_SMI,GPU_3,1474.1,144.0,100.0
1781845540.88,ROCM_SMI,GPU_4,1474.1,144.0,100.0
1781845540.88,ROCM_SMI,GPU_5,1474.1,141.0,100.0
1781845540.88,ROCM_SMI,GPU_6,1474.1,141.0,100.0
1781845540.88,ROCM_SMI,GPU_7,1474.1,140.0,100.0
1781845543.07,ROCM_SMI,GPU_0,1474.1,142.0,100.0
1781845543.07,ROCM_SMI,GPU_1,1474.1,132.0,88.0
1781845543.07,ROCM_SMI,GPU_2,1474.1,136.0,100.0
1781845543.07,ROCM_SMI,GPU_3,1474.1,154.0,100.0
1781845543.07,ROCM_SMI,GPU_4,1474.1,154.0,100.0
1781845543.07,ROCM_SMI,GPU_5,1474.1,138.0,100.0
1781845543.07,ROCM_SMI,GPU_6,1474.1,152.0,100.0
1781845543.07,ROCM_SMI,GPU_7,1474.1,133.0,100.0
1781845545.27,ROCM_SMI,GPU_0,1474.1,148.0,87.0
1781845545.27,ROCM_SMI,GPU_1,1474.1,139.0,100.0
1781845545.27,ROCM_SMI,GPU_2,1474.1,145.0,100.0
1781845545.27,ROCM_SMI,GPU_3,1474.1,145.0,100.0
1781845545.27,ROCM_SMI,GPU_4,1474.1,144.0,100.0
1781845545.27,ROCM_SMI,GPU_5,1474.1,142.0,100.0
1781845545.27,ROCM_SMI,GPU_6,1474.1,141.0,100.0
1781845545.27,ROCM_SMI,GPU_7,1474.1,139.0,100.0
1781845547.46,ROCM_SMI,GPU_0,1474.1,149.0,100.0
1781845547.46,ROCM_SMI,GPU_1,1474.1,140.0,83.0
1781845547.46,ROCM_SMI,GPU_2,1474.1,146.0,100.0
1781845547.46,ROCM_SMI,GPU_3,1474.1,147.0,100.0
1781845547.46,ROCM_SMI,GPU_4,1474.1,141.0,100.0
1781845547.46,ROCM_SMI,GPU_5,1474.1,142.0,100.0
1781845547.46,ROCM_SMI,GPU_6,1474.1,142.0,100.0
1781845547.46,ROCM_SMI,GPU_7,1474.1,140.0,100.0
1781845549.65,ROCM_SMI,GPU_0,1474.1,145.0,100.0
1781845549.65,ROCM_SMI,GPU_1,1474.1,140.0,100.0
1781845549.65,ROCM_SMI,GPU_2,1474.1,142.0,94.0
1781845549.65,ROCM_SMI,GPU_3,1474.1,147.0,100.0
1781845549.65,ROCM_SMI,GPU_4,1474.1,143.0,100.0
1781845549.65,ROCM_SMI,GPU_5,1474.1,138.0,100.0
1781845549.65,ROCM_SMI,GPU_6,1474.1,144.0,100.0
1781845549.65,ROCM_SMI,GPU_7,1474.1,139.0,100.0
1781845551.85,ROCM_SMI,GPU_0,1474.1,149.0,100.0
1781845551.85,ROCM_SMI,GPU_1,1474.1,141.0,100.0
1781845551.85,ROCM_SMI,GPU_2,1474.1,144.0,83.0
1781845551.85,ROCM_SMI,GPU_3,1474.1,145.0,100.0
1781845551.85,ROCM_SMI,GPU_4,1474.1,144.0,100.0
1781845551.85,ROCM_SMI,GPU_5,1474.1,142.0,100.0
1781845551.85,ROCM_SMI,GPU_6,1474.1,140.0,100.0
1781845551.85,ROCM_SMI,GPU_7,1474.1,138.0,100.0
1781845554.04,ROCM_SMI,GPU_0,1474.1,145.0,94.0
1781845554.04,ROCM_SMI,GPU_1,1474.1,139.0,89.0
1781845554.04,ROCM_SMI,GPU_2,1474.1,143.0,100.0
1781845554.04,ROCM_SMI,GPU_3,1474.1,147.0,100.0
1781845554.04,ROCM_SMI,GPU_4,1474.1,142.0,100.0
1781845554.04,ROCM_SMI,GPU_5,1474.1,139.0,100.0
1781845554.04,ROCM_SMI,GPU_6,1474.1,144.0,100.0
1781845554.04,ROCM_SMI,GPU_7,1474.1,140.0,100.0
1781845556.24,ROCM_SMI,GPU_0,1474.1,140.0,84.0
1781845556.24,ROCM_SMI,GPU_1,1474.1,131.0,100.0
1781845556.24,ROCM_SMI,GPU_2,1474.1,159.0,100.0
1781845556.24,ROCM_SMI,GPU_3,1474.1,151.0,100.0
1781845556.24,ROCM_SMI,GPU_4,1474.1,151.0,100.0
1781845556.24,ROCM_SMI,GPU_5,1474.1,140.0,100.0
1781845556.24,ROCM_SMI,GPU_6,1474.1,139.0,100.0
1781845556.24,ROCM_SMI,GPU_7,1474.1,136.0,100.0
1781845558.43,ROCM_SMI,GPU_0,1474.1,144.0,100.0
1781845558.43,ROCM_SMI,GPU_1,1474.1,141.0,100.0
1781845558.43,ROCM_SMI,GPU_2,1474.1,142.0,100.0
1781845558.43,ROCM_SMI,GPU_3,1474.1,147.0,100.0
1781845558.43,ROCM_SMI,GPU_4,1474.1,144.0,100.0
1781845558.43,ROCM_SMI,GPU_5,1474.1,137.0,100.0
1781845558.43,ROCM_SMI,GPU_6,1474.1,145.0,100.0
1781845558.43,ROCM_SMI,GPU_7,1474.1,139.0,100.0
1781845560.63,ROCM_SMI,GPU_0,1474.1,149.0,100.0
1781845560.63,ROCM_SMI,GPU_1,1474.1,140.0,100.0
1781845560.63,ROCM_SMI,GPU_2,1474.1,146.0,100.0
1781845560.63,ROCM_SMI,GPU_3,1474.1,145.0,100.0
1781845560.63,ROCM_SMI,GPU_4,1474.1,143.0,100.0
1781845560.63,ROCM_SMI,GPU_5,1474.1,143.0,100.0
1781845560.63,ROCM_SMI,GPU_6,1474.1,140.0,100.0
1781845560.63,ROCM_SMI,GPU_7,1474.1,139.0,100.0
1781845562.82,ROCM_SMI,GPU_0,1474.1,147.0,91.0
1781845562.82,ROCM_SMI,GPU_1,1474.1,139.0,100.0
1781845562.82,ROCM_SMI,GPU_2,1474.1,145.0,100.0
1781845562.82,ROCM_SMI,GPU_3,1474.1,146.0,100.0
1781845562.82,ROCM_SMI,GPU_4,1474.1,141.0,100.0
1781845562.82,ROCM_SMI,GPU_5,1474.1,140.0,100.0
1781845562.82,ROCM_SMI,GPU_6,1474.1,142.0,100.0
1781845562.82,ROCM_SMI,GPU_7,1474.1,139.0,100.0
1781845565.01,ROCM_SMI,GPU_0,1474.1,147.0,100.0
1781845565.01,ROCM_SMI,GPU_1,1474.1,139.0,82.0
1781845565.01,ROCM_SMI,GPU_2,1474.1,143.0,100.0
1781845565.01,ROCM_SMI,GPU_3,1474.1,147.0,100.0
1781845565.01,ROCM_SMI,GPU_4,1474.1,145.0,100.0
1781845565.01,ROCM_SMI,GPU_5,1474.1,140.0,100.0
1781845565.01,ROCM_SMI,GPU_6,1474.1,141.0,100.0
1781845565.01,ROCM_SMI,GPU_7,1474.1,138.0,100.0
1781845567.20,ROCM_SMI,GPU_0,1474.1,149.0,100.0
1781845567.20,ROCM_SMI,GPU_1,1474.1,139.0,90.0
1781845567.20,ROCM_SMI,GPU_2,1474.1,146.0,94.0
1781845567.20,ROCM_SMI,GPU_3,1474.1,146.0,100.0
1781845567.20,ROCM_SMI,GPU_4,1474.1,140.0,100.0
1781845567.20,ROCM_SMI,GPU_5,1474.1,143.0,100.0
1781845567.20,ROCM_SMI,GPU_6,1474.1,140.0,100.0
1781845567.20,ROCM_SMI,GPU_7,1474.1,139.0,100.0
1781845569.39,ROCM_SMI,GPU_0,1474.1,144.0,100.0
1781845569.39,ROCM_SMI,GPU_1,1474.1,140.0,100.0
1781845569.39,ROCM_SMI,GPU_2,1474.1,141.0,84.0
1781845569.39,ROCM_SMI,GPU_3,1474.1,147.0,100.0
1781845569.39,ROCM_SMI,GPU_4,1474.1,145.0,100.0
1781845569.39,ROCM_SMI,GPU_5,1474.1,139.0,100.0
1781845569.39,ROCM_SMI,GPU_6,1474.1,144.0,100.0
1781845569.39,ROCM_SMI,GPU_7,1474.1,138.0,100.0
1781845571.59,ROCM_SMI,GPU_0,1474.1,149.0,100.0
1781845571.59,ROCM_SMI,GPU_1,1474.1,139.0,100.0
1781845571.59,ROCM_SMI,GPU_2,1474.1,146.0,82.0
1781845571.59,ROCM_SMI,GPU_3,1474.1,145.0,100.0
1781845571.59,ROCM_SMI,GPU_4,1474.1,142.0,100.0
1781845571.59,ROCM_SMI,GPU_5,1474.1,144.0,100.0
1781845571.59,ROCM_SMI,GPU_6,1474.1,139.0,100.0
1781845571.59,ROCM_SMI,GPU_7,1474.1,138.0,100.0
1781845573.78,ROCM_SMI,GPU_0,1474.1,149.0,100.0
1781845573.78,ROCM_SMI,GPU_1,1474.1,138.0,100.0
1781845573.78,ROCM_SMI,GPU_2,1474.1,146.0,100.0
1781845573.78,ROCM_SMI,GPU_3,1474.1,143.0,88.0
1781845573.78,ROCM_SMI,GPU_4,1474.1,140.0,100.0
1781845573.78,ROCM_SMI,GPU_5,1474.1,143.0,100.0
1781845573.78,ROCM_SMI,GPU_6,1474.1,140.0,100.0
1781845573.78,ROCM_SMI,GPU_7,1474.1,140.0,100.0
1781845575.97,ROCM_SMI,GPU_0,1474.1,146.0,100.0
1781845575.97,ROCM_SMI,GPU_1,1474.1,142.0,100.0
1781845575.97,ROCM_SMI,GPU_2,1474.1,141.0,100.0
1781845575.97,ROCM_SMI,GPU_3,1474.1,145.0,90.0
1781845575.97,ROCM_SMI,GPU_4,1474.1,142.0,99.0
1781845575.97,ROCM_SMI,GPU_5,1474.1,138.0,100.0
1781845575.97,ROCM_SMI,GPU_6,1474.1,144.0,100.0
1781845575.97,ROCM_SMI,GPU_7,1474.1,140.0,100.0
1781845578.17,ROCM_SMI,GPU_0,1474.1,150.0,100.0
1781845578.17,ROCM_SMI,GPU_1,1474.1,141.0,100.0
1781845578.17,ROCM_SMI,GPU_2,1474.1,144.0,100.0
1781845578.17,ROCM_SMI,GPU_3,1474.1,148.0,100.0
1781845578.17,ROCM_SMI,GPU_4,1474.1,144.0,81.0
1781845578.17,ROCM_SMI,GPU_5,1474.1,140.0,100.0
1781845578.17,ROCM_SMI,GPU_6,1474.1,141.0,100.0
1781845578.17,ROCM_SMI,GPU_7,1474.1,140.0,100.0
1781845580.36,ROCM_SMI,GPU_0,1474.1,151.0,100.0
1781845580.36,ROCM_SMI,GPU_1,1474.1,141.0,100.0
1781845580.36,ROCM_SMI,GPU_2,1474.1,148.0,100.0
1781845580.36,ROCM_SMI,GPU_3,1474.1,147.0,100.0
1781845580.36,ROCM_SMI,GPU_4,1474.1,141.0,86.0
1781845580.36,ROCM_SMI,GPU_5,1474.1,143.0,100.0
1781845580.36,ROCM_SMI,GPU_6,1474.1,141.0,100.0
1781845580.36,ROCM_SMI,GPU_7,1474.1,140.0,100.0
1781845582.55,ROCM_SMI,GPU_0,1474.1,148.0,100.0
1781845582.55,ROCM_SMI,GPU_1,1474.1,144.0,100.0
1781845582.55,ROCM_SMI,GPU_2,1474.1,145.0,100.0
1781845582.55,ROCM_SMI,GPU_3,1474.1,146.0,100.0
1781845582.55,ROCM_SMI,GPU_4,1474.1,140.0,96.0
1781845582.55,ROCM_SMI,GPU_5,1474.1,138.0,100.0
1781845582.55,ROCM_SMI,GPU_6,1474.1,143.0,100.0
1781845582.55,ROCM_SMI,GPU_7,1474.1,141.0,100.0
1781845584.76,ROCM_SMI,GPU_0,1474.1,149.0,100.0
1781845584.76,ROCM_SMI,GPU_1,1474.1,139.0,100.0
1781845584.76,ROCM_SMI,GPU_2,1474.1,143.0,100.0
1781845584.76,ROCM_SMI,GPU_3,1474.1,141.0,96.0
1781845584.76,ROCM_SMI,GPU_4,1474.1,145.0,100.0
1781845584.76,ROCM_SMI,GPU_5,1474.1,142.0,100.0
1781845584.76,ROCM_SMI,GPU_6,1474.1,141.0,100.0
1781845584.76,ROCM_SMI,GPU_7,1474.1,139.0,100.0
1781845586.95,ROCM_SMI,GPU_0,1474.1,148.0,100.0
1781845586.95,ROCM_SMI,GPU_1,1474.1,138.0,100.0
1781845586.95,ROCM_SMI,GPU_2,1474.1,146.0,84.0
1781845586.95,ROCM_SMI,GPU_3,1474.1,146.0,100.0
1781845586.95,ROCM_SMI,GPU_4,1474.1,140.0,100.0
1781845586.95,ROCM_SMI,GPU_5,1474.1,142.0,100.0
1781845586.95,ROCM_SMI,GPU_6,1474.1,140.0,100.0
1781845586.95,ROCM_SMI,GPU_7,1474.1,140.0,100.0
1781845589.16,ROCM_SMI,GPU_0,1474.1,145.0,100.0
1781845589.16,ROCM_SMI,GPU_1,1474.1,142.0,100.0
1781845589.16,ROCM_SMI,GPU_2,1474.1,144.0,100.0
1781845589.16,ROCM_SMI,GPU_3,1474.1,146.0,100.0
1781845589.16,ROCM_SMI,GPU_4,1474.1,144.0,100.0
1781845589.16,ROCM_SMI,GPU_5,1474.1,138.0,100.0
1781845589.16,ROCM_SMI,GPU_6,1474.1,143.0,100.0
1781845589.16,ROCM_SMI,GPU_7,1474.1,138.0,100.0
1781845591.35,ROCM_SMI,GPU_0,1474.1,148.0,100.0
1781845591.35,ROCM_SMI,GPU_1,1474.1,141.0,100.0
1781845591.35,ROCM_SMI,GPU_2,1474.1,148.0,100.0
1781845591.35,ROCM_SMI,GPU_3,1474.1,145.0,100.0
1781845591.35,ROCM_SMI,GPU_4,1474.1,141.0,100.0
1781845591.35,ROCM_SMI,GPU_5,1474.1,143.0,100.0
1781845591.35,ROCM_SMI,GPU_6,1474.1,139.0,100.0
1781845591.35,ROCM_SMI,GPU_7,1474.1,140.0,100.0
1781845593.54,ROCM_SMI,GPU_0,1474.1,145.0,100.0
1781845593.54,ROCM_SMI,GPU_1,1474.1,143.0,100.0
1781845593.54,ROCM_SMI,GPU_2,1474.1,143.0,100.0
1781845593.54,ROCM_SMI,GPU_3,1474.1,146.0,100.0
1781845593.54,ROCM_SMI,GPU_4,1474.1,144.0,100.0
1781845593.54,ROCM_SMI,GPU_5,1474.1,138.0,100.0
1781845593.54,ROCM_SMI,GPU_6,1474.1,143.0,100.0
1781845593.54,ROCM_SMI,GPU_7,1474.1,139.0,100.0
1781845595.73,ROCM_SMI,GPU_0,1474.1,148.0,88.0
1781845595.73,ROCM_SMI,GPU_1,1474.1,139.0,100.0
1781845595.73,ROCM_SMI,GPU_2,1474.1,146.0,100.0
1781845595.73,ROCM_SMI,GPU_3,1474.1,146.0,100.0
1781845595.73,ROCM_SMI,GPU_4,1474.1,143.0,100.0
1781845595.73,ROCM_SMI,GPU_5,1474.1,142.0,100.0
1781845595.73,ROCM_SMI,GPU_6,1474.1,139.0,100.0
1781845595.73,ROCM_SMI,GPU_7,1474.1,139.0,100.0
1781845597.93,ROCM_SMI,GPU_0,1474.1,146.0,87.0
1781845597.93,ROCM_SMI,GPU_1,1474.1,137.0,100.0
1781845597.93,ROCM_SMI,GPU_2,1474.1,146.0,100.0
1781845597.93,ROCM_SMI,GPU_3,1474.1,150.0,100.0
1781845597.93,ROCM_SMI,GPU_4,1474.1,144.0,100.0
1781845597.93,ROCM_SMI,GPU_5,1474.1,143.0,100.0
1781845597.93,ROCM_SMI,GPU_6,1474.1,143.0,100.0
1781845597.93,ROCM_SMI,GPU_7,1474.1,138.0,100.0
1781845600.12,ROCM_SMI,GPU_0,1474.1,145.0,100.0
1781845600.12,ROCM_SMI,GPU_1,1474.1,140.0,88.0
1781845600.12,ROCM_SMI,GPU_2,1474.1,142.0,100.0
1781845600.12,ROCM_SMI,GPU_3,1474.1,146.0,100.0
1781845600.12,ROCM_SMI,GPU_4,1474.1,143.0,100.0
1781845600.12,ROCM_SMI,GPU_5,1474.1,139.0,100.0
1781845600.12,ROCM_SMI,GPU_6,1474.1,143.0,100.0
1781845600.12,ROCM_SMI,GPU_7,1474.1,140.0,100.0
1781845602.31,ROCM_SMI,GPU_0,1474.1,148.0,100.0
1781845602.31,ROCM_SMI,GPU_1,1474.1,140.0,100.0
1781845602.31,ROCM_SMI,GPU_2,1474.1,143.0,80.0
1781845602.31,ROCM_SMI,GPU_3,1474.1,145.0,100.0
1781845602.31,ROCM_SMI,GPU_4,1474.1,144.0,100.0
1781845602.31,ROCM_SMI,GPU_5,1474.1,141.0,100.0
1781845602.31,ROCM_SMI,GPU_6,1474.1,141.0,100.0
1781845602.31,ROCM_SMI,GPU_7,1474.1,139.0,100.0
1781845604.50,ROCM_SMI,GPU_0,1474.1,152.0,100.0
1781845604.50,ROCM_SMI,GPU_1,1474.1,139.0,100.0
1781845604.50,ROCM_SMI,GPU_2,1474.1,146.0,100.0
1781845604.50,ROCM_SMI,GPU_3,1474.1,145.0,79.0
1781845604.50,ROCM_SMI,GPU_4,1474.1,140.0,100.0
1781845604.50,ROCM_SMI,GPU_5,1474.1,143.0,100.0
1781845604.50,ROCM_SMI,GPU_6,1474.1,140.0,100.0
1781845604.50,ROCM_SMI,GPU_7,1474.1,140.0,100.0
1781845606.70,ROCM_SMI,GPU_0,1474.1,146.0,100.0
1781845606.70,ROCM_SMI,GPU_1,1474.1,142.0,100.0
1781845606.70,ROCM_SMI,GPU_2,1474.1,143.0,100.0
1781845606.70,ROCM_SMI,GPU_3,1474.1,146.0,77.0
1781845606.70,ROCM_SMI,GPU_4,1474.1,141.0,100.0
1781845606.70,ROCM_SMI,GPU_5,1474.1,138.0,100.0
1781845606.70,ROCM_SMI,GPU_6,1474.1,144.0,100.0
1781845606.70,ROCM_SMI,GPU_7,1474.1,139.0,100.0
1781845608.89,ROCM_SMI,GPU_0,1474.1,149.0,100.0
1781845608.89,ROCM_SMI,GPU_1,1474.1,141.0,100.0
1781845608.89,ROCM_SMI,GPU_2,1474.1,142.0,100.0
1781845608.89,ROCM_SMI,GPU_3,1474.1,146.0,100.0
1781845608.89,ROCM_SMI,GPU_4,1474.1,145.0,81.0
1781845608.89,ROCM_SMI,GPU_5,1474.1,139.0,100.0
1781845608.89,ROCM_SMI,GPU_6,1474.1,142.0,100.0
1781845608.89,ROCM_SMI,GPU_7,1474.1,138.0,100.0
1781845611.08,ROCM_SMI,GPU_0,1474.1,149.0,100.0
1781845611.08,ROCM_SMI,GPU_1,1474.1,140.0,100.0
1781845611.08,ROCM_SMI,GPU_2,1474.1,148.0,100.0
1781845611.08,ROCM_SMI,GPU_3,1474.1,144.0,100.0
1781845611.08,ROCM_SMI,GPU_4,1474.1,141.0,100.0
1781845611.08,ROCM_SMI,GPU_5,1474.1,145.0,78.0
1781845611.08,ROCM_SMI,GPU_6,1474.1,139.0,100.0
1781845611.08,ROCM_SMI,GPU_7,1474.1,140.0,100.0
1781845613.28,ROCM_SMI,GPU_0,1474.1,146.0,100.0
1781845613.28,ROCM_SMI,GPU_1,1474.1,142.0,100.0
1781845613.28,ROCM_SMI,GPU_2,1474.1,144.0,100.0
1781845613.28,ROCM_SMI,GPU_3,1474.1,149.0,100.0
1781845613.28,ROCM_SMI,GPU_4,1474.1,142.0,88.0
1781845613.28,ROCM_SMI,GPU_5,1474.1,137.0,100.0
1781845613.28,ROCM_SMI,GPU_6,1474.1,146.0,100.0
1781845613.28,ROCM_SMI,GPU_7,1474.1,140.0,100.0
1781845615.47,ROCM_SMI,GPU_0,1474.1,148.0,100.0
1781845615.47,ROCM_SMI,GPU_1,1474.1,142.0,100.0
1781845615.47,ROCM_SMI,GPU_2,1474.1,143.0,100.0
1781845615.47,ROCM_SMI,GPU_3,1474.1,147.0,100.0
1781845615.47,ROCM_SMI,GPU_4,1474.1,145.0,84.0
1781845615.47,ROCM_SMI,GPU_5,1474.1,140.0,100.0
1781845615.47,ROCM_SMI,GPU_6,1474.1,144.0,100.0
1781845615.47,ROCM_SMI,GPU_7,1474.1,139.0,100.0
1781845617.67,ROCM_SMI,GPU_0,1474.1,151.0,100.0
1781845617.67,ROCM_SMI,GPU_1,1474.1,140.0,100.0
1781845617.67,ROCM_SMI,GPU_2,1474.1,149.0,100.0
1781845617.67,ROCM_SMI,GPU_3,1474.1,146.0,100.0
1781845617.67,ROCM_SMI,GPU_4,1474.1,141.0,100.0
1781845617.67,ROCM_SMI,GPU_5,1474.1,142.0,100.0
1781845617.67,ROCM_SMI,GPU_6,1474.1,140.0,100.0
1781845617.67,ROCM_SMI,GPU_7,1474.1,140.0,100.0
1781845619.86,ROCM_SMI,GPU_0,1474.1,147.0,100.0
1781845619.86,ROCM_SMI,GPU_1,1474.1,142.0,100.0
1781845619.86,ROCM_SMI,GPU_2,1474.1,144.0,100.0
1781845619.86,ROCM_SMI,GPU_3,1474.1,148.0,100.0
1781845619.86,ROCM_SMI,GPU_4,1474.1,145.0,100.0
1781845619.86,ROCM_SMI,GPU_5,1474.1,137.0,82.0
1781845619.86,ROCM_SMI,GPU_6,1474.1,145.0,100.0
1781845619.86,ROCM_SMI,GPU_7,1474.1,138.0,100.0
1781845622.05,ROCM_SMI,GPU_0,1474.1,147.0,100.0
1781845622.05,ROCM_SMI,GPU_1,1474.1,141.0,100.0
1781845622.05,ROCM_SMI,GPU_2,1474.1,142.0,100.0
1781845622.05,ROCM_SMI,GPU_3,1474.1,147.0,100.0
1781845622.05,ROCM_SMI,GPU_4,1474.1,145.0,100.0
1781845622.05,ROCM_SMI,GPU_5,1474.1,138.0,100.0
1781845622.05,ROCM_SMI,GPU_6,1474.1,143.0,82.0
1781845622.05,ROCM_SMI,GPU_7,1474.1,138.0,100.0
1781845624.24,ROCM_SMI,GPU_0,1474.1,148.0,100.0
1781845624.24,ROCM_SMI,GPU_1,1474.1,141.0,100.0
1781845624.24,ROCM_SMI,GPU_2,1474.1,144.0,100.0
1781845624.24,ROCM_SMI,GPU_3,1474.1,148.0,100.0
1781845624.24,ROCM_SMI,GPU_4,1474.1,145.0,100.0
1781845624.24,ROCM_SMI,GPU_5,1474.1,140.0,100.0
1781845624.24,ROCM_SMI,GPU_6,1474.1,142.0,100.0
1781845624.24,ROCM_SMI,GPU_7,1474.1,138.0,100.0
1781845626.46,ROCM_SMI,GPU_0,1474.1,149.0,100.0
1781845626.46,ROCM_SMI,GPU_1,1474.1,141.0,100.0
1781845626.46,ROCM_SMI,GPU_2,1474.1,143.0,100.0
1781845626.46,ROCM_SMI,GPU_3,1474.1,145.0,91.0
1781845626.46,ROCM_SMI,GPU_4,1474.1,138.0,100.0
1781845626.46,ROCM_SMI,GPU_5,1474.1,141.0,100.0
1781845626.46,ROCM_SMI,GPU_6,1474.1,145.0,100.0
1781845626.46,ROCM_SMI,GPU_7,1474.1,139.0,100.0
1781845628.65,ROCM_SMI,GPU_0,1474.1,146.0,100.0
1781845628.65,ROCM_SMI,GPU_1,1474.1,140.0,100.0
1781845628.65,ROCM_SMI,GPU_2,1474.1,141.0,78.0
1781845628.65,ROCM_SMI,GPU_3,1474.1,145.0,100.0
1781845628.65,ROCM_SMI,GPU_4,1474.1,145.0,100.0
1781845628.65,ROCM_SMI,GPU_5,1474.1,138.0,100.0
1781845628.65,ROCM_SMI,GPU_6,1474.1,144.0,100.0
1781845628.65,ROCM_SMI,GPU_7,1474.1,139.0,100.0
1781845630.84,ROCM_SMI,GPU_0,1474.1,147.0,100.0
1781845630.84,ROCM_SMI,GPU_1,1474.1,141.0,100.0
1781845630.84,ROCM_SMI,GPU_2,1474.1,143.0,100.0
1781845630.84,ROCM_SMI,GPU_3,1474.1,147.0,81.0
1781845630.84,ROCM_SMI,GPU_4,1474.1,144.0,100.0
1781845630.84,ROCM_SMI,GPU_5,1474.1,139.0,100.0
1781845630.84,ROCM_SMI,GPU_6,1474.1,143.0,100.0
1781845630.84,ROCM_SMI,GPU_7,1474.1,137.0,100.0
1781845633.04,ROCM_SMI,GPU_0,1474.1,151.0,100.0
1781845633.04,ROCM_SMI,GPU_1,1474.1,141.0,100.0
1781845633.04,ROCM_SMI,GPU_2,1474.1,146.0,100.0
1781845633.04,ROCM_SMI,GPU_3,1474.1,145.0,100.0
1781845633.04,ROCM_SMI,GPU_4,1474.1,141.0,77.0
1781845633.04,ROCM_SMI,GPU_5,1474.1,141.0,100.0
1781845633.04,ROCM_SMI,GPU_6,1474.1,138.0,100.0
1781845633.04,ROCM_SMI,GPU_7,1474.1,140.0,100.0
1781845635.23,ROCM_SMI,GPU_0,1474.1,149.0,100.0
1781845635.23,ROCM_SMI,GPU_1,1474.1,140.0,100.0
1781845635.23,ROCM_SMI,GPU_2,1474.1,147.0,100.0
1781845635.23,ROCM_SMI,GPU_3,1474.1,146.0,100.0
1781845635.23,ROCM_SMI,GPU_4,1474.1,141.0,100.0
1781845635.23,ROCM_SMI,GPU_5,1474.1,142.0,89.0
1781845635.23,ROCM_SMI,GPU_6,1474.1,142.0,100.0
1781845635.23,ROCM_SMI,GPU_7,1474.1,141.0,100.0
1781845637.42,ROCM_SMI,GPU_0,1474.1,149.0,100.0
1781845637.42,ROCM_SMI,GPU_1,1474.1,142.0,100.0
1781845637.42,ROCM_SMI,GPU_2,1474.1,144.0,100.0
1781845637.42,ROCM_SMI,GPU_3,1474.1,147.0,100.0
1781845637.42,ROCM_SMI,GPU_4,1474.1,145.0,100.0
1781845637.42,ROCM_SMI,GPU_5,1474.1,139.0,79.0
1781845637.42,ROCM_SMI,GPU_6,1474.1,142.0,100.0
1781845637.42,ROCM_SMI,GPU_7,1474.1,140.0,100.0
1781845639.61,ROCM_SMI,GPU_0,1474.1,143.0,100.0
1781845639.61,ROCM_SMI,GPU_1,1474.1,140.0,100.0
1781845639.61,ROCM_SMI,GPU_2,1474.1,140.0,100.0
1781845639.61,ROCM_SMI,GPU_3,1474.1,146.0,100.0
1781845639.61,ROCM_SMI,GPU_4,1474.1,140.0,81.0
1781845639.61,ROCM_SMI,GPU_5,1474.1,135.0,100.0
1781845639.61,ROCM_SMI,GPU_6,1474.1,148.0,100.0
1781845639.61,ROCM_SMI,GPU_7,1474.1,142.0,100.0
1781845641.81,ROCM_SMI,GPU_0,1474.1,147.0,100.0
1781845641.81,ROCM_SMI,GPU_1,1474.1,143.0,100.0
1781845641.81,ROCM_SMI,GPU_2,1474.1,143.0,100.0
1781845641.81,ROCM_SMI,GPU_3,1474.1,147.0,100.0
1781845641.81,ROCM_SMI,GPU_4,1474.1,145.0,100.0
1781845641.81,ROCM_SMI,GPU_5,1474.1,139.0,79.0
1781845641.81,ROCM_SMI,GPU_6,1474.1,144.0,100.0
1781845641.81,ROCM_SMI,GPU_7,1474.1,139.0,100.0
1781845644.00,ROCM_SMI,GPU_0,1474.1,151.0,100.0
1781845644.00,ROCM_SMI,GPU_1,1474.1,141.0,100.0
1781845644.00,ROCM_SMI,GPU_2,1474.1,148.0,100.0
1781845644.00,ROCM_SMI,GPU_3,1474.1,147.0,100.0
1781845644.00,ROCM_SMI,GPU_4,1474.1,142.0,100.0
1781845644.00,ROCM_SMI,GPU_5,1474.1,143.0,87.0
1781845644.00,ROCM_SMI,GPU_6,1474.1,140.0,100.0
1781845644.00,ROCM_SMI,GPU_7,1474.1,140.0,100.0
1781845646.19,ROCM_SMI,GPU_0,1474.1,147.0,100.0
1781845646.19,ROCM_SMI,GPU_1,1474.1,141.0,100.0
1781845646.19,ROCM_SMI,GPU_2,1474.1,143.0,100.0
1781845646.19,ROCM_SMI,GPU_3,1474.1,147.0,100.0
1781845646.19,ROCM_SMI,GPU_4,1474.1,142.0,100.0
1781845646.19,ROCM_SMI,GPU_5,1474.1,139.0,100.0
1781845646.19,ROCM_SMI,GPU_6,1474.1,143.0,77.0
1781845646.19,ROCM_SMI,GPU_7,1474.1,139.0,100.0
1781845648.38,ROCM_SMI,GPU_0,1474.1,145.0,100.0
1781845648.38,ROCM_SMI,GPU_1,1474.1,142.0,100.0
1781845648.38,ROCM_SMI,GPU_2,1474.1,142.0,100.0
1781845648.38,ROCM_SMI,GPU_3,1474.1,147.0,100.0
1781845648.38,ROCM_SMI,GPU_4,1474.1,144.0,100.0
1781845648.38,ROCM_SMI,GPU_5,1474.1,138.0,100.0
1781845648.38,ROCM_SMI,GPU_6,1474.1,144.0,100.0
1781845648.38,ROCM_SMI,GPU_7,1474.1,139.0,100.0
1781845650.57,ROCM_SMI,GPU_0,1474.1,146.0,100.0
1781845650.57,ROCM_SMI,GPU_1,1474.1,141.0,100.0
1781845650.57,ROCM_SMI,GPU_2,1474.1,143.0,100.0
1781845650.57,ROCM_SMI,GPU_3,1474.1,147.0,100.0
1781845650.57,ROCM_SMI,GPU_4,1474.1,145.0,100.0
1781845650.57,ROCM_SMI,GPU_5,1474.1,139.0,100.0
1781845650.57,ROCM_SMI,GPU_6,1474.1,143.0,100.0
1781845650.57,ROCM_SMI,GPU_7,1474.1,138.0,100.0
1781845652.77,ROCM_SMI,GPU_0,1474.1,152.0,100.0
1781845652.77,ROCM_SMI,GPU_1,1474.1,142.0,100.0
1781845652.77,ROCM_SMI,GPU_2,1474.1,148.0,100.0
1781845652.77,ROCM_SMI,GPU_3,1474.1,147.0,100.0
1781845652.77,ROCM_SMI,GPU_4,1474.1,142.0,100.0
1781845652.77,ROCM_SMI,GPU_5,1474.1,143.0,100.0
1781845652.77,ROCM_SMI,GPU_6,1474.1,137.0,100.0
1781845652.77,ROCM_SMI,GPU_7,1474.1,139.0,100.0
1781845654.98,ROCM_SMI,GPU_0,1474.1,146.0,100.0
1781845654.98,ROCM_SMI,GPU_1,1474.1,142.0,100.0
1781845654.98,ROCM_SMI,GPU_2,1474.1,144.0,100.0
1781845654.98,ROCM_SMI,GPU_3,1474.1,147.0,100.0
1781845654.98,ROCM_SMI,GPU_4,1474.1,142.0,100.0
1781845654.98,ROCM_SMI,GPU_5,1474.1,138.0,100.0
1781845654.98,ROCM_SMI,GPU_6,1474.1,144.0,89.0
1781845654.98,ROCM_SMI,GPU_7,1474.1,140.0,100.0
1781845657.17,ROCM_SMI,GPU_0,1474.1,152.0,100.0
1781845657.17,ROCM_SMI,GPU_1,1474.1,142.0,100.0
1781845657.17,ROCM_SMI,GPU_2,1474.1,148.0,100.0
1781845657.17,ROCM_SMI,GPU_3,1474.1,146.0,100.0
1781845657.17,ROCM_SMI,GPU_4,1474.1,146.0,100.0
1781845657.17,ROCM_SMI,GPU_5,1474.1,142.0,88.0
1781845657.17,ROCM_SMI,GPU_6,1474.1,140.0,100.0
1781845657.17,ROCM_SMI,GPU_7,1474.1,140.0,100.0
1781845659.36,ROCM_SMI,GPU_0,1474.1,147.0,100.0
1781845659.36,ROCM_SMI,GPU_1,1474.1,142.0,100.0
1781845659.36,ROCM_SMI,GPU_2,1474.1,144.0,100.0
1781845659.36,ROCM_SMI,GPU_3,1474.1,147.0,100.0
1781845659.36,ROCM_SMI,GPU_4,1474.1,144.0,77.0
1781845659.36,ROCM_SMI,GPU_5,1474.1,138.0,100.0
1781845659.36,ROCM_SMI,GPU_6,1474.1,144.0,100.0
1781845659.36,ROCM_SMI,GPU_7,1474.1,138.0,100.0
1781845661.56,ROCM_SMI,GPU_0,1474.1,151.0,100.0
1781845661.56,ROCM_SMI,GPU_1,1474.1,141.0,100.0
1781845661.56,ROCM_SMI,GPU_2,1474.1,148.0,100.0
1781845661.56,ROCM_SMI,GPU_3,1474.1,147.0,100.0
1781845661.56,ROCM_SMI,GPU_4,1474.1,139.0,88.0
1781845661.56,ROCM_SMI,GPU_5,1474.1,141.0,100.0
1781845661.56,ROCM_SMI,GPU_6,1474.1,140.0,100.0
1781845661.56,ROCM_SMI,GPU_7,1474.1,140.0,100.0
1781845663.75,ROCM_SMI,GPU_0,1474.1,145.0,100.0
1781845663.75,ROCM_SMI,GPU_1,1474.1,142.0,100.0
1781845663.75,ROCM_SMI,GPU_2,1474.1,142.0,100.0
1781845663.75,ROCM_SMI,GPU_3,1474.1,147.0,100.0
1781845663.75,ROCM_SMI,GPU_4,1474.1,144.0,100.0
1781845663.75,ROCM_SMI,GPU_5,1474.1,139.0,86.0
1781845663.75,ROCM_SMI,GPU_6,1474.1,145.0,98.0
1781845663.75,ROCM_SMI,GPU_7,1474.1,140.0,100.0
1781845665.94,ROCM_SMI,GPU_0,1474.1,151.0,100.0
1781845665.94,ROCM_SMI,GPU_1,1474.1,140.0,100.0
1781845665.94,ROCM_SMI,GPU_2,1474.1,147.0,100.0
1781845665.94,ROCM_SMI,GPU_3,1474.1,145.0,100.0
1781845665.94,ROCM_SMI,GPU_4,1474.1,142.0,100.0
1781845665.94,ROCM_SMI,GPU_5,1474.1,144.0,88.0
1781845665.94,ROCM_SMI,GPU_6,1474.1,140.0,100.0
1781845665.94,ROCM_SMI,GPU_7,1474.1,140.0,100.0
1781845668.14,ROCM_SMI,GPU_0,1474.1,149.0,100.0
1781845668.14,ROCM_SMI,GPU_1,1474.1,143.0,100.0
1781845668.14,ROCM_SMI,GPU_2,1474.1,143.0,100.0
1781845668.14,ROCM_SMI,GPU_3,1474.1,145.0,100.0
1781845668.14,ROCM_SMI,GPU_4,1474.1,143.0,89.0
1781845668.14,ROCM_SMI,GPU_5,1474.1,137.0,100.0
1781845668.14,ROCM_SMI,GPU_6,1474.1,143.0,100.0
1781845668.14,ROCM_SMI,GPU_7,1474.1,140.0,100.0
1781845670.33,ROCM_SMI,GPU_0,1474.1,150.0,100.0
1781845670.33,ROCM_SMI,GPU_1,1474.1,141.0,100.0
1781845670.33,ROCM_SMI,GPU_2,1474.1,147.0,100.0
1781845670.33,ROCM_SMI,GPU_3,1474.1,146.0,100.0
1781845670.33,ROCM_SMI,GPU_4,1474.1,140.0,87.0
1781845670.33,ROCM_SMI,GPU_5,1474.1,142.0,100.0
1781845670.33,ROCM_SMI,GPU_6,1474.1,140.0,100.0
1781845670.33,ROCM_SMI,GPU_7,1474.1,141.0,100.0
1781845672.52,ROCM_SMI,GPU_0,1474.1,149.0,100.0
1781845672.52,ROCM_SMI,GPU_1,1474.1,140.0,100.0
1781845672.52,ROCM_SMI,GPU_2,1474.1,144.0,100.0
1781845672.52,ROCM_SMI,GPU_3,1474.1,146.0,100.0
1781845672.52,ROCM_SMI,GPU_4,1474.1,143.0,74.0
1781845672.52,ROCM_SMI,GPU_5,1474.1,140.0,100.0
1781845672.52,ROCM_SMI,GPU_6,1474.1,140.0,100.0
1781845672.52,ROCM_SMI,GPU_7,1474.1,138.0,100.0
1781845674.71,ROCM_SMI,GPU_0,1474.1,147.0,100.0
1781845674.71,ROCM_SMI,GPU_1,1474.1,140.0,100.0
1781845674.71,ROCM_SMI,GPU_2,1474.1,144.0,100.0
1781845674.71,ROCM_SMI,GPU_3,1474.1,145.0,100.0
1781845674.71,ROCM_SMI,GPU_4,1474.1,140.0,87.0
1781845674.71,ROCM_SMI,GPU_5,1474.1,139.0,100.0
1781845674.71,ROCM_SMI,GPU_6,1474.1,143.0,100.0
1781845674.71,ROCM_SMI,GPU_7,1474.1,139.0,100.0
1781845676.91,ROCM_SMI,GPU_0,1474.1,152.0,100.0
1781845676.91,ROCM_SMI,GPU_1,1474.1,141.0,100.0
1781845676.91,ROCM_SMI,GPU_2,1474.1,147.0,100.0
1781845676.91,ROCM_SMI,GPU_3,1474.1,146.0,100.0
1781845676.91,ROCM_SMI,GPU_4,1474.1,141.0,79.0
1781845676.91,ROCM_SMI,GPU_5,1474.1,142.0,100.0
1781845676.91,ROCM_SMI,GPU_6,1474.1,139.0,100.0
1781845676.91,ROCM_SMI,GPU_7,1474.1,138.0,100.0
1781845679.10,ROCM_SMI,GPU_0,1474.1,148.0,100.0
1781845679.10,ROCM_SMI,GPU_1,1474.1,142.0,100.0
1781845679.10,ROCM_SMI,GPU_2,1474.1,144.0,100.0
1781845679.10,ROCM_SMI,GPU_3,1474.1,148.0,100.0
1781845679.10,ROCM_SMI,GPU_4,1474.1,142.0,84.0
1781845679.10,ROCM_SMI,GPU_5,1474.1,137.0,100.0
1781845679.10,ROCM_SMI,GPU_6,1474.1,145.0,100.0
1781845679.10,ROCM_SMI,GPU_7,1474.1,139.0,100.0
1781845681.29,ROCM_SMI,GPU_0,1474.1,149.0,100.0
1781845681.29,ROCM_SMI,GPU_1,1474.1,140.0,100.0
1781845681.29,ROCM_SMI,GPU_2,1474.1,146.0,100.0
1781845681.29,ROCM_SMI,GPU_3,1474.1,143.0,100.0
1781845681.29,ROCM_SMI,GPU_4,1474.1,139.0,84.0
1781845681.29,ROCM_SMI,GPU_5,1474.1,142.0,100.0
1781845681.29,ROCM_SMI,GPU_6,1474.1,140.0,100.0
1781845681.29,ROCM_SMI,GPU_7,1474.1,141.0,100.0
1781845683.49,ROCM_SMI,GPU_0,1474.1,147.0,100.0
1781845683.49,ROCM_SMI,GPU_1,1474.1,142.0,100.0
1781845683.49,ROCM_SMI,GPU_2,1474.1,144.0,100.0
1781845683.49,ROCM_SMI,GPU_3,1474.1,148.0,94.0
1781845683.49,ROCM_SMI,GPU_4,1474.1,141.0,90.0
1781845683.49,ROCM_SMI,GPU_5,1474.1,140.0,100.0
1781845683.49,ROCM_SMI,GPU_6,1474.1,144.0,100.0
1781845683.49,ROCM_SMI,GPU_7,1474.1,139.0,100.0
1781845685.68,ROCM_SMI,GPU_0,1474.1,151.0,100.0
1781845685.68,ROCM_SMI,GPU_1,1474.1,140.0,100.0
1781845685.68,ROCM_SMI,GPU_2,1474.1,147.0,100.0
1781845685.68,ROCM_SMI,GPU_3,1474.1,143.0,85.0
1781845685.68,ROCM_SMI,GPU_4,1474.1,140.0,100.0
1781845685.68,ROCM_SMI,GPU_5,1474.1,142.0,100.0
1781845685.68,ROCM_SMI,GPU_6,1474.1,140.0,100.0
1781845685.68,ROCM_SMI,GPU_7,1474.1,140.0,100.0
1781845687.87,ROCM_SMI,GPU_0,1474.1,146.0,100.0
1781845687.87,ROCM_SMI,GPU_1,1474.1,141.0,100.0
1781845687.87,ROCM_SMI,GPU_2,1474.1,142.0,100.0
1781845687.87,ROCM_SMI,GPU_3,1474.1,148.0,99.0
1781845687.87,ROCM_SMI,GPU_4,1474.1,142.0,94.0
1781845687.87,ROCM_SMI,GPU_5,1474.1,138.0,100.0
1781845687.87,ROCM_SMI,GPU_6,1474.1,144.0,100.0
1781845687.87,ROCM_SMI,GPU_7,1474.1,139.0,100.0
1781845690.06,ROCM_SMI,GPU_0,1474.1,151.0,100.0
1781845690.06,ROCM_SMI,GPU_1,1474.1,141.0,100.0
1781845690.06,ROCM_SMI,GPU_2,1474.1,148.0,100.0
1781845690.06,ROCM_SMI,GPU_3,1474.1,145.0,100.0
1781845690.06,ROCM_SMI,GPU_4,1474.1,142.0,84.0
1781845690.06,ROCM_SMI,GPU_5,1474.1,141.0,100.0
1781845690.06,ROCM_SMI,GPU_6,1474.1,140.0,100.0
1781845690.06,ROCM_SMI,GPU_7,1474.1,139.0,100.0
1781845692.26,ROCM_SMI,GPU_0,1474.1,148.0,100.0
1781845692.26,ROCM_SMI,GPU_1,1474.1,141.0,100.0
1781845692.26,ROCM_SMI,GPU_2,1474.1,144.0,100.0
1781845692.26,ROCM_SMI,GPU_3,1474.1,148.0,100.0
1781845692.26,ROCM_SMI,GPU_4,1474.1,141.0,96.0
1781845692.26,ROCM_SMI,GPU_5,1474.1,138.0,100.0
1781845692.26,ROCM_SMI,GPU_6,1474.1,145.0,100.0
1781845692.26,ROCM_SMI,GPU_7,1474.1,139.0,100.0
1781845694.45,ROCM_SMI,GPU_0,1474.1,145.0,100.0
1781845694.45,ROCM_SMI,GPU_1,1474.1,141.0,100.0
1781845694.45,ROCM_SMI,GPU_2,1474.1,143.0,100.0
1781845694.45,ROCM_SMI,GPU_3,1474.1,147.0,100.0
1781845694.45,ROCM_SMI,GPU_4,1474.1,143.0,100.0
1781845694.45,ROCM_SMI,GPU_5,1474.1,138.0,100.0
1781845694.45,ROCM_SMI,GPU_6,1474.1,143.0,85.0
1781845694.45,ROCM_SMI,GPU_7,1474.1,137.0,100.0
1781845696.64,ROCM_SMI,GPU_0,1474.1,153.0,100.0
1781845696.64,ROCM_SMI,GPU_1,1474.1,141.0,100.0
1781845696.64,ROCM_SMI,GPU_2,1474.1,149.0,100.0
1781845696.64,ROCM_SMI,GPU_3,1474.1,149.0,100.0
1781845696.64,ROCM_SMI,GPU_4,1474.1,145.0,100.0
1781845696.64,ROCM_SMI,GPU_5,1474.1,138.0,100.0
1781845696.64,ROCM_SMI,GPU_6,1474.1,137.0,100.0
1781845696.64,ROCM_SMI,GPU_7,1474.1,133.0,100.0
1781845698.83,ROCM_SMI,GPU_0,1474.1,148.0,100.0
1781845698.83,ROCM_SMI,GPU_1,1474.1,140.0,100.0
1781845698.83,ROCM_SMI,GPU_2,1474.1,147.0,100.0
1781845698.83,ROCM_SMI,GPU_3,1474.1,148.0,100.0
1781845698.83,ROCM_SMI,GPU_4,1474.1,140.0,100.0
1781845698.83,ROCM_SMI,GPU_5,1474.1,142.0,100.0
1781845698.83,ROCM_SMI,GPU_6,1474.1,141.0,90.0
1781845698.83,ROCM_SMI,GPU_7,1474.1,139.0,100.0
1781845701.03,ROCM_SMI,GPU_0,1474.1,144.0,100.0
1781845701.03,ROCM_SMI,GPU_1,1474.1,141.0,100.0
1781845701.03,ROCM_SMI,GPU_2,1474.1,142.0,100.0
1781845701.03,ROCM_SMI,GPU_3,1474.1,148.0,100.0
1781845701.03,ROCM_SMI,GPU_4,1474.1,142.0,100.0
1781845701.03,ROCM_SMI,GPU_5,1474.1,137.0,100.0
1781845701.03,ROCM_SMI,GPU_6,1474.1,144.0,100.0
1781845701.03,ROCM_SMI,GPU_7,1474.1,139.0,81.0
1781845703.22,ROCM_SMI,GPU_0,1474.1,146.0,100.0
1781845703.22,ROCM_SMI,GPU_1,1474.1,142.0,100.0
1781845703.22,ROCM_SMI,GPU_2,1474.1,144.0,100.0
1781845703.22,ROCM_SMI,GPU_3,1474.1,147.0,100.0
1781845703.22,ROCM_SMI,GPU_4,1474.1,144.0,100.0
1781845703.22,ROCM_SMI,GPU_5,1474.1,139.0,100.0
1781845703.22,ROCM_SMI,GPU_6,1474.1,143.0,100.0
1781845703.22,ROCM_SMI,GPU_7,1474.1,138.0,100.0
1781845705.41,ROCM_SMI,GPU_0,1474.1,150.0,100.0
1781845705.41,ROCM_SMI,GPU_1,1474.1,140.0,100.0
1781845705.41,ROCM_SMI,GPU_2,1474.1,146.0,100.0
1781845705.41,ROCM_SMI,GPU_3,1474.1,144.0,100.0
1781845705.41,ROCM_SMI,GPU_4,1474.1,144.0,100.0
1781845705.41,ROCM_SMI,GPU_5,1474.1,142.0,100.0
1781845705.41,ROCM_SMI,GPU_6,1474.1,139.0,100.0
1781845705.41,ROCM_SMI,GPU_7,1474.1,137.0,100.0
1781845707.61,ROCM_SMI,GPU_0,1474.1,150.0,100.0
1781845707.61,ROCM_SMI,GPU_1,1474.1,142.0,100.0
1781845707.61,ROCM_SMI,GPU_2,1474.1,147.0,100.0
1781845707.61,ROCM_SMI,GPU_3,1474.1,147.0,100.0
1781845707.61,ROCM_SMI,GPU_4,1474.1,141.0,100.0
1781845707.61,ROCM_SMI,GPU_5,1474.1,143.0,100.0
1781845707.61,ROCM_SMI,GPU_6,1474.1,141.0,100.0
1781845707.61,ROCM_SMI,GPU_7,1474.1,141.0,100.0
1781845709.80,ROCM_SMI,GPU_0,1474.1,150.0,100.0
1781845709.80,ROCM_SMI,GPU_1,1474.1,145.0,100.0
1781845709.80,ROCM_SMI,GPU_2,1474.1,146.0,100.0
1781845709.80,ROCM_SMI,GPU_3,1474.1,152.0,100.0
1781845709.80,ROCM_SMI,GPU_4,1474.1,158.0,100.0
1781845709.80,ROCM_SMI,GPU_5,1474.1,135.0,100.0
1781845709.80,ROCM_SMI,GPU_6,1474.1,138.0,100.0
1781845709.80,ROCM_SMI,GPU_7,1474.1,136.0,100.0
1781845711.99,ROCM_SMI,GPU_0,1474.1,150.0,100.0
1781845711.99,ROCM_SMI,GPU_1,1474.1,141.0,100.0
1781845711.99,ROCM_SMI,GPU_2,1474.1,148.0,100.0
1781845711.99,ROCM_SMI,GPU_3,1474.1,147.0,100.0
1781845711.99,ROCM_SMI,GPU_4,1474.1,141.0,100.0
1781845711.99,ROCM_SMI,GPU_5,1474.1,143.0,100.0
1781845711.99,ROCM_SMI,GPU_6,1474.1,140.0,100.0
1781845711.99,ROCM_SMI,GPU_7,1474.1,140.0,100.0
1781845714.19,ROCM_SMI,GPU_0,1474.1,146.0,100.0
1781845714.19,ROCM_SMI,GPU_1,1474.1,142.0,100.0
1781845714.19,ROCM_SMI,GPU_2,1474.1,144.0,100.0
1781845714.19,ROCM_SMI,GPU_3,1474.1,147.0,100.0
1781845714.19,ROCM_SMI,GPU_4,1474.1,144.0,100.0
1781845714.19,ROCM_SMI,GPU_5,1474.1,138.0,100.0
1781845714.19,ROCM_SMI,GPU_6,1474.1,144.0,100.0
1781845714.19,ROCM_SMI,GPU_7,1474.1,138.0,100.0
1781845716.39,ROCM_SMI,GPU_0,1474.1,150.0,100.0
1781845716.39,ROCM_SMI,GPU_1,1474.1,141.0,100.0
1781845716.39,ROCM_SMI,GPU_2,1474.1,146.0,100.0
1781845716.39,ROCM_SMI,GPU_3,1474.1,147.0,100.0
1781845716.39,ROCM_SMI,GPU_4,1474.1,140.0,100.0
1781845716.39,ROCM_SMI,GPU_5,1474.1,142.0,100.0
1781845716.39,ROCM_SMI,GPU_6,1474.1,141.0,85.0
1781845716.39,ROCM_SMI,GPU_7,1474.1,139.0,100.0
1781845718.60,ROCM_SMI,GPU_0,1474.1,146.0,100.0
1781845718.60,ROCM_SMI,GPU_1,1474.1,141.0,100.0
1781845718.60,ROCM_SMI,GPU_2,1474.1,143.0,100.0
1781845718.60,ROCM_SMI,GPU_3,1474.1,148.0,88.0
1781845718.60,ROCM_SMI,GPU_4,1474.1,143.0,100.0
1781845718.60,ROCM_SMI,GPU_5,1474.1,139.0,100.0
1781845718.60,ROCM_SMI,GPU_6,1474.1,145.0,100.0
1781845718.60,ROCM_SMI,GPU_7,1474.1,139.0,100.0
1781845720.79,ROCM_SMI,GPU_0,1474.1,151.0,100.0
1781845720.79,ROCM_SMI,GPU_1,1474.1,140.0,100.0
1781845720.79,ROCM_SMI,GPU_2,1474.1,147.0,100.0
1781845720.79,ROCM_SMI,GPU_3,1474.1,144.0,100.0
1781845720.79,ROCM_SMI,GPU_4,1474.1,141.0,86.0
1781845720.79,ROCM_SMI,GPU_5,1474.1,142.0,100.0
1781845720.79,ROCM_SMI,GPU_6,1474.1,140.0,100.0
1781845720.79,ROCM_SMI,GPU_7,1474.1,139.0,100.0
1781845722.98,ROCM_SMI,GPU_0,1474.1,147.0,100.0
1781845722.98,ROCM_SMI,GPU_1,1474.1,143.0,100.0
1781845722.98,ROCM_SMI,GPU_2,1474.1,142.0,100.0
1781845722.98,ROCM_SMI,GPU_3,1474.1,145.0,100.0
1781845722.98,ROCM_SMI,GPU_4,1474.1,140.0,82.0
1781845722.98,ROCM_SMI,GPU_5,1474.1,137.0,100.0
1781845722.98,ROCM_SMI,GPU_6,1474.1,144.0,100.0
1781845722.98,ROCM_SMI,GPU_7,1474.1,139.0,100.0
1781845725.18,ROCM_SMI,GPU_0,1474.1,153.0,100.0
1781845725.18,ROCM_SMI,GPU_1,1474.1,140.0,100.0
1781845725.18,ROCM_SMI,GPU_2,1474.1,141.0,100.0
1781845725.18,ROCM_SMI,GPU_3,1474.1,142.0,94.0
1781845725.18,ROCM_SMI,GPU_4,1474.1,135.0,97.0
1781845725.18,ROCM_SMI,GPU_5,1474.1,138.0,100.0
1781845725.18,ROCM_SMI,GPU_6,1474.1,147.0,100.0
1781845725.18,ROCM_SMI,GPU_7,1474.1,137.0,100.0
1781845727.37,ROCM_SMI,GPU_0,1474.1,150.0,100.0
1781845727.37,ROCM_SMI,GPU_1,1474.1,140.0,100.0
1781845727.37,ROCM_SMI,GPU_2,1474.1,148.0,100.0
1781845727.37,ROCM_SMI,GPU_3,1474.1,145.0,100.0
1781845727.37,ROCM_SMI,GPU_4,1474.1,138.0,89.0
1781845727.37,ROCM_SMI,GPU_5,1474.1,143.0,100.0
1781845727.37,ROCM_SMI,GPU_6,1474.1,140.0,100.0
1781845727.37,ROCM_SMI,GPU_7,1474.1,139.0,100.0
1781845729.56,ROCM_SMI,GPU_0,1474.1,147.0,100.0
1781845729.56,ROCM_SMI,GPU_1,1474.1,144.0,100.0
1781845729.56,ROCM_SMI,GPU_2,1474.1,143.0,100.0
1781845729.56,ROCM_SMI,GPU_3,1474.1,147.0,100.0
1781845729.56,ROCM_SMI,GPU_4,1474.1,142.0,87.0
1781845729.56,ROCM_SMI,GPU_5,1474.1,138.0,100.0
1781845729.56,ROCM_SMI,GPU_6,1474.1,144.0,100.0
1781845729.56,ROCM_SMI,GPU_7,1474.1,139.0,100.0
1781845731.75,ROCM_SMI,GPU_0,1474.1,152.0,100.0
1781845731.75,ROCM_SMI,GPU_1,1474.1,141.0,100.0
1781845731.75,ROCM_SMI,GPU_2,1474.1,148.0,100.0
1781845731.75,ROCM_SMI,GPU_3,1474.1,146.0,100.0
1781845731.75,ROCM_SMI,GPU_4,1474.1,144.0,100.0
1781845731.75,ROCM_SMI,GPU_5,1474.1,142.0,88.0
1781845731.75,ROCM_SMI,GPU_6,1474.1,139.0,100.0
1781845731.75,ROCM_SMI,GPU_7,1474.1,139.0,100.0
1781845733.95,ROCM_SMI,GPU_0,1474.1,148.0,100.0
1781845733.95,ROCM_SMI,GPU_1,1474.1,143.0,100.0
1781845733.95,ROCM_SMI,GPU_2,1474.1,146.0,100.0
1781845733.95,ROCM_SMI,GPU_3,1474.1,148.0,100.0
1781845733.95,ROCM_SMI,GPU_4,1474.1,140.0,100.0
1781845733.95,ROCM_SMI,GPU_5,1474.1,142.0,100.0
1781845733.95,ROCM_SMI,GPU_6,1474.1,142.0,90.0
1781845733.95,ROCM_SMI,GPU_7,1474.1,140.0,100.0
1781845736.14,ROCM_SMI,GPU_0,1474.1,144.0,100.0
1781845736.14,ROCM_SMI,GPU_1,1474.1,143.0,100.0
1781845736.14,ROCM_SMI,GPU_2,1474.1,141.0,100.0
1781845736.14,ROCM_SMI,GPU_3,1474.1,148.0,100.0
1781845736.14,ROCM_SMI,GPU_4,1474.1,143.0,100.0
1781845736.14,ROCM_SMI,GPU_5,1474.1,137.0,100.0
1781845736.14,ROCM_SMI,GPU_6,1474.1,144.0,93.0
1781845736.14,ROCM_SMI,GPU_7,1474.1,137.0,100.0
1781845738.35,ROCM_SMI,GPU_0,1474.1,150.0,100.0
1781845738.35,ROCM_SMI,GPU_1,1474.1,139.0,100.0
1781845738.35,ROCM_SMI,GPU_2,1474.1,148.0,100.0
1781845738.35,ROCM_SMI,GPU_3,1474.1,146.0,100.0
1781845738.35,ROCM_SMI,GPU_4,1474.1,141.0,86.0
1781845738.35,ROCM_SMI,GPU_5,1474.1,143.0,100.0
1781845738.35,ROCM_SMI,GPU_6,1474.1,139.0,100.0
1781845738.35,ROCM_SMI,GPU_7,1474.1,141.0,100.0
1781845740.54,ROCM_SMI,GPU_0,1474.1,150.0,100.0
1781845740.54,ROCM_SMI,GPU_1,1474.1,139.0,100.0
1781845740.54,ROCM_SMI,GPU_2,1474.1,147.0,100.0
1781845740.54,ROCM_SMI,GPU_3,1474.1,145.0,87.0
1781845740.54,ROCM_SMI,GPU_4,1474.1,140.0,100.0
1781845740.54,ROCM_SMI,GPU_5,1474.1,143.0,100.0
1781845740.54,ROCM_SMI,GPU_6,1474.1,140.0,100.0
1781845740.54,ROCM_SMI,GPU_7,1474.1,139.0,100.0
1781845742.73,ROCM_SMI,GPU_0,1474.1,148.0,100.0
1781845742.73,ROCM_SMI,GPU_1,1474.1,140.0,100.0
1781845742.73,ROCM_SMI,GPU_2,1474.1,146.0,100.0
1781845742.73,ROCM_SMI,GPU_3,1474.1,144.0,100.0
1781845742.73,ROCM_SMI,GPU_4,1474.1,138.0,78.0
1781845742.73,ROCM_SMI,GPU_5,1474.1,141.0,100.0
1781845742.73,ROCM_SMI,GPU_6,1474.1,141.0,100.0
1781845742.73,ROCM_SMI,GPU_7,1474.1,139.0,100.0
1781845744.93,ROCM_SMI,GPU_0,1474.1,148.0,100.0
1781845744.93,ROCM_SMI,GPU_1,1474.1,142.0,100.0
1781845744.93,ROCM_SMI,GPU_2,1474.1,146.0,100.0
1781845744.93,ROCM_SMI,GPU_3,1474.1,147.0,100.0
1781845744.93,ROCM_SMI,GPU_4,1474.1,140.0,100.0
1781845744.93,ROCM_SMI,GPU_5,1474.1,141.0,100.0
1781845744.93,ROCM_SMI,GPU_6,1474.1,142.0,100.0
1781845744.93,ROCM_SMI,GPU_7,1474.1,140.0,100.0
1781845747.12,ROCM_SMI,GPU_0,1474.1,146.0,100.0
1781845747.12,ROCM_SMI,GPU_1,1474.1,142.0,100.0
1781845747.12,ROCM_SMI,GPU_2,1474.1,143.0,100.0
1781845747.12,ROCM_SMI,GPU_3,1474.1,148.0,100.0
1781845747.12,ROCM_SMI,GPU_4,1474.1,142.0,100.0
1781845747.12,ROCM_SMI,GPU_5,1474.1,137.0,100.0
1781845747.12,ROCM_SMI,GPU_6,1474.1,143.0,100.0
1781845747.12,ROCM_SMI,GPU_7,1474.1,138.0,91.0
1781845749.31,ROCM_SMI,GPU_0,1474.1,143.0,100.0
1781845749.31,ROCM_SMI,GPU_1,1474.1,142.0,100.0
1781845749.31,ROCM_SMI,GPU_2,1474.1,142.0,100.0
1781845749.31,ROCM_SMI,GPU_3,1474.1,147.0,100.0
1781845749.31,ROCM_SMI,GPU_4,1474.1,142.0,100.0
1781845749.31,ROCM_SMI,GPU_5,1474.1,137.0,100.0
1781845749.31,ROCM_SMI,GPU_6,1474.1,145.0,100.0
1781845749.31,ROCM_SMI,GPU_7,1474.1,137.0,100.0
1781845751.50,ROCM_SMI,GPU_0,1474.1,158.0,100.0
1781845751.50,ROCM_SMI,GPU_1,1474.1,144.0,100.0
1781845751.50,ROCM_SMI,GPU_2,1474.1,148.0,100.0
1781845751.50,ROCM_SMI,GPU_3,1474.1,144.0,100.0
1781845751.50,ROCM_SMI,GPU_4,1474.1,142.0,100.0
1781845751.50,ROCM_SMI,GPU_5,1474.1,143.0,100.0
1781845751.50,ROCM_SMI,GPU_6,1474.1,139.0,100.0
1781845751.50,ROCM_SMI,GPU_7,1474.1,140.0,100.0
1781845753.70,ROCM_SMI,GPU_0,1474.1,143.0,100.0
1781845753.70,ROCM_SMI,GPU_1,1474.1,135.0,100.0
1781845753.70,ROCM_SMI,GPU_2,1474.1,142.0,100.0
1781845753.70,ROCM_SMI,GPU_3,1474.1,144.0,100.0
1781845753.70,ROCM_SMI,GPU_4,1474.1,137.0,100.0
1781845753.70,ROCM_SMI,GPU_5,1474.1,136.0,100.0
1781845753.70,ROCM_SMI,GPU_6,1474.1,131.0,100.0
1781845753.70,ROCM_SMI,GPU_7,1474.1,123.0,81.0
1781845755.90,ROCM_SMI,GPU_0,1474.1,148.0,100.0
1781845755.90,ROCM_SMI,GPU_1,1474.1,142.0,100.0
1781845755.90,ROCM_SMI,GPU_2,1474.1,143.0,100.0
1781845755.90,ROCM_SMI,GPU_3,1474.1,146.0,100.0
1781845755.90,ROCM_SMI,GPU_4,1474.1,145.0,100.0
1781845755.90,ROCM_SMI,GPU_5,1474.1,139.0,100.0
1781845755.90,ROCM_SMI,GPU_6,1474.1,143.0,100.0
1781845755.90,ROCM_SMI,GPU_7,1474.1,138.0,84.0
1781845758.09,ROCM_SMI,GPU_0,1474.1,150.0,100.0
1781845758.09,ROCM_SMI,GPU_1,1474.1,141.0,100.0
1781845758.09,ROCM_SMI,GPU_2,1474.1,147.0,100.0
1781845758.09,ROCM_SMI,GPU_3,1474.1,145.0,100.0
1781845758.09,ROCM_SMI,GPU_4,1474.1,141.0,100.0
1781845758.09,ROCM_SMI,GPU_5,1474.1,143.0,100.0
1781845758.09,ROCM_SMI,GPU_6,1474.1,140.0,100.0
1781845758.09,ROCM_SMI,GPU_7,1474.1,141.0,100.0
1781845760.28,ROCM_SMI,GPU_0,1474.1,145.0,100.0
1781845760.28,ROCM_SMI,GPU_1,1474.1,142.0,100.0
1781845760.28,ROCM_SMI,GPU_2,1474.1,142.0,100.0
1781845760.28,ROCM_SMI,GPU_3,1474.1,148.0,100.0
1781845760.28,ROCM_SMI,GPU_4,1474.1,146.0,100.0
1781845760.28,ROCM_SMI,GPU_5,1474.1,138.0,100.0
1781845760.28,ROCM_SMI,GPU_6,1474.1,143.0,100.0
1781845760.28,ROCM_SMI,GPU_7,1474.1,139.0,100.0
1781845762.47,ROCM_SMI,GPU_0,1474.1,151.0,100.0
1781845762.47,ROCM_SMI,GPU_1,1474.1,141.0,100.0
1781845762.47,ROCM_SMI,GPU_2,1474.1,147.0,100.0
1781845762.47,ROCM_SMI,GPU_3,1474.1,145.0,100.0
1781845762.47,ROCM_SMI,GPU_4,1474.1,144.0,100.0
1781845762.47,ROCM_SMI,GPU_5,1474.1,142.0,100.0
1781845762.47,ROCM_SMI,GPU_6,1474.1,140.0,100.0
1781845762.47,ROCM_SMI,GPU_7,1474.1,140.0,100.0
1781845764.66,ROCM_SMI,GPU_0,1474.1,148.0,100.0
1781845764.66,ROCM_SMI,GPU_1,1474.1,141.0,100.0
1781845764.66,ROCM_SMI,GPU_2,1474.1,146.0,100.0
1781845764.66,ROCM_SMI,GPU_3,1474.1,147.0,100.0
1781845764.66,ROCM_SMI,GPU_4,1474.1,140.0,100.0
1781845764.66,ROCM_SMI,GPU_5,1474.1,139.0,100.0
1781845764.66,ROCM_SMI,GPU_6,1474.1,143.0,100.0
1781845764.66,ROCM_SMI,GPU_7,1474.1,140.0,100.0
1781845766.86,ROCM_SMI,GPU_0,1474.1,145.0,100.0
1781845766.86,ROCM_SMI,GPU_1,1474.1,142.0,100.0
1781845766.86,ROCM_SMI,GPU_2,1474.1,145.0,100.0
1781845766.86,ROCM_SMI,GPU_3,1474.1,147.0,100.0
1781845766.86,ROCM_SMI,GPU_4,1474.1,145.0,100.0
1781845766.86,ROCM_SMI,GPU_5,1474.1,140.0,100.0
1781845766.86,ROCM_SMI,GPU_6,1474.1,142.0,100.0
1781845766.86,ROCM_SMI,GPU_7,1474.1,136.0,100.0
1781845769.05,ROCM_SMI,GPU_0,1474.1,150.0,100.0
1781845769.05,ROCM_SMI,GPU_1,1474.1,140.0,100.0
1781845769.05,ROCM_SMI,GPU_2,1474.1,149.0,100.0
1781845769.05,ROCM_SMI,GPU_3,1474.1,144.0,100.0
1781845769.05,ROCM_SMI,GPU_4,1474.1,142.0,100.0
1781845769.05,ROCM_SMI,GPU_5,1474.1,143.0,100.0
1781845769.05,ROCM_SMI,GPU_6,1474.1,140.0,100.0
1781845769.05,ROCM_SMI,GPU_7,1474.1,140.0,100.0
1781845771.25,ROCM_SMI,GPU_0,1474.1,145.0,100.0
1781845771.25,ROCM_SMI,GPU_1,1474.1,141.0,100.0
1781845771.25,ROCM_SMI,GPU_2,1474.1,142.0,100.0
1781845771.25,ROCM_SMI,GPU_3,1474.1,147.0,100.0
1781845771.25,ROCM_SMI,GPU_4,1474.1,143.0,100.0
1781845771.25,ROCM_SMI,GPU_5,1474.1,138.0,100.0
1781845771.25,ROCM_SMI,GPU_6,1474.1,144.0,100.0
1781845771.25,ROCM_SMI,GPU_7,1474.1,138.0,100.0
1781845773.45,ROCM_SMI,GPU_0,1474.1,146.0,100.0
1781845773.45,ROCM_SMI,GPU_1,1474.1,140.0,100.0
1781845773.45,ROCM_SMI,GPU_2,1474.1,144.0,100.0
1781845773.45,ROCM_SMI,GPU_3,1474.1,147.0,100.0
1781845773.45,ROCM_SMI,GPU_4,1474.1,140.0,100.0
1781845773.45,ROCM_SMI,GPU_5,1474.1,141.0,100.0
1781845773.45,ROCM_SMI,GPU_6,1474.1,142.0,100.0
1781845773.45,ROCM_SMI,GPU_7,1474.1,140.0,78.0
1781845775.64,ROCM_SMI,GPU_0,1474.1,150.0,100.0
1781845775.64,ROCM_SMI,GPU_1,1474.1,141.0,100.0
1781845775.64,ROCM_SMI,GPU_2,1474.1,146.0,100.0
1781845775.64,ROCM_SMI,GPU_3,1474.1,146.0,100.0
1781845775.64,ROCM_SMI,GPU_4,1474.1,144.0,100.0
1781845775.64,ROCM_SMI,GPU_5,1474.1,141.0,100.0
1781845775.64,ROCM_SMI,GPU_6,1474.1,140.0,100.0
1781845775.64,ROCM_SMI,GPU_7,1474.1,138.0,88.0
1781845777.83,ROCM_SMI,GPU_0,1474.1,147.0,100.0
1781845777.83,ROCM_SMI,GPU_1,1474.1,140.0,100.0
1781845777.83,ROCM_SMI,GPU_2,1474.1,145.0,100.0
1781845777.83,ROCM_SMI,GPU_3,1474.1,147.0,100.0
1781845777.83,ROCM_SMI,GPU_4,1474.1,140.0,100.0
1781845777.83,ROCM_SMI,GPU_5,1474.1,141.0,100.0
1781845777.83,ROCM_SMI,GPU_6,1474.1,142.0,100.0
1781845777.83,ROCM_SMI,GPU_7,1474.1,139.0,89.0
1781845780.02,ROCM_SMI,GPU_0,1474.1,154.0,100.0
1781845780.02,ROCM_SMI,GPU_1,1474.1,141.0,100.0
1781845780.02,ROCM_SMI,GPU_2,1474.1,151.0,100.0
1781845780.02,ROCM_SMI,GPU_3,1474.1,145.0,100.0
1781845780.02,ROCM_SMI,GPU_4,1474.1,144.0,100.0
1781845780.02,ROCM_SMI,GPU_5,1474.1,146.0,100.0
1781845780.02,ROCM_SMI,GPU_6,1474.1,142.0,100.0
1781845780.02,ROCM_SMI,GPU_7,1474.1,137.0,87.0
1781845782.22,ROCM_SMI,GPU_0,1474.1,146.0,100.0
1781845782.22,ROCM_SMI,GPU_1,1474.1,143.0,100.0
1781845782.22,ROCM_SMI,GPU_2,1474.1,142.0,100.0
1781845782.22,ROCM_SMI,GPU_3,1474.1,148.0,100.0
1781845782.22,ROCM_SMI,GPU_4,1474.1,143.0,100.0
1781845782.22,ROCM_SMI,GPU_5,1474.1,139.0,90.0
1781845782.22,ROCM_SMI,GPU_6,1474.1,144.0,96.0
1781845782.22,ROCM_SMI,GPU_7,1474.1,140.0,100.0
1781845784.42,ROCM_SMI,GPU_0,1474.1,150.0,100.0
1781845784.42,ROCM_SMI,GPU_1,1474.1,141.0,100.0
1781845784.42,ROCM_SMI,GPU_2,1474.1,148.0,100.0
1781845784.42,ROCM_SMI,GPU_3,1474.1,147.0,100.0
1781845784.42,ROCM_SMI,GPU_4,1474.1,142.0,100.0
1781845784.42,ROCM_SMI,GPU_5,1474.1,143.0,81.0
1781845784.42,ROCM_SMI,GPU_6,1474.1,139.0,100.0
1781845784.42,ROCM_SMI,GPU_7,1474.1,141.0,100.0
1781845786.61,ROCM_SMI,GPU_0,1474.1,146.0,100.0
1781845786.61,ROCM_SMI,GPU_1,1474.1,142.0,100.0
1781845786.61,ROCM_SMI,GPU_2,1474.1,143.0,100.0
1781845786.61,ROCM_SMI,GPU_3,1474.1,148.0,100.0
1781845786.61,ROCM_SMI,GPU_4,1474.1,142.0,100.0
1781845786.61,ROCM_SMI,GPU_5,1474.1,140.0,78.0
1781845786.61,ROCM_SMI,GPU_6,1474.1,145.0,100.0
1781845786.61,ROCM_SMI,GPU_7,1474.1,141.0,100.0
1781845788.80,ROCM_SMI,GPU_0,1474.1,150.0,100.0
1781845788.80,ROCM_SMI,GPU_1,1474.1,142.0,100.0
1781845788.80,ROCM_SMI,GPU_2,1474.1,147.0,100.0
1781845788.80,ROCM_SMI,GPU_3,1474.1,148.0,100.0
1781845788.80,ROCM_SMI,GPU_4,1474.1,141.0,92.0
1781845788.80,ROCM_SMI,GPU_5,1474.1,142.0,100.0
1781845788.80,ROCM_SMI,GPU_6,1474.1,143.0,100.0
1781845788.80,ROCM_SMI,GPU_7,1474.1,141.0,100.0
1781845790.99,ROCM_SMI,GPU_0,1474.1,151.0,100.0
1781845790.99,ROCM_SMI,GPU_1,1474.1,141.0,100.0
1781845790.99,ROCM_SMI,GPU_2,1474.1,147.0,100.0
1781845790.99,ROCM_SMI,GPU_3,1474.1,145.0,100.0
1781845790.99,ROCM_SMI,GPU_4,1474.1,143.0,86.0
1781845790.99,ROCM_SMI,GPU_5,1474.1,141.0,100.0
1781845790.99,ROCM_SMI,GPU_6,1474.1,139.0,100.0
1781845790.99,ROCM_SMI,GPU_7,1474.1,138.0,100.0
1781845793.19,ROCM_SMI,GPU_0,1474.1,146.0,100.0
1781845793.19,ROCM_SMI,GPU_1,1474.1,141.0,100.0
1781845793.19,ROCM_SMI,GPU_2,1474.1,144.0,100.0
1781845793.19,ROCM_SMI,GPU_3,1474.1,147.0,93.0
1781845793.19,ROCM_SMI,GPU_4,1474.1,140.0,100.0
1781845793.19,ROCM_SMI,GPU_5,1474.1,142.0,100.0
1781845793.19,ROCM_SMI,GPU_6,1474.1,144.0,100.0
1781845793.19,ROCM_SMI,GPU_7,1474.1,140.0,100.0
1781845795.39,ROCM_SMI,GPU_0,1474.1,150.0,100.0
1781845795.39,ROCM_SMI,GPU_1,1474.1,140.0,100.0
1781845795.39,ROCM_SMI,GPU_2,1474.1,145.0,100.0
1781845795.39,ROCM_SMI,GPU_3,1474.1,142.0,79.0
1781845795.39,ROCM_SMI,GPU_4,1474.1,140.0,100.0
1781845795.39,ROCM_SMI,GPU_5,1474.1,143.0,100.0
1781845795.39,ROCM_SMI,GPU_6,1474.1,138.0,100.0
1781845795.39,ROCM_SMI,GPU_7,1474.1,142.0,100.0
1781845797.58,ROCM_SMI,GPU_0,1474.1,147.0,100.0
1781845797.58,ROCM_SMI,GPU_1,1474.1,140.0,100.0
1781845797.58,ROCM_SMI,GPU_2,1474.1,143.0,100.0
1781845797.58,ROCM_SMI,GPU_3,1474.1,146.0,82.0
1781845797.58,ROCM_SMI,GPU_4,1474.1,139.0,100.0
1781845797.58,ROCM_SMI,GPU_5,1474.1,141.0,100.0
1781845797.58,ROCM_SMI,GPU_6,1474.1,144.0,100.0
1781845797.58,ROCM_SMI,GPU_7,1474.1,139.0,100.0
1781845799.77,ROCM_SMI,GPU_0,1474.1,149.0,100.0
1781845799.77,ROCM_SMI,GPU_1,1474.1,141.0,100.0
1781845799.77,ROCM_SMI,GPU_2,1474.1,145.0,100.0
1781845799.77,ROCM_SMI,GPU_3,1474.1,144.0,86.0
1781845799.77,ROCM_SMI,GPU_4,1474.1,143.0,100.0
1781845799.77,ROCM_SMI,GPU_5,1474.1,141.0,100.0
1781845799.77,ROCM_SMI,GPU_6,1474.1,139.0,100.0
1781845799.77,ROCM_SMI,GPU_7,1474.1,140.0,100.0
1781845801.96,ROCM_SMI,GPU_0,1474.1,151.0,100.0
1781845801.96,ROCM_SMI,GPU_1,1474.1,140.0,100.0
1781845801.96,ROCM_SMI,GPU_2,1474.1,147.0,100.0
1781845801.96,ROCM_SMI,GPU_3,1474.1,146.0,100.0
1781845801.96,ROCM_SMI,GPU_4,1474.1,139.0,87.0
1781845801.96,ROCM_SMI,GPU_5,1474.1,142.0,100.0
1781845801.96,ROCM_SMI,GPU_6,1474.1,142.0,100.0
1781845801.96,ROCM_SMI,GPU_7,1474.1,139.0,100.0
1781845804.15,ROCM_SMI,GPU_0,1474.1,146.0,100.0
1781845804.15,ROCM_SMI,GPU_1,1474.1,141.0,100.0
1781845804.15,ROCM_SMI,GPU_2,1474.1,144.0,100.0
1781845804.15,ROCM_SMI,GPU_3,1474.1,149.0,100.0
1781845804.15,ROCM_SMI,GPU_4,1474.1,143.0,93.0
1781845804.15,ROCM_SMI,GPU_5,1474.1,138.0,93.0
1781845804.15,ROCM_SMI,GPU_6,1474.1,145.0,100.0
1781845804.15,ROCM_SMI,GPU_7,1474.1,140.0,100.0
1781845806.35,ROCM_SMI,GPU_0,1474.1,145.0,100.0
1781845806.35,ROCM_SMI,GPU_1,1474.1,143.0,100.0
1781845806.35,ROCM_SMI,GPU_2,1474.1,143.0,100.0
1781845806.35,ROCM_SMI,GPU_3,1474.1,147.0,100.0
1781845806.35,ROCM_SMI,GPU_4,1474.1,143.0,100.0
1781845806.35,ROCM_SMI,GPU_5,1474.1,139.0,82.0
1781845806.35,ROCM_SMI,GPU_6,1474.1,144.0,100.0
1781845806.35,ROCM_SMI,GPU_7,1474.1,140.0,100.0
1781845808.55,ROCM_SMI,GPU_0,1474.1,149.0,100.0
1781845808.55,ROCM_SMI,GPU_1,1474.1,137.0,100.0
1781845808.55,ROCM_SMI,GPU_2,1474.1,135.0,100.0
1781845808.55,ROCM_SMI,GPU_3,1474.1,137.0,100.0
1781845808.55,ROCM_SMI,GPU_4,1474.1,130.0,100.0
1781845808.55,ROCM_SMI,GPU_5,1474.1,111.0,98.0
1781845808.55,ROCM_SMI,GPU_6,1474.1,160.0,100.0
1781845808.55,ROCM_SMI,GPU_7,1474.1,119.0,100.0
1781845810.74,ROCM_SMI,GPU_0,1474.1,146.0,100.0
1781845810.74,ROCM_SMI,GPU_1,1474.1,142.0,100.0
1781845810.74,ROCM_SMI,GPU_2,1474.1,144.0,100.0
1781845810.74,ROCM_SMI,GPU_3,1474.1,148.0,100.0
1781845810.74,ROCM_SMI,GPU_4,1474.1,141.0,88.0
1781845810.74,ROCM_SMI,GPU_5,1474.1,138.0,100.0
1781845810.74,ROCM_SMI,GPU_6,1474.1,144.0,100.0
1781845810.74,ROCM_SMI,GPU_7,1474.1,139.0,100.0
1781845812.93,ROCM_SMI,GPU_0,1474.1,151.0,100.0
1781845812.93,ROCM_SMI,GPU_1,1474.1,140.0,100.0
1781845812.93,ROCM_SMI,GPU_2,1474.1,148.0,100.0
1781845812.93,ROCM_SMI,GPU_3,1474.1,144.0,100.0
1781845812.93,ROCM_SMI,GPU_4,1474.1,140.0,86.0
1781845812.93,ROCM_SMI,GPU_5,1474.1,141.0,100.0
1781845812.93,ROCM_SMI,GPU_6,1474.1,139.0,100.0
1781845812.93,ROCM_SMI,GPU_7,1474.1,139.0,100.0
1781845815.13,ROCM_SMI,GPU_0,1474.1,147.0,100.0
1781845815.13,ROCM_SMI,GPU_1,1474.1,141.0,100.0
1781845815.13,ROCM_SMI,GPU_2,1474.1,144.0,100.0
1781845815.13,ROCM_SMI,GPU_3,1474.1,148.0,100.0
1781845815.13,ROCM_SMI,GPU_4,1474.1,141.0,88.0
1781845815.13,ROCM_SMI,GPU_5,1474.1,138.0,100.0
1781845815.13,ROCM_SMI,GPU_6,1474.1,144.0,100.0
1781845815.13,ROCM_SMI,GPU_7,1474.1,139.0,100.0
1781845817.32,ROCM_SMI,GPU_0,1474.1,149.0,100.0
1781845817.32,ROCM_SMI,GPU_1,1474.1,142.0,100.0
1781845817.32,ROCM_SMI,GPU_2,1474.1,145.0,100.0
1781845817.32,ROCM_SMI,GPU_3,1474.1,146.0,100.0
1781845817.32,ROCM_SMI,GPU_4,1474.1,145.0,86.0
1781845817.32,ROCM_SMI,GPU_5,1474.1,138.0,95.0
1781845817.32,ROCM_SMI,GPU_6,1474.1,141.0,100.0
1781845817.32,ROCM_SMI,GPU_7,1474.1,138.0,100.0
1781845819.51,ROCM_SMI,GPU_0,1474.1,151.0,100.0
1781845819.51,ROCM_SMI,GPU_1,1474.1,140.0,100.0
1781845819.51,ROCM_SMI,GPU_2,1474.1,149.0,100.0
1781845819.51,ROCM_SMI,GPU_3,1474.1,146.0,100.0
1781845819.51,ROCM_SMI,GPU_4,1474.1,141.0,100.0
1781845819.51,ROCM_SMI,GPU_5,1474.1,144.0,81.0
1781845819.51,ROCM_SMI,GPU_6,1474.1,140.0,100.0
1781845819.51,ROCM_SMI,GPU_7,1474.1,141.0,100.0
1781845821.70,ROCM_SMI,GPU_0,1474.1,145.0,100.0
1781845821.70,ROCM_SMI,GPU_1,1474.1,145.0,100.0
1781845821.70,ROCM_SMI,GPU_2,1474.1,143.0,100.0
1781845821.70,ROCM_SMI,GPU_3,1474.1,147.0,100.0
1781845821.70,ROCM_SMI,GPU_4,1474.1,142.0,100.0
1781845821.70,ROCM_SMI,GPU_5,1474.1,136.0,100.0
1781845821.70,ROCM_SMI,GPU_6,1474.1,140.0,78.0
1781845821.70,ROCM_SMI,GPU_7,1474.1,135.0,100.0
1781845823.90,ROCM_SMI,GPU_0,1474.1,154.0,100.0
1781845823.90,ROCM_SMI,GPU_1,1474.1,142.0,100.0
1781845823.90,ROCM_SMI,GPU_2,1474.1,149.0,100.0
1781845823.90,ROCM_SMI,GPU_3,1474.1,147.0,100.0
1781845823.90,ROCM_SMI,GPU_4,1474.1,144.0,100.0
1781845823.90,ROCM_SMI,GPU_5,1474.1,148.0,100.0
1781845823.90,ROCM_SMI,GPU_6,1474.1,138.0,100.0
1781845823.90,ROCM_SMI,GPU_7,1474.1,133.0,100.0
1781845826.09,ROCM_SMI,GPU_0,1474.1,148.0,100.0
1781845826.09,ROCM_SMI,GPU_1,1474.1,140.0,100.0
1781845826.09,ROCM_SMI,GPU_2,1474.1,145.0,100.0
1781845826.09,ROCM_SMI,GPU_3,1474.1,147.0,100.0
1781845826.09,ROCM_SMI,GPU_4,1474.1,140.0,100.0
1781845826.09,ROCM_SMI,GPU_5,1474.1,142.0,100.0
1781845826.09,ROCM_SMI,GPU_6,1474.1,142.0,75.0
1781845826.09,ROCM_SMI,GPU_7,1474.1,139.0,100.0
1781845828.28,ROCM_SMI,GPU_0,1474.1,146.0,100.0
1781845828.28,ROCM_SMI,GPU_1,1474.1,142.0,100.0
1781845828.28,ROCM_SMI,GPU_2,1474.1,144.0,100.0
1781845828.28,ROCM_SMI,GPU_3,1474.1,147.0,100.0
1781845828.28,ROCM_SMI,GPU_4,1474.1,145.0,100.0
1781845828.28,ROCM_SMI,GPU_5,1474.1,138.0,100.0
1781845828.28,ROCM_SMI,GPU_6,1474.1,145.0,100.0
1781845828.28,ROCM_SMI,GPU_7,1474.1,138.0,90.0
1781845830.47,ROCM_SMI,GPU_0,1474.1,150.0,100.0
1781845830.47,ROCM_SMI,GPU_1,1474.1,141.0,100.0
1781845830.47,ROCM_SMI,GPU_2,1474.1,147.0,100.0
1781845830.47,ROCM_SMI,GPU_3,1474.1,147.0,100.0
1781845830.47,ROCM_SMI,GPU_4,1474.1,144.0,100.0
1781845830.47,ROCM_SMI,GPU_5,1474.1,142.0,100.0
1781845830.47,ROCM_SMI,GPU_6,1474.1,140.0,100.0
1781845830.47,ROCM_SMI,GPU_7,1474.1,139.0,93.0
1781845832.67,ROCM_SMI,GPU_0,1474.1,151.0,100.0
1781845832.67,ROCM_SMI,GPU_1,1474.1,141.0,100.0
1781845832.67,ROCM_SMI,GPU_2,1474.1,147.0,100.0
1781845832.67,ROCM_SMI,GPU_3,1474.1,145.0,100.0
1781845832.67,ROCM_SMI,GPU_4,1474.1,141.0,100.0
1781845832.67,ROCM_SMI,GPU_5,1474.1,142.0,100.0
1781845832.67,ROCM_SMI,GPU_6,1474.1,139.0,100.0
1781845832.67,ROCM_SMI,GPU_7,1474.1,138.0,100.0
1781845834.87,ROCM_SMI,GPU_0,1474.1,149.0,100.0
1781845834.87,ROCM_SMI,GPU_1,1474.1,141.0,100.0
1781845834.87,ROCM_SMI,GPU_2,1474.1,148.0,100.0
1781845834.87,ROCM_SMI,GPU_3,1474.1,145.0,100.0
1781845834.87,ROCM_SMI,GPU_4,1474.1,141.0,100.0
1781845834.87,ROCM_SMI,GPU_5,1474.1,143.0,100.0
1781845834.87,ROCM_SMI,GPU_6,1474.1,141.0,100.0
1781845834.87,ROCM_SMI,GPU_7,1474.1,138.0,100.0
1781845837.08,ROCM_SMI,GPU_0,1474.1,145.0,100.0
1781845837.08,ROCM_SMI,GPU_1,1474.1,141.0,100.0
1781845837.08,ROCM_SMI,GPU_2,1474.1,144.0,100.0
1781845837.08,ROCM_SMI,GPU_3,1474.1,148.0,100.0
1781845837.08,ROCM_SMI,GPU_4,1474.1,140.0,100.0
1781845837.08,ROCM_SMI,GPU_5,1474.1,139.0,100.0
1781845837.08,ROCM_SMI,GPU_6,1474.1,145.0,100.0
1781845837.08,ROCM_SMI,GPU_7,1474.1,139.0,100.0
1781845839.28,ROCM_SMI,GPU_0,1474.1,148.0,100.0
1781845839.28,ROCM_SMI,GPU_1,1474.1,143.0,100.0
1781845839.28,ROCM_SMI,GPU_2,1474.1,143.0,100.0
1781845839.28,ROCM_SMI,GPU_3,1474.1,146.0,85.0
1781845839.28,ROCM_SMI,GPU_4,1474.1,144.0,100.0
1781845839.28,ROCM_SMI,GPU_5,1474.1,140.0,100.0
1781845839.28,ROCM_SMI,GPU_6,1474.1,143.0,100.0
1781845839.28,ROCM_SMI,GPU_7,1474.1,138.0,100.0
1781845841.47,ROCM_SMI,GPU_0,1474.1,149.0,100.0
1781845841.47,ROCM_SMI,GPU_1,1474.1,141.0,100.0
1781845841.47,ROCM_SMI,GPU_2,1474.1,145.0,100.0
1781845841.47,ROCM_SMI,GPU_3,1474.1,145.0,90.0
1781845841.47,ROCM_SMI,GPU_4,1474.1,143.0,100.0
1781845841.47,ROCM_SMI,GPU_5,1474.1,140.0,100.0
1781845841.47,ROCM_SMI,GPU_6,1474.1,140.0,100.0
1781845841.47,ROCM_SMI,GPU_7,1474.1,137.0,100.0
1781845843.67,ROCM_SMI,GPU_0,1474.1,151.0,100.0
1781845843.67,ROCM_SMI,GPU_1,1474.1,140.0,100.0
1781845843.67,ROCM_SMI,GPU_2,1474.1,147.0,100.0
1781845843.67,ROCM_SMI,GPU_3,1474.1,146.0,79.0
1781845843.67,ROCM_SMI,GPU_4,1474.1,140.0,100.0
1781845843.67,ROCM_SMI,GPU_5,1474.1,144.0,100.0
1781845843.67,ROCM_SMI,GPU_6,1474.1,141.0,100.0
1781845843.67,ROCM_SMI,GPU_7,1474.1,142.0,100.0
1781845845.88,ROCM_SMI,GPU_0,1474.1,145.0,93.0
1781845845.88,ROCM_SMI,GPU_1,1474.1,142.0,100.0
1781845845.88,ROCM_SMI,GPU_2,1474.1,143.0,100.0
1781845845.88,ROCM_SMI,GPU_3,1474.1,146.0,100.0
1781845845.88,ROCM_SMI,GPU_4,1474.1,145.0,100.0
1781845845.88,ROCM_SMI,GPU_5,1474.1,139.0,100.0
1781845845.88,ROCM_SMI,GPU_6,1474.1,141.0,100.0
1781845845.88,ROCM_SMI,GPU_7,1474.1,137.0,100.0
1781845848.07,ROCM_SMI,GPU_0,1474.1,150.0,100.0
1781845848.07,ROCM_SMI,GPU_1,1474.1,140.0,100.0
1781845848.07,ROCM_SMI,GPU_2,1474.1,148.0,100.0
1781845848.07,ROCM_SMI,GPU_3,1474.1,146.0,100.0
1781845848.07,ROCM_SMI,GPU_4,1474.1,139.0,100.0
1781845848.07,ROCM_SMI,GPU_5,1474.1,142.0,100.0
1781845848.07,ROCM_SMI,GPU_6,1474.1,140.0,100.0
1781845848.07,ROCM_SMI,GPU_7,1474.1,141.0,100.0
1781845850.26,ROCM_SMI,GPU_0,1474.1,145.0,86.0
1781845850.26,ROCM_SMI,GPU_1,1474.1,139.0,100.0
1781845850.26,ROCM_SMI,GPU_2,1474.1,144.0,100.0
1781845850.26,ROCM_SMI,GPU_3,1474.1,147.0,100.0
1781845850.26,ROCM_SMI,GPU_4,1474.1,142.0,100.0
1781845850.26,ROCM_SMI,GPU_5,1474.1,141.0,100.0
1781845850.26,ROCM_SMI,GPU_6,1474.1,144.0,100.0
1781845850.26,ROCM_SMI,GPU_7,1474.1,141.0,100.0
1781845852.46,ROCM_SMI,GPU_0,1474.1,138.0,82.0
1781845852.46,ROCM_SMI,GPU_1,1474.1,139.0,100.0
1781845852.46,ROCM_SMI,GPU_2,1474.1,148.0,100.0
1781845852.46,ROCM_SMI,GPU_3,1474.1,158.0,100.0
1781845852.46,ROCM_SMI,GPU_4,1474.1,168.0,100.0
1781845852.46,ROCM_SMI,GPU_5,1474.1,145.0,100.0
1781845852.46,ROCM_SMI,GPU_6,1474.1,139.0,100.0
1781845852.46,ROCM_SMI,GPU_7,1474.1,136.0,100.0
1781845854.65,ROCM_SMI,GPU_0,1474.1,146.0,85.0
1781845854.65,ROCM_SMI,GPU_1,1474.1,140.0,100.0
1781845854.65,ROCM_SMI,GPU_2,1474.1,145.0,100.0
1781845854.65,ROCM_SMI,GPU_3,1474.1,147.0,100.0
1781845854.65,ROCM_SMI,GPU_4,1474.1,145.0,100.0
1781845854.65,ROCM_SMI,GPU_5,1474.1,140.0,100.0
1781845854.65,ROCM_SMI,GPU_6,1474.1,141.0,100.0
1781845854.65,ROCM_SMI,GPU_7,1474.1,138.0,100.0
1781845856.85,ROCM_SMI,GPU_0,1474.1,149.0,100.0
1781845856.85,ROCM_SMI,GPU_1,1474.1,140.0,85.0
1781845856.85,ROCM_SMI,GPU_2,1474.1,147.0,100.0
1781845856.85,ROCM_SMI,GPU_3,1474.1,144.0,100.0
1781845856.85,ROCM_SMI,GPU_4,1474.1,141.0,100.0
1781845856.85,ROCM_SMI,GPU_5,1474.1,143.0,100.0
1781845856.85,ROCM_SMI,GPU_6,1474.1,140.0,100.0
1781845856.85,ROCM_SMI,GPU_7,1474.1,140.0,100.0
1781845859.04,ROCM_SMI,GPU_0,1474.1,145.0,100.0
1781845859.04,ROCM_SMI,GPU_1,1474.1,140.0,100.0
1781845859.04,ROCM_SMI,GPU_2,1474.1,142.0,82.0
1781845859.04,ROCM_SMI,GPU_3,1474.1,146.0,100.0
1781845859.04,ROCM_SMI,GPU_4,1474.1,144.0,100.0
1781845859.04,ROCM_SMI,GPU_5,1474.1,138.0,100.0
1781845859.04,ROCM_SMI,GPU_6,1474.1,144.0,100.0
1781845859.04,ROCM_SMI,GPU_7,1474.1,139.0,100.0
1781845861.23,ROCM_SMI,GPU_0,1474.1,146.0,100.0
1781845861.23,ROCM_SMI,GPU_1,1474.1,141.0,100.0
1781845861.23,ROCM_SMI,GPU_2,1474.1,141.0,100.0
1781845861.23,ROCM_SMI,GPU_3,1474.1,145.0,79.0
1781845861.23,ROCM_SMI,GPU_4,1474.1,143.0,100.0
1781845861.23,ROCM_SMI,GPU_5,1474.1,138.0,100.0
1781845861.23,ROCM_SMI,GPU_6,1474.1,141.0,100.0
1781845861.23,ROCM_SMI,GPU_7,1474.1,138.0,100.0
1781845863.42,ROCM_SMI,GPU_0,1474.1,150.0,100.0
1781845863.42,ROCM_SMI,GPU_1,1474.1,141.0,100.0
1781845863.42,ROCM_SMI,GPU_2,1474.1,147.0,100.0
1781845863.42,ROCM_SMI,GPU_3,1474.1,144.0,100.0
1781845863.42,ROCM_SMI,GPU_4,1474.1,144.0,88.0
1781845863.42,ROCM_SMI,GPU_5,1474.1,141.0,100.0
1781845863.42,ROCM_SMI,GPU_6,1474.1,139.0,100.0
1781845863.42,ROCM_SMI,GPU_7,1474.1,140.0,100.0
1781845865.61,ROCM_SMI,GPU_0,1474.1,148.0,100.0
1781845865.61,ROCM_SMI,GPU_1,1474.1,139.0,100.0
1781845865.61,ROCM_SMI,GPU_2,1474.1,145.0,100.0
1781845865.61,ROCM_SMI,GPU_3,1474.1,148.0,100.0
1781845865.61,ROCM_SMI,GPU_4,1474.1,141.0,100.0
1781845865.61,ROCM_SMI,GPU_5,1474.1,139.0,86.0
1781845865.61,ROCM_SMI,GPU_6,1474.1,142.0,100.0
1781845865.61,ROCM_SMI,GPU_7,1474.1,141.0,100.0
1781845867.81,ROCM_SMI,GPU_0,1474.1,147.0,100.0
1781845867.81,ROCM_SMI,GPU_1,1474.1,142.0,100.0
1781845867.81,ROCM_SMI,GPU_2,1474.1,144.0,100.0
1781845867.81,ROCM_SMI,GPU_3,1474.1,148.0,100.0
1781845867.81,ROCM_SMI,GPU_4,1474.1,141.0,100.0
1781845867.81,ROCM_SMI,GPU_5,1474.1,140.0,88.0
1781845867.81,ROCM_SMI,GPU_6,1474.1,143.0,100.0
1781845867.81,ROCM_SMI,GPU_7,1474.1,140.0,100.0
1781845870.00,ROCM_SMI,GPU_0,1474.1,148.0,100.0
1781845870.00,ROCM_SMI,GPU_1,1474.1,142.0,100.0
1781845870.00,ROCM_SMI,GPU_2,1474.1,145.0,100.0
1781845870.00,ROCM_SMI,GPU_3,1474.1,147.0,100.0
1781845870.00,ROCM_SMI,GPU_4,1474.1,146.0,100.0
1781845870.00,ROCM_SMI,GPU_5,1474.1,139.0,100.0
1781845870.00,ROCM_SMI,GPU_6,1474.1,142.0,76.0
1781845870.00,ROCM_SMI,GPU_7,1474.1,138.0,100.0
1781845872.19,ROCM_SMI,GPU_0,1474.1,149.0,100.0
1781845872.19,ROCM_SMI,GPU_1,1474.1,141.0,100.0
1781845872.19,ROCM_SMI,GPU_2,1474.1,147.0,100.0
1781845872.19,ROCM_SMI,GPU_3,1474.1,145.0,100.0
1781845872.19,ROCM_SMI,GPU_4,1474.1,141.0,100.0
1781845872.19,ROCM_SMI,GPU_5,1474.1,144.0,100.0
1781845872.19,ROCM_SMI,GPU_6,1474.1,141.0,87.0
1781845872.19,ROCM_SMI,GPU_7,1474.1,139.0,100.0
1781845874.38,ROCM_SMI,GPU_0,1474.1,146.0,100.0
1781845874.38,ROCM_SMI,GPU_1,1474.1,142.0,100.0
1781845874.38,ROCM_SMI,GPU_2,1474.1,143.0,100.0
1781845874.38,ROCM_SMI,GPU_3,1474.1,148.0,100.0
1781845874.38,ROCM_SMI,GPU_4,1474.1,145.0,100.0
1781845874.38,ROCM_SMI,GPU_5,1474.1,138.0,100.0
1781845874.38,ROCM_SMI,GPU_6,1474.1,144.0,100.0
1781845874.38,ROCM_SMI,GPU_7,1474.1,137.0,84.0
1781845876.58,ROCM_SMI,GPU_0,1474.1,150.0,100.0
1781845876.58,ROCM_SMI,GPU_1,1474.1,140.0,100.0
1781845876.58,ROCM_SMI,GPU_2,1474.1,146.0,100.0
1781845876.58,ROCM_SMI,GPU_3,1474.1,145.0,100.0
1781845876.58,ROCM_SMI,GPU_4,1474.1,145.0,100.0
1781845876.58,ROCM_SMI,GPU_5,1474.1,141.0,100.0
1781845876.58,ROCM_SMI,GPU_6,1474.1,140.0,100.0
1781845876.58,ROCM_SMI,GPU_7,1474.1,139.0,100.0
1781845878.78,ROCM_SMI,GPU_0,1474.1,151.0,100.0
1781845878.78,ROCM_SMI,GPU_1,1474.1,141.0,100.0
1781845878.78,ROCM_SMI,GPU_2,1474.1,147.0,100.0
1781845878.78,ROCM_SMI,GPU_3,1474.1,147.0,100.0
1781845878.78,ROCM_SMI,GPU_4,1474.1,141.0,100.0
1781845878.78,ROCM_SMI,GPU_5,1474.1,142.0,100.0
1781845878.78,ROCM_SMI,GPU_6,1474.1,141.0,83.0
1781845878.78,ROCM_SMI,GPU_7,1474.1,139.0,100.0
1781845880.99,ROCM_SMI,GPU_0,1474.1,145.0,100.0
1781845880.99,ROCM_SMI,GPU_1,1474.1,141.0,100.0
1781845880.99,ROCM_SMI,GPU_2,1474.1,141.0,84.0
1781845880.99,ROCM_SMI,GPU_3,1474.1,146.0,100.0
1781845880.99,ROCM_SMI,GPU_4,1474.1,144.0,100.0
1781845880.99,ROCM_SMI,GPU_5,1474.1,137.0,100.0
1781845880.99,ROCM_SMI,GPU_6,1474.1,145.0,100.0
1781845880.99,ROCM_SMI,GPU_7,1474.1,139.0,100.0
1781845883.18,ROCM_SMI,GPU_0,1474.1,150.0,100.0
1781845883.18,ROCM_SMI,GPU_1,1474.1,140.0,99.0
1781845883.18,ROCM_SMI,GPU_2,1474.1,145.0,88.0
1781845883.18,ROCM_SMI,GPU_3,1474.1,145.0,100.0
1781845883.18,ROCM_SMI,GPU_4,1474.1,143.0,100.0
1781845883.18,ROCM_SMI,GPU_5,1474.1,143.0,100.0
1781845883.18,ROCM_SMI,GPU_6,1474.1,140.0,100.0
1781845883.18,ROCM_SMI,GPU_7,1474.1,139.0,100.0
1781845885.37,ROCM_SMI,GPU_0,1474.1,146.0,100.0
1781845885.37,ROCM_SMI,GPU_1,1474.1,140.0,100.0
1781845885.37,ROCM_SMI,GPU_2,1474.1,141.0,84.0
1781845885.37,ROCM_SMI,GPU_3,1474.1,146.0,100.0
1781845885.37,ROCM_SMI,GPU_4,1474.1,142.0,100.0
1781845885.37,ROCM_SMI,GPU_5,1474.1,138.0,100.0
1781845885.37,ROCM_SMI,GPU_6,1474.1,145.0,100.0
1781845885.37,ROCM_SMI,GPU_7,1474.1,139.0,100.0
1781845887.56,ROCM_SMI,GPU_0,1474.1,147.0,100.0
1781845887.56,ROCM_SMI,GPU_1,1474.1,142.0,100.0
1781845887.56,ROCM_SMI,GPU_2,1474.1,143.0,100.0
1781845887.56,ROCM_SMI,GPU_3,1474.1,145.0,85.0
1781845887.56,ROCM_SMI,GPU_4,1474.1,143.0,100.0
1781845887.56,ROCM_SMI,GPU_5,1474.1,139.0,100.0
1781845887.56,ROCM_SMI,GPU_6,1474.1,141.0,100.0
1781845887.56,ROCM_SMI,GPU_7,1474.1,137.0,100.0
1781845889.75,ROCM_SMI,GPU_0,1474.1,149.0,100.0
1781845889.75,ROCM_SMI,GPU_1,1474.1,141.0,100.0
1781845889.75,ROCM_SMI,GPU_2,1474.1,146.0,100.0
1781845889.75,ROCM_SMI,GPU_3,1474.1,145.0,100.0
1781845889.75,ROCM_SMI,GPU_4,1474.1,139.0,89.0
1781845889.75,ROCM_SMI,GPU_5,1474.1,142.0,100.0
1781845889.75,ROCM_SMI,GPU_6,1474.1,142.0,100.0
1781845889.75,ROCM_SMI,GPU_7,1474.1,140.0,100.0
1781845891.95,ROCM_SMI,GPU_0,1474.1,143.0,100.0
1781845891.95,ROCM_SMI,GPU_1,1474.1,138.0,100.0
1781845891.95,ROCM_SMI,GPU_2,1474.1,141.0,100.0
1781845891.95,ROCM_SMI,GPU_3,1474.1,139.0,85.0
1781845891.95,ROCM_SMI,GPU_4,1474.1,141.0,100.0
1781845891.95,ROCM_SMI,GPU_5,1474.1,146.0,100.0
1781845891.95,ROCM_SMI,GPU_6,1474.1,138.0,100.0
1781845891.95,ROCM_SMI,GPU_7,1474.1,152.0,100.0
1781845894.17,ROCM_SMI,GPU_0,1474.1,143.0,100.0
1781845894.17,ROCM_SMI,GPU_1,1474.1,143.0,100.0
1781845894.17,ROCM_SMI,GPU_2,1474.1,140.0,100.0
1781845894.17,ROCM_SMI,GPU_3,1474.1,150.0,100.0
1781845894.17,ROCM_SMI,GPU_4,1474.1,145.0,100.0
1781845894.17,ROCM_SMI,GPU_5,1474.1,139.0,100.0
1781845894.17,ROCM_SMI,GPU_6,1474.1,145.0,100.0
1781845894.17,ROCM_SMI,GPU_7,1474.1,136.0,100.0
1781845896.38,ROCM_SMI,GPU_0,1474.1,150.0,100.0
1781845896.38,ROCM_SMI,GPU_1,1474.1,141.0,100.0
1781845896.38,ROCM_SMI,GPU_2,1474.1,146.0,100.0
1781845896.38,ROCM_SMI,GPU_3,1474.1,146.0,100.0
1781845896.38,ROCM_SMI,GPU_4,1474.1,145.0,88.0
1781845896.38,ROCM_SMI,GPU_5,1474.1,141.0,100.0
1781845896.38,ROCM_SMI,GPU_6,1474.1,140.0,100.0
1781845896.38,ROCM_SMI,GPU_7,1474.1,139.0,100.0
1781845898.57,ROCM_SMI,GPU_0,1474.1,146.0,100.0
1781845898.57,ROCM_SMI,GPU_1,1474.1,141.0,100.0
1781845898.57,ROCM_SMI,GPU_2,1474.1,142.0,100.0
1781845898.57,ROCM_SMI,GPU_3,1474.1,146.0,82.0
1781845898.57,ROCM_SMI,GPU_4,1474.1,142.0,100.0
1781845898.57,ROCM_SMI,GPU_5,1474.1,139.0,100.0
1781845898.57,ROCM_SMI,GPU_6,1474.1,144.0,100.0
1781845898.57,ROCM_SMI,GPU_7,1474.1,139.0,100.0
1781845900.77,ROCM_SMI,GPU_0,1474.1,149.0,100.0
1781845900.77,ROCM_SMI,GPU_1,1474.1,139.0,100.0
1781845900.77,ROCM_SMI,GPU_2,1474.1,145.0,100.0
1781845900.77,ROCM_SMI,GPU_3,1474.1,144.0,88.0
1781845900.77,ROCM_SMI,GPU_4,1474.1,144.0,100.0
1781845900.77,ROCM_SMI,GPU_5,1474.1,141.0,100.0
1781845900.77,ROCM_SMI,GPU_6,1474.1,139.0,100.0
1781845900.77,ROCM_SMI,GPU_7,1474.1,138.0,100.0
1781845902.96,ROCM_SMI,GPU_0,1474.1,147.0,100.0
1781845902.96,ROCM_SMI,GPU_1,1474.1,139.0,100.0
1781845902.96,ROCM_SMI,GPU_2,1474.1,143.0,84.0
1781845902.96,ROCM_SMI,GPU_3,1474.1,145.0,100.0
1781845902.96,ROCM_SMI,GPU_4,1474.1,141.0,100.0
1781845902.96,ROCM_SMI,GPU_5,1474.1,140.0,100.0
1781845902.96,ROCM_SMI,GPU_6,1474.1,144.0,100.0
1781845902.96,ROCM_SMI,GPU_7,1474.1,139.0,100.0
1781845905.15,ROCM_SMI,GPU_0,1474.1,150.0,100.0
1781845905.15,ROCM_SMI,GPU_1,1474.1,141.0,100.0
1781845905.15,ROCM_SMI,GPU_2,1474.1,147.0,86.0
1781845905.15,ROCM_SMI,GPU_3,1474.1,146.0,100.0
1781845905.15,ROCM_SMI,GPU_4,1474.1,143.0,100.0
1781845905.15,ROCM_SMI,GPU_5,1474.1,144.0,100.0
1781845905.15,ROCM_SMI,GPU_6,1474.1,139.0,100.0
1781845905.15,ROCM_SMI,GPU_7,1474.1,141.0,100.0
1781845907.35,ROCM_SMI,GPU_0,1474.1,147.0,100.0
1781845907.35,ROCM_SMI,GPU_1,1474.1,141.0,88.0
1781845907.35,ROCM_SMI,GPU_2,1474.1,144.0,100.0
1781845907.35,ROCM_SMI,GPU_3,1474.1,147.0,100.0
1781845907.35,ROCM_SMI,GPU_4,1474.1,146.0,100.0
1781845907.35,ROCM_SMI,GPU_5,1474.1,139.0,100.0
1781845907.35,ROCM_SMI,GPU_6,1474.1,143.0,100.0
1781845907.35,ROCM_SMI,GPU_7,1474.1,138.0,100.0
1781845909.54,ROCM_SMI,GPU_0,1474.1,144.0,90.0
1781845909.54,ROCM_SMI,GPU_1,1474.1,139.0,100.0
1781845909.54,ROCM_SMI,GPU_2,1474.1,141.0,100.0
1781845909.54,ROCM_SMI,GPU_3,1474.1,147.0,100.0
1781845909.54,ROCM_SMI,GPU_4,1474.1,143.0,100.0
1781845909.54,ROCM_SMI,GPU_5,1474.1,138.0,100.0
1781845909.54,ROCM_SMI,GPU_6,1474.1,145.0,100.0
1781845909.54,ROCM_SMI,GPU_7,1474.1,139.0,100.0
1781845911.73,ROCM_SMI,GPU_0,1474.1,149.0,85.0
1781845911.73,ROCM_SMI,GPU_1,1474.1,140.0,100.0
1781845911.73,ROCM_SMI,GPU_2,1474.1,147.0,100.0
1781845911.73,ROCM_SMI,GPU_3,1474.1,146.0,100.0
1781845911.73,ROCM_SMI,GPU_4,1474.1,141.0,100.0
1781845911.73,ROCM_SMI,GPU_5,1474.1,142.0,100.0
1781845911.73,ROCM_SMI,GPU_6,1474.1,139.0,100.0
1781845911.73,ROCM_SMI,GPU_7,1474.1,138.0,100.0
1781845913.93,ROCM_SMI,GPU_0,1474.1,145.0,85.0
1781845913.93,ROCM_SMI,GPU_1,1474.1,141.0,100.0
1781845913.93,ROCM_SMI,GPU_2,1474.1,143.0,100.0
1781845913.93,ROCM_SMI,GPU_3,1474.1,146.0,100.0
1781845913.93,ROCM_SMI,GPU_4,1474.1,144.0,100.0
1781845913.93,ROCM_SMI,GPU_5,1474.1,138.0,100.0
1781845913.93,ROCM_SMI,GPU_6,1474.1,144.0,100.0
1781845913.93,ROCM_SMI,GPU_7,1474.1,139.0,100.0
1781845916.12,ROCM_SMI,GPU_0,1474.1,148.0,85.0
1781845916.12,ROCM_SMI,GPU_1,1474.1,138.0,100.0
1781845916.12,ROCM_SMI,GPU_2,1474.1,146.0,100.0
1781845916.12,ROCM_SMI,GPU_3,1474.1,146.0,100.0
1781845916.12,ROCM_SMI,GPU_4,1474.1,140.0,100.0
1781845916.12,ROCM_SMI,GPU_5,1474.1,142.0,100.0
1781845916.12,ROCM_SMI,GPU_6,1474.1,142.0,100.0
1781845916.12,ROCM_SMI,GPU_7,1474.1,140.0,100.0
1781845918.32,ROCM_SMI,GPU_0,1474.1,145.0,84.0
1781845918.32,ROCM_SMI,GPU_1,1474.1,141.0,100.0
1781845918.32,ROCM_SMI,GPU_2,1474.1,145.0,100.0
1781845918.32,ROCM_SMI,GPU_3,1474.1,146.0,100.0
1781845918.32,ROCM_SMI,GPU_4,1474.1,145.0,100.0
1781845918.32,ROCM_SMI,GPU_5,1474.1,139.0,100.0
1781845918.32,ROCM_SMI,GPU_6,1474.1,141.0,100.0
1781845918.32,ROCM_SMI,GPU_7,1474.1,137.0,100.0
1781845920.51,ROCM_SMI,GPU_0,1474.1,214.0,100.0
1781845920.51,ROCM_SMI,GPU_1,1474.1,135.0,100.0
1781845920.51,ROCM_SMI,GPU_2,1474.1,133.0,100.0
1781845920.51,ROCM_SMI,GPU_3,1474.1,147.0,100.0
1781845920.51,ROCM_SMI,GPU_4,1474.1,136.0,100.0
1781845920.51,ROCM_SMI,GPU_5,1474.1,135.0,100.0
1781845920.51,ROCM_SMI,GPU_6,1474.1,137.0,100.0
1781845920.51,ROCM_SMI,GPU_7,1474.1,125.0,100.0
1781845922.71,ROCM_SMI,GPU_0,1474.1,145.0,100.0
1781845922.71,ROCM_SMI,GPU_1,1474.1,142.0,100.0
1781845922.71,ROCM_SMI,GPU_2,1474.1,143.0,100.0
1781845922.71,ROCM_SMI,GPU_3,1474.1,148.0,100.0
1781845922.71,ROCM_SMI,GPU_4,1474.1,144.0,100.0
1781845922.71,ROCM_SMI,GPU_5,1474.1,135.0,100.0
1781845922.71,ROCM_SMI,GPU_6,1474.1,145.0,100.0
1781845922.71,ROCM_SMI,GPU_7,1474.1,138.0,100.0
1781845924.90,ROCM_SMI,GPU_0,1474.1,148.0,100.0
1781845924.90,ROCM_SMI,GPU_1,1474.1,142.0,100.0
1781845924.90,ROCM_SMI,GPU_2,1474.1,146.0,100.0
1781845924.90,ROCM_SMI,GPU_3,1474.1,147.0,100.0
1781845924.90,ROCM_SMI,GPU_4,1474.1,145.0,100.0
1781845924.90,ROCM_SMI,GPU_5,1474.1,140.0,100.0
1781845924.90,ROCM_SMI,GPU_6,1474.1,141.0,100.0
1781845924.90,ROCM_SMI,GPU_7,1474.1,139.0,100.0
1781845927.09,ROCM_SMI,GPU_0,1474.1,149.0,100.0
1781845927.09,ROCM_SMI,GPU_1,1474.1,140.0,100.0
1781845927.09,ROCM_SMI,GPU_2,1474.1,147.0,100.0
1781845927.09,ROCM_SMI,GPU_3,1474.1,145.0,100.0
1781845927.09,ROCM_SMI,GPU_4,1474.1,144.0,100.0
1781845927.09,ROCM_SMI,GPU_5,1474.1,141.0,100.0
1781845927.09,ROCM_SMI,GPU_6,1474.1,138.0,100.0
1781845927.09,ROCM_SMI,GPU_7,1474.1,138.0,100.0
1781845929.29,ROCM_SMI,GPU_0,1474.1,150.0,92.0
1781845929.29,ROCM_SMI,GPU_1,1474.1,139.0,100.0
1781845929.29,ROCM_SMI,GPU_2,1474.1,148.0,100.0
1781845929.29,ROCM_SMI,GPU_3,1474.1,147.0,100.0
1781845929.29,ROCM_SMI,GPU_4,1474.1,141.0,100.0
1781845929.29,ROCM_SMI,GPU_5,1474.1,143.0,100.0
1781845929.29,ROCM_SMI,GPU_6,1474.1,139.0,100.0
1781845929.29,ROCM_SMI,GPU_7,1474.1,139.0,100.0
1781845931.48,ROCM_SMI,GPU_0,1474.1,148.0,100.0
1781845931.48,ROCM_SMI,GPU_1,1474.1,138.0,87.0
1781845931.48,ROCM_SMI,GPU_2,1474.1,144.0,100.0
1781845931.48,ROCM_SMI,GPU_3,1474.1,148.0,100.0
1781845931.48,ROCM_SMI,GPU_4,1474.1,139.0,100.0
1781845931.48,ROCM_SMI,GPU_5,1474.1,140.0,100.0
1781845931.48,ROCM_SMI,GPU_6,1474.1,144.0,100.0
1781845931.48,ROCM_SMI,GPU_7,1474.1,140.0,100.0
1781845933.68,ROCM_SMI,GPU_0,1474.1,144.0,100.0
1781845933.68,ROCM_SMI,GPU_1,1474.1,142.0,100.0
1781845933.68,ROCM_SMI,GPU_2,1474.1,141.0,90.0
1781845933.68,ROCM_SMI,GPU_3,1474.1,147.0,100.0
1781845933.68,ROCM_SMI,GPU_4,1474.1,143.0,100.0
1781845933.68,ROCM_SMI,GPU_5,1474.1,137.0,100.0
1781845933.68,ROCM_SMI,GPU_6,1474.1,143.0,100.0
1781845933.68,ROCM_SMI,GPU_7,1474.1,139.0,100.0
1781845935.87,ROCM_SMI,GPU_0,1474.1,149.0,100.0
1781845935.87,ROCM_SMI,GPU_1,1474.1,140.0,100.0
1781845935.87,ROCM_SMI,GPU_2,1474.1,144.0,100.0
1781845935.87,ROCM_SMI,GPU_3,1474.1,144.0,100.0
1781845935.87,ROCM_SMI,GPU_4,1474.1,144.0,100.0
1781845935.87,ROCM_SMI,GPU_5,1474.1,140.0,100.0
1781845935.87,ROCM_SMI,GPU_6,1474.1,139.0,100.0
1781845935.87,ROCM_SMI,GPU_7,1474.1,139.0,100.0
1781845938.06,ROCM_SMI,GPU_0,1474.1,149.0,100.0
1781845938.06,ROCM_SMI,GPU_1,1474.1,138.0,100.0
1781845938.06,ROCM_SMI,GPU_2,1474.1,145.0,100.0
1781845938.06,ROCM_SMI,GPU_3,1474.1,146.0,100.0
1781845938.06,ROCM_SMI,GPU_4,1474.1,140.0,100.0
1781845938.06,ROCM_SMI,GPU_5,1474.1,143.0,100.0
1781845938.06,ROCM_SMI,GPU_6,1474.1,142.0,100.0
1781845938.06,ROCM_SMI,GPU_7,1474.1,139.0,100.0
1781845940.26,ROCM_SMI,GPU_0,1474.1,143.0,100.0
1781845940.26,ROCM_SMI,GPU_1,1474.1,141.0,100.0
1781845940.26,ROCM_SMI,GPU_2,1474.1,141.0,88.0
1781845940.26,ROCM_SMI,GPU_3,1474.1,146.0,100.0
1781845940.26,ROCM_SMI,GPU_4,1474.1,144.0,100.0
1781845940.26,ROCM_SMI,GPU_5,1474.1,137.0,100.0
1781845940.26,ROCM_SMI,GPU_6,1474.1,144.0,100.0
1781845940.26,ROCM_SMI,GPU_7,1474.1,138.0,100.0
1781845942.45,ROCM_SMI,GPU_0,1474.1,149.0,100.0
1781845942.45,ROCM_SMI,GPU_1,1474.1,140.0,100.0
1781845942.45,ROCM_SMI,GPU_2,1474.1,145.0,85.0
1781845942.45,ROCM_SMI,GPU_3,1474.1,145.0,100.0
1781845942.45,ROCM_SMI,GPU_4,1474.1,143.0,100.0
1781845942.45,ROCM_SMI,GPU_5,1474.1,142.0,100.0
1781845942.45,ROCM_SMI,GPU_6,1474.1,140.0,100.0
1781845942.45,ROCM_SMI,GPU_7,1474.1,139.0,100.0
1781845944.64,ROCM_SMI,GPU_0,1474.1,148.0,100.0
1781845944.64,ROCM_SMI,GPU_1,1474.1,140.0,100.0
1781845944.64,ROCM_SMI,GPU_2,1474.1,144.0,100.0
1781845944.64,ROCM_SMI,GPU_3,1474.1,144.0,100.0
1781845944.64,ROCM_SMI,GPU_4,1474.1,138.0,100.0
1781845944.64,ROCM_SMI,GPU_5,1474.1,142.0,100.0
1781845944.64,ROCM_SMI,GPU_6,1474.1,143.0,100.0
1781845944.64,ROCM_SMI,GPU_7,1474.1,139.0,100.0
1781845946.84,ROCM_SMI,GPU_0,1474.1,144.0,100.0
1781845946.84,ROCM_SMI,GPU_1,1474.1,142.0,100.0
1781845946.84,ROCM_SMI,GPU_2,1474.1,141.0,100.0
1781845946.84,ROCM_SMI,GPU_3,1474.1,146.0,82.0
1781845946.84,ROCM_SMI,GPU_4,1474.1,143.0,100.0
1781845946.84,ROCM_SMI,GPU_5,1474.1,138.0,100.0
1781845946.84,ROCM_SMI,GPU_6,1474.1,144.0,100.0
1781845946.84,ROCM_SMI,GPU_7,1474.1,138.0,100.0
1781845949.03,ROCM_SMI,GPU_0,1474.1,149.0,100.0
1781845949.03,ROCM_SMI,GPU_1,1474.1,138.0,100.0
1781845949.03,ROCM_SMI,GPU_2,1474.1,145.0,94.0
1781845949.03,ROCM_SMI,GPU_3,1474.1,145.0,100.0
1781845949.03,ROCM_SMI,GPU_4,1474.1,140.0,100.0
1781845949.03,ROCM_SMI,GPU_5,1474.1,142.0,100.0
1781845949.03,ROCM_SMI,GPU_6,1474.1,142.0,100.0
1781845949.03,ROCM_SMI,GPU_7,1474.1,140.0,100.0
1781845951.23,ROCM_SMI,GPU_0,1474.1,146.0,100.0
1781845951.23,ROCM_SMI,GPU_1,1474.1,141.0,100.0
1781845951.23,ROCM_SMI,GPU_2,1474.1,140.0,100.0
1781845951.23,ROCM_SMI,GPU_3,1474.1,147.0,100.0
1781845951.23,ROCM_SMI,GPU_4,1474.1,144.0,100.0
1781845951.23,ROCM_SMI,GPU_5,1474.1,138.0,100.0
1781845951.23,ROCM_SMI,GPU_6,1474.1,143.0,100.0
1781845951.23,ROCM_SMI,GPU_7,1474.1,137.0,100.0
1781845953.43,ROCM_SMI,GPU_0,1474.1,150.0,100.0
1781845953.43,ROCM_SMI,GPU_1,1474.1,140.0,100.0
1781845953.43,ROCM_SMI,GPU_2,1474.1,148.0,100.0
1781845953.43,ROCM_SMI,GPU_3,1474.1,145.0,100.0
1781845953.43,ROCM_SMI,GPU_4,1474.1,144.0,100.0
1781845953.43,ROCM_SMI,GPU_5,1474.1,142.0,100.0
1781845953.43,ROCM_SMI,GPU_6,1474.1,140.0,100.0
1781845953.43,ROCM_SMI,GPU_7,1474.1,139.0,100.0
1781845955.63,ROCM_SMI,GPU_0,1474.1,149.0,100.0
1781845955.63,ROCM_SMI,GPU_1,1474.1,139.0,100.0
1781845955.63,ROCM_SMI,GPU_2,1474.1,148.0,100.0
1781845955.63,ROCM_SMI,GPU_3,1474.1,146.0,100.0
1781845955.63,ROCM_SMI,GPU_4,1474.1,141.0,100.0
1781845955.63,ROCM_SMI,GPU_5,1474.1,142.0,100.0
1781845955.63,ROCM_SMI,GPU_6,1474.1,139.0,100.0
1781845955.63,ROCM_SMI,GPU_7,1474.1,138.0,100.0
1781845957.82,ROCM_SMI,GPU_0,1474.1,145.0,83.0
1781845957.82,ROCM_SMI,GPU_1,1474.1,141.0,100.0
1781845957.82,ROCM_SMI,GPU_2,1474.1,142.0,100.0
1781845957.82,ROCM_SMI,GPU_3,1474.1,146.0,100.0
1781845957.82,ROCM_SMI,GPU_4,1474.1,141.0,100.0
1781845957.82,ROCM_SMI,GPU_5,1474.1,139.0,100.0
1781845957.82,ROCM_SMI,GPU_6,1474.1,145.0,100.0
1781845957.82,ROCM_SMI,GPU_7,1474.1,138.0,100.0
1781845960.01,ROCM_SMI,GPU_0,1474.1,147.0,92.0
1781845960.01,ROCM_SMI,GPU_1,1474.1,140.0,100.0
1781845960.01,ROCM_SMI,GPU_2,1474.1,145.0,100.0
1781845960.01,ROCM_SMI,GPU_3,1474.1,146.0,100.0
1781845960.01,ROCM_SMI,GPU_4,1474.1,146.0,100.0
1781845960.01,ROCM_SMI,GPU_5,1474.1,141.0,100.0
1781845960.01,ROCM_SMI,GPU_6,1474.1,141.0,100.0
1781845960.01,ROCM_SMI,GPU_7,1474.1,138.0,100.0
1781845962.20,ROCM_SMI,GPU_0,1474.1,147.0,100.0
1781845962.20,ROCM_SMI,GPU_1,1474.1,136.0,91.0
1781845962.20,ROCM_SMI,GPU_2,1474.1,144.0,100.0
1781845962.20,ROCM_SMI,GPU_3,1474.1,152.0,100.0
1781845962.20,ROCM_SMI,GPU_4,1474.1,141.0,100.0
1781845962.20,ROCM_SMI,GPU_5,1474.1,144.0,100.0
1781845962.20,ROCM_SMI,GPU_6,1474.1,147.0,100.0
1781845962.20,ROCM_SMI,GPU_7,1474.1,139.0,100.0
1781845964.40,ROCM_SMI,GPU_0,1474.1,149.0,100.0
1781845964.40,ROCM_SMI,GPU_1,1474.1,143.0,100.0
1781845964.40,ROCM_SMI,GPU_2,1474.1,154.0,100.0
1781845964.40,ROCM_SMI,GPU_3,1474.1,143.0,100.0
1781845964.40,ROCM_SMI,GPU_4,1474.1,139.0,100.0
1781845964.40,ROCM_SMI,GPU_5,1474.1,143.0,100.0
1781845964.40,ROCM_SMI,GPU_6,1474.1,139.0,100.0
1781845964.40,ROCM_SMI,GPU_7,1474.1,137.0,100.0
1781845966.59,ROCM_SMI,GPU_0,1474.1,149.0,89.0
1781845966.59,ROCM_SMI,GPU_1,1474.1,139.0,100.0
1781845966.59,ROCM_SMI,GPU_2,1474.1,145.0,100.0
1781845966.59,ROCM_SMI,GPU_3,1474.1,145.0,100.0
1781845966.59,ROCM_SMI,GPU_4,1474.1,140.0,100.0
1781845966.59,ROCM_SMI,GPU_5,1474.1,143.0,100.0
1781845966.59,ROCM_SMI,GPU_6,1474.1,142.0,100.0
1781845966.59,ROCM_SMI,GPU_7,1474.1,139.0,100.0
1781845968.79,ROCM_SMI,GPU_0,1474.1,146.0,100.0
1781845968.79,ROCM_SMI,GPU_1,1474.1,141.0,84.0
1781845968.79,ROCM_SMI,GPU_2,1474.1,143.0,100.0
1781845968.79,ROCM_SMI,GPU_3,1474.1,146.0,100.0
1781845968.79,ROCM_SMI,GPU_4,1474.1,140.0,100.0
1781845968.79,ROCM_SMI,GPU_5,1474.1,140.0,100.0
1781845968.79,ROCM_SMI,GPU_6,1474.1,143.0,100.0
1781845968.79,ROCM_SMI,GPU_7,1474.1,139.0,100.0
1781845970.98,ROCM_SMI,GPU_0,1474.1,144.0,100.0
1781845970.98,ROCM_SMI,GPU_1,1474.1,141.0,100.0
1781845970.98,ROCM_SMI,GPU_2,1474.1,143.0,99.0
1781845970.98,ROCM_SMI,GPU_3,1474.1,147.0,100.0
1781845970.98,ROCM_SMI,GPU_4,1474.1,145.0,100.0
1781845970.98,ROCM_SMI,GPU_5,1474.1,139.0,100.0
1781845970.98,ROCM_SMI,GPU_6,1474.1,143.0,100.0
1781845970.98,ROCM_SMI,GPU_7,1474.1,139.0,100.0
1781845973.17,ROCM_SMI,GPU_0,1474.1,148.0,100.0
1781845973.17,ROCM_SMI,GPU_1,1474.1,140.0,100.0
1781845973.17,ROCM_SMI,GPU_2,1474.1,145.0,100.0
1781845973.17,ROCM_SMI,GPU_3,1474.1,145.0,93.0
1781845973.17,ROCM_SMI,GPU_4,1474.1,144.0,100.0
1781845973.17,ROCM_SMI,GPU_5,1474.1,141.0,100.0
1781845973.17,ROCM_SMI,GPU_6,1474.1,139.0,100.0
1781845973.17,ROCM_SMI,GPU_7,1474.1,138.0,100.0
1781845975.36,ROCM_SMI,GPU_0,1474.1,151.0,100.0
1781845975.36,ROCM_SMI,GPU_1,1474.1,140.0,100.0
1781845975.36,ROCM_SMI,GPU_2,1474.1,149.0,100.0
1781845975.36,ROCM_SMI,GPU_3,1474.1,146.0,97.0
1781845975.36,ROCM_SMI,GPU_4,1474.1,139.0,100.0
1781845975.36,ROCM_SMI,GPU_5,1474.1,143.0,100.0
1781845975.36,ROCM_SMI,GPU_6,1474.1,141.0,100.0
1781845975.36,ROCM_SMI,GPU_7,1474.1,139.0,100.0
1781845977.56,ROCM_SMI,GPU_0,1474.1,145.0,100.0
1781845977.56,ROCM_SMI,GPU_1,1474.1,143.0,100.0
1781845977.56,ROCM_SMI,GPU_2,1474.1,142.0,100.0
1781845977.56,ROCM_SMI,GPU_3,1474.1,147.0,89.0
1781845977.56,ROCM_SMI,GPU_4,1474.1,142.0,100.0
1781845977.56,ROCM_SMI,GPU_5,1474.1,137.0,100.0
1781845977.56,ROCM_SMI,GPU_6,1474.1,144.0,100.0
1781845977.56,ROCM_SMI,GPU_7,1474.1,138.0,100.0
1781845979.75,ROCM_SMI,GPU_0,1474.1,145.0,100.0
1781845979.75,ROCM_SMI,GPU_1,1474.1,141.0,100.0
1781845979.75,ROCM_SMI,GPU_2,1474.1,142.0,100.0
1781845979.75,ROCM_SMI,GPU_3,1474.1,146.0,100.0
1781845979.75,ROCM_SMI,GPU_4,1474.1,143.0,88.0
1781845979.75,ROCM_SMI,GPU_5,1474.1,136.0,99.0
1781845979.75,ROCM_SMI,GPU_6,1474.1,144.0,100.0
1781845979.75,ROCM_SMI,GPU_7,1474.1,138.0,100.0
1781845981.94,ROCM_SMI,GPU_0,1474.1,149.0,100.0
1781845981.94,ROCM_SMI,GPU_1,1474.1,141.0,100.0
1781845981.94,ROCM_SMI,GPU_2,1474.1,146.0,100.0
1781845981.94,ROCM_SMI,GPU_3,1474.1,146.0,100.0
1781845981.94,ROCM_SMI,GPU_4,1474.1,145.0,100.0
1781845981.94,ROCM_SMI,GPU_5,1474.1,140.0,100.0
1781845981.94,ROCM_SMI,GPU_6,1474.1,141.0,82.0
1781845981.94,ROCM_SMI,GPU_7,1474.1,138.0,100.0
1781845984.15,ROCM_SMI,GPU_0,1474.1,151.0,100.0
1781845984.15,ROCM_SMI,GPU_1,1474.1,141.0,100.0
1781845984.15,ROCM_SMI,GPU_2,1474.1,147.0,100.0
1781845984.15,ROCM_SMI,GPU_3,1474.1,146.0,81.0
1781845984.15,ROCM_SMI,GPU_4,1474.1,142.0,100.0
1781845984.15,ROCM_SMI,GPU_5,1474.1,144.0,100.0
1781845984.15,ROCM_SMI,GPU_6,1474.1,141.0,100.0
1781845984.15,ROCM_SMI,GPU_7,1474.1,141.0,100.0
1781845986.34,ROCM_SMI,GPU_0,1474.1,151.0,100.0
1781845986.34,ROCM_SMI,GPU_1,1474.1,141.0,100.0
1781845986.34,ROCM_SMI,GPU_2,1474.1,148.0,100.0
1781845986.34,ROCM_SMI,GPU_3,1474.1,146.0,100.0
1781845986.34,ROCM_SMI,GPU_4,1474.1,140.0,81.0
1781845986.34,ROCM_SMI,GPU_5,1474.1,142.0,100.0
1781845986.34,ROCM_SMI,GPU_6,1474.1,141.0,100.0
1781845986.34,ROCM_SMI,GPU_7,1474.1,141.0,100.0
1781845988.53,ROCM_SMI,GPU_0,1474.1,146.0,100.0
1781845988.53,ROCM_SMI,GPU_1,1474.1,143.0,100.0
1781845988.53,ROCM_SMI,GPU_2,1474.1,143.0,100.0
1781845988.53,ROCM_SMI,GPU_3,1474.1,148.0,100.0
1781845988.53,ROCM_SMI,GPU_4,1474.1,143.0,100.0
1781845988.53,ROCM_SMI,GPU_5,1474.1,138.0,100.0
1781845988.53,ROCM_SMI,GPU_6,1474.1,146.0,100.0
1781845988.53,ROCM_SMI,GPU_7,1474.1,139.0,100.0
1781845990.73,ROCM_SMI,GPU_0,1474.1,145.0,100.0
1781845990.73,ROCM_SMI,GPU_1,1474.1,137.0,100.0
1781845990.73,ROCM_SMI,GPU_2,1474.1,144.0,100.0
1781845990.73,ROCM_SMI,GPU_3,1474.1,135.0,100.0
1781845990.73,ROCM_SMI,GPU_4,1474.1,125.0,81.0
1781845990.73,ROCM_SMI,GPU_5,1474.1,154.0,100.0
1781845990.73,ROCM_SMI,GPU_6,1474.1,180.0,100.0
1781845990.73,ROCM_SMI,GPU_7,1474.1,138.0,100.0
1781845992.93,ROCM_SMI,GPU_0,1474.1,145.0,100.0
1781845992.93,ROCM_SMI,GPU_1,1474.1,137.0,100.0
1781845992.93,ROCM_SMI,GPU_2,1474.1,140.0,100.0
1781845992.93,ROCM_SMI,GPU_3,1474.1,140.0,88.0
1781845992.93,ROCM_SMI,GPU_4,1474.1,134.0,100.0
1781845992.93,ROCM_SMI,GPU_5,1474.1,135.0,100.0
1781845992.93,ROCM_SMI,GPU_6,1474.1,149.0,100.0
1781845992.93,ROCM_SMI,GPU_7,1474.1,145.0,100.0
1781845995.12,ROCM_SMI,GPU_0,1474.1,150.0,100.0
1781845995.12,ROCM_SMI,GPU_1,1474.1,140.0,100.0
1781845995.12,ROCM_SMI,GPU_2,1474.1,147.0,100.0
1781845995.12,ROCM_SMI,GPU_3,1474.1,145.0,88.0
1781845995.12,ROCM_SMI,GPU_4,1474.1,141.0,100.0
1781845995.12,ROCM_SMI,GPU_5,1474.1,143.0,100.0
1781845995.12,ROCM_SMI,GPU_6,1474.1,139.0,100.0
1781845995.12,ROCM_SMI,GPU_7,1474.1,140.0,100.0
1781845997.31,ROCM_SMI,GPU_0,1474.1,145.0,100.0
1781845997.31,ROCM_SMI,GPU_1,1474.1,140.0,100.0
1781845997.31,ROCM_SMI,GPU_2,1474.1,141.0,100.0
1781845997.31,ROCM_SMI,GPU_3,1474.1,145.0,88.0
1781845997.31,ROCM_SMI,GPU_4,1474.1,140.0,100.0
1781845997.31,ROCM_SMI,GPU_5,1474.1,139.0,100.0
1781845997.31,ROCM_SMI,GPU_6,1474.1,145.0,100.0
1781845997.31,ROCM_SMI,GPU_7,1474.1,140.0,100.0
1781845999.51,ROCM_SMI,GPU_0,1474.1,148.0,100.0
1781845999.51,ROCM_SMI,GPU_1,1474.1,142.0,100.0
1781845999.51,ROCM_SMI,GPU_2,1474.1,144.0,100.0
1781845999.51,ROCM_SMI,GPU_3,1474.1,146.0,87.0
1781845999.51,ROCM_SMI,GPU_4,1474.1,144.0,100.0
1781845999.51,ROCM_SMI,GPU_5,1474.1,139.0,100.0
1781845999.51,ROCM_SMI,GPU_6,1474.1,141.0,100.0
1781845999.51,ROCM_SMI,GPU_7,1474.1,138.0,100.0
1781846001.70,ROCM_SMI,GPU_0,1474.1,152.0,100.0
1781846001.70,ROCM_SMI,GPU_1,1474.1,140.0,100.0
1781846001.70,ROCM_SMI,GPU_2,1474.1,147.0,100.0
1781846001.70,ROCM_SMI,GPU_3,1474.1,145.0,100.0
1781846001.70,ROCM_SMI,GPU_4,1474.1,140.0,92.0
1781846001.70,ROCM_SMI,GPU_5,1474.1,143.0,100.0
1781846001.70,ROCM_SMI,GPU_6,1474.1,139.0,100.0
1781846001.70,ROCM_SMI,GPU_7,1474.1,140.0,100.0
1781846003.89,ROCM_SMI,GPU_0,1474.1,147.0,100.0
1781846003.89,ROCM_SMI,GPU_1,1474.1,141.0,100.0
1781846003.89,ROCM_SMI,GPU_2,1474.1,144.0,100.0
1781846003.89,ROCM_SMI,GPU_3,1474.1,147.0,100.0
1781846003.89,ROCM_SMI,GPU_4,1474.1,144.0,92.0
1781846003.89,ROCM_SMI,GPU_5,1474.1,140.0,100.0
1781846003.89,ROCM_SMI,GPU_6,1474.1,143.0,100.0
1781846003.89,ROCM_SMI,GPU_7,1474.1,139.0,100.0
1781846006.08,ROCM_SMI,GPU_0,1474.1,147.0,100.0
1781846006.08,ROCM_SMI,GPU_1,1474.1,140.0,100.0
1781846006.08,ROCM_SMI,GPU_2,1474.1,144.0,100.0
1781846006.08,ROCM_SMI,GPU_3,1474.1,146.0,100.0
1781846006.08,ROCM_SMI,GPU_4,1474.1,138.0,83.0
1781846006.08,ROCM_SMI,GPU_5,1474.1,140.0,100.0
1781846006.08,ROCM_SMI,GPU_6,1474.1,143.0,100.0
1781846006.08,ROCM_SMI,GPU_7,1474.1,142.0,100.0
1781846008.28,ROCM_SMI,GPU_0,1474.1,147.0,100.0
1781846008.28,ROCM_SMI,GPU_1,1474.1,142.0,100.0
1781846008.28,ROCM_SMI,GPU_2,1474.1,145.0,100.0
1781846008.28,ROCM_SMI,GPU_3,1474.1,146.0,100.0
1781846008.28,ROCM_SMI,GPU_4,1474.1,143.0,91.0
1781846008.28,ROCM_SMI,GPU_5,1474.1,139.0,100.0
1781846008.28,ROCM_SMI,GPU_6,1474.1,140.0,100.0
1781846008.28,ROCM_SMI,GPU_7,1474.1,139.0,100.0
1781846010.47,ROCM_SMI,GPU_0,1474.1,146.0,100.0
1781846010.47,ROCM_SMI,GPU_1,1474.1,141.0,100.0
1781846010.47,ROCM_SMI,GPU_2,1474.1,142.0,100.0
1781846010.47,ROCM_SMI,GPU_3,1474.1,145.0,92.0
1781846010.47,ROCM_SMI,GPU_4,1474.1,140.0,100.0
1781846010.47,ROCM_SMI,GPU_5,1474.1,137.0,100.0
1781846010.47,ROCM_SMI,GPU_6,1474.1,144.0,100.0
1781846010.47,ROCM_SMI,GPU_7,1474.1,139.0,100.0
1781846012.66,ROCM_SMI,GPU_0,1474.1,151.0,100.0
1781846012.66,ROCM_SMI,GPU_1,1474.1,139.0,100.0
1781846012.66,ROCM_SMI,GPU_2,1474.1,145.0,89.0
1781846012.66,ROCM_SMI,GPU_3,1474.1,143.0,100.0
1781846012.66,ROCM_SMI,GPU_4,1474.1,140.0,100.0
1781846012.66,ROCM_SMI,GPU_5,1474.1,142.0,100.0
1781846012.66,ROCM_SMI,GPU_6,1474.1,143.0,100.0
1781846012.66,ROCM_SMI,GPU_7,1474.1,139.0,100.0
1781846014.86,ROCM_SMI,GPU_0,1474.1,147.0,100.0
1781846014.86,ROCM_SMI,GPU_1,1474.1,140.0,100.0
1781846014.86,ROCM_SMI,GPU_2,1474.1,144.0,83.0
1781846014.86,ROCM_SMI,GPU_3,1474.1,146.0,100.0
1781846014.86,ROCM_SMI,GPU_4,1474.1,144.0,100.0
1781846014.86,ROCM_SMI,GPU_5,1474.1,139.0,100.0
1781846014.86,ROCM_SMI,GPU_6,1474.1,139.0,100.0
1781846014.86,ROCM_SMI,GPU_7,1474.1,139.0,100.0
1781846017.05,ROCM_SMI,GPU_0,1474.1,150.0,100.0
1781846017.05,ROCM_SMI,GPU_1,1474.1,140.0,100.0
1781846017.05,ROCM_SMI,GPU_2,1474.1,147.0,100.0
1781846017.05,ROCM_SMI,GPU_3,1474.1,144.0,100.0
1781846017.05,ROCM_SMI,GPU_4,1474.1,140.0,100.0
1781846017.05,ROCM_SMI,GPU_5,1474.1,144.0,100.0
1781846017.05,ROCM_SMI,GPU_6,1474.1,140.0,100.0
1781846017.05,ROCM_SMI,GPU_7,1474.1,141.0,100.0
1781846019.24,ROCM_SMI,GPU_0,1474.1,153.0,100.0
1781846019.24,ROCM_SMI,GPU_1,1474.1,142.0,100.0
1781846019.24,ROCM_SMI,GPU_2,1474.1,148.0,100.0
1781846019.24,ROCM_SMI,GPU_3,1474.1,146.0,100.0
1781846019.24,ROCM_SMI,GPU_4,1474.1,142.0,83.0
1781846019.24,ROCM_SMI,GPU_5,1474.1,142.0,100.0
1781846019.24,ROCM_SMI,GPU_6,1474.1,140.0,100.0
1781846019.24,ROCM_SMI,GPU_7,1474.1,138.0,100.0
1781846021.44,ROCM_SMI,GPU_0,1474.1,150.0,100.0
1781846021.44,ROCM_SMI,GPU_1,1474.1,140.0,100.0
1781846021.44,ROCM_SMI,GPU_2,1474.1,148.0,100.0
1781846021.44,ROCM_SMI,GPU_3,1474.1,146.0,100.0
1781846021.44,ROCM_SMI,GPU_4,1474.1,139.0,88.0
1781846021.44,ROCM_SMI,GPU_5,1474.1,144.0,100.0
1781846021.44,ROCM_SMI,GPU_6,1474.1,142.0,100.0
1781846021.44,ROCM_SMI,GPU_7,1474.1,140.0,100.0
1781846023.63,ROCM_SMI,GPU_0,1474.1,147.0,100.0
1781846023.63,ROCM_SMI,GPU_1,1474.1,141.0,100.0
1781846023.63,ROCM_SMI,GPU_2,1474.1,145.0,100.0
1781846023.63,ROCM_SMI,GPU_3,1474.1,148.0,100.0
1781846023.63,ROCM_SMI,GPU_4,1474.1,140.0,100.0
1781846023.63,ROCM_SMI,GPU_5,1474.1,142.0,88.0
1781846023.63,ROCM_SMI,GPU_6,1474.1,144.0,100.0
1781846023.63,ROCM_SMI,GPU_7,1474.1,141.0,100.0
1781846025.83,ROCM_SMI,GPU_0,1474.1,146.0,100.0
1781846025.83,ROCM_SMI,GPU_1,1474.1,141.0,100.0
1781846025.83,ROCM_SMI,GPU_2,1474.1,142.0,100.0
1781846025.83,ROCM_SMI,GPU_3,1474.1,148.0,100.0
1781846025.83,ROCM_SMI,GPU_4,1474.1,141.0,100.0
1781846025.83,ROCM_SMI,GPU_5,1474.1,139.0,100.0
1781846025.83,ROCM_SMI,GPU_6,1474.1,144.0,81.0
1781846025.83,ROCM_SMI,GPU_7,1474.1,140.0,100.0
1781846028.02,ROCM_SMI,GPU_0,1474.1,145.0,100.0
1781846028.02,ROCM_SMI,GPU_1,1474.1,142.0,100.0
1781846028.02,ROCM_SMI,GPU_2,1474.1,142.0,100.0
1781846028.02,ROCM_SMI,GPU_3,1474.1,147.0,100.0
1781846028.02,ROCM_SMI,GPU_4,1474.1,142.0,100.0
1781846028.02,ROCM_SMI,GPU_5,1474.1,137.0,100.0
1781846028.02,ROCM_SMI,GPU_6,1474.1,145.0,100.0
1781846028.02,ROCM_SMI,GPU_7,1474.1,139.0,100.0
1781846030.21,ROCM_SMI,GPU_0,1474.1,146.0,100.0
1781846030.21,ROCM_SMI,GPU_1,1474.1,143.0,100.0
1781846030.21,ROCM_SMI,GPU_2,1474.1,143.0,100.0
1781846030.21,ROCM_SMI,GPU_3,1474.1,147.0,100.0
1781846030.21,ROCM_SMI,GPU_4,1474.1,143.0,100.0
1781846030.21,ROCM_SMI,GPU_5,1474.1,137.0,100.0
1781846030.21,ROCM_SMI,GPU_6,1474.1,145.0,100.0
1781846030.21,ROCM_SMI,GPU_7,1474.1,138.0,100.0
1781846032.41,ROCM_SMI,GPU_0,1474.1,159.0,100.0
1781846032.41,ROCM_SMI,GPU_1,1474.1,161.0,100.0
1781846032.41,ROCM_SMI,GPU_2,1474.1,163.0,100.0
1781846032.41,ROCM_SMI,GPU_3,1474.1,141.0,100.0
1781846032.41,ROCM_SMI,GPU_4,1474.1,140.0,100.0
1781846032.41,ROCM_SMI,GPU_5,1474.1,136.0,100.0
1781846032.41,ROCM_SMI,GPU_6,1474.1,140.0,100.0
1781846032.41,ROCM_SMI,GPU_7,1474.1,132.0,100.0
1781846034.61,ROCM_SMI,GPU_0,1474.1,151.0,100.0
1781846034.61,ROCM_SMI,GPU_1,1474.1,145.0,100.0
1781846034.61,ROCM_SMI,GPU_2,1474.1,145.0,100.0
1781846034.61,ROCM_SMI,GPU_3,1474.1,147.0,100.0
1781846034.61,ROCM_SMI,GPU_4,1474.1,145.0,100.0
1781846034.61,ROCM_SMI,GPU_5,1474.1,140.0,100.0
1781846034.61,ROCM_SMI,GPU_6,1474.1,142.0,100.0
1781846034.61,ROCM_SMI,GPU_7,1474.1,138.0,100.0
1781846036.80,ROCM_SMI,GPU_0,1474.1,150.0,100.0
1781846036.80,ROCM_SMI,GPU_1,1474.1,140.0,100.0
1781846036.80,ROCM_SMI,GPU_2,1474.1,149.0,100.0
1781846036.80,ROCM_SMI,GPU_3,1474.1,146.0,100.0
1781846036.80,ROCM_SMI,GPU_4,1474.1,143.0,100.0
1781846036.80,ROCM_SMI,GPU_5,1474.1,142.0,100.0
1781846036.80,ROCM_SMI,GPU_6,1474.1,140.0,100.0
1781846036.80,ROCM_SMI,GPU_7,1474.1,138.0,100.0
1781846038.99,ROCM_SMI,GPU_0,1474.1,149.0,100.0
1781846038.99,ROCM_SMI,GPU_1,1474.1,141.0,100.0
1781846038.99,ROCM_SMI,GPU_2,1474.1,146.0,100.0
1781846038.99,ROCM_SMI,GPU_3,1474.1,145.0,100.0
1781846038.99,ROCM_SMI,GPU_4,1474.1,141.0,100.0
1781846038.99,ROCM_SMI,GPU_5,1474.1,142.0,100.0
1781846038.99,ROCM_SMI,GPU_6,1474.1,142.0,100.0
1781846038.99,ROCM_SMI,GPU_7,1474.1,139.0,100.0
1781846041.19,ROCM_SMI,GPU_0,1474.1,147.0,100.0
1781846041.19,ROCM_SMI,GPU_1,1474.1,141.0,100.0
1781846041.19,ROCM_SMI,GPU_2,1474.1,145.0,100.0
1781846041.19,ROCM_SMI,GPU_3,1474.1,146.0,100.0
1781846041.19,ROCM_SMI,GPU_4,1474.1,145.0,100.0
1781846041.19,ROCM_SMI,GPU_5,1474.1,139.0,100.0
1781846041.19,ROCM_SMI,GPU_6,1474.1,141.0,100.0
1781846041.19,ROCM_SMI,GPU_7,1474.1,139.0,100.0
1781846043.38,ROCM_SMI,GPU_0,1474.1,151.0,100.0
1781846043.38,ROCM_SMI,GPU_1,1474.1,140.0,100.0
1781846043.38,ROCM_SMI,GPU_2,1474.1,146.0,100.0
1781846043.38,ROCM_SMI,GPU_3,1474.1,145.0,100.0
1781846043.38,ROCM_SMI,GPU_4,1474.1,140.0,100.0
1781846043.38,ROCM_SMI,GPU_5,1474.1,142.0,100.0
1781846043.38,ROCM_SMI,GPU_6,1474.1,141.0,100.0
1781846043.38,ROCM_SMI,GPU_7,1474.1,140.0,100.0
1781846045.57,ROCM_SMI,GPU_0,1474.1,144.0,100.0
1781846045.57,ROCM_SMI,GPU_1,1474.1,143.0,100.0
1781846045.57,ROCM_SMI,GPU_2,1474.1,144.0,100.0
1781846045.57,ROCM_SMI,GPU_3,1474.1,149.0,100.0
1781846045.57,ROCM_SMI,GPU_4,1474.1,144.0,100.0
1781846045.57,ROCM_SMI,GPU_5,1474.1,139.0,100.0
1781846045.57,ROCM_SMI,GPU_6,1474.1,143.0,100.0
1781846045.57,ROCM_SMI,GPU_7,1474.1,138.0,100.0
1781846047.77,ROCM_SMI,GPU_0,1474.1,145.0,100.0
1781846047.77,ROCM_SMI,GPU_1,1474.1,143.0,100.0
1781846047.77,ROCM_SMI,GPU_2,1474.1,142.0,100.0
1781846047.77,ROCM_SMI,GPU_3,1474.1,148.0,100.0
1781846047.77,ROCM_SMI,GPU_4,1474.1,145.0,100.0
1781846047.77,ROCM_SMI,GPU_5,1474.1,140.0,100.0
1781846047.77,ROCM_SMI,GPU_6,1474.1,143.0,100.0
1781846047.77,ROCM_SMI,GPU_7,1474.1,137.0,100.0
1781846049.97,ROCM_SMI,GPU_0,1474.1,144.0,80.0
1781846049.97,ROCM_SMI,GPU_1,1474.1,139.0,100.0
1781846049.97,ROCM_SMI,GPU_2,1474.1,142.0,100.0
1781846049.97,ROCM_SMI,GPU_3,1474.1,147.0,100.0
1781846049.97,ROCM_SMI,GPU_4,1474.1,144.0,100.0
1781846049.97,ROCM_SMI,GPU_5,1474.1,138.0,100.0
1781846049.97,ROCM_SMI,GPU_6,1474.1,143.0,100.0
1781846049.97,ROCM_SMI,GPU_7,1474.1,138.0,100.0
1781846052.16,ROCM_SMI,GPU_0,1474.1,145.0,100.0
1781846052.16,ROCM_SMI,GPU_1,1474.1,140.0,82.0
1781846052.16,ROCM_SMI,GPU_2,1474.1,142.0,100.0
1781846052.16,ROCM_SMI,GPU_3,1474.1,147.0,100.0
1781846052.16,ROCM_SMI,GPU_4,1474.1,144.0,100.0
1781846052.16,ROCM_SMI,GPU_5,1474.1,138.0,100.0
1781846052.16,ROCM_SMI,GPU_6,1474.1,142.0,100.0
1781846052.16,ROCM_SMI,GPU_7,1474.1,138.0,100.0
1781846054.35,ROCM_SMI,GPU_0,1474.1,146.0,100.0
1781846054.35,ROCM_SMI,GPU_1,1474.1,140.0,100.0
1781846054.35,ROCM_SMI,GPU_2,1474.1,143.0,83.0
1781846054.35,ROCM_SMI,GPU_3,1474.1,146.0,100.0
1781846054.35,ROCM_SMI,GPU_4,1474.1,145.0,100.0
1781846054.35,ROCM_SMI,GPU_5,1474.1,139.0,100.0
1781846054.35,ROCM_SMI,GPU_6,1474.1,141.0,100.0
1781846054.35,ROCM_SMI,GPU_7,1474.1,137.0,100.0
1781846056.54,ROCM_SMI,GPU_0,1474.1,147.0,100.0
1781846056.54,ROCM_SMI,GPU_1,1474.1,142.0,100.0
1781846056.54,ROCM_SMI,GPU_2,1474.1,143.0,100.0
1781846056.54,ROCM_SMI,GPU_3,1474.1,147.0,100.0
1781846056.54,ROCM_SMI,GPU_4,1474.1,143.0,100.0
1781846056.54,ROCM_SMI,GPU_5,1474.1,138.0,100.0
1781846056.54,ROCM_SMI,GPU_6,1474.1,142.0,100.0
1781846056.54,ROCM_SMI,GPU_7,1474.1,138.0,100.0
1781846058.74,ROCM_SMI,GPU_0,1474.1,146.0,100.0
1781846058.74,ROCM_SMI,GPU_1,1474.1,144.0,100.0
1781846058.74,ROCM_SMI,GPU_2,1474.1,144.0,100.0
1781846058.74,ROCM_SMI,GPU_3,1474.1,147.0,100.0
1781846058.74,ROCM_SMI,GPU_4,1474.1,145.0,100.0
1781846058.74,ROCM_SMI,GPU_5,1474.1,139.0,85.0
1781846058.74,ROCM_SMI,GPU_6,1474.1,143.0,100.0
1781846058.74,ROCM_SMI,GPU_7,1474.1,138.0,100.0
1781846060.94,ROCM_SMI,GPU_0,1474.1,146.0,100.0
1781846060.94,ROCM_SMI,GPU_1,1474.1,142.0,100.0
1781846060.94,ROCM_SMI,GPU_2,1474.1,144.0,100.0
1781846060.94,ROCM_SMI,GPU_3,1474.1,146.0,100.0
1781846060.94,ROCM_SMI,GPU_4,1474.1,144.0,100.0
1781846060.94,ROCM_SMI,GPU_5,1474.1,138.0,82.0
1781846060.94,ROCM_SMI,GPU_6,1474.1,141.0,100.0
1781846060.94,ROCM_SMI,GPU_7,1474.1,140.0,100.0
1781846063.13,ROCM_SMI,GPU_0,1474.1,146.0,100.0
1781846063.13,ROCM_SMI,GPU_1,1474.1,140.0,100.0
1781846063.13,ROCM_SMI,GPU_2,1474.1,143.0,100.0
1781846063.13,ROCM_SMI,GPU_3,1474.1,146.0,100.0
1781846063.13,ROCM_SMI,GPU_4,1474.1,144.0,100.0
1781846063.13,ROCM_SMI,GPU_5,1474.1,137.0,100.0
1781846063.13,ROCM_SMI,GPU_6,1474.1,141.0,100.0
1781846063.13,ROCM_SMI,GPU_7,1474.1,137.0,92.0
1781846065.32,ROCM_SMI,GPU_0,1474.1,145.0,100.0
1781846065.32,ROCM_SMI,GPU_1,1474.1,142.0,100.0
1781846065.32,ROCM_SMI,GPU_2,1474.1,142.0,100.0
1781846065.32,ROCM_SMI,GPU_3,1474.1,147.0,100.0
1781846065.32,ROCM_SMI,GPU_4,1474.1,144.0,100.0
1781846065.32,ROCM_SMI,GPU_5,1474.1,138.0,100.0
1781846065.32,ROCM_SMI,GPU_6,1474.1,144.0,100.0
1781846065.32,ROCM_SMI,GPU_7,1474.1,139.0,100.0
1781846067.51,ROCM_SMI,GPU_0,1474.1,146.0,100.0
1781846067.51,ROCM_SMI,GPU_1,1474.1,142.0,100.0
1781846067.51,ROCM_SMI,GPU_2,1474.1,143.0,100.0
1781846067.51,ROCM_SMI,GPU_3,1474.1,146.0,100.0
1781846067.51,ROCM_SMI,GPU_4,1474.1,144.0,100.0
1781846067.51,ROCM_SMI,GPU_5,1474.1,137.0,100.0
1781846067.51,ROCM_SMI,GPU_6,1474.1,143.0,100.0
1781846067.51,ROCM_SMI,GPU_7,1474.1,138.0,100.0
1781846069.71,ROCM_SMI,GPU_0,1474.1,143.0,91.0
1781846069.71,ROCM_SMI,GPU_1,1474.1,140.0,100.0
1781846069.71,ROCM_SMI,GPU_2,1474.1,144.0,100.0
1781846069.71,ROCM_SMI,GPU_3,1474.1,148.0,100.0
1781846069.71,ROCM_SMI,GPU_4,1474.1,146.0,100.0
1781846069.71,ROCM_SMI,GPU_5,1474.1,137.0,100.0
1781846069.71,ROCM_SMI,GPU_6,1474.1,143.0,100.0
1781846069.71,ROCM_SMI,GPU_7,1474.1,138.0,100.0
1781846071.90,ROCM_SMI,GPU_0,1474.1,145.0,100.0
1781846071.90,ROCM_SMI,GPU_1,1474.1,141.0,100.0
1781846071.90,ROCM_SMI,GPU_2,1474.1,141.0,94.0
1781846071.90,ROCM_SMI,GPU_3,1474.1,147.0,100.0
1781846071.90,ROCM_SMI,GPU_4,1474.1,142.0,100.0
1781846071.90,ROCM_SMI,GPU_5,1474.1,138.0,100.0
1781846071.90,ROCM_SMI,GPU_6,1474.1,144.0,100.0
1781846071.90,ROCM_SMI,GPU_7,1474.1,140.0,100.0
1781846074.09,ROCM_SMI,GPU_0,1474.1,150.0,100.0
1781846074.09,ROCM_SMI,GPU_1,1474.1,139.0,100.0
1781846074.09,ROCM_SMI,GPU_2,1474.1,143.0,100.0
1781846074.09,ROCM_SMI,GPU_3,1474.1,146.0,100.0
1781846074.09,ROCM_SMI,GPU_4,1474.1,138.0,88.0
1781846074.09,ROCM_SMI,GPU_5,1474.1,140.0,100.0
1781846074.09,ROCM_SMI,GPU_6,1474.1,143.0,100.0
1781846074.09,ROCM_SMI,GPU_7,1474.1,144.0,100.0
1781846076.28,ROCM_SMI,GPU_0,1474.1,151.0,100.0
1781846076.28,ROCM_SMI,GPU_1,1474.1,141.0,100.0
1781846076.28,ROCM_SMI,GPU_2,1474.1,146.0,100.0
1781846076.28,ROCM_SMI,GPU_3,1474.1,144.0,100.0
1781846076.28,ROCM_SMI,GPU_4,1474.1,140.0,100.0
1781846076.28,ROCM_SMI,GPU_5,1474.1,143.0,100.0
1781846076.28,ROCM_SMI,GPU_6,1474.1,140.0,82.0
1781846076.28,ROCM_SMI,GPU_7,1474.1,137.0,100.0
1781846078.48,ROCM_SMI,GPU_0,1474.1,151.0,100.0
1781846078.48,ROCM_SMI,GPU_1,1474.1,140.0,100.0
1781846078.48,ROCM_SMI,GPU_2,1474.1,148.0,100.0
1781846078.48,ROCM_SMI,GPU_3,1474.1,144.0,100.0
1781846078.48,ROCM_SMI,GPU_4,1474.1,143.0,100.0
1781846078.48,ROCM_SMI,GPU_5,1474.1,143.0,100.0
1781846078.48,ROCM_SMI,GPU_6,1474.1,138.0,100.0
1781846078.48,ROCM_SMI,GPU_7,1474.1,137.0,100.0
1781846080.67,ROCM_SMI,GPU_0,1474.1,150.0,100.0
1781846080.67,ROCM_SMI,GPU_1,1474.1,140.0,100.0
1781846080.67,ROCM_SMI,GPU_2,1474.1,148.0,100.0
1781846080.67,ROCM_SMI,GPU_3,1474.1,146.0,100.0
1781846080.67,ROCM_SMI,GPU_4,1474.1,143.0,100.0
1781846080.67,ROCM_SMI,GPU_5,1474.1,142.0,100.0
1781846080.67,ROCM_SMI,GPU_6,1474.1,138.0,100.0
1781846080.67,ROCM_SMI,GPU_7,1474.1,140.0,100.0
1781846082.86,ROCM_SMI,GPU_0,1474.1,150.0,100.0
1781846082.86,ROCM_SMI,GPU_1,1474.1,140.0,100.0
1781846082.86,ROCM_SMI,GPU_2,1474.1,148.0,100.0
1781846082.86,ROCM_SMI,GPU_3,1474.1,146.0,100.0
1781846082.86,ROCM_SMI,GPU_4,1474.1,141.0,100.0
1781846082.86,ROCM_SMI,GPU_5,1474.1,143.0,100.0
1781846082.86,ROCM_SMI,GPU_6,1474.1,139.0,100.0
1781846082.86,ROCM_SMI,GPU_7,1474.1,140.0,100.0
1781846085.05,ROCM_SMI,GPU_0,1474.1,150.0,100.0
1781846085.05,ROCM_SMI,GPU_1,1474.1,139.0,82.0
1781846085.05,ROCM_SMI,GPU_2,1474.1,147.0,100.0
1781846085.05,ROCM_SMI,GPU_3,1474.1,144.0,100.0
1781846085.05,ROCM_SMI,GPU_4,1474.1,140.0,100.0
1781846085.05,ROCM_SMI,GPU_5,1474.1,144.0,100.0
1781846085.05,ROCM_SMI,GPU_6,1474.1,140.0,100.0
1781846085.05,ROCM_SMI,GPU_7,1474.1,139.0,100.0
1781846087.26,ROCM_SMI,GPU_0,1474.1,147.0,90.0
1781846087.26,ROCM_SMI,GPU_1,1474.1,141.0,100.0
1781846087.26,ROCM_SMI,GPU_2,1474.1,149.0,100.0
1781846087.26,ROCM_SMI,GPU_3,1474.1,146.0,100.0
1781846087.26,ROCM_SMI,GPU_4,1474.1,143.0,100.0
1781846087.26,ROCM_SMI,GPU_5,1474.1,141.0,100.0
1781846087.26,ROCM_SMI,GPU_6,1474.1,138.0,100.0
1781846087.26,ROCM_SMI,GPU_7,1474.1,139.0,100.0
1781846089.46,ROCM_SMI,GPU_0,1474.1,145.0,93.0
1781846089.46,ROCM_SMI,GPU_1,1474.1,140.0,100.0
1781846089.46,ROCM_SMI,GPU_2,1474.1,146.0,100.0
1781846089.46,ROCM_SMI,GPU_3,1474.1,146.0,100.0
1781846089.46,ROCM_SMI,GPU_4,1474.1,146.0,100.0
1781846089.46,ROCM_SMI,GPU_5,1474.1,140.0,100.0
1781846089.46,ROCM_SMI,GPU_6,1474.1,140.0,100.0
1781846089.46,ROCM_SMI,GPU_7,1474.1,137.0,100.0
1781846091.66,ROCM_SMI,GPU_0,1474.1,148.0,89.0
1781846091.66,ROCM_SMI,GPU_1,1474.1,140.0,100.0
1781846091.66,ROCM_SMI,GPU_2,1474.1,147.0,100.0
1781846091.66,ROCM_SMI,GPU_3,1474.1,146.0,100.0
1781846091.66,ROCM_SMI,GPU_4,1474.1,143.0,100.0
1781846091.66,ROCM_SMI,GPU_5,1474.1,142.0,100.0
1781846091.66,ROCM_SMI,GPU_6,1474.1,139.0,100.0
1781846091.66,ROCM_SMI,GPU_7,1474.1,138.0,100.0
1781846093.85,ROCM_SMI,GPU_0,1474.1,148.0,100.0
1781846093.85,ROCM_SMI,GPU_1,1474.1,140.0,88.0
1781846093.85,ROCM_SMI,GPU_2,1474.1,144.0,100.0
1781846093.85,ROCM_SMI,GPU_3,1474.1,147.0,100.0
1781846093.85,ROCM_SMI,GPU_4,1474.1,145.0,100.0
1781846093.85,ROCM_SMI,GPU_5,1474.1,142.0,100.0
1781846093.85,ROCM_SMI,GPU_6,1474.1,140.0,100.0
1781846093.85,ROCM_SMI,GPU_7,1474.1,139.0,100.0
1781846096.05,ROCM_SMI,GPU_0,1474.1,145.0,86.0
1781846096.05,ROCM_SMI,GPU_1,1474.1,141.0,100.0
1781846096.05,ROCM_SMI,GPU_2,1474.1,144.0,100.0
1781846096.05,ROCM_SMI,GPU_3,1474.1,147.0,100.0
1781846096.05,ROCM_SMI,GPU_4,1474.1,145.0,100.0
1781846096.05,ROCM_SMI,GPU_5,1474.1,139.0,100.0
1781846096.05,ROCM_SMI,GPU_6,1474.1,141.0,100.0
1781846096.05,ROCM_SMI,GPU_7,1474.1,138.0,100.0
1781846098.24,ROCM_SMI,GPU_0,1474.1,145.0,100.0
1781846098.24,ROCM_SMI,GPU_1,1474.1,140.0,100.0
1781846098.24,ROCM_SMI,GPU_2,1474.1,142.0,84.0
1781846098.24,ROCM_SMI,GPU_3,1474.1,145.0,100.0
1781846098.24,ROCM_SMI,GPU_4,1474.1,145.0,100.0
1781846098.24,ROCM_SMI,GPU_5,1474.1,138.0,100.0
1781846098.24,ROCM_SMI,GPU_6,1474.1,143.0,100.0
1781846098.24,ROCM_SMI,GPU_7,1474.1,137.0,100.0
1781846100.44,ROCM_SMI,GPU_0,1474.1,144.0,100.0
1781846100.44,ROCM_SMI,GPU_1,1474.1,142.0,100.0
1781846100.44,ROCM_SMI,GPU_2,1474.1,143.0,100.0
1781846100.44,ROCM_SMI,GPU_3,1474.1,147.0,100.0
1781846100.44,ROCM_SMI,GPU_4,1474.1,142.0,88.0
1781846100.44,ROCM_SMI,GPU_5,1474.1,137.0,100.0
1781846100.44,ROCM_SMI,GPU_6,1474.1,145.0,100.0
1781846100.44,ROCM_SMI,GPU_7,1474.1,137.0,100.0
1781846102.65,ROCM_SMI,GPU_0,1474.1,145.0,100.0
1781846102.65,ROCM_SMI,GPU_1,1474.1,143.0,100.0
1781846102.65,ROCM_SMI,GPU_2,1474.1,142.0,89.0
1781846102.65,ROCM_SMI,GPU_3,1474.1,148.0,100.0
1781846102.65,ROCM_SMI,GPU_4,1474.1,145.0,100.0
1781846102.65,ROCM_SMI,GPU_5,1474.1,139.0,100.0
1781846102.65,ROCM_SMI,GPU_6,1474.1,146.0,100.0
1781846102.65,ROCM_SMI,GPU_7,1474.1,138.0,100.0
1781846104.84,ROCM_SMI,GPU_0,1474.1,143.0,100.0
1781846104.84,ROCM_SMI,GPU_1,1474.1,140.0,87.0
1781846104.84,ROCM_SMI,GPU_2,1474.1,140.0,100.0
1781846104.84,ROCM_SMI,GPU_3,1474.1,148.0,100.0
1781846104.84,ROCM_SMI,GPU_4,1474.1,143.0,100.0
1781846104.84,ROCM_SMI,GPU_5,1474.1,137.0,100.0
1781846104.84,ROCM_SMI,GPU_6,1474.1,147.0,100.0
1781846104.84,ROCM_SMI,GPU_7,1474.1,138.0,100.0
1781846107.04,ROCM_SMI,GPU_0,1474.1,145.0,100.0
1781846107.04,ROCM_SMI,GPU_1,1474.1,139.0,100.0
1781846107.04,ROCM_SMI,GPU_2,1474.1,142.0,88.0
1781846107.04,ROCM_SMI,GPU_3,1474.1,146.0,100.0
1781846107.04,ROCM_SMI,GPU_4,1474.1,141.0,100.0
1781846107.04,ROCM_SMI,GPU_5,1474.1,138.0,100.0
1781846107.04,ROCM_SMI,GPU_6,1474.1,143.0,100.0
1781846107.04,ROCM_SMI,GPU_7,1474.1,139.0,100.0
1781846109.23,ROCM_SMI,GPU_0,1474.1,146.0,100.0
1781846109.23,ROCM_SMI,GPU_1,1474.1,141.0,100.0
1781846109.23,ROCM_SMI,GPU_2,1474.1,143.0,100.0
1781846109.23,ROCM_SMI,GPU_3,1474.1,147.0,81.0
1781846109.23,ROCM_SMI,GPU_4,1474.1,143.0,100.0
1781846109.23,ROCM_SMI,GPU_5,1474.1,137.0,100.0
1781846109.23,ROCM_SMI,GPU_6,1474.1,142.0,100.0
1781846109.23,ROCM_SMI,GPU_7,1474.1,137.0,100.0
1781846111.42,ROCM_SMI,GPU_0,1474.1,147.0,100.0
1781846111.42,ROCM_SMI,GPU_1,1474.1,142.0,100.0
1781846111.42,ROCM_SMI,GPU_2,1474.1,145.0,100.0
1781846111.42,ROCM_SMI,GPU_3,1474.1,147.0,100.0
1781846111.42,ROCM_SMI,GPU_4,1474.1,144.0,100.0
1781846111.42,ROCM_SMI,GPU_5,1474.1,138.0,87.0
1781846111.42,ROCM_SMI,GPU_6,1474.1,141.0,100.0
1781846111.42,ROCM_SMI,GPU_7,1474.1,138.0,100.0
1781846113.62,ROCM_SMI,GPU_0,1474.1,148.0,100.0
1781846113.62,ROCM_SMI,GPU_1,1474.1,142.0,100.0
1781846113.62,ROCM_SMI,GPU_2,1474.1,146.0,100.0
1781846113.62,ROCM_SMI,GPU_3,1474.1,146.0,100.0
1781846113.62,ROCM_SMI,GPU_4,1474.1,146.0,100.0
1781846113.62,ROCM_SMI,GPU_5,1474.1,140.0,100.0
1781846113.62,ROCM_SMI,GPU_6,1474.1,140.0,88.0
1781846113.62,ROCM_SMI,GPU_7,1474.1,136.0,100.0
1781846115.81,ROCM_SMI,GPU_0,1474.1,153.0,100.0
1781846115.81,ROCM_SMI,GPU_1,1474.1,138.0,100.0
1781846115.81,ROCM_SMI,GPU_2,1474.1,148.0,100.0
1781846115.81,ROCM_SMI,GPU_3,1474.1,145.0,100.0
1781846115.81,ROCM_SMI,GPU_4,1474.1,144.0,100.0
1781846115.81,ROCM_SMI,GPU_5,1474.1,147.0,100.0
1781846115.81,ROCM_SMI,GPU_6,1474.1,140.0,100.0
1781846115.81,ROCM_SMI,GPU_7,1474.1,136.0,88.0
1781846118.00,ROCM_SMI,GPU_0,1474.1,147.0,100.0
1781846118.00,ROCM_SMI,GPU_1,1474.1,142.0,100.0
1781846118.00,ROCM_SMI,GPU_2,1474.1,146.0,100.0
1781846118.00,ROCM_SMI,GPU_3,1474.1,145.0,100.0
1781846118.00,ROCM_SMI,GPU_4,1474.1,146.0,100.0
1781846118.00,ROCM_SMI,GPU_5,1474.1,140.0,100.0
1781846118.00,ROCM_SMI,GPU_6,1474.1,140.0,100.0
1781846118.00,ROCM_SMI,GPU_7,1474.1,137.0,100.0
1781846120.20,ROCM_SMI,GPU_0,1474.1,144.0,83.0
1781846120.20,ROCM_SMI,GPU_1,1474.1,139.0,100.0
1781846120.20,ROCM_SMI,GPU_2,1474.1,143.0,100.0
1781846120.20,ROCM_SMI,GPU_3,1474.1,146.0,100.0
1781846120.20,ROCM_SMI,GPU_4,1474.1,141.0,100.0
1781846120.20,ROCM_SMI,GPU_5,1474.1,139.0,100.0
1781846120.20,ROCM_SMI,GPU_6,1474.1,144.0,100.0
1781846120.20,ROCM_SMI,GPU_7,1474.1,140.0,100.0
1781846122.39,ROCM_SMI,GPU_0,1474.1,145.0,100.0
1781846122.39,ROCM_SMI,GPU_1,1474.1,141.0,81.0
1781846122.39,ROCM_SMI,GPU_2,1474.1,141.0,100.0
1781846122.39,ROCM_SMI,GPU_3,1474.1,148.0,100.0
1781846122.39,ROCM_SMI,GPU_4,1474.1,142.0,100.0
1781846122.39,ROCM_SMI,GPU_5,1474.1,138.0,100.0
1781846122.39,ROCM_SMI,GPU_6,1474.1,144.0,100.0
1781846122.39,ROCM_SMI,GPU_7,1474.1,139.0,100.0
1781846124.58,ROCM_SMI,GPU_0,1474.1,148.0,100.0
1781846124.58,ROCM_SMI,GPU_1,1474.1,140.0,100.0
1781846124.58,ROCM_SMI,GPU_2,1474.1,144.0,100.0
1781846124.58,ROCM_SMI,GPU_3,1474.1,146.0,80.0
1781846124.58,ROCM_SMI,GPU_4,1474.1,139.0,100.0
1781846124.58,ROCM_SMI,GPU_5,1474.1,140.0,100.0
1781846124.58,ROCM_SMI,GPU_6,1474.1,144.0,100.0
1781846124.58,ROCM_SMI,GPU_7,1474.1,138.0,100.0
1781846126.77,ROCM_SMI,GPU_0,1474.1,146.0,100.0
1781846126.77,ROCM_SMI,GPU_1,1474.1,142.0,100.0
1781846126.77,ROCM_SMI,GPU_2,1474.1,143.0,100.0
1781846126.77,ROCM_SMI,GPU_3,1474.1,148.0,100.0
1781846126.77,ROCM_SMI,GPU_4,1474.1,141.0,87.0
1781846126.77,ROCM_SMI,GPU_5,1474.1,138.0,100.0
1781846126.77,ROCM_SMI,GPU_6,1474.1,145.0,100.0
1781846126.77,ROCM_SMI,GPU_7,1474.1,139.0,100.0
1781846128.96,ROCM_SMI,GPU_0,1474.1,148.0,100.0
1781846128.96,ROCM_SMI,GPU_1,1474.1,141.0,100.0
1781846128.96,ROCM_SMI,GPU_2,1474.1,147.0,100.0
1781846128.96,ROCM_SMI,GPU_3,1474.1,145.0,100.0
1781846128.96,ROCM_SMI,GPU_4,1474.1,143.0,100.0
1781846128.96,ROCM_SMI,GPU_5,1474.1,139.0,82.0
1781846128.96,ROCM_SMI,GPU_6,1474.1,139.0,100.0
1781846128.96,ROCM_SMI,GPU_7,1474.1,139.0,100.0
1781846131.16,ROCM_SMI,GPU_0,1474.1,151.0,100.0
1781846131.16,ROCM_SMI,GPU_1,1474.1,141.0,100.0
1781846131.16,ROCM_SMI,GPU_2,1474.1,148.0,100.0
1781846131.16,ROCM_SMI,GPU_3,1474.1,146.0,100.0
1781846131.16,ROCM_SMI,GPU_4,1474.1,143.0,100.0
1781846131.16,ROCM_SMI,GPU_5,1474.1,142.0,100.0
1781846131.16,ROCM_SMI,GPU_6,1474.1,138.0,88.0
1781846131.16,ROCM_SMI,GPU_7,1474.1,138.0,100.0
1781846133.35,ROCM_SMI,GPU_0,1474.1,152.0,100.0
1781846133.35,ROCM_SMI,GPU_1,1474.1,141.0,100.0
1781846133.35,ROCM_SMI,GPU_2,1474.1,149.0,100.0
1781846133.35,ROCM_SMI,GPU_3,1474.1,145.0,100.0
1781846133.35,ROCM_SMI,GPU_4,1474.1,138.0,100.0
1781846133.35,ROCM_SMI,GPU_5,1474.1,140.0,100.0
1781846133.35,ROCM_SMI,GPU_6,1474.1,139.0,100.0
1781846133.35,ROCM_SMI,GPU_7,1474.1,136.0,99.0
1781846135.55,ROCM_SMI,GPU_0,1474.1,150.0,100.0
1781846135.55,ROCM_SMI,GPU_1,1474.1,139.0,100.0
1781846135.55,ROCM_SMI,GPU_2,1474.1,143.0,100.0
1781846135.55,ROCM_SMI,GPU_3,1474.1,148.0,100.0
1781846135.55,ROCM_SMI,GPU_4,1474.1,140.0,100.0
1781846135.55,ROCM_SMI,GPU_5,1474.1,143.0,100.0
1781846135.55,ROCM_SMI,GPU_6,1474.1,142.0,100.0
1781846135.55,ROCM_SMI,GPU_7,1474.1,139.0,87.0
1781846137.74,ROCM_SMI,GPU_0,1474.1,151.0,100.0
1781846137.74,ROCM_SMI,GPU_1,1474.1,139.0,100.0
1781846137.74,ROCM_SMI,GPU_2,1474.1,148.0,100.0
1781846137.74,ROCM_SMI,GPU_3,1474.1,145.0,100.0
1781846137.74,ROCM_SMI,GPU_4,1474.1,141.0,100.0
1781846137.74,ROCM_SMI,GPU_5,1474.1,143.0,100.0
1781846137.74,ROCM_SMI,GPU_6,1474.1,139.0,100.0
1781846137.74,ROCM_SMI,GPU_7,1474.1,138.0,100.0
1781846139.93,ROCM_SMI,GPU_0,1474.1,149.0,100.0
1781846139.93,ROCM_SMI,GPU_1,1474.1,140.0,100.0
1781846139.93,ROCM_SMI,GPU_2,1474.1,144.0,100.0
1781846139.93,ROCM_SMI,GPU_3,1474.1,146.0,100.0
1781846139.93,ROCM_SMI,GPU_4,1474.1,140.0,100.0
1781846139.93,ROCM_SMI,GPU_5,1474.1,141.0,100.0
1781846139.93,ROCM_SMI,GPU_6,1474.1,142.0,100.0
1781846139.93,ROCM_SMI,GPU_7,1474.1,139.0,100.0
1781846142.13,ROCM_SMI,GPU_0,1474.1,145.0,100.0
1781846142.13,ROCM_SMI,GPU_1,1474.1,141.0,100.0
1781846142.13,ROCM_SMI,GPU_2,1474.1,144.0,100.0
1781846142.13,ROCM_SMI,GPU_3,1474.1,147.0,100.0
1781846142.13,ROCM_SMI,GPU_4,1474.1,141.0,100.0
1781846142.13,ROCM_SMI,GPU_5,1474.1,139.0,100.0
1781846142.13,ROCM_SMI,GPU_6,1474.1,142.0,100.0
1781846142.13,ROCM_SMI,GPU_7,1474.1,138.0,100.0
1781846144.32,ROCM_SMI,GPU_0,1474.1,141.0,82.0
1781846144.32,ROCM_SMI,GPU_1,1474.1,136.0,100.0
1781846144.32,ROCM_SMI,GPU_2,1474.1,145.0,100.0
1781846144.32,ROCM_SMI,GPU_3,1474.1,147.0,100.0
1781846144.32,ROCM_SMI,GPU_4,1474.1,147.0,100.0
1781846144.32,ROCM_SMI,GPU_5,1474.1,141.0,100.0
1781846144.32,ROCM_SMI,GPU_6,1474.1,139.0,100.0
1781846144.32,ROCM_SMI,GPU_7,1474.1,137.0,100.0
1781846146.51,ROCM_SMI,GPU_0,1474.1,150.0,87.0
1781846146.51,ROCM_SMI,GPU_1,1474.1,139.0,100.0
1781846146.51,ROCM_SMI,GPU_2,1474.1,147.0,100.0
1781846146.51,ROCM_SMI,GPU_3,1474.1,145.0,100.0
1781846146.51,ROCM_SMI,GPU_4,1474.1,141.0,100.0
1781846146.51,ROCM_SMI,GPU_5,1474.1,144.0,100.0
1781846146.51,ROCM_SMI,GPU_6,1474.1,140.0,100.0
1781846146.51,ROCM_SMI,GPU_7,1474.1,141.0,100.0
1781846148.71,ROCM_SMI,GPU_0,1474.1,149.0,100.0
1781846148.71,ROCM_SMI,GPU_1,1474.1,138.0,78.0
1781846148.71,ROCM_SMI,GPU_2,1474.1,143.0,100.0
1781846148.71,ROCM_SMI,GPU_3,1474.1,146.0,100.0
1781846148.71,ROCM_SMI,GPU_4,1474.1,139.0,100.0
1781846148.71,ROCM_SMI,GPU_5,1474.1,141.0,100.0
1781846148.71,ROCM_SMI,GPU_6,1474.1,143.0,100.0
1781846148.71,ROCM_SMI,GPU_7,1474.1,139.0,100.0
1781846150.90,ROCM_SMI,GPU_0,1474.1,146.0,100.0
1781846150.90,ROCM_SMI,GPU_1,1474.1,139.0,100.0
1781846150.90,ROCM_SMI,GPU_2,1474.1,141.0,98.0
1781846150.90,ROCM_SMI,GPU_3,1474.1,147.0,100.0
1781846150.90,ROCM_SMI,GPU_4,1474.1,141.0,100.0
1781846150.90,ROCM_SMI,GPU_5,1474.1,139.0,100.0
1781846150.90,ROCM_SMI,GPU_6,1474.1,144.0,100.0
1781846150.90,ROCM_SMI,GPU_7,1474.1,139.0,100.0
1781846153.09,ROCM_SMI,GPU_0,1474.1,146.0,100.0
1781846153.09,ROCM_SMI,GPU_1,1474.1,141.0,100.0
1781846153.09,ROCM_SMI,GPU_2,1474.1,144.0,94.0
1781846153.09,ROCM_SMI,GPU_3,1474.1,144.0,92.0
1781846153.09,ROCM_SMI,GPU_4,1474.1,144.0,100.0
1781846153.09,ROCM_SMI,GPU_5,1474.1,139.0,100.0
1781846153.09,ROCM_SMI,GPU_6,1474.1,140.0,100.0
1781846153.09,ROCM_SMI,GPU_7,1474.1,138.0,100.0
1781846155.28,ROCM_SMI,GPU_0,1474.1,149.0,100.0
1781846155.28,ROCM_SMI,GPU_1,1474.1,142.0,100.0
1781846155.28,ROCM_SMI,GPU_2,1474.1,147.0,100.0
1781846155.28,ROCM_SMI,GPU_3,1474.1,146.0,100.0
1781846155.28,ROCM_SMI,GPU_4,1474.1,144.0,87.0
1781846155.28,ROCM_SMI,GPU_5,1474.1,140.0,100.0
1781846155.28,ROCM_SMI,GPU_6,1474.1,140.0,100.0
1781846155.28,ROCM_SMI,GPU_7,1474.1,139.0,100.0
1781846157.47,ROCM_SMI,GPU_0,1474.1,151.0,100.0
1781846157.47,ROCM_SMI,GPU_1,1474.1,139.0,100.0
1781846157.47,ROCM_SMI,GPU_2,1474.1,149.0,100.0
1781846157.47,ROCM_SMI,GPU_3,1474.1,147.0,100.0
1781846157.47,ROCM_SMI,GPU_4,1474.1,141.0,100.0
1781846157.47,ROCM_SMI,GPU_5,1474.1,142.0,86.0
1781846157.47,ROCM_SMI,GPU_6,1474.1,139.0,100.0
1781846157.47,ROCM_SMI,GPU_7,1474.1,139.0,100.0
1781846159.67,ROCM_SMI,GPU_0,1474.1,151.0,100.0
1781846159.67,ROCM_SMI,GPU_1,1474.1,142.0,100.0
1781846159.67,ROCM_SMI,GPU_2,1474.1,146.0,100.0
1781846159.67,ROCM_SMI,GPU_3,1474.1,149.0,100.0
1781846159.67,ROCM_SMI,GPU_4,1474.1,139.0,100.0
1781846159.67,ROCM_SMI,GPU_5,1474.1,140.0,100.0
1781846159.67,ROCM_SMI,GPU_6,1474.1,142.0,100.0
1781846159.67,ROCM_SMI,GPU_7,1474.1,138.0,100.0
1781846161.86,ROCM_SMI,GPU_0,1474.1,146.0,100.0
1781846161.86,ROCM_SMI,GPU_1,1474.1,141.0,100.0
1781846161.86,ROCM_SMI,GPU_2,1474.1,143.0,100.0
1781846161.86,ROCM_SMI,GPU_3,1474.1,149.0,100.0
1781846161.86,ROCM_SMI,GPU_4,1474.1,141.0,100.0
1781846161.86,ROCM_SMI,GPU_5,1474.1,139.0,100.0
1781846161.86,ROCM_SMI,GPU_6,1474.1,146.0,100.0
1781846161.86,ROCM_SMI,GPU_7,1474.1,139.0,76.0
1781846164.05,ROCM_SMI,GPU_0,1474.1,146.0,100.0
1781846164.05,ROCM_SMI,GPU_1,1474.1,142.0,100.0
1781846164.05,ROCM_SMI,GPU_2,1474.1,143.0,100.0
1781846164.05,ROCM_SMI,GPU_3,1474.1,148.0,100.0
1781846164.05,ROCM_SMI,GPU_4,1474.1,141.0,100.0
1781846164.05,ROCM_SMI,GPU_5,1474.1,140.0,100.0
1781846164.05,ROCM_SMI,GPU_6,1474.1,143.0,100.0
1781846164.05,ROCM_SMI,GPU_7,1474.1,139.0,100.0
1781846166.25,ROCM_SMI,GPU_0,1474.1,146.0,100.0
1781846166.25,ROCM_SMI,GPU_1,1474.1,142.0,100.0
1781846166.25,ROCM_SMI,GPU_2,1474.1,143.0,100.0
1781846166.25,ROCM_SMI,GPU_3,1474.1,148.0,100.0
1781846166.25,ROCM_SMI,GPU_4,1474.1,144.0,100.0
1781846166.25,ROCM_SMI,GPU_5,1474.1,137.0,100.0
1781846166.25,ROCM_SMI,GPU_6,1474.1,144.0,100.0
1781846166.25,ROCM_SMI,GPU_7,1474.1,139.0,100.0
1781846168.44,ROCM_SMI,GPU_0,1474.1,143.0,98.0
1781846168.44,ROCM_SMI,GPU_1,1474.1,142.0,100.0
1781846168.44,ROCM_SMI,GPU_2,1474.1,141.0,100.0
1781846168.44,ROCM_SMI,GPU_3,1474.1,146.0,100.0
1781846168.44,ROCM_SMI,GPU_4,1474.1,144.0,100.0
1781846168.44,ROCM_SMI,GPU_5,1474.1,138.0,100.0
1781846168.44,ROCM_SMI,GPU_6,1474.1,142.0,100.0
1781846168.44,ROCM_SMI,GPU_7,1474.1,137.0,100.0
1781846170.63,ROCM_SMI,GPU_0,1474.1,149.0,100.0
1781846170.63,ROCM_SMI,GPU_1,1474.1,140.0,100.0
1781846170.63,ROCM_SMI,GPU_2,1474.1,147.0,100.0
1781846170.63,ROCM_SMI,GPU_3,1474.1,145.0,100.0
1781846170.63,ROCM_SMI,GPU_4,1474.1,144.0,100.0
1781846170.63,ROCM_SMI,GPU_5,1474.1,142.0,100.0
1781846170.63,ROCM_SMI,GPU_6,1474.1,139.0,100.0
1781846170.63,ROCM_SMI,GPU_7,1474.1,140.0,100.0
1781846172.83,ROCM_SMI,GPU_0,1474.1,144.0,100.0
1781846172.83,ROCM_SMI,GPU_1,1474.1,133.0,87.0
1781846172.83,ROCM_SMI,GPU_2,1474.1,141.0,100.0
1781846172.83,ROCM_SMI,GPU_3,1474.1,145.0,100.0
1781846172.83,ROCM_SMI,GPU_4,1474.1,140.0,100.0
1781846172.83,ROCM_SMI,GPU_5,1474.1,147.0,100.0
1781846172.83,ROCM_SMI,GPU_6,1474.1,146.0,100.0
1781846172.83,ROCM_SMI,GPU_7,1474.1,148.0,100.0
1781846175.02,ROCM_SMI,GPU_0,1474.1,152.0,100.0
1781846175.02,ROCM_SMI,GPU_1,1474.1,139.0,100.0
1781846175.02,ROCM_SMI,GPU_2,1474.1,147.0,86.0
1781846175.02,ROCM_SMI,GPU_3,1474.1,146.0,100.0
1781846175.02,ROCM_SMI,GPU_4,1474.1,142.0,100.0
1781846175.02,ROCM_SMI,GPU_5,1474.1,143.0,100.0
1781846175.02,ROCM_SMI,GPU_6,1474.1,142.0,100.0
1781846175.02,ROCM_SMI,GPU_7,1474.1,139.0,100.0
1781846177.21,ROCM_SMI,GPU_0,1474.1,148.0,100.0
1781846177.21,ROCM_SMI,GPU_1,1474.1,140.0,100.0
1781846177.21,ROCM_SMI,GPU_2,1474.1,145.0,100.0
1781846177.21,ROCM_SMI,GPU_3,1474.1,145.0,81.0
1781846177.21,ROCM_SMI,GPU_4,1474.1,138.0,100.0
1781846177.21,ROCM_SMI,GPU_5,1474.1,142.0,100.0
1781846177.21,ROCM_SMI,GPU_6,1474.1,143.0,100.0
1781846177.21,ROCM_SMI,GPU_7,1474.1,139.0,100.0
1781846179.40,ROCM_SMI,GPU_0,1474.1,151.0,100.0
1781846179.40,ROCM_SMI,GPU_1,1474.1,140.0,100.0
1781846179.40,ROCM_SMI,GPU_2,1474.1,147.0,100.0
1781846179.40,ROCM_SMI,GPU_3,1474.1,146.0,100.0
1781846179.40,ROCM_SMI,GPU_4,1474.1,141.0,100.0
1781846179.40,ROCM_SMI,GPU_5,1474.1,143.0,88.0
1781846179.40,ROCM_SMI,GPU_6,1474.1,143.0,100.0
1781846179.40,ROCM_SMI,GPU_7,1474.1,141.0,100.0
1781846181.60,ROCM_SMI,GPU_0,1474.1,152.0,100.0
1781846181.60,ROCM_SMI,GPU_1,1474.1,141.0,100.0
1781846181.60,ROCM_SMI,GPU_2,1474.1,149.0,100.0
1781846181.60,ROCM_SMI,GPU_3,1474.1,145.0,100.0
1781846181.60,ROCM_SMI,GPU_4,1474.1,141.0,100.0
1781846181.60,ROCM_SMI,GPU_5,1474.1,144.0,100.0
1781846181.60,ROCM_SMI,GPU_6,1474.1,139.0,100.0
1781846181.60,ROCM_SMI,GPU_7,1474.1,138.0,81.0
1781846183.79,ROCM_SMI,GPU_0,1474.1,149.0,100.0
1781846183.79,ROCM_SMI,GPU_1,1474.1,141.0,100.0
1781846183.79,ROCM_SMI,GPU_2,1474.1,144.0,100.0
1781846183.79,ROCM_SMI,GPU_3,1474.1,145.0,100.0
1781846183.79,ROCM_SMI,GPU_4,1474.1,139.0,100.0
1781846183.79,ROCM_SMI,GPU_5,1474.1,142.0,100.0
1781846183.79,ROCM_SMI,GPU_6,1474.1,143.0,100.0
1781846183.79,ROCM_SMI,GPU_7,1474.1,139.0,100.0
1781846185.98,ROCM_SMI,GPU_0,1474.1,149.0,100.0
1781846185.98,ROCM_SMI,GPU_1,1474.1,143.0,100.0
1781846185.98,ROCM_SMI,GPU_2,1474.1,145.0,100.0
1781846185.98,ROCM_SMI,GPU_3,1474.1,146.0,100.0
1781846185.98,ROCM_SMI,GPU_4,1474.1,139.0,100.0
1781846185.98,ROCM_SMI,GPU_5,1474.1,140.0,100.0
1781846185.98,ROCM_SMI,GPU_6,1474.1,144.0,100.0
1781846185.98,ROCM_SMI,GPU_7,1474.1,138.0,100.0
1781846188.17,ROCM_SMI,GPU_0,1474.1,147.0,100.0
1781846188.17,ROCM_SMI,GPU_1,1474.1,139.0,100.0
1781846188.17,ROCM_SMI,GPU_2,1474.1,144.0,100.0
1781846188.17,ROCM_SMI,GPU_3,1474.1,147.0,100.0
1781846188.17,ROCM_SMI,GPU_4,1474.1,140.0,100.0
1781846188.17,ROCM_SMI,GPU_5,1474.1,140.0,100.0
1781846188.17,ROCM_SMI,GPU_6,1474.1,144.0,100.0
1781846188.17,ROCM_SMI,GPU_7,1474.1,139.0,100.0
1781846190.37,ROCM_SMI,GPU_0,1474.1,142.0,89.0
1781846190.37,ROCM_SMI,GPU_1,1474.1,125.0,100.0
1781846190.37,ROCM_SMI,GPU_2,1474.1,145.0,100.0
1781846190.37,ROCM_SMI,GPU_3,1474.1,172.0,100.0
1781846190.37,ROCM_SMI,GPU_4,1474.1,148.0,100.0
1781846190.37,ROCM_SMI,GPU_5,1474.1,135.0,100.0
1781846190.37,ROCM_SMI,GPU_6,1474.1,138.0,100.0
1781846190.37,ROCM_SMI,GPU_7,1474.1,135.0,100.0
1781846192.57,ROCM_SMI,GPU_0,1474.1,147.0,100.0
1781846192.57,ROCM_SMI,GPU_1,1474.1,138.0,100.0
1781846192.57,ROCM_SMI,GPU_2,1474.1,144.0,100.0
1781846192.57,ROCM_SMI,GPU_3,1474.1,147.0,100.0
1781846192.57,ROCM_SMI,GPU_4,1474.1,140.0,100.0
1781846192.57,ROCM_SMI,GPU_5,1474.1,141.0,100.0
1781846192.57,ROCM_SMI,GPU_6,1474.1,143.0,100.0
1781846192.57,ROCM_SMI,GPU_7,1474.1,139.0,100.0
1781846194.76,ROCM_SMI,GPU_0,1474.1,148.0,100.0
1781846194.76,ROCM_SMI,GPU_1,1474.1,138.0,100.0
1781846194.76,ROCM_SMI,GPU_2,1474.1,144.0,96.0
1781846194.76,ROCM_SMI,GPU_3,1474.1,143.0,100.0
1781846194.76,ROCM_SMI,GPU_4,1474.1,138.0,100.0
1781846194.76,ROCM_SMI,GPU_5,1474.1,141.0,100.0
1781846194.76,ROCM_SMI,GPU_6,1474.1,143.0,100.0
1781846194.76,ROCM_SMI,GPU_7,1474.1,139.0,100.0
1781846196.95,ROCM_SMI,GPU_0,1474.1,149.0,100.0
1781846196.95,ROCM_SMI,GPU_1,1474.1,140.0,100.0
1781846196.95,ROCM_SMI,GPU_2,1474.1,143.0,100.0
1781846196.95,ROCM_SMI,GPU_3,1474.1,146.0,100.0
1781846196.95,ROCM_SMI,GPU_4,1474.1,138.0,83.0
1781846196.95,ROCM_SMI,GPU_5,1474.1,139.0,100.0
1781846196.95,ROCM_SMI,GPU_6,1474.1,142.0,100.0
1781846196.95,ROCM_SMI,GPU_7,1474.1,139.0,100.0
1781846199.14,ROCM_SMI,GPU_0,1474.1,146.0,100.0
1781846199.14,ROCM_SMI,GPU_1,1474.1,143.0,100.0
1781846199.14,ROCM_SMI,GPU_2,1474.1,143.0,100.0
1781846199.14,ROCM_SMI,GPU_3,1474.1,147.0,100.0
1781846199.14,ROCM_SMI,GPU_4,1474.1,144.0,87.0
1781846199.14,ROCM_SMI,GPU_5,1474.1,138.0,100.0
1781846199.14,ROCM_SMI,GPU_6,1474.1,145.0,100.0
1781846199.14,ROCM_SMI,GPU_7,1474.1,139.0,100.0
1781846201.35,ROCM_SMI,GPU_0,1474.1,142.0,100.0
1781846201.35,ROCM_SMI,GPU_1,1474.1,143.0,100.0
1781846201.35,ROCM_SMI,GPU_2,1474.1,145.0,100.0
1781846201.35,ROCM_SMI,GPU_3,1474.1,146.0,87.0
1781846201.35,ROCM_SMI,GPU_4,1474.1,145.0,100.0
1781846201.35,ROCM_SMI,GPU_5,1474.1,142.0,100.0
1781846201.35,ROCM_SMI,GPU_6,1474.1,141.0,100.0
1781846201.35,ROCM_SMI,GPU_7,1474.1,139.0,100.0
1781846203.55,ROCM_SMI,GPU_0,1474.1,151.0,100.0
1781846203.55,ROCM_SMI,GPU_1,1474.1,139.0,100.0
1781846203.55,ROCM_SMI,GPU_2,1474.1,147.0,85.0
1781846203.55,ROCM_SMI,GPU_3,1474.1,146.0,100.0
1781846203.55,ROCM_SMI,GPU_4,1474.1,143.0,100.0
1781846203.55,ROCM_SMI,GPU_5,1474.1,145.0,100.0
1781846203.55,ROCM_SMI,GPU_6,1474.1,141.0,100.0
1781846203.55,ROCM_SMI,GPU_7,1474.1,140.0,100.0
1781846205.74,ROCM_SMI,GPU_0,1474.1,148.0,100.0
1781846205.74,ROCM_SMI,GPU_1,1474.1,140.0,100.0
1781846205.74,ROCM_SMI,GPU_2,1474.1,145.0,100.0
1781846205.74,ROCM_SMI,GPU_3,1474.1,146.0,100.0
1781846205.74,ROCM_SMI,GPU_4,1474.1,144.0,82.0
1781846205.74,ROCM_SMI,GPU_5,1474.1,140.0,100.0
1781846205.74,ROCM_SMI,GPU_6,1474.1,139.0,100.0
1781846205.74,ROCM_SMI,GPU_7,1474.1,138.0,100.0
1781846207.93,ROCM_SMI,GPU_0,1474.1,144.0,100.0
1781846207.93,ROCM_SMI,GPU_1,1474.1,142.0,100.0
1781846207.93,ROCM_SMI,GPU_2,1474.1,142.0,100.0
1781846207.93,ROCM_SMI,GPU_3,1474.1,149.0,100.0
1781846207.93,ROCM_SMI,GPU_4,1474.1,144.0,100.0
1781846207.93,ROCM_SMI,GPU_5,1474.1,137.0,100.0
1781846207.93,ROCM_SMI,GPU_6,1474.1,144.0,100.0
1781846207.93,ROCM_SMI,GPU_7,1474.1,137.0,100.0
1781846210.12,ROCM_SMI,GPU_0,1474.1,145.0,100.0
1781846210.12,ROCM_SMI,GPU_1,1474.1,142.0,100.0
1781846210.12,ROCM_SMI,GPU_2,1474.1,143.0,100.0
1781846210.12,ROCM_SMI,GPU_3,1474.1,147.0,100.0
1781846210.12,ROCM_SMI,GPU_4,1474.1,145.0,100.0
1781846210.12,ROCM_SMI,GPU_5,1474.1,138.0,100.0
1781846210.12,ROCM_SMI,GPU_6,1474.1,143.0,100.0
1781846210.12,ROCM_SMI,GPU_7,1474.1,138.0,100.0
1781846212.31,ROCM_SMI,GPU_0,1474.1,148.0,100.0
1781846212.31,ROCM_SMI,GPU_1,1474.1,141.0,100.0
1781846212.31,ROCM_SMI,GPU_2,1474.1,147.0,100.0
1781846212.31,ROCM_SMI,GPU_3,1474.1,147.0,100.0
1781846212.31,ROCM_SMI,GPU_4,1474.1,145.0,100.0
1781846212.31,ROCM_SMI,GPU_5,1474.1,140.0,100.0
1781846212.31,ROCM_SMI,GPU_6,1474.1,140.0,100.0
1781846212.31,ROCM_SMI,GPU_7,1474.1,137.0,100.0
1781846214.51,ROCM_SMI,GPU_0,1474.1,146.0,100.0
1781846214.51,ROCM_SMI,GPU_1,1474.1,142.0,100.0
1781846214.51,ROCM_SMI,GPU_2,1474.1,150.0,100.0
1781846214.51,ROCM_SMI,GPU_3,1474.1,146.0,100.0
1781846214.51,ROCM_SMI,GPU_4,1474.1,147.0,100.0
1781846214.51,ROCM_SMI,GPU_5,1474.1,145.0,100.0
1781846214.51,ROCM_SMI,GPU_6,1474.1,138.0,100.0
1781846214.51,ROCM_SMI,GPU_7,1474.1,138.0,100.0
1781846216.70,ROCM_SMI,GPU_0,1474.1,144.0,100.0
1781846216.70,ROCM_SMI,GPU_1,1474.1,140.0,81.0
1781846216.70,ROCM_SMI,GPU_2,1474.1,141.0,100.0
1781846216.70,ROCM_SMI,GPU_3,1474.1,148.0,100.0
1781846216.70,ROCM_SMI,GPU_4,1474.1,144.0,100.0
1781846216.70,ROCM_SMI,GPU_5,1474.1,137.0,100.0
1781846216.70,ROCM_SMI,GPU_6,1474.1,143.0,100.0
1781846216.70,ROCM_SMI,GPU_7,1474.1,139.0,100.0
1781846218.90,ROCM_SMI,GPU_0,1474.1,144.0,100.0
1781846218.90,ROCM_SMI,GPU_1,1474.1,140.0,100.0
1781846218.90,ROCM_SMI,GPU_2,1474.1,143.0,84.0
1781846218.90,ROCM_SMI,GPU_3,1474.1,146.0,100.0
1781846218.90,ROCM_SMI,GPU_4,1474.1,145.0,100.0
1781846218.90,ROCM_SMI,GPU_5,1474.1,138.0,100.0
1781846218.90,ROCM_SMI,GPU_6,1474.1,142.0,100.0
1781846218.90,ROCM_SMI,GPU_7,1474.1,138.0,100.0
1781846221.09,ROCM_SMI,GPU_0,1474.1,146.0,100.0
1781846221.09,ROCM_SMI,GPU_1,1474.1,140.0,100.0
1781846221.09,ROCM_SMI,GPU_2,1474.1,142.0,100.0
1781846221.09,ROCM_SMI,GPU_3,1474.1,144.0,89.0
1781846221.09,ROCM_SMI,GPU_4,1474.1,144.0,100.0
1781846221.09,ROCM_SMI,GPU_5,1474.1,139.0,100.0
1781846221.09,ROCM_SMI,GPU_6,1474.1,140.0,100.0
1781846221.09,ROCM_SMI,GPU_7,1474.1,138.0,100.0
1781846223.29,ROCM_SMI,GPU_0,1474.1,146.0,100.0
1781846223.29,ROCM_SMI,GPU_1,1474.1,141.0,100.0
1781846223.29,ROCM_SMI,GPU_2,1474.1,142.0,100.0
1781846223.29,ROCM_SMI,GPU_3,1474.1,147.0,100.0
1781846223.29,ROCM_SMI,GPU_4,1474.1,142.0,88.0
1781846223.29,ROCM_SMI,GPU_5,1474.1,137.0,100.0
1781846223.29,ROCM_SMI,GPU_6,1474.1,145.0,100.0
1781846223.29,ROCM_SMI,GPU_7,1474.1,140.0,100.0
1781846225.48,ROCM_SMI,GPU_0,1474.1,145.0,100.0
1781846225.48,ROCM_SMI,GPU_1,1474.1,146.0,100.0
1781846225.48,ROCM_SMI,GPU_2,1474.1,148.0,100.0
1781846225.48,ROCM_SMI,GPU_3,1474.1,145.0,100.0
1781846225.48,ROCM_SMI,GPU_4,1474.1,144.0,89.0
1781846225.48,ROCM_SMI,GPU_5,1474.1,137.0,100.0
1781846225.48,ROCM_SMI,GPU_6,1474.1,138.0,100.0
1781846225.48,ROCM_SMI,GPU_7,1474.1,137.0,100.0
1781846227.67,ROCM_SMI,GPU_0,1474.1,149.0,100.0
1781846227.67,ROCM_SMI,GPU_1,1474.1,141.0,100.0
1781846227.67,ROCM_SMI,GPU_2,1474.1,148.0,100.0
1781846227.67,ROCM_SMI,GPU_3,1474.1,147.0,100.0
1781846227.67,ROCM_SMI,GPU_4,1474.1,145.0,100.0
1781846227.67,ROCM_SMI,GPU_5,1474.1,141.0,100.0
1781846227.67,ROCM_SMI,GPU_6,1474.1,138.0,87.0
1781846227.67,ROCM_SMI,GPU_7,1474.1,139.0,100.0
1781846229.87,ROCM_SMI,GPU_0,1474.1,150.0,100.0
1781846229.87,ROCM_SMI,GPU_1,1474.1,141.0,100.0
1781846229.87,ROCM_SMI,GPU_2,1474.1,148.0,100.0
1781846229.87,ROCM_SMI,GPU_3,1474.1,145.0,100.0
1781846229.87,ROCM_SMI,GPU_4,1474.1,144.0,100.0
1781846229.87,ROCM_SMI,GPU_5,1474.1,143.0,100.0
1781846229.87,ROCM_SMI,GPU_6,1474.1,139.0,100.0
1781846229.87,ROCM_SMI,GPU_7,1474.1,139.0,87.0
1781846232.06,ROCM_SMI,GPU_0,1474.1,152.0,100.0
1781846232.06,ROCM_SMI,GPU_1,1474.1,142.0,100.0
1781846232.06,ROCM_SMI,GPU_2,1474.1,151.0,100.0
1781846232.06,ROCM_SMI,GPU_3,1474.1,145.0,100.0
1781846232.06,ROCM_SMI,GPU_4,1474.1,139.0,100.0
1781846232.06,ROCM_SMI,GPU_5,1474.1,141.0,100.0
1781846232.06,ROCM_SMI,GPU_6,1474.1,140.0,100.0
1781846232.06,ROCM_SMI,GPU_7,1474.1,138.0,100.0
1781846234.25,ROCM_SMI,GPU_0,1474.1,150.0,100.0
1781846234.25,ROCM_SMI,GPU_1,1474.1,140.0,100.0
1781846234.25,ROCM_SMI,GPU_2,1474.1,147.0,100.0
1781846234.25,ROCM_SMI,GPU_3,1474.1,147.0,100.0
1781846234.25,ROCM_SMI,GPU_4,1474.1,140.0,100.0
1781846234.25,ROCM_SMI,GPU_5,1474.1,142.0,100.0
1781846234.25,ROCM_SMI,GPU_6,1474.1,141.0,100.0
1781846234.25,ROCM_SMI,GPU_7,1474.1,139.0,100.0
1781846236.44,ROCM_SMI,GPU_0,1474.1,150.0,100.0
1781846236.44,ROCM_SMI,GPU_1,1474.1,139.0,100.0
1781846236.44,ROCM_SMI,GPU_2,1474.1,147.0,100.0
1781846236.44,ROCM_SMI,GPU_3,1474.1,145.0,100.0
1781846236.44,ROCM_SMI,GPU_4,1474.1,141.0,100.0
1781846236.44,ROCM_SMI,GPU_5,1474.1,143.0,100.0
1781846236.44,ROCM_SMI,GPU_6,1474.1,142.0,100.0
1781846236.44,ROCM_SMI,GPU_7,1474.1,139.0,100.0
1781846238.63,ROCM_SMI,GPU_0,1474.1,148.0,92.0
1781846238.63,ROCM_SMI,GPU_1,1474.1,139.0,99.0
1781846238.63,ROCM_SMI,GPU_2,1474.1,141.0,100.0
1781846238.63,ROCM_SMI,GPU_3,1474.1,145.0,100.0
1781846238.63,ROCM_SMI,GPU_4,1474.1,140.0,100.0
1781846238.63,ROCM_SMI,GPU_5,1474.1,139.0,100.0
1781846238.63,ROCM_SMI,GPU_6,1474.1,144.0,100.0
1781846238.63,ROCM_SMI,GPU_7,1474.1,139.0,100.0
1781846240.83,ROCM_SMI,GPU_0,1474.1,144.0,100.0
1781846240.83,ROCM_SMI,GPU_1,1474.1,141.0,81.0
1781846240.83,ROCM_SMI,GPU_2,1474.1,141.0,100.0
1781846240.83,ROCM_SMI,GPU_3,1474.1,146.0,100.0
1781846240.83,ROCM_SMI,GPU_4,1474.1,144.0,100.0
1781846240.83,ROCM_SMI,GPU_5,1474.1,138.0,100.0
1781846240.83,ROCM_SMI,GPU_6,1474.1,143.0,100.0
1781846240.83,ROCM_SMI,GPU_7,1474.1,139.0,100.0
1781846243.02,ROCM_SMI,GPU_0,1474.1,152.0,100.0
1781846243.02,ROCM_SMI,GPU_1,1474.1,140.0,84.0
1781846243.02,ROCM_SMI,GPU_2,1474.1,145.0,100.0
1781846243.02,ROCM_SMI,GPU_3,1474.1,145.0,100.0
1781846243.02,ROCM_SMI,GPU_4,1474.1,140.0,100.0
1781846243.02,ROCM_SMI,GPU_5,1474.1,142.0,100.0
1781846243.02,ROCM_SMI,GPU_6,1474.1,141.0,100.0
1781846243.02,ROCM_SMI,GPU_7,1474.1,140.0,100.0
1781846245.21,ROCM_SMI,GPU_0,1474.1,146.0,100.0
1781846245.21,ROCM_SMI,GPU_1,1474.1,141.0,100.0
1781846245.21,ROCM_SMI,GPU_2,1474.1,140.0,82.0
1781846245.21,ROCM_SMI,GPU_3,1474.1,146.0,100.0
1781846245.21,ROCM_SMI,GPU_4,1474.1,143.0,100.0
1781846245.21,ROCM_SMI,GPU_5,1474.1,138.0,100.0
1781846245.21,ROCM_SMI,GPU_6,1474.1,145.0,100.0
1781846245.21,ROCM_SMI,GPU_7,1474.1,138.0,100.0
1781846247.40,ROCM_SMI,GPU_0,1474.1,146.0,100.0
1781846247.40,ROCM_SMI,GPU_1,1474.1,140.0,100.0
1781846247.40,ROCM_SMI,GPU_2,1474.1,145.0,82.0
1781846247.40,ROCM_SMI,GPU_3,1474.1,145.0,100.0
1781846247.40,ROCM_SMI,GPU_4,1474.1,145.0,100.0
1781846247.40,ROCM_SMI,GPU_5,1474.1,141.0,100.0
1781846247.40,ROCM_SMI,GPU_6,1474.1,140.0,100.0
1781846247.40,ROCM_SMI,GPU_7,1474.1,138.0,100.0
1781846249.60,ROCM_SMI,GPU_0,1474.1,147.0,100.0
1781846249.60,ROCM_SMI,GPU_1,1474.1,140.0,100.0
1781846249.60,ROCM_SMI,GPU_2,1474.1,143.0,84.0
1781846249.60,ROCM_SMI,GPU_3,1474.1,146.0,92.0
1781846249.60,ROCM_SMI,GPU_4,1474.1,146.0,100.0
1781846249.60,ROCM_SMI,GPU_5,1474.1,133.0,100.0
1781846249.60,ROCM_SMI,GPU_6,1474.1,149.0,100.0
1781846249.60,ROCM_SMI,GPU_7,1474.1,140.0,100.0
1781846251.79,ROCM_SMI,GPU_0,1474.1,148.0,100.0
1781846251.79,ROCM_SMI,GPU_1,1474.1,140.0,100.0
1781846251.79,ROCM_SMI,GPU_2,1474.1,146.0,88.0
1781846251.79,ROCM_SMI,GPU_3,1474.1,144.0,96.0
1781846251.79,ROCM_SMI,GPU_4,1474.1,143.0,100.0
1781846251.79,ROCM_SMI,GPU_5,1474.1,142.0,100.0
1781846251.79,ROCM_SMI,GPU_6,1474.1,139.0,100.0
1781846251.79,ROCM_SMI,GPU_7,1474.1,140.0,100.0
1781846253.99,ROCM_SMI,GPU_0,1474.1,148.0,100.0
1781846253.99,ROCM_SMI,GPU_1,1474.1,139.0,88.0
1781846253.99,ROCM_SMI,GPU_2,1474.1,143.0,100.0
1781846253.99,ROCM_SMI,GPU_3,1474.1,147.0,100.0
1781846253.99,ROCM_SMI,GPU_4,1474.1,140.0,100.0
1781846253.99,ROCM_SMI,GPU_5,1474.1,140.0,100.0
1781846253.99,ROCM_SMI,GPU_6,1474.1,143.0,100.0
1781846253.99,ROCM_SMI,GPU_7,1474.1,139.0,100.0
1781846256.18,ROCM_SMI,GPU_0,1474.1,145.0,100.0
1781846256.18,ROCM_SMI,GPU_1,1474.1,141.0,100.0
1781846256.18,ROCM_SMI,GPU_2,1474.1,141.0,100.0
1781846256.18,ROCM_SMI,GPU_3,1474.1,147.0,94.0
1781846256.18,ROCM_SMI,GPU_4,1474.1,143.0,100.0
1781846256.18,ROCM_SMI,GPU_5,1474.1,138.0,100.0
1781846256.18,ROCM_SMI,GPU_6,1474.1,144.0,100.0
1781846256.18,ROCM_SMI,GPU_7,1474.1,138.0,100.0
1781846258.37,ROCM_SMI,GPU_0,1474.1,149.0,100.0
1781846258.37,ROCM_SMI,GPU_1,1474.1,137.0,100.0
1781846258.37,ROCM_SMI,GPU_2,1474.1,146.0,97.0
1781846258.37,ROCM_SMI,GPU_3,1474.1,144.0,100.0
1781846258.37,ROCM_SMI,GPU_4,1474.1,141.0,100.0
1781846258.37,ROCM_SMI,GPU_5,1474.1,143.0,100.0
1781846258.37,ROCM_SMI,GPU_6,1474.1,140.0,100.0
1781846258.37,ROCM_SMI,GPU_7,1474.1,138.0,100.0
1781846260.58,ROCM_SMI,GPU_0,1474.1,138.0,100.0
1781846260.58,ROCM_SMI,GPU_1,1474.1,146.0,100.0
1781846260.58,ROCM_SMI,GPU_2,1474.1,139.0,100.0
1781846260.58,ROCM_SMI,GPU_3,1474.1,147.0,100.0
1781846260.58,ROCM_SMI,GPU_4,1474.1,143.0,100.0
1781846260.58,ROCM_SMI,GPU_5,1474.1,133.0,100.0
1781846260.58,ROCM_SMI,GPU_6,1474.1,143.0,100.0
1781846260.58,ROCM_SMI,GPU_7,1474.1,139.0,100.0
1781846262.78,ROCM_SMI,GPU_0,1474.1,146.0,100.0
1781846262.78,ROCM_SMI,GPU_1,1474.1,142.0,100.0
1781846262.78,ROCM_SMI,GPU_2,1474.1,145.0,100.0
1781846262.78,ROCM_SMI,GPU_3,1474.1,146.0,100.0
1781846262.78,ROCM_SMI,GPU_4,1474.1,144.0,100.0
1781846262.78,ROCM_SMI,GPU_5,1474.1,139.0,100.0
1781846262.78,ROCM_SMI,GPU_6,1474.1,142.0,100.0
1781846262.78,ROCM_SMI,GPU_7,1474.1,138.0,100.0
1781846264.97,ROCM_SMI,GPU_0,1474.1,150.0,100.0
1781846264.97,ROCM_SMI,GPU_1,1474.1,141.0,100.0
1781846264.97,ROCM_SMI,GPU_2,1474.1,148.0,100.0
1781846264.97,ROCM_SMI,GPU_3,1474.1,145.0,100.0
1781846264.97,ROCM_SMI,GPU_4,1474.1,143.0,100.0
1781846264.97,ROCM_SMI,GPU_5,1474.1,142.0,100.0
1781846264.97,ROCM_SMI,GPU_6,1474.1,140.0,100.0
1781846264.97,ROCM_SMI,GPU_7,1474.1,138.0,100.0
1781846267.17,ROCM_SMI,GPU_0,1474.1,147.0,100.0
1781846267.17,ROCM_SMI,GPU_1,1474.1,140.0,100.0
1781846267.17,ROCM_SMI,GPU_2,1474.1,143.0,100.0
1781846267.17,ROCM_SMI,GPU_3,1474.1,146.0,100.0
1781846267.17,ROCM_SMI,GPU_4,1474.1,141.0,100.0
1781846267.17,ROCM_SMI,GPU_5,1474.1,139.0,100.0
1781846267.17,ROCM_SMI,GPU_6,1474.1,144.0,100.0
1781846267.17,ROCM_SMI,GPU_7,1474.1,139.0,100.0
1781846269.36,ROCM_SMI,GPU_0,1474.1,146.0,100.0
1781846269.36,ROCM_SMI,GPU_1,1474.1,142.0,100.0
1781846269.36,ROCM_SMI,GPU_2,1474.1,147.0,100.0
1781846269.36,ROCM_SMI,GPU_3,1474.1,146.0,100.0
1781846269.36,ROCM_SMI,GPU_4,1474.1,144.0,100.0
1781846269.36,ROCM_SMI,GPU_5,1474.1,141.0,100.0
1781846269.36,ROCM_SMI,GPU_6,1474.1,139.0,100.0
1781846269.36,ROCM_SMI,GPU_7,1474.1,138.0,100.0
1781846271.56,ROCM_SMI,GPU_0,1474.1,144.0,100.0
1781846271.56,ROCM_SMI,GPU_1,1474.1,141.0,100.0
1781846271.56,ROCM_SMI,GPU_2,1474.1,144.0,100.0
1781846271.56,ROCM_SMI,GPU_3,1474.1,149.0,100.0
1781846271.56,ROCM_SMI,GPU_4,1474.1,144.0,100.0
1781846271.56,ROCM_SMI,GPU_5,1474.1,138.0,100.0
1781846271.56,ROCM_SMI,GPU_6,1474.1,143.0,100.0
1781846271.56,ROCM_SMI,GPU_7,1474.1,138.0,100.0
1781846273.75,ROCM_SMI,GPU_0,1474.1,151.0,100.0
1781846273.75,ROCM_SMI,GPU_1,1474.1,141.0,100.0
1781846273.75,ROCM_SMI,GPU_2,1474.1,147.0,100.0
1781846273.75,ROCM_SMI,GPU_3,1474.1,146.0,100.0
1781846273.75,ROCM_SMI,GPU_4,1474.1,142.0,100.0
1781846273.75,ROCM_SMI,GPU_5,1474.1,143.0,100.0
1781846273.75,ROCM_SMI,GPU_6,1474.1,139.0,100.0
1781846273.75,ROCM_SMI,GPU_7,1474.1,140.0,100.0
1781846275.95,ROCM_SMI,GPU_0,1474.1,147.0,100.0
1781846275.95,ROCM_SMI,GPU_1,1474.1,140.0,100.0
1781846275.95,ROCM_SMI,GPU_2,1474.1,143.0,100.0
1781846275.95,ROCM_SMI,GPU_3,1474.1,146.0,100.0
1781846275.95,ROCM_SMI,GPU_4,1474.1,140.0,100.0
1781846275.95,ROCM_SMI,GPU_5,1474.1,139.0,100.0
1781846275.95,ROCM_SMI,GPU_6,1474.1,144.0,100.0
1781846275.95,ROCM_SMI,GPU_7,1474.1,138.0,100.0
1781846278.14,ROCM_SMI,GPU_0,1474.1,151.0,100.0
1781846278.14,ROCM_SMI,GPU_1,1474.1,141.0,100.0
1781846278.14,ROCM_SMI,GPU_2,1474.1,149.0,100.0
1781846278.14,ROCM_SMI,GPU_3,1474.1,145.0,100.0
1781846278.14,ROCM_SMI,GPU_4,1474.1,142.0,100.0
1781846278.14,ROCM_SMI,GPU_5,1474.1,143.0,100.0
1781846278.14,ROCM_SMI,GPU_6,1474.1,140.0,100.0
1781846278.14,ROCM_SMI,GPU_7,1474.1,140.0,97.0
1781846280.33,ROCM_SMI,GPU_0,1474.1,147.0,100.0
1781846280.33,ROCM_SMI,GPU_1,1474.1,141.0,100.0
1781846280.33,ROCM_SMI,GPU_2,1474.1,146.0,100.0
1781846280.33,ROCM_SMI,GPU_3,1474.1,147.0,100.0
1781846280.33,ROCM_SMI,GPU_4,1474.1,145.0,100.0
1781846280.33,ROCM_SMI,GPU_5,1474.1,140.0,100.0
1781846280.33,ROCM_SMI,GPU_6,1474.1,139.0,100.0
1781846280.33,ROCM_SMI,GPU_7,1474.1,138.0,79.0
1781846282.52,ROCM_SMI,GPU_0,1474.1,147.0,100.0
1781846282.52,ROCM_SMI,GPU_1,1474.1,142.0,100.0
1781846282.52,ROCM_SMI,GPU_2,1474.1,142.0,100.0
1781846282.52,ROCM_SMI,GPU_3,1474.1,147.0,100.0
1781846282.52,ROCM_SMI,GPU_4,1474.1,140.0,100.0
1781846282.52,ROCM_SMI,GPU_5,1474.1,140.0,100.0
1781846282.52,ROCM_SMI,GPU_6,1474.1,143.0,100.0
1781846282.52,ROCM_SMI,GPU_7,1474.1,139.0,87.0
1781846284.72,ROCM_SMI,GPU_0,1474.1,150.0,100.0
1781846284.72,ROCM_SMI,GPU_1,1474.1,141.0,100.0
1781846284.72,ROCM_SMI,GPU_2,1474.1,148.0,100.0
1781846284.72,ROCM_SMI,GPU_3,1474.1,146.0,100.0
1781846284.72,ROCM_SMI,GPU_4,1474.1,143.0,100.0
1781846284.72,ROCM_SMI,GPU_5,1474.1,140.0,100.0
1781846284.72,ROCM_SMI,GPU_6,1474.1,139.0,100.0
1781846284.72,ROCM_SMI,GPU_7,1474.1,136.0,83.0
1781846286.91,ROCM_SMI,GPU_0,1474.1,147.0,100.0
1781846286.91,ROCM_SMI,GPU_1,1474.1,140.0,100.0
1781846286.91,ROCM_SMI,GPU_2,1474.1,143.0,100.0
1781846286.91,ROCM_SMI,GPU_3,1474.1,147.0,100.0
1781846286.91,ROCM_SMI,GPU_4,1474.1,140.0,100.0
1781846286.91,ROCM_SMI,GPU_5,1474.1,140.0,100.0
1781846286.91,ROCM_SMI,GPU_6,1474.1,144.0,100.0
1781846286.91,ROCM_SMI,GPU_7,1474.1,139.0,87.0
1781846289.11,ROCM_SMI,GPU_0,1474.1,150.0,100.0
1781846289.11,ROCM_SMI,GPU_1,1474.1,142.0,100.0
1781846289.11,ROCM_SMI,GPU_2,1474.1,148.0,100.0
1781846289.11,ROCM_SMI,GPU_3,1474.1,145.0,100.0
1781846289.11,ROCM_SMI,GPU_4,1474.1,144.0,100.0
1781846289.11,ROCM_SMI,GPU_5,1474.1,141.0,88.0
1781846289.11,ROCM_SMI,GPU_6,1474.1,139.0,100.0
1781846289.11,ROCM_SMI,GPU_7,1474.1,140.0,100.0
1781846291.30,ROCM_SMI,GPU_0,1474.1,149.0,100.0
1781846291.30,ROCM_SMI,GPU_1,1474.1,140.0,100.0
1781846291.30,ROCM_SMI,GPU_2,1474.1,145.0,100.0
1781846291.30,ROCM_SMI,GPU_3,1474.1,148.0,100.0
1781846291.30,ROCM_SMI,GPU_4,1474.1,141.0,100.0
1781846291.30,ROCM_SMI,GPU_5,1474.1,141.0,100.0
1781846291.30,ROCM_SMI,GPU_6,1474.1,144.0,82.0
1781846291.30,ROCM_SMI,GPU_7,1474.1,139.0,100.0
1781846293.49,ROCM_SMI,GPU_0,1474.1,145.0,100.0
1781846293.49,ROCM_SMI,GPU_1,1474.1,144.0,100.0
1781846293.49,ROCM_SMI,GPU_2,1474.1,146.0,100.0
1781846293.49,ROCM_SMI,GPU_3,1474.1,146.0,100.0
1781846293.49,ROCM_SMI,GPU_4,1474.1,145.0,100.0
1781846293.49,ROCM_SMI,GPU_5,1474.1,138.0,100.0
1781846293.49,ROCM_SMI,GPU_6,1474.1,141.0,95.0
1781846293.49,ROCM_SMI,GPU_7,1474.1,137.0,100.0
1781846295.68,ROCM_SMI,GPU_0,1474.1,148.0,100.0
1781846295.68,ROCM_SMI,GPU_1,1474.1,139.0,100.0
1781846295.68,ROCM_SMI,GPU_2,1474.1,144.0,100.0
1781846295.68,ROCM_SMI,GPU_3,1474.1,148.0,100.0
1781846295.68,ROCM_SMI,GPU_4,1474.1,139.0,100.0
1781846295.68,ROCM_SMI,GPU_5,1474.1,141.0,100.0
1781846295.68,ROCM_SMI,GPU_6,1474.1,144.0,91.0
1781846295.68,ROCM_SMI,GPU_7,1474.1,140.0,100.0
1781846297.88,ROCM_SMI,GPU_0,1474.1,147.0,100.0
1781846297.88,ROCM_SMI,GPU_1,1474.1,142.0,100.0
1781846297.88,ROCM_SMI,GPU_2,1474.1,146.0,100.0
1781846297.88,ROCM_SMI,GPU_3,1474.1,147.0,100.0
1781846297.88,ROCM_SMI,GPU_4,1474.1,144.0,100.0
1781846297.88,ROCM_SMI,GPU_5,1474.1,140.0,100.0
1781846297.88,ROCM_SMI,GPU_6,1474.1,140.0,87.0
1781846297.88,ROCM_SMI,GPU_7,1474.1,137.0,100.0
1781846300.08,ROCM_SMI,GPU_0,1474.1,146.0,100.0
1781846300.08,ROCM_SMI,GPU_1,1474.1,138.0,100.0
1781846300.08,ROCM_SMI,GPU_2,1474.1,142.0,100.0
1781846300.08,ROCM_SMI,GPU_3,1474.1,142.0,100.0
1781846300.08,ROCM_SMI,GPU_4,1474.1,133.0,100.0
1781846300.08,ROCM_SMI,GPU_5,1474.1,127.0,81.0
1781846300.08,ROCM_SMI,GPU_6,1474.1,149.0,100.0
1781846300.08,ROCM_SMI,GPU_7,1474.1,180.0,100.0
1781846302.27,ROCM_SMI,GPU_0,1474.1,150.0,100.0
1781846302.27,ROCM_SMI,GPU_1,1474.1,142.0,100.0
1781846302.27,ROCM_SMI,GPU_2,1474.1,148.0,100.0
1781846302.27,ROCM_SMI,GPU_3,1474.1,145.0,100.0
1781846302.27,ROCM_SMI,GPU_4,1474.1,142.0,98.0
1781846302.27,ROCM_SMI,GPU_5,1474.1,140.0,100.0
1781846302.27,ROCM_SMI,GPU_6,1474.1,140.0,100.0
1781846302.27,ROCM_SMI,GPU_7,1474.1,141.0,100.0
1781846304.49,ROCM_SMI,GPU_0,1474.1,151.0,89.0
1781846304.49,ROCM_SMI,GPU_1,1474.1,141.0,100.0
1781846304.49,ROCM_SMI,GPU_2,1474.1,148.0,100.0
1781846304.49,ROCM_SMI,GPU_3,1474.1,147.0,100.0
1781846304.49,ROCM_SMI,GPU_4,1474.1,142.0,100.0
1781846304.49,ROCM_SMI,GPU_5,1474.1,144.0,100.0
1781846304.49,ROCM_SMI,GPU_6,1474.1,141.0,100.0
1781846304.49,ROCM_SMI,GPU_7,1474.1,139.0,100.0
1781846306.68,ROCM_SMI,GPU_0,1474.1,146.0,85.0
1781846306.68,ROCM_SMI,GPU_1,1474.1,140.0,100.0
1781846306.68,ROCM_SMI,GPU_2,1474.1,142.0,100.0
1781846306.68,ROCM_SMI,GPU_3,1474.1,146.0,100.0
1781846306.68,ROCM_SMI,GPU_4,1474.1,140.0,100.0
1781846306.68,ROCM_SMI,GPU_5,1474.1,140.0,100.0
1781846306.68,ROCM_SMI,GPU_6,1474.1,143.0,100.0
1781846306.68,ROCM_SMI,GPU_7,1474.1,139.0,100.0
1781846308.87,ROCM_SMI,GPU_0,1474.1,145.0,96.0
1781846308.87,ROCM_SMI,GPU_1,1474.1,141.0,100.0
1781846308.87,ROCM_SMI,GPU_2,1474.1,144.0,100.0
1781846308.87,ROCM_SMI,GPU_3,1474.1,146.0,100.0
1781846308.87,ROCM_SMI,GPU_4,1474.1,145.0,100.0
1781846308.87,ROCM_SMI,GPU_5,1474.1,138.0,100.0
1781846308.87,ROCM_SMI,GPU_6,1474.1,142.0,100.0
1781846308.87,ROCM_SMI,GPU_7,1474.1,139.0,100.0
1781846311.07,ROCM_SMI,GPU_0,1474.1,148.0,100.0
1781846311.07,ROCM_SMI,GPU_1,1474.1,140.0,100.0
1781846311.07,ROCM_SMI,GPU_2,1474.1,147.0,100.0
1781846311.07,ROCM_SMI,GPU_3,1474.1,145.0,100.0
1781846311.07,ROCM_SMI,GPU_4,1474.1,143.0,100.0
1781846311.07,ROCM_SMI,GPU_5,1474.1,142.0,100.0
1781846311.07,ROCM_SMI,GPU_6,1474.1,139.0,100.0
1781846311.07,ROCM_SMI,GPU_7,1474.1,137.0,100.0
1781846313.26,ROCM_SMI,GPU_0,1474.1,148.0,85.0
1781846313.26,ROCM_SMI,GPU_1,1474.1,139.0,100.0
1781846313.26,ROCM_SMI,GPU_2,1474.1,144.0,100.0
1781846313.26,ROCM_SMI,GPU_3,1474.1,149.0,100.0
1781846313.26,ROCM_SMI,GPU_4,1474.1,138.0,100.0
1781846313.26,ROCM_SMI,GPU_5,1474.1,141.0,100.0
1781846313.26,ROCM_SMI,GPU_6,1474.1,144.0,100.0
1781846313.26,ROCM_SMI,GPU_7,1474.1,141.0,100.0
1781846315.46,ROCM_SMI,GPU_0,1474.1,137.0,85.0
1781846315.46,ROCM_SMI,GPU_1,1474.1,131.0,100.0
1781846315.46,ROCM_SMI,GPU_2,1474.1,156.0,100.0
1781846315.46,ROCM_SMI,GPU_3,1474.1,148.0,100.0
1781846315.46,ROCM_SMI,GPU_4,1474.1,144.0,100.0
1781846315.46,ROCM_SMI,GPU_5,1474.1,143.0,100.0
1781846315.46,ROCM_SMI,GPU_6,1474.1,137.0,100.0
1781846315.46,ROCM_SMI,GPU_7,1474.1,138.0,100.0
1781846317.65,ROCM_SMI,GPU_0,1474.1,145.0,100.0
1781846317.65,ROCM_SMI,GPU_1,1474.1,140.0,100.0
1781846317.65,ROCM_SMI,GPU_2,1474.1,143.0,100.0
1781846317.65,ROCM_SMI,GPU_3,1474.1,147.0,100.0
1781846317.65,ROCM_SMI,GPU_4,1474.1,141.0,100.0
1781846317.65,ROCM_SMI,GPU_5,1474.1,139.0,100.0
1781846317.65,ROCM_SMI,GPU_6,1474.1,144.0,100.0
1781846317.65,ROCM_SMI,GPU_7,1474.1,139.0,100.0
1781846319.84,ROCM_SMI,GPU_0,1474.1,148.0,100.0
1781846319.84,ROCM_SMI,GPU_1,1474.1,141.0,100.0
1781846319.84,ROCM_SMI,GPU_2,1474.1,147.0,100.0
1781846319.84,ROCM_SMI,GPU_3,1474.1,145.0,100.0
1781846319.84,ROCM_SMI,GPU_4,1474.1,145.0,100.0
1781846319.84,ROCM_SMI,GPU_5,1474.1,142.0,100.0
1781846319.84,ROCM_SMI,GPU_6,1474.1,139.0,100.0
1781846319.84,ROCM_SMI,GPU_7,1474.1,138.0,100.0
1781846322.04,ROCM_SMI,GPU_0,1474.1,145.0,100.0
1781846322.04,ROCM_SMI,GPU_1,1474.1,140.0,100.0
1781846322.04,ROCM_SMI,GPU_2,1474.1,141.0,100.0
1781846322.04,ROCM_SMI,GPU_3,1474.1,147.0,100.0
1781846322.04,ROCM_SMI,GPU_4,1474.1,141.0,100.0
1781846322.04,ROCM_SMI,GPU_5,1474.1,139.0,100.0
1781846322.04,ROCM_SMI,GPU_6,1474.1,144.0,100.0
1781846322.04,ROCM_SMI,GPU_7,1474.1,139.0,100.0
1781846324.23,ROCM_SMI,GPU_0,1474.1,145.0,85.0
1781846324.23,ROCM_SMI,GPU_1,1474.1,141.0,100.0
1781846324.23,ROCM_SMI,GPU_2,1474.1,145.0,100.0
1781846324.23,ROCM_SMI,GPU_3,1474.1,146.0,100.0
1781846324.23,ROCM_SMI,GPU_4,1474.1,144.0,100.0
1781846324.23,ROCM_SMI,GPU_5,1474.1,139.0,100.0
1781846324.23,ROCM_SMI,GPU_6,1474.1,141.0,100.0
1781846324.23,ROCM_SMI,GPU_7,1474.1,138.0,100.0
1781846326.42,ROCM_SMI,GPU_0,1474.1,149.0,94.0
1781846326.42,ROCM_SMI,GPU_1,1474.1,140.0,93.0
1781846326.42,ROCM_SMI,GPU_2,1474.1,147.0,100.0
1781846326.42,ROCM_SMI,GPU_3,1474.1,146.0,100.0
1781846326.42,ROCM_SMI,GPU_4,1474.1,144.0,100.0
1781846326.42,ROCM_SMI,GPU_5,1474.1,143.0,100.0
1781846326.42,ROCM_SMI,GPU_6,1474.1,139.0,100.0
1781846326.42,ROCM_SMI,GPU_7,1474.1,140.0,100.0
1781846328.62,ROCM_SMI,GPU_0,1474.1,169.0,100.0
1781846328.62,ROCM_SMI,GPU_1,1474.1,186.0,100.0
1781846328.62,ROCM_SMI,GPU_2,1474.1,145.0,100.0
1781846328.62,ROCM_SMI,GPU_3,1474.1,141.0,100.0
1781846328.62,ROCM_SMI,GPU_4,1474.1,140.0,100.0
1781846328.62,ROCM_SMI,GPU_5,1474.1,140.0,100.0
1781846328.62,ROCM_SMI,GPU_6,1474.1,138.0,100.0
1781846328.62,ROCM_SMI,GPU_7,1474.1,135.0,100.0
1781846330.82,ROCM_SMI,GPU_0,1474.1,150.0,100.0
1781846330.82,ROCM_SMI,GPU_1,1474.1,142.0,100.0
1781846330.82,ROCM_SMI,GPU_2,1474.1,147.0,100.0
1781846330.82,ROCM_SMI,GPU_3,1474.1,147.0,100.0
1781846330.82,ROCM_SMI,GPU_4,1474.1,142.0,100.0
1781846330.82,ROCM_SMI,GPU_5,1474.1,148.0,100.0
1781846330.82,ROCM_SMI,GPU_6,1474.1,145.0,100.0
1781846330.82,ROCM_SMI,GPU_7,1474.1,142.0,100.0
1781846333.01,ROCM_SMI,GPU_0,1474.1,149.0,100.0
1781846333.01,ROCM_SMI,GPU_1,1474.1,141.0,100.0
1781846333.01,ROCM_SMI,GPU_2,1474.1,144.0,100.0
1781846333.01,ROCM_SMI,GPU_3,1474.1,147.0,100.0
1781846333.01,ROCM_SMI,GPU_4,1474.1,140.0,100.0
1781846333.01,ROCM_SMI,GPU_5,1474.1,141.0,100.0
1781846333.01,ROCM_SMI,GPU_6,1474.1,143.0,100.0
1781846333.01,ROCM_SMI,GPU_7,1474.1,139.0,100.0
1781846335.20,ROCM_SMI,GPU_0,1474.1,143.0,85.0
1781846335.20,ROCM_SMI,GPU_1,1474.1,140.0,100.0
1781846335.20,ROCM_SMI,GPU_2,1474.1,143.0,100.0
1781846335.20,ROCM_SMI,GPU_3,1474.1,147.0,100.0
1781846335.20,ROCM_SMI,GPU_4,1474.1,144.0,100.0
1781846335.20,ROCM_SMI,GPU_5,1474.1,138.0,100.0
1781846335.20,ROCM_SMI,GPU_6,1474.1,143.0,100.0
1781846335.20,ROCM_SMI,GPU_7,1474.1,139.0,100.0
1781846337.39,ROCM_SMI,GPU_0,1474.1,147.0,85.0
1781846337.39,ROCM_SMI,GPU_1,1474.1,140.0,100.0
1781846337.39,ROCM_SMI,GPU_2,1474.1,148.0,100.0
1781846337.39,ROCM_SMI,GPU_3,1474.1,146.0,100.0
1781846337.39,ROCM_SMI,GPU_4,1474.1,144.0,100.0
1781846337.39,ROCM_SMI,GPU_5,1474.1,142.0,100.0
1781846337.39,ROCM_SMI,GPU_6,1474.1,139.0,100.0
1781846337.39,ROCM_SMI,GPU_7,1474.1,139.0,100.0
1781846339.59,ROCM_SMI,GPU_0,1474.1,147.0,100.0
1781846339.59,ROCM_SMI,GPU_1,1474.1,139.0,100.0
1781846339.59,ROCM_SMI,GPU_2,1474.1,143.0,100.0
1781846339.59,ROCM_SMI,GPU_3,1474.1,146.0,100.0
1781846339.59,ROCM_SMI,GPU_4,1474.1,138.0,100.0
1781846339.59,ROCM_SMI,GPU_5,1474.1,137.0,100.0
1781846339.59,ROCM_SMI,GPU_6,1474.1,141.0,100.0
1781846339.59,ROCM_SMI,GPU_7,1474.1,136.0,100.0
1781846341.82,ROCM_SMI,GPU_0,1474.1,146.0,100.0
1781846341.82,ROCM_SMI,GPU_1,1474.1,142.0,94.0
1781846341.82,ROCM_SMI,GPU_2,1474.1,145.0,100.0
1781846341.82,ROCM_SMI,GPU_3,1474.1,146.0,100.0
1781846341.82,ROCM_SMI,GPU_4,1474.1,145.0,100.0
1781846341.82,ROCM_SMI,GPU_5,1474.1,141.0,100.0
1781846341.82,ROCM_SMI,GPU_6,1474.1,140.0,100.0
1781846341.82,ROCM_SMI,GPU_7,1474.1,138.0,100.0
1781846344.01,ROCM_SMI,GPU_0,1474.1,148.0,100.0
1781846344.01,ROCM_SMI,GPU_1,1474.1,139.0,100.0
1781846344.01,ROCM_SMI,GPU_2,1474.1,143.0,89.0
1781846344.01,ROCM_SMI,GPU_3,1474.1,147.0,100.0
1781846344.01,ROCM_SMI,GPU_4,1474.1,139.0,100.0
1781846344.01,ROCM_SMI,GPU_5,1474.1,141.0,100.0
1781846344.01,ROCM_SMI,GPU_6,1474.1,144.0,100.0
1781846344.01,ROCM_SMI,GPU_7,1474.1,140.0,100.0
1781846346.21,ROCM_SMI,GPU_0,1474.1,144.0,100.0
1781846346.21,ROCM_SMI,GPU_1,1474.1,140.0,100.0
1781846346.21,ROCM_SMI,GPU_2,1474.1,142.0,84.0
1781846346.21,ROCM_SMI,GPU_3,1474.1,145.0,100.0
1781846346.21,ROCM_SMI,GPU_4,1474.1,144.0,100.0
1781846346.21,ROCM_SMI,GPU_5,1474.1,139.0,100.0
1781846346.21,ROCM_SMI,GPU_6,1474.1,142.0,100.0
1781846346.21,ROCM_SMI,GPU_7,1474.1,138.0,100.0
1781846348.40,ROCM_SMI,GPU_0,1474.1,146.0,100.0
1781846348.40,ROCM_SMI,GPU_1,1474.1,140.0,100.0
1781846348.40,ROCM_SMI,GPU_2,1474.1,143.0,100.0
1781846348.40,ROCM_SMI,GPU_3,1474.1,146.0,82.0
1781846348.40,ROCM_SMI,GPU_4,1474.1,143.0,100.0
1781846348.40,ROCM_SMI,GPU_5,1474.1,139.0,100.0
1781846348.40,ROCM_SMI,GPU_6,1474.1,141.0,100.0
1781846348.40,ROCM_SMI,GPU_7,1474.1,137.0,100.0
1781846350.59,ROCM_SMI,GPU_0,1474.1,147.0,100.0
1781846350.59,ROCM_SMI,GPU_1,1474.1,141.0,100.0
1781846350.59,ROCM_SMI,GPU_2,1474.1,145.0,100.0
1781846350.59,ROCM_SMI,GPU_3,1474.1,147.0,100.0
1781846350.59,ROCM_SMI,GPU_4,1474.1,143.0,100.0
1781846350.59,ROCM_SMI,GPU_5,1474.1,138.0,100.0
1781846350.59,ROCM_SMI,GPU_6,1474.1,140.0,100.0
1781846350.59,ROCM_SMI,GPU_7,1474.1,138.0,100.0
1781846352.78,ROCM_SMI,GPU_0,1474.1,146.0,100.0
1781846352.78,ROCM_SMI,GPU_1,1474.1,143.0,100.0
1781846352.78,ROCM_SMI,GPU_2,1474.1,145.0,100.0
1781846352.78,ROCM_SMI,GPU_3,1474.1,149.0,100.0
1781846352.78,ROCM_SMI,GPU_4,1474.1,145.0,100.0
1781846352.78,ROCM_SMI,GPU_5,1474.1,138.0,100.0
1781846352.78,ROCM_SMI,GPU_6,1474.1,141.0,80.0
1781846352.78,ROCM_SMI,GPU_7,1474.1,138.0,100.0
1781846355.00,ROCM_SMI,GPU_0,1474.1,147.0,100.0
1781846355.00,ROCM_SMI,GPU_1,1474.1,141.0,100.0
1781846355.00,ROCM_SMI,GPU_2,1474.1,145.0,100.0
1781846355.00,ROCM_SMI,GPU_3,1474.1,145.0,90.0
1781846355.00,ROCM_SMI,GPU_4,1474.1,146.0,100.0
1781846355.00,ROCM_SMI,GPU_5,1474.1,140.0,100.0
1781846355.00,ROCM_SMI,GPU_6,1474.1,140.0,100.0
1781846355.00,ROCM_SMI,GPU_7,1474.1,139.0,100.0
1781846357.19,ROCM_SMI,GPU_0,1474.1,148.0,100.0
1781846357.19,ROCM_SMI,GPU_1,1474.1,145.0,100.0
1781846357.19,ROCM_SMI,GPU_2,1474.1,148.0,100.0
1781846357.19,ROCM_SMI,GPU_3,1474.1,146.0,88.0
1781846357.19,ROCM_SMI,GPU_4,1474.1,141.0,100.0
1781846357.19,ROCM_SMI,GPU_5,1474.1,140.0,100.0
1781846357.19,ROCM_SMI,GPU_6,1474.1,138.0,100.0
1781846357.19,ROCM_SMI,GPU_7,1474.1,137.0,100.0
1781846359.38,ROCM_SMI,GPU_0,1474.1,154.0,100.0
1781846359.38,ROCM_SMI,GPU_1,1474.1,144.0,100.0
1781846359.38,ROCM_SMI,GPU_2,1474.1,149.0,100.0
1781846359.38,ROCM_SMI,GPU_3,1474.1,143.0,100.0
1781846359.38,ROCM_SMI,GPU_4,1474.1,140.0,87.0
1781846359.38,ROCM_SMI,GPU_5,1474.1,142.0,100.0
1781846359.38,ROCM_SMI,GPU_6,1474.1,142.0,100.0
1781846359.38,ROCM_SMI,GPU_7,1474.1,141.0,100.0
1781846361.58,ROCM_SMI,GPU_0,1474.1,151.0,100.0
1781846361.58,ROCM_SMI,GPU_1,1474.1,141.0,100.0
1781846361.58,ROCM_SMI,GPU_2,1474.1,146.0,100.0
1781846361.58,ROCM_SMI,GPU_3,1474.1,147.0,100.0
1781846361.58,ROCM_SMI,GPU_4,1474.1,140.0,87.0
1781846361.58,ROCM_SMI,GPU_5,1474.1,140.0,100.0
1781846361.58,ROCM_SMI,GPU_6,1474.1,143.0,100.0
1781846361.58,ROCM_SMI,GPU_7,1474.1,141.0,100.0
1781846363.77,ROCM_SMI,GPU_0,1474.1,148.0,100.0
1781846363.77,ROCM_SMI,GPU_1,1474.1,142.0,100.0
1781846363.77,ROCM_SMI,GPU_2,1474.1,145.0,100.0
1781846363.77,ROCM_SMI,GPU_3,1474.1,146.0,94.0
1781846363.77,ROCM_SMI,GPU_4,1474.1,144.0,100.0
1781846363.77,ROCM_SMI,GPU_5,1474.1,140.0,100.0
1781846363.77,ROCM_SMI,GPU_6,1474.1,139.0,100.0
1781846363.77,ROCM_SMI,GPU_7,1474.1,137.0,100.0
1781846365.96,ROCM_SMI,GPU_0,1474.1,151.0,100.0
1781846365.96,ROCM_SMI,GPU_1,1474.1,141.0,100.0
1781846365.96,ROCM_SMI,GPU_2,1474.1,146.0,100.0
1781846365.96,ROCM_SMI,GPU_3,1474.1,146.0,100.0
1781846365.96,ROCM_SMI,GPU_4,1474.1,140.0,82.0
1781846365.96,ROCM_SMI,GPU_5,1474.1,142.0,100.0
1781846365.96,ROCM_SMI,GPU_6,1474.1,141.0,100.0
1781846365.96,ROCM_SMI,GPU_7,1474.1,138.0,100.0
1781846368.16,ROCM_SMI,GPU_0,1474.1,147.0,100.0
1781846368.16,ROCM_SMI,GPU_1,1474.1,142.0,100.0
1781846368.16,ROCM_SMI,GPU_2,1474.1,143.0,100.0
1781846368.16,ROCM_SMI,GPU_3,1474.1,148.0,100.0
1781846368.16,ROCM_SMI,GPU_4,1474.1,140.0,100.0
1781846368.16,ROCM_SMI,GPU_5,1474.1,140.0,81.0
1781846368.16,ROCM_SMI,GPU_6,1474.1,145.0,100.0
1781846368.16,ROCM_SMI,GPU_7,1474.1,141.0,100.0
1781846370.35,ROCM_SMI,GPU_0,1474.1,145.0,100.0
1781846370.35,ROCM_SMI,GPU_1,1474.1,142.0,100.0
1781846370.35,ROCM_SMI,GPU_2,1474.1,144.0,100.0
1781846370.35,ROCM_SMI,GPU_3,1474.1,147.0,100.0
1781846370.35,ROCM_SMI,GPU_4,1474.1,143.0,100.0
1781846370.35,ROCM_SMI,GPU_5,1474.1,137.0,100.0
1781846370.35,ROCM_SMI,GPU_6,1474.1,141.0,86.0
1781846370.35,ROCM_SMI,GPU_7,1474.1,136.0,100.0
1781846372.54,ROCM_SMI,GPU_0,1474.1,148.0,100.0
1781846372.54,ROCM_SMI,GPU_1,1474.1,142.0,100.0
1781846372.54,ROCM_SMI,GPU_2,1474.1,148.0,100.0
1781846372.54,ROCM_SMI,GPU_3,1474.1,146.0,100.0
1781846372.54,ROCM_SMI,GPU_4,1474.1,145.0,100.0
1781846372.54,ROCM_SMI,GPU_5,1474.1,141.0,100.0
1781846372.54,ROCM_SMI,GPU_6,1474.1,138.0,100.0
1781846372.54,ROCM_SMI,GPU_7,1474.1,138.0,87.0
1781846374.74,ROCM_SMI,GPU_0,1474.1,151.0,100.0
1781846374.74,ROCM_SMI,GPU_1,1474.1,141.0,100.0
1781846374.74,ROCM_SMI,GPU_2,1474.1,148.0,100.0
1781846374.74,ROCM_SMI,GPU_3,1474.1,145.0,100.0
1781846374.74,ROCM_SMI,GPU_4,1474.1,142.0,100.0
1781846374.74,ROCM_SMI,GPU_5,1474.1,143.0,100.0
1781846374.74,ROCM_SMI,GPU_6,1474.1,138.0,100.0
1781846374.74,ROCM_SMI,GPU_7,1474.1,138.0,100.0
1781846376.93,ROCM_SMI,GPU_0,1474.1,148.0,100.0
1781846376.93,ROCM_SMI,GPU_1,1474.1,141.0,100.0
1781846376.93,ROCM_SMI,GPU_2,1474.1,144.0,100.0
1781846376.93,ROCM_SMI,GPU_3,1474.1,146.0,100.0
1781846376.93,ROCM_SMI,GPU_4,1474.1,140.0,100.0
1781846376.93,ROCM_SMI,GPU_5,1474.1,141.0,100.0
1781846376.93,ROCM_SMI,GPU_6,1474.1,144.0,100.0
1781846376.93,ROCM_SMI,GPU_7,1474.1,139.0,100.0
1781846379.12,ROCM_SMI,GPU_0,1474.1,146.0,100.0
1781846379.12,ROCM_SMI,GPU_1,1474.1,141.0,100.0
1781846379.12,ROCM_SMI,GPU_2,1474.1,143.0,100.0
1781846379.12,ROCM_SMI,GPU_3,1474.1,147.0,100.0
1781846379.12,ROCM_SMI,GPU_4,1474.1,144.0,100.0
1781846379.12,ROCM_SMI,GPU_5,1474.1,137.0,100.0
1781846379.12,ROCM_SMI,GPU_6,1474.1,143.0,100.0
1781846379.12,ROCM_SMI,GPU_7,1474.1,137.0,100.0
1781846381.31,ROCM_SMI,GPU_0,1474.1,151.0,100.0
1781846381.31,ROCM_SMI,GPU_1,1474.1,140.0,100.0
1781846381.31,ROCM_SMI,GPU_2,1474.1,146.0,100.0
1781846381.31,ROCM_SMI,GPU_3,1474.1,145.0,100.0
1781846381.31,ROCM_SMI,GPU_4,1474.1,141.0,100.0
1781846381.31,ROCM_SMI,GPU_5,1474.1,142.0,100.0
1781846381.31,ROCM_SMI,GPU_6,1474.1,140.0,100.0
1781846381.31,ROCM_SMI,GPU_7,1474.1,140.0,100.0
1781846383.51,ROCM_SMI,GPU_0,1474.1,145.0,100.0
1781846383.51,ROCM_SMI,GPU_1,1474.1,142.0,100.0
1781846383.51,ROCM_SMI,GPU_2,1474.1,142.0,100.0
1781846383.51,ROCM_SMI,GPU_3,1474.1,148.0,100.0
1781846383.51,ROCM_SMI,GPU_4,1474.1,140.0,100.0
1781846383.51,ROCM_SMI,GPU_5,1474.1,138.0,100.0
1781846383.51,ROCM_SMI,GPU_6,1474.1,144.0,100.0
1781846383.51,ROCM_SMI,GPU_7,1474.1,138.0,100.0
1781846385.70,ROCM_SMI,GPU_0,1474.1,144.0,100.0
1781846385.70,ROCM_SMI,GPU_1,1474.1,141.0,100.0
1781846385.70,ROCM_SMI,GPU_2,1474.1,142.0,100.0
1781846385.70,ROCM_SMI,GPU_3,1474.1,147.0,100.0
1781846385.70,ROCM_SMI,GPU_4,1474.1,144.0,100.0
1781846385.70,ROCM_SMI,GPU_5,1474.1,138.0,100.0
1781846385.70,ROCM_SMI,GPU_6,1474.1,142.0,100.0
1781846385.70,ROCM_SMI,GPU_7,1474.1,138.0,100.0
1781846387.90,ROCM_SMI,GPU_0,1474.1,152.0,100.0
1781846387.90,ROCM_SMI,GPU_1,1474.1,141.0,100.0
1781846387.90,ROCM_SMI,GPU_2,1474.1,150.0,100.0
1781846387.90,ROCM_SMI,GPU_3,1474.1,147.0,100.0
1781846387.90,ROCM_SMI,GPU_4,1474.1,150.0,100.0
1781846387.90,ROCM_SMI,GPU_5,1474.1,156.0,100.0
1781846387.90,ROCM_SMI,GPU_6,1474.1,138.0,100.0
1781846387.90,ROCM_SMI,GPU_7,1474.1,136.0,100.0
1781846390.09,ROCM_SMI,GPU_0,1474.1,150.0,100.0
1781846390.09,ROCM_SMI,GPU_1,1474.1,141.0,100.0
1781846390.09,ROCM_SMI,GPU_2,1474.1,148.0,100.0
1781846390.09,ROCM_SMI,GPU_3,1474.1,145.0,100.0
1781846390.09,ROCM_SMI,GPU_4,1474.1,142.0,100.0
1781846390.09,ROCM_SMI,GPU_5,1474.1,142.0,100.0
1781846390.09,ROCM_SMI,GPU_6,1474.1,139.0,100.0
1781846390.09,ROCM_SMI,GPU_7,1474.1,138.0,100.0
1781846392.28,ROCM_SMI,GPU_0,1474.1,148.0,85.0
1781846392.28,ROCM_SMI,GPU_1,1474.1,139.0,100.0
1781846392.28,ROCM_SMI,GPU_2,1474.1,146.0,100.0
1781846392.28,ROCM_SMI,GPU_3,1474.1,147.0,100.0
1781846392.28,ROCM_SMI,GPU_4,1474.1,141.0,100.0
1781846392.28,ROCM_SMI,GPU_5,1474.1,142.0,100.0
1781846392.28,ROCM_SMI,GPU_6,1474.1,142.0,100.0
1781846392.28,ROCM_SMI,GPU_7,1474.1,139.0,100.0
1781846394.48,ROCM_SMI,GPU_0,1474.1,144.0,95.0
1781846394.48,ROCM_SMI,GPU_1,1474.1,141.0,100.0
1781846394.48,ROCM_SMI,GPU_2,1474.1,142.0,100.0
1781846394.48,ROCM_SMI,GPU_3,1474.1,147.0,100.0
1781846394.48,ROCM_SMI,GPU_4,1474.1,143.0,100.0
1781846394.48,ROCM_SMI,GPU_5,1474.1,138.0,100.0
1781846394.48,ROCM_SMI,GPU_6,1474.1,143.0,100.0
1781846394.48,ROCM_SMI,GPU_7,1474.1,138.0,100.0
1781846396.67,ROCM_SMI,GPU_0,1474.1,146.0,100.0
1781846396.67,ROCM_SMI,GPU_1,1474.1,140.0,83.0
1781846396.67,ROCM_SMI,GPU_2,1474.1,145.0,100.0
1781846396.67,ROCM_SMI,GPU_3,1474.1,146.0,100.0
1781846396.67,ROCM_SMI,GPU_4,1474.1,144.0,100.0
1781846396.67,ROCM_SMI,GPU_5,1474.1,141.0,100.0
1781846396.67,ROCM_SMI,GPU_6,1474.1,140.0,100.0
1781846396.67,ROCM_SMI,GPU_7,1474.1,138.0,100.0
1781846398.86,ROCM_SMI,GPU_0,1474.1,148.0,100.0
1781846398.86,ROCM_SMI,GPU_1,1474.1,139.0,95.0
1781846398.86,ROCM_SMI,GPU_2,1474.1,142.0,100.0
1781846398.86,ROCM_SMI,GPU_3,1474.1,145.0,100.0
1781846398.86,ROCM_SMI,GPU_4,1474.1,137.0,100.0
1781846398.86,ROCM_SMI,GPU_5,1474.1,144.0,100.0
1781846398.86,ROCM_SMI,GPU_6,1474.1,144.0,100.0
1781846398.86,ROCM_SMI,GPU_7,1474.1,143.0,100.0
1781846401.06,ROCM_SMI,GPU_0,1474.1,152.0,100.0
1781846401.06,ROCM_SMI,GPU_1,1474.1,141.0,100.0
1781846401.06,ROCM_SMI,GPU_2,1474.1,147.0,100.0
1781846401.06,ROCM_SMI,GPU_3,1474.1,143.0,81.0
1781846401.06,ROCM_SMI,GPU_4,1474.1,137.0,100.0
1781846401.06,ROCM_SMI,GPU_5,1474.1,142.0,100.0
1781846401.06,ROCM_SMI,GPU_6,1474.1,143.0,100.0
1781846401.06,ROCM_SMI,GPU_7,1474.1,140.0,100.0
1781846403.25,ROCM_SMI,GPU_0,1474.1,150.0,100.0
1781846403.25,ROCM_SMI,GPU_1,1474.1,142.0,100.0
1781846403.25,ROCM_SMI,GPU_2,1474.1,145.0,100.0
1781846403.25,ROCM_SMI,GPU_3,1474.1,146.0,100.0
1781846403.25,ROCM_SMI,GPU_4,1474.1,139.0,81.0
1781846403.25,ROCM_SMI,GPU_5,1474.1,140.0,100.0
1781846403.25,ROCM_SMI,GPU_6,1474.1,143.0,100.0
1781846403.25,ROCM_SMI,GPU_7,1474.1,140.0,100.0
1781846405.44,ROCM_SMI,GPU_0,1474.1,146.0,100.0
1781846405.44,ROCM_SMI,GPU_1,1474.1,142.0,100.0
1781846405.44,ROCM_SMI,GPU_2,1474.1,146.0,100.0
1781846405.44,ROCM_SMI,GPU_3,1474.1,143.0,100.0
1781846405.44,ROCM_SMI,GPU_4,1474.1,136.0,100.0
1781846405.44,ROCM_SMI,GPU_5,1474.1,134.0,81.0
1781846405.44,ROCM_SMI,GPU_6,1474.1,137.0,100.0
1781846405.44,ROCM_SMI,GPU_7,1474.1,140.0,100.0
1781846407.63,ROCM_SMI,GPU_0,1474.1,150.0,100.0
1781846407.63,ROCM_SMI,GPU_1,1474.1,141.0,100.0
1781846407.63,ROCM_SMI,GPU_2,1474.1,149.0,100.0
1781846407.63,ROCM_SMI,GPU_3,1474.1,145.0,100.0
1781846407.63,ROCM_SMI,GPU_4,1474.1,145.0,100.0
1781846407.63,ROCM_SMI,GPU_5,1474.1,144.0,83.0
1781846407.63,ROCM_SMI,GPU_6,1474.1,139.0,100.0
1781846407.63,ROCM_SMI,GPU_7,1474.1,140.0,100.0
1781846409.83,ROCM_SMI,GPU_0,1474.1,151.0,100.0
1781846409.83,ROCM_SMI,GPU_1,1474.1,141.0,100.0
1781846409.83,ROCM_SMI,GPU_2,1474.1,148.0,100.0
1781846409.83,ROCM_SMI,GPU_3,1474.1,146.0,100.0
1781846409.83,ROCM_SMI,GPU_4,1474.1,142.0,100.0
1781846409.83,ROCM_SMI,GPU_5,1474.1,143.0,100.0
1781846409.83,ROCM_SMI,GPU_6,1474.1,140.0,100.0
1781846409.83,ROCM_SMI,GPU_7,1474.1,139.0,100.0
1781846412.02,ROCM_SMI,GPU_0,1474.1,151.0,100.0
1781846412.02,ROCM_SMI,GPU_1,1474.1,139.0,100.0
1781846412.02,ROCM_SMI,GPU_2,1474.1,145.0,100.0
1781846412.02,ROCM_SMI,GPU_3,1474.1,145.0,100.0
1781846412.02,ROCM_SMI,GPU_4,1474.1,140.0,100.0
1781846412.02,ROCM_SMI,GPU_5,1474.1,142.0,100.0
1781846412.02,ROCM_SMI,GPU_6,1474.1,142.0,100.0
1781846412.02,ROCM_SMI,GPU_7,1474.1,139.0,100.0
1781846414.21,ROCM_SMI,GPU_0,1474.1,148.0,100.0
1781846414.21,ROCM_SMI,GPU_1,1474.1,142.0,100.0
1781846414.21,ROCM_SMI,GPU_2,1474.1,143.0,100.0
1781846414.21,ROCM_SMI,GPU_3,1474.1,147.0,100.0
1781846414.21,ROCM_SMI,GPU_4,1474.1,140.0,100.0
1781846414.21,ROCM_SMI,GPU_5,1474.1,139.0,100.0
1781846414.21,ROCM_SMI,GPU_6,1474.1,145.0,100.0
1781846414.21,ROCM_SMI,GPU_7,1474.1,140.0,100.0
1781846416.41,ROCM_SMI,GPU_0,1474.1,149.0,100.0
1781846416.41,ROCM_SMI,GPU_1,1474.1,141.0,100.0
1781846416.41,ROCM_SMI,GPU_2,1474.1,142.0,100.0
1781846416.41,ROCM_SMI,GPU_3,1474.1,148.0,100.0
1781846416.41,ROCM_SMI,GPU_4,1474.1,140.0,100.0
1781846416.41,ROCM_SMI,GPU_5,1474.1,139.0,100.0
1781846416.41,ROCM_SMI,GPU_6,1474.1,144.0,100.0
1781846416.41,ROCM_SMI,GPU_7,1474.1,138.0,100.0
1781846418.60,ROCM_SMI,GPU_0,1474.1,146.0,100.0
1781846418.60,ROCM_SMI,GPU_1,1474.1,142.0,100.0
1781846418.60,ROCM_SMI,GPU_2,1474.1,146.0,100.0
1781846418.60,ROCM_SMI,GPU_3,1474.1,146.0,100.0
1781846418.60,ROCM_SMI,GPU_4,1474.1,144.0,100.0
1781846418.60,ROCM_SMI,GPU_5,1474.1,139.0,100.0
1781846418.60,ROCM_SMI,GPU_6,1474.1,141.0,100.0
1781846418.60,ROCM_SMI,GPU_7,1474.1,138.0,100.0
1781846420.79,ROCM_SMI,GPU_0,1474.1,148.0,100.0
1781846420.79,ROCM_SMI,GPU_1,1474.1,142.0,100.0
1781846420.79,ROCM_SMI,GPU_2,1474.1,143.0,100.0
1781846420.79,ROCM_SMI,GPU_3,1474.1,148.0,100.0
1781846420.79,ROCM_SMI,GPU_4,1474.1,141.0,100.0
1781846420.79,ROCM_SMI,GPU_5,1474.1,140.0,100.0
1781846420.79,ROCM_SMI,GPU_6,1474.1,143.0,100.0
1781846420.79,ROCM_SMI,GPU_7,1474.1,139.0,100.0
1781846422.99,ROCM_SMI,GPU_0,1474.1,147.0,100.0
1781846422.99,ROCM_SMI,GPU_1,1474.1,144.0,100.0
1781846422.99,ROCM_SMI,GPU_2,1474.1,147.0,100.0
1781846422.99,ROCM_SMI,GPU_3,1474.1,147.0,100.0
1781846422.99,ROCM_SMI,GPU_4,1474.1,145.0,100.0
1781846422.99,ROCM_SMI,GPU_5,1474.1,140.0,100.0
1781846422.99,ROCM_SMI,GPU_6,1474.1,140.0,100.0
1781846422.99,ROCM_SMI,GPU_7,1474.1,137.0,100.0
1781846425.18,ROCM_SMI,GPU_0,1474.1,150.0,100.0
1781846425.18,ROCM_SMI,GPU_1,1474.1,141.0,100.0
1781846425.18,ROCM_SMI,GPU_2,1474.1,147.0,100.0
1781846425.18,ROCM_SMI,GPU_3,1474.1,145.0,100.0
1781846425.18,ROCM_SMI,GPU_4,1474.1,140.0,100.0
1781846425.18,ROCM_SMI,GPU_5,1474.1,143.0,100.0
1781846425.18,ROCM_SMI,GPU_6,1474.1,142.0,100.0
1781846425.18,ROCM_SMI,GPU_7,1474.1,139.0,100.0
1781846427.38,ROCM_SMI,GPU_0,1474.1,144.0,100.0
1781846427.38,ROCM_SMI,GPU_1,1474.1,144.0,100.0
1781846427.38,ROCM_SMI,GPU_2,1474.1,137.0,100.0
1781846427.38,ROCM_SMI,GPU_3,1474.1,151.0,100.0
1781846427.38,ROCM_SMI,GPU_4,1474.1,143.0,100.0
1781846427.38,ROCM_SMI,GPU_5,1474.1,142.0,100.0
1781846427.38,ROCM_SMI,GPU_6,1474.1,150.0,100.0
1781846427.38,ROCM_SMI,GPU_7,1474.1,136.0,100.0
1781846429.58,ROCM_SMI,GPU_0,1474.1,143.0,100.0
1781846429.58,ROCM_SMI,GPU_1,1474.1,144.0,100.0
1781846429.58,ROCM_SMI,GPU_2,1474.1,145.0,100.0
1781846429.58,ROCM_SMI,GPU_3,1474.1,150.0,100.0
1781846429.58,ROCM_SMI,GPU_4,1474.1,153.0,100.0
1781846429.58,ROCM_SMI,GPU_5,1474.1,146.0,100.0
1781846429.58,ROCM_SMI,GPU_6,1474.1,136.0,100.0
1781846429.58,ROCM_SMI,GPU_7,1474.1,136.0,100.0
1781846431.77,ROCM_SMI,GPU_0,1474.1,149.0,100.0
1781846431.77,ROCM_SMI,GPU_1,1474.1,141.0,100.0
1781846431.77,ROCM_SMI,GPU_2,1474.1,147.0,100.0
1781846431.77,ROCM_SMI,GPU_3,1474.1,146.0,100.0
1781846431.77,ROCM_SMI,GPU_4,1474.1,145.0,100.0
1781846431.77,ROCM_SMI,GPU_5,1474.1,142.0,100.0
1781846431.77,ROCM_SMI,GPU_6,1474.1,139.0,100.0
1781846431.77,ROCM_SMI,GPU_7,1474.1,138.0,100.0
1781846433.96,ROCM_SMI,GPU_0,1474.1,148.0,94.0
1781846433.96,ROCM_SMI,GPU_1,1474.1,140.0,100.0
1781846433.96,ROCM_SMI,GPU_2,1474.1,148.0,100.0
1781846433.96,ROCM_SMI,GPU_3,1474.1,145.0,100.0
1781846433.96,ROCM_SMI,GPU_4,1474.1,144.0,100.0
1781846433.96,ROCM_SMI,GPU_5,1474.1,142.0,100.0
1781846433.96,ROCM_SMI,GPU_6,1474.1,140.0,100.0
1781846433.96,ROCM_SMI,GPU_7,1474.1,137.0,100.0
1781846436.15,ROCM_SMI,GPU_0,1474.1,149.0,85.0
1781846436.15,ROCM_SMI,GPU_1,1474.1,140.0,100.0
1781846436.15,ROCM_SMI,GPU_2,1474.1,146.0,100.0
1781846436.15,ROCM_SMI,GPU_3,1474.1,144.0,100.0
1781846436.15,ROCM_SMI,GPU_4,1474.1,140.0,100.0
1781846436.15,ROCM_SMI,GPU_5,1474.1,143.0,100.0
1781846436.15,ROCM_SMI,GPU_6,1474.1,142.0,100.0
1781846436.15,ROCM_SMI,GPU_7,1474.1,138.0,100.0
1781846438.35,ROCM_SMI,GPU_0,1474.1,146.0,100.0
1781846438.35,ROCM_SMI,GPU_1,1474.1,142.0,100.0
1781846438.35,ROCM_SMI,GPU_2,1474.1,146.0,100.0
1781846438.35,ROCM_SMI,GPU_3,1474.1,147.0,100.0
1781846438.35,ROCM_SMI,GPU_4,1474.1,145.0,100.0
1781846438.35,ROCM_SMI,GPU_5,1474.1,140.0,100.0
1781846438.35,ROCM_SMI,GPU_6,1474.1,139.0,100.0
1781846438.35,ROCM_SMI,GPU_7,1474.1,138.0,100.0
1781846440.54,ROCM_SMI,GPU_0,1474.1,148.0,93.0
1781846440.54,ROCM_SMI,GPU_1,1474.1,138.0,100.0
1781846440.54,ROCM_SMI,GPU_2,1474.1,148.0,100.0
1781846440.54,ROCM_SMI,GPU_3,1474.1,147.0,100.0
1781846440.54,ROCM_SMI,GPU_4,1474.1,145.0,100.0
1781846440.54,ROCM_SMI,GPU_5,1474.1,146.0,100.0
1781846440.54,ROCM_SMI,GPU_6,1474.1,141.0,100.0
1781846440.54,ROCM_SMI,GPU_7,1474.1,138.0,100.0
1781846442.74,ROCM_SMI,GPU_0,1474.1,147.0,100.0
1781846442.74,ROCM_SMI,GPU_1,1474.1,140.0,100.0
1781846442.74,ROCM_SMI,GPU_2,1474.1,145.0,85.0
1781846442.74,ROCM_SMI,GPU_3,1474.1,146.0,100.0
1781846442.74,ROCM_SMI,GPU_4,1474.1,146.0,100.0
1781846442.74,ROCM_SMI,GPU_5,1474.1,143.0,100.0
1781846442.74,ROCM_SMI,GPU_6,1474.1,139.0,100.0
1781846442.74,ROCM_SMI,GPU_7,1474.1,140.0,100.0
1781846444.93,ROCM_SMI,GPU_0,1474.1,148.0,100.0
1781846444.93,ROCM_SMI,GPU_1,1474.1,141.0,100.0
1781846444.93,ROCM_SMI,GPU_2,1474.1,147.0,100.0
1781846444.93,ROCM_SMI,GPU_3,1474.1,146.0,85.0
1781846444.93,ROCM_SMI,GPU_4,1474.1,142.0,100.0
1781846444.93,ROCM_SMI,GPU_5,1474.1,142.0,100.0
1781846444.93,ROCM_SMI,GPU_6,1474.1,139.0,100.0
1781846444.93,ROCM_SMI,GPU_7,1474.1,140.0,100.0
1781846447.12,ROCM_SMI,GPU_0,1474.1,150.0,100.0
1781846447.12,ROCM_SMI,GPU_1,1474.1,142.0,100.0
1781846447.12,ROCM_SMI,GPU_2,1474.1,149.0,100.0
1781846447.12,ROCM_SMI,GPU_3,1474.1,146.0,100.0
1781846447.12,ROCM_SMI,GPU_4,1474.1,145.0,97.0
1781846447.12,ROCM_SMI,GPU_5,1474.1,142.0,100.0
1781846447.12,ROCM_SMI,GPU_6,1474.1,141.0,100.0
1781846447.12,ROCM_SMI,GPU_7,1474.1,140.0,100.0
1781846449.31,ROCM_SMI,GPU_0,1474.1,150.0,100.0
1781846449.31,ROCM_SMI,GPU_1,1474.1,141.0,100.0
1781846449.31,ROCM_SMI,GPU_2,1474.1,148.0,100.0
1781846449.31,ROCM_SMI,GPU_3,1474.1,145.0,100.0
1781846449.31,ROCM_SMI,GPU_4,1474.1,145.0,100.0
1781846449.31,ROCM_SMI,GPU_5,1474.1,143.0,100.0
1781846449.31,ROCM_SMI,GPU_6,1474.1,140.0,76.0
1781846449.31,ROCM_SMI,GPU_7,1474.1,139.0,100.0
1781846451.50,ROCM_SMI,GPU_0,1474.1,147.0,100.0
1781846451.50,ROCM_SMI,GPU_1,1474.1,141.0,100.0
1781846451.50,ROCM_SMI,GPU_2,1474.1,143.0,100.0
1781846451.50,ROCM_SMI,GPU_3,1474.1,148.0,100.0
1781846451.50,ROCM_SMI,GPU_4,1474.1,140.0,100.0
1781846451.50,ROCM_SMI,GPU_5,1474.1,139.0,100.0
1781846451.50,ROCM_SMI,GPU_6,1474.1,144.0,100.0
1781846451.50,ROCM_SMI,GPU_7,1474.1,139.0,82.0
1781846453.70,ROCM_SMI,GPU_0,1474.1,149.0,100.0
1781846453.70,ROCM_SMI,GPU_1,1474.1,141.0,100.0
1781846453.70,ROCM_SMI,GPU_2,1474.1,147.0,100.0
1781846453.70,ROCM_SMI,GPU_3,1474.1,147.0,100.0
1781846453.70,ROCM_SMI,GPU_4,1474.1,145.0,100.0
1781846453.70,ROCM_SMI,GPU_5,1474.1,141.0,100.0
1781846453.70,ROCM_SMI,GPU_6,1474.1,140.0,100.0
1781846453.70,ROCM_SMI,GPU_7,1474.1,138.0,86.0
1781846455.90,ROCM_SMI,GPU_0,1474.1,151.0,100.0
1781846455.90,ROCM_SMI,GPU_1,1474.1,140.0,100.0
1781846455.90,ROCM_SMI,GPU_2,1474.1,144.0,100.0
1781846455.90,ROCM_SMI,GPU_3,1474.1,147.0,100.0
1781846455.90,ROCM_SMI,GPU_4,1474.1,141.0,100.0
1781846455.90,ROCM_SMI,GPU_5,1474.1,141.0,100.0
1781846455.90,ROCM_SMI,GPU_6,1474.1,143.0,87.0
1781846455.90,ROCM_SMI,GPU_7,1474.1,140.0,100.0
1781846458.09,ROCM_SMI,GPU_0,1474.1,147.0,100.0
1781846458.09,ROCM_SMI,GPU_1,1474.1,142.0,100.0
1781846458.09,ROCM_SMI,GPU_2,1474.1,144.0,100.0
1781846458.09,ROCM_SMI,GPU_3,1474.1,148.0,100.0
1781846458.09,ROCM_SMI,GPU_4,1474.1,144.0,100.0
1781846458.09,ROCM_SMI,GPU_5,1474.1,138.0,84.0
1781846458.09,ROCM_SMI,GPU_6,1474.1,142.0,100.0
1781846458.09,ROCM_SMI,GPU_7,1474.1,140.0,100.0
1781846460.29,ROCM_SMI,GPU_0,1474.1,151.0,100.0
1781846460.29,ROCM_SMI,GPU_1,1474.1,142.0,100.0
1781846460.29,ROCM_SMI,GPU_2,1474.1,148.0,100.0
1781846460.29,ROCM_SMI,GPU_3,1474.1,147.0,100.0
1781846460.29,ROCM_SMI,GPU_4,1474.1,144.0,100.0
1781846460.29,ROCM_SMI,GPU_5,1474.1,143.0,87.0
1781846460.29,ROCM_SMI,GPU_6,1474.1,140.0,100.0
1781846460.29,ROCM_SMI,GPU_7,1474.1,139.0,100.0
1781846462.48,ROCM_SMI,GPU_0,1474.1,147.0,100.0
1781846462.48,ROCM_SMI,GPU_1,1474.1,142.0,100.0
1781846462.48,ROCM_SMI,GPU_2,1474.1,144.0,100.0
1781846462.48,ROCM_SMI,GPU_3,1474.1,147.0,100.0
1781846462.48,ROCM_SMI,GPU_4,1474.1,140.0,100.0
1781846462.48,ROCM_SMI,GPU_5,1474.1,139.0,100.0
1781846462.48,ROCM_SMI,GPU_6,1474.1,144.0,77.0
1781846462.48,ROCM_SMI,GPU_7,1474.1,140.0,100.0
1781846464.67,ROCM_SMI,GPU_0,1474.1,150.0,100.0
1781846464.67,ROCM_SMI,GPU_1,1474.1,141.0,100.0
1781846464.67,ROCM_SMI,GPU_2,1474.1,148.0,100.0
1781846464.67,ROCM_SMI,GPU_3,1474.1,147.0,100.0
1781846464.67,ROCM_SMI,GPU_4,1474.1,143.0,100.0
1781846464.67,ROCM_SMI,GPU_5,1474.1,143.0,100.0
1781846464.67,ROCM_SMI,GPU_6,1474.1,141.0,100.0
1781846464.67,ROCM_SMI,GPU_7,1474.1,140.0,100.0
1781846466.87,ROCM_SMI,GPU_0,1474.1,146.0,100.0
1781846466.87,ROCM_SMI,GPU_1,1474.1,143.0,100.0
1781846466.87,ROCM_SMI,GPU_2,1474.1,143.0,100.0
1781846466.87,ROCM_SMI,GPU_3,1474.1,147.0,100.0
1781846466.87,ROCM_SMI,GPU_4,1474.1,141.0,100.0
1781846466.87,ROCM_SMI,GPU_5,1474.1,138.0,91.0
1781846466.87,ROCM_SMI,GPU_6,1474.1,145.0,100.0
1781846466.87,ROCM_SMI,GPU_7,1474.1,141.0,100.0
1781846469.06,ROCM_SMI,GPU_0,1474.1,150.0,100.0
1781846469.06,ROCM_SMI,GPU_1,1474.1,142.0,100.0
1781846469.06,ROCM_SMI,GPU_2,1474.1,149.0,100.0
1781846469.06,ROCM_SMI,GPU_3,1474.1,147.0,100.0
1781846469.06,ROCM_SMI,GPU_4,1474.1,144.0,100.0
1781846469.06,ROCM_SMI,GPU_5,1474.1,139.0,90.0
1781846469.06,ROCM_SMI,GPU_6,1474.1,138.0,100.0
1781846469.06,ROCM_SMI,GPU_7,1474.1,139.0,100.0
1781846471.26,ROCM_SMI,GPU_0,1474.1,150.0,100.0
1781846471.26,ROCM_SMI,GPU_1,1474.1,141.0,100.0
1781846471.26,ROCM_SMI,GPU_2,1474.1,139.0,100.0
1781846471.26,ROCM_SMI,GPU_3,1474.1,146.0,90.0
1781846471.26,ROCM_SMI,GPU_4,1474.1,138.0,100.0
1781846471.26,ROCM_SMI,GPU_5,1474.1,137.0,100.0
1781846471.26,ROCM_SMI,GPU_6,1474.1,147.0,100.0
1781846471.26,ROCM_SMI,GPU_7,1474.1,139.0,100.0
1781846473.45,ROCM_SMI,GPU_0,1474.1,147.0,100.0
1781846473.45,ROCM_SMI,GPU_1,1474.1,142.0,100.0
1781846473.45,ROCM_SMI,GPU_2,1474.1,145.0,100.0
1781846473.45,ROCM_SMI,GPU_3,1474.1,145.0,100.0
1781846473.45,ROCM_SMI,GPU_4,1474.1,143.0,100.0
1781846473.45,ROCM_SMI,GPU_5,1474.1,139.0,100.0
1781846473.45,ROCM_SMI,GPU_6,1474.1,139.0,100.0
1781846473.45,ROCM_SMI,GPU_7,1474.1,137.0,100.0
1781846475.64,ROCM_SMI,GPU_0,1474.1,150.0,100.0
1781846475.64,ROCM_SMI,GPU_1,1474.1,142.0,100.0
1781846475.64,ROCM_SMI,GPU_2,1474.1,148.0,100.0
1781846475.64,ROCM_SMI,GPU_3,1474.1,146.0,100.0
1781846475.64,ROCM_SMI,GPU_4,1474.1,145.0,100.0
1781846475.64,ROCM_SMI,GPU_5,1474.1,142.0,85.0
1781846475.64,ROCM_SMI,GPU_6,1474.1,140.0,100.0
1781846475.64,ROCM_SMI,GPU_7,1474.1,140.0,100.0
1781846477.84,ROCM_SMI,GPU_0,1474.1,147.0,100.0
1781846477.84,ROCM_SMI,GPU_1,1474.1,141.0,100.0
1781846477.84,ROCM_SMI,GPU_2,1474.1,142.0,100.0
1781846477.84,ROCM_SMI,GPU_3,1474.1,147.0,100.0
1781846477.84,ROCM_SMI,GPU_4,1474.1,141.0,100.0
1781846477.84,ROCM_SMI,GPU_5,1474.1,139.0,81.0
1781846477.84,ROCM_SMI,GPU_6,1474.1,145.0,100.0
1781846477.84,ROCM_SMI,GPU_7,1474.1,140.0,100.0
1781846480.03,ROCM_SMI,GPU_0,1474.1,150.0,100.0
1781846480.03,ROCM_SMI,GPU_1,1474.1,142.0,100.0
1781846480.03,ROCM_SMI,GPU_2,1474.1,148.0,100.0
1781846480.03,ROCM_SMI,GPU_3,1474.1,146.0,100.0
1781846480.03,ROCM_SMI,GPU_4,1474.1,145.0,100.0
1781846480.03,ROCM_SMI,GPU_5,1474.1,142.0,86.0
1781846480.03,ROCM_SMI,GPU_6,1474.1,139.0,100.0
1781846480.03,ROCM_SMI,GPU_7,1474.1,140.0,100.0
1781846482.22,ROCM_SMI,GPU_0,1474.1,146.0,100.0
1781846482.22,ROCM_SMI,GPU_1,1474.1,141.0,100.0
1781846482.22,ROCM_SMI,GPU_2,1474.1,142.0,100.0
1781846482.22,ROCM_SMI,GPU_3,1474.1,146.0,100.0
1781846482.22,ROCM_SMI,GPU_4,1474.1,141.0,100.0
1781846482.22,ROCM_SMI,GPU_5,1474.1,138.0,100.0
1781846482.22,ROCM_SMI,GPU_6,1474.1,144.0,87.0
1781846482.22,ROCM_SMI,GPU_7,1474.1,140.0,100.0
1781846484.42,ROCM_SMI,GPU_0,1474.1,150.0,100.0
1781846484.42,ROCM_SMI,GPU_1,1474.1,140.0,100.0
1781846484.42,ROCM_SMI,GPU_2,1474.1,147.0,100.0
1781846484.42,ROCM_SMI,GPU_3,1474.1,145.0,97.0
1781846484.42,ROCM_SMI,GPU_4,1474.1,141.0,93.0
1781846484.42,ROCM_SMI,GPU_5,1474.1,142.0,100.0
1781846484.42,ROCM_SMI,GPU_6,1474.1,140.0,100.0
1781846484.42,ROCM_SMI,GPU_7,1474.1,139.0,100.0
1781846486.62,ROCM_SMI,GPU_0,1474.1,147.0,100.0
1781846486.62,ROCM_SMI,GPU_1,1474.1,142.0,100.0
1781846486.62,ROCM_SMI,GPU_2,1474.1,144.0,85.0
1781846486.62,ROCM_SMI,GPU_3,1474.1,146.0,100.0
1781846486.62,ROCM_SMI,GPU_4,1474.1,144.0,100.0
1781846486.62,ROCM_SMI,GPU_5,1474.1,140.0,100.0
1781846486.62,ROCM_SMI,GPU_6,1474.1,141.0,100.0
1781846486.62,ROCM_SMI,GPU_7,1474.1,137.0,100.0
1781846488.81,ROCM_SMI,GPU_0,1474.1,149.0,100.0
1781846488.81,ROCM_SMI,GPU_1,1474.1,139.0,100.0
1781846488.81,ROCM_SMI,GPU_2,1474.1,146.0,99.0
1781846488.81,ROCM_SMI,GPU_3,1474.1,145.0,100.0
1781846488.81,ROCM_SMI,GPU_4,1474.1,141.0,100.0
1781846488.81,ROCM_SMI,GPU_5,1474.1,143.0,100.0
1781846488.81,ROCM_SMI,GPU_6,1474.1,141.0,100.0
1781846488.81,ROCM_SMI,GPU_7,1474.1,141.0,100.0
1781846491.00,ROCM_SMI,GPU_0,1474.1,148.0,100.0
1781846491.00,ROCM_SMI,GPU_1,1474.1,140.0,100.0
1781846491.00,ROCM_SMI,GPU_2,1474.1,141.0,100.0
1781846491.00,ROCM_SMI,GPU_3,1474.1,146.0,84.0
1781846491.00,ROCM_SMI,GPU_4,1474.1,138.0,100.0
1781846491.00,ROCM_SMI,GPU_5,1474.1,139.0,100.0
1781846491.00,ROCM_SMI,GPU_6,1474.1,145.0,100.0
1781846491.00,ROCM_SMI,GPU_7,1474.1,138.0,100.0
1781846493.19,ROCM_SMI,GPU_0,1474.1,146.0,100.0
1781846493.19,ROCM_SMI,GPU_1,1474.1,143.0,100.0
1781846493.19,ROCM_SMI,GPU_2,1474.1,144.0,100.0
1781846493.19,ROCM_SMI,GPU_3,1474.1,146.0,100.0
1781846493.19,ROCM_SMI,GPU_4,1474.1,144.0,79.0
1781846493.19,ROCM_SMI,GPU_5,1474.1,138.0,100.0
1781846493.19,ROCM_SMI,GPU_6,1474.1,142.0,100.0
1781846493.19,ROCM_SMI,GPU_7,1474.1,139.0,100.0
1781846495.39,ROCM_SMI,GPU_0,1474.1,148.0,100.0
1781846495.39,ROCM_SMI,GPU_1,1474.1,142.0,100.0
1781846495.39,ROCM_SMI,GPU_2,1474.1,147.0,100.0
1781846495.39,ROCM_SMI,GPU_3,1474.1,147.0,100.0
1781846495.39,ROCM_SMI,GPU_4,1474.1,145.0,100.0
1781846495.39,ROCM_SMI,GPU_5,1474.1,141.0,82.0
1781846495.39,ROCM_SMI,GPU_6,1474.1,140.0,100.0
1781846495.39,ROCM_SMI,GPU_7,1474.1,139.0,100.0
1781846497.58,ROCM_SMI,GPU_0,1474.1,153.0,100.0
1781846497.58,ROCM_SMI,GPU_1,1474.1,143.0,100.0
1781846497.58,ROCM_SMI,GPU_2,1474.1,147.0,100.0
1781846497.58,ROCM_SMI,GPU_3,1474.1,145.0,100.0
1781846497.58,ROCM_SMI,GPU_4,1474.1,138.0,100.0
1781846497.58,ROCM_SMI,GPU_5,1474.1,137.0,98.0
1781846497.58,ROCM_SMI,GPU_6,1474.1,133.0,89.0
1781846497.58,ROCM_SMI,GPU_7,1474.1,136.0,100.0
1781846499.79,ROCM_SMI,GPU_0,1474.1,148.0,100.0
1781846499.79,ROCM_SMI,GPU_1,1474.1,136.0,100.0
1781846499.79,ROCM_SMI,GPU_2,1474.1,139.0,84.0
1781846499.79,ROCM_SMI,GPU_3,1474.1,144.0,100.0
1781846499.79,ROCM_SMI,GPU_4,1474.1,145.0,100.0
1781846499.79,ROCM_SMI,GPU_5,1474.1,140.0,100.0
1781846499.79,ROCM_SMI,GPU_6,1474.1,144.0,100.0
1781846499.79,ROCM_SMI,GPU_7,1474.1,139.0,100.0
1781846501.98,ROCM_SMI,GPU_0,1474.1,149.0,100.0
1781846501.98,ROCM_SMI,GPU_1,1474.1,140.0,100.0
1781846501.98,ROCM_SMI,GPU_2,1474.1,147.0,100.0
1781846501.98,ROCM_SMI,GPU_3,1474.1,144.0,92.0
1781846501.98,ROCM_SMI,GPU_4,1474.1,143.0,100.0
1781846501.98,ROCM_SMI,GPU_5,1474.1,142.0,100.0
1781846501.98,ROCM_SMI,GPU_6,1474.1,139.0,100.0
1781846501.98,ROCM_SMI,GPU_7,1474.1,138.0,100.0
1781846504.17,ROCM_SMI,GPU_0,1474.1,151.0,100.0
1781846504.17,ROCM_SMI,GPU_1,1474.1,141.0,100.0
1781846504.17,ROCM_SMI,GPU_2,1474.1,147.0,100.0
1781846504.17,ROCM_SMI,GPU_3,1474.1,145.0,100.0
1781846504.17,ROCM_SMI,GPU_4,1474.1,144.0,87.0
1781846504.17,ROCM_SMI,GPU_5,1474.1,141.0,100.0
1781846504.17,ROCM_SMI,GPU_6,1474.1,139.0,100.0
1781846504.17,ROCM_SMI,GPU_7,1474.1,140.0,100.0
1781846506.36,ROCM_SMI,GPU_0,1474.1,151.0,100.0
1781846506.36,ROCM_SMI,GPU_1,1474.1,141.0,100.0
1781846506.36,ROCM_SMI,GPU_2,1474.1,147.0,100.0
1781846506.36,ROCM_SMI,GPU_3,1474.1,147.0,100.0
1781846506.36,ROCM_SMI,GPU_4,1474.1,142.0,100.0
1781846506.36,ROCM_SMI,GPU_5,1474.1,143.0,79.0
1781846506.36,ROCM_SMI,GPU_6,1474.1,142.0,100.0
1781846506.36,ROCM_SMI,GPU_7,1474.1,142.0,100.0
1781846508.56,ROCM_SMI,GPU_0,1474.1,149.0,100.0
1781846508.56,ROCM_SMI,GPU_1,1474.1,141.0,100.0
1781846508.56,ROCM_SMI,GPU_2,1474.1,144.0,100.0
1781846508.56,ROCM_SMI,GPU_3,1474.1,146.0,100.0
1781846508.56,ROCM_SMI,GPU_4,1474.1,141.0,100.0
1781846508.56,ROCM_SMI,GPU_5,1474.1,141.0,100.0
1781846508.56,ROCM_SMI,GPU_6,1474.1,143.0,100.0
1781846508.56,ROCM_SMI,GPU_7,1474.1,139.0,100.0
1781846510.75,ROCM_SMI,GPU_0,1474.1,147.0,100.0
1781846510.75,ROCM_SMI,GPU_1,1474.1,142.0,100.0
1781846510.75,ROCM_SMI,GPU_2,1474.1,143.0,100.0
1781846510.75,ROCM_SMI,GPU_3,1474.1,148.0,100.0
1781846510.75,ROCM_SMI,GPU_4,1474.1,143.0,100.0
1781846510.75,ROCM_SMI,GPU_5,1474.1,140.0,100.0
1781846510.75,ROCM_SMI,GPU_6,1474.1,143.0,100.0
1781846510.75,ROCM_SMI,GPU_7,1474.1,137.0,100.0
1781846512.94,ROCM_SMI,GPU_0,1474.1,147.0,100.0
1781846512.94,ROCM_SMI,GPU_1,1474.1,142.0,100.0
1781846512.94,ROCM_SMI,GPU_2,1474.1,146.0,100.0
1781846512.94,ROCM_SMI,GPU_3,1474.1,146.0,100.0
1781846512.94,ROCM_SMI,GPU_4,1474.1,145.0,100.0
1781846512.94,ROCM_SMI,GPU_5,1474.1,140.0,100.0
1781846512.94,ROCM_SMI,GPU_6,1474.1,139.0,100.0
1781846512.94,ROCM_SMI,GPU_7,1474.1,139.0,100.0
1781846515.13,ROCM_SMI,GPU_0,1474.1,148.0,100.0
1781846515.13,ROCM_SMI,GPU_1,1474.1,142.0,100.0
1781846515.13,ROCM_SMI,GPU_2,1474.1,148.0,100.0
1781846515.13,ROCM_SMI,GPU_3,1474.1,146.0,100.0
1781846515.13,ROCM_SMI,GPU_4,1474.1,144.0,100.0
1781846515.13,ROCM_SMI,GPU_5,1474.1,142.0,100.0
1781846515.13,ROCM_SMI,GPU_6,1474.1,139.0,100.0
1781846515.13,ROCM_SMI,GPU_7,1474.1,137.0,100.0
1781846517.32,ROCM_SMI,GPU_0,1474.1,148.0,89.0
1781846517.32,ROCM_SMI,GPU_1,1474.1,139.0,100.0
1781846517.32,ROCM_SMI,GPU_2,1474.1,149.0,100.0
1781846517.32,ROCM_SMI,GPU_3,1474.1,144.0,100.0
1781846517.32,ROCM_SMI,GPU_4,1474.1,143.0,100.0
1781846517.32,ROCM_SMI,GPU_5,1474.1,142.0,100.0
1781846517.32,ROCM_SMI,GPU_6,1474.1,139.0,100.0
1781846517.32,ROCM_SMI,GPU_7,1474.1,138.0,100.0
1781846519.51,ROCM_SMI,GPU_0,1474.1,150.0,100.0
1781846519.51,ROCM_SMI,GPU_1,1474.1,138.0,82.0
1781846519.51,ROCM_SMI,GPU_2,1474.1,144.0,100.0
1781846519.51,ROCM_SMI,GPU_3,1474.1,146.0,100.0
1781846519.51,ROCM_SMI,GPU_4,1474.1,140.0,100.0
1781846519.51,ROCM_SMI,GPU_5,1474.1,143.0,100.0
1781846519.51,ROCM_SMI,GPU_6,1474.1,142.0,100.0
1781846519.51,ROCM_SMI,GPU_7,1474.1,140.0,100.0
1781846521.71,ROCM_SMI,GPU_0,1474.1,149.0,100.0
1781846521.71,ROCM_SMI,GPU_1,1474.1,139.0,100.0
1781846521.71,ROCM_SMI,GPU_2,1474.1,143.0,100.0
1781846521.71,ROCM_SMI,GPU_3,1474.1,146.0,88.0
1781846521.71,ROCM_SMI,GPU_4,1474.1,139.0,100.0
1781846521.71,ROCM_SMI,GPU_5,1474.1,141.0,100.0
1781846521.71,ROCM_SMI,GPU_6,1474.1,144.0,100.0
1781846521.71,ROCM_SMI,GPU_7,1474.1,139.0,100.0
1781846523.90,ROCM_SMI,GPU_0,1474.1,147.0,100.0
1781846523.90,ROCM_SMI,GPU_1,1474.1,141.0,100.0
1781846523.90,ROCM_SMI,GPU_2,1474.1,143.0,100.0
1781846523.90,ROCM_SMI,GPU_3,1474.1,148.0,100.0
1781846523.90,ROCM_SMI,GPU_4,1474.1,139.0,86.0
1781846523.90,ROCM_SMI,GPU_5,1474.1,137.0,100.0
1781846523.90,ROCM_SMI,GPU_6,1474.1,144.0,100.0
1781846523.90,ROCM_SMI,GPU_7,1474.1,140.0,100.0
1781846526.10,ROCM_SMI,GPU_0,1474.1,145.0,100.0
1781846526.10,ROCM_SMI,GPU_1,1474.1,143.0,100.0
1781846526.10,ROCM_SMI,GPU_2,1474.1,145.0,100.0
1781846526.10,ROCM_SMI,GPU_3,1474.1,148.0,100.0
1781846526.10,ROCM_SMI,GPU_4,1474.1,143.0,87.0
1781846526.10,ROCM_SMI,GPU_5,1474.1,139.0,100.0
1781846526.10,ROCM_SMI,GPU_6,1474.1,141.0,100.0
1781846526.10,ROCM_SMI,GPU_7,1474.1,137.0,100.0
1781846528.29,ROCM_SMI,GPU_0,1474.1,147.0,100.0
1781846528.29,ROCM_SMI,GPU_1,1474.1,142.0,100.0
1781846528.29,ROCM_SMI,GPU_2,1474.1,144.0,100.0
1781846528.29,ROCM_SMI,GPU_3,1474.1,147.0,100.0
1781846528.29,ROCM_SMI,GPU_4,1474.1,144.0,100.0
1781846528.29,ROCM_SMI,GPU_5,1474.1,138.0,82.0
1781846528.29,ROCM_SMI,GPU_6,1474.1,142.0,100.0
1781846528.29,ROCM_SMI,GPU_7,1474.1,139.0,100.0
1781846530.48,ROCM_SMI,GPU_0,1474.1,143.0,100.0
1781846530.48,ROCM_SMI,GPU_1,1474.1,141.0,100.0
1781846530.48,ROCM_SMI,GPU_2,1474.1,143.0,100.0
1781846530.48,ROCM_SMI,GPU_3,1474.1,146.0,100.0
1781846530.48,ROCM_SMI,GPU_4,1474.1,142.0,100.0
1781846530.48,ROCM_SMI,GPU_5,1474.1,137.0,100.0
1781846530.48,ROCM_SMI,GPU_6,1474.1,143.0,100.0
1781846530.48,ROCM_SMI,GPU_7,1474.1,136.0,79.0
1781846532.67,ROCM_SMI,GPU_0,1474.1,146.0,100.0
1781846532.67,ROCM_SMI,GPU_1,1474.1,142.0,100.0
1781846532.67,ROCM_SMI,GPU_2,1474.1,143.0,100.0
1781846532.67,ROCM_SMI,GPU_3,1474.1,148.0,100.0
1781846532.67,ROCM_SMI,GPU_4,1474.1,142.0,100.0
1781846532.67,ROCM_SMI,GPU_5,1474.1,136.0,100.0
1781846532.67,ROCM_SMI,GPU_6,1474.1,143.0,100.0
1781846532.67,ROCM_SMI,GPU_7,1474.1,138.0,100.0
1781846534.87,ROCM_SMI,GPU_0,1474.1,146.0,100.0
1781846534.87,ROCM_SMI,GPU_1,1474.1,142.0,100.0
1781846534.87,ROCM_SMI,GPU_2,1474.1,146.0,100.0
1781846534.87,ROCM_SMI,GPU_3,1474.1,147.0,100.0
1781846534.87,ROCM_SMI,GPU_4,1474.1,145.0,100.0
1781846534.87,ROCM_SMI,GPU_5,1474.1,139.0,100.0
1781846534.87,ROCM_SMI,GPU_6,1474.1,141.0,100.0
1781846534.87,ROCM_SMI,GPU_7,1474.1,137.0,100.0
1781846537.06,ROCM_SMI,GPU_0,1474.1,149.0,100.0
1781846537.06,ROCM_SMI,GPU_1,1474.1,142.0,100.0
1781846537.06,ROCM_SMI,GPU_2,1474.1,148.0,100.0
1781846537.06,ROCM_SMI,GPU_3,1474.1,147.0,100.0
1781846537.06,ROCM_SMI,GPU_4,1474.1,145.0,100.0
1781846537.06,ROCM_SMI,GPU_5,1474.1,143.0,100.0
1781846537.06,ROCM_SMI,GPU_6,1474.1,140.0,100.0
1781846537.06,ROCM_SMI,GPU_7,1474.1,138.0,100.0
1781846539.25,ROCM_SMI,GPU_0,1474.1,148.0,100.0
1781846539.25,ROCM_SMI,GPU_1,1474.1,142.0,100.0
1781846539.25,ROCM_SMI,GPU_2,1474.1,144.0,100.0
1781846539.25,ROCM_SMI,GPU_3,1474.1,149.0,100.0
1781846539.25,ROCM_SMI,GPU_4,1474.1,140.0,100.0
1781846539.25,ROCM_SMI,GPU_5,1474.1,142.0,100.0
1781846539.25,ROCM_SMI,GPU_6,1474.1,144.0,100.0
1781846539.25,ROCM_SMI,GPU_7,1474.1,139.0,100.0
1781846541.45,ROCM_SMI,GPU_0,1474.1,136.0,100.0
1781846541.45,ROCM_SMI,GPU_1,1474.1,148.0,100.0
1781846541.45,ROCM_SMI,GPU_2,1474.1,145.0,100.0
1781846541.45,ROCM_SMI,GPU_3,1474.1,158.0,100.0
1781846541.45,ROCM_SMI,GPU_4,1474.1,153.0,100.0
1781846541.45,ROCM_SMI,GPU_5,1474.1,137.0,100.0
1781846541.45,ROCM_SMI,GPU_6,1474.1,140.0,100.0
1781846541.45,ROCM_SMI,GPU_7,1474.1,137.0,100.0
1781846543.65,ROCM_SMI,GPU_0,1474.1,148.0,90.0
1781846543.65,ROCM_SMI,GPU_1,1474.1,140.0,100.0
1781846543.65,ROCM_SMI,GPU_2,1474.1,143.0,100.0
1781846543.65,ROCM_SMI,GPU_3,1474.1,146.0,100.0
1781846543.65,ROCM_SMI,GPU_4,1474.1,139.0,100.0
1781846543.65,ROCM_SMI,GPU_5,1474.1,140.0,100.0
1781846543.65,ROCM_SMI,GPU_6,1474.1,144.0,100.0
1781846543.65,ROCM_SMI,GPU_7,1474.1,139.0,100.0
1781846545.84,ROCM_SMI,GPU_0,1474.1,147.0,100.0
1781846545.84,ROCM_SMI,GPU_1,1474.1,138.0,100.0
1781846545.84,ROCM_SMI,GPU_2,1474.1,143.0,100.0
1781846545.84,ROCM_SMI,GPU_3,1474.1,145.0,100.0
1781846545.84,ROCM_SMI,GPU_4,1474.1,140.0,100.0
1781846545.84,ROCM_SMI,GPU_5,1474.1,141.0,100.0
1781846545.84,ROCM_SMI,GPU_6,1474.1,143.0,100.0
1781846545.84,ROCM_SMI,GPU_7,1474.1,139.0,100.0
1781846548.03,ROCM_SMI,GPU_0,1474.1,148.0,100.0
1781846548.03,ROCM_SMI,GPU_1,1474.1,140.0,100.0
1781846548.03,ROCM_SMI,GPU_2,1474.1,142.0,100.0
1781846548.03,ROCM_SMI,GPU_3,1474.1,146.0,88.0
1781846548.03,ROCM_SMI,GPU_4,1474.1,138.0,100.0
1781846548.03,ROCM_SMI,GPU_5,1474.1,139.0,100.0
1781846548.03,ROCM_SMI,GPU_6,1474.1,144.0,100.0
1781846548.03,ROCM_SMI,GPU_7,1474.1,139.0,100.0
1781846550.22,ROCM_SMI,GPU_0,1474.1,147.0,100.0
1781846550.22,ROCM_SMI,GPU_1,1474.1,140.0,100.0
1781846550.22,ROCM_SMI,GPU_2,1474.1,143.0,100.0
1781846550.22,ROCM_SMI,GPU_3,1474.1,147.0,100.0
1781846550.22,ROCM_SMI,GPU_4,1474.1,140.0,90.0
1781846550.22,ROCM_SMI,GPU_5,1474.1,137.0,100.0
1781846550.22,ROCM_SMI,GPU_6,1474.1,145.0,100.0
1781846550.22,ROCM_SMI,GPU_7,1474.1,139.0,100.0
1781846552.41,ROCM_SMI,GPU_0,1474.1,144.0,100.0
1781846552.41,ROCM_SMI,GPU_1,1474.1,142.0,100.0
1781846552.41,ROCM_SMI,GPU_2,1474.1,145.0,100.0
1781846552.41,ROCM_SMI,GPU_3,1474.1,147.0,100.0
1781846552.41,ROCM_SMI,GPU_4,1474.1,142.0,100.0
1781846552.41,ROCM_SMI,GPU_5,1474.1,138.0,100.0
1781846552.41,ROCM_SMI,GPU_6,1474.1,141.0,89.0
1781846552.41,ROCM_SMI,GPU_7,1474.1,136.0,100.0
1781846554.61,ROCM_SMI,GPU_0,1474.1,148.0,100.0
1781846554.61,ROCM_SMI,GPU_1,1474.1,140.0,100.0
1781846554.61,ROCM_SMI,GPU_2,1474.1,147.0,100.0
1781846554.61,ROCM_SMI,GPU_3,1474.1,146.0,100.0
1781846554.61,ROCM_SMI,GPU_4,1474.1,142.0,100.0
1781846554.61,ROCM_SMI,GPU_5,1474.1,141.0,100.0
1781846554.61,ROCM_SMI,GPU_6,1474.1,138.0,88.0
1781846554.61,ROCM_SMI,GPU_7,1474.1,138.0,100.0
1781846556.80,ROCM_SMI,GPU_0,1474.1,151.0,100.0
1781846556.80,ROCM_SMI,GPU_1,1474.1,140.0,100.0
1781846556.80,ROCM_SMI,GPU_2,1474.1,148.0,100.0
1781846556.80,ROCM_SMI,GPU_3,1474.1,146.0,100.0
1781846556.80,ROCM_SMI,GPU_4,1474.1,144.0,100.0
1781846556.80,ROCM_SMI,GPU_5,1474.1,144.0,100.0
1781846556.80,ROCM_SMI,GPU_6,1474.1,139.0,100.0
1781846556.80,ROCM_SMI,GPU_7,1474.1,138.0,95.0
1781846559.00,ROCM_SMI,GPU_0,1474.1,151.0,100.0
1781846559.00,ROCM_SMI,GPU_1,1474.1,139.0,100.0
1781846559.00,ROCM_SMI,GPU_2,1474.1,145.0,100.0
1781846559.00,ROCM_SMI,GPU_3,1474.1,144.0,100.0
1781846559.00,ROCM_SMI,GPU_4,1474.1,140.0,100.0
1781846559.00,ROCM_SMI,GPU_5,1474.1,143.0,100.0
1781846559.00,ROCM_SMI,GPU_6,1474.1,142.0,100.0
1781846559.00,ROCM_SMI,GPU_7,1474.1,139.0,100.0
1781846561.19,ROCM_SMI,GPU_0,1474.1,151.0,100.0
1781846561.19,ROCM_SMI,GPU_1,1474.1,141.0,100.0
1781846561.19,ROCM_SMI,GPU_2,1474.1,144.0,100.0
1781846561.19,ROCM_SMI,GPU_3,1474.1,145.0,100.0
1781846561.19,ROCM_SMI,GPU_4,1474.1,140.0,100.0
1781846561.19,ROCM_SMI,GPU_5,1474.1,141.0,100.0
1781846561.19,ROCM_SMI,GPU_6,1474.1,144.0,100.0
1781846561.19,ROCM_SMI,GPU_7,1474.1,140.0,100.0
1781846563.38,ROCM_SMI,GPU_0,1474.1,148.0,100.0
1781846563.38,ROCM_SMI,GPU_1,1474.1,138.0,100.0
1781846563.38,ROCM_SMI,GPU_2,1474.1,141.0,100.0
1781846563.38,ROCM_SMI,GPU_3,1474.1,145.0,100.0
1781846563.38,ROCM_SMI,GPU_4,1474.1,139.0,100.0
1781846563.38,ROCM_SMI,GPU_5,1474.1,139.0,100.0
1781846563.38,ROCM_SMI,GPU_6,1474.1,144.0,100.0
1781846563.38,ROCM_SMI,GPU_7,1474.1,139.0,100.0
1781846565.57,ROCM_SMI,GPU_0,1474.1,142.0,100.0
1781846565.57,ROCM_SMI,GPU_1,1474.1,141.0,100.0
1781846565.57,ROCM_SMI,GPU_2,1474.1,143.0,100.0
1781846565.57,ROCM_SMI,GPU_3,1474.1,148.0,100.0
1781846565.57,ROCM_SMI,GPU_4,1474.1,143.0,100.0
1781846565.57,ROCM_SMI,GPU_5,1474.1,138.0,100.0
1781846565.57,ROCM_SMI,GPU_6,1474.1,142.0,100.0
1781846565.57,ROCM_SMI,GPU_7,1474.1,139.0,100.0
1781846567.77,ROCM_SMI,GPU_0,1474.1,145.0,85.0
1781846567.77,ROCM_SMI,GPU_1,1474.1,141.0,100.0
1781846567.77,ROCM_SMI,GPU_2,1474.1,148.0,100.0
1781846567.77,ROCM_SMI,GPU_3,1474.1,148.0,100.0
1781846567.77,ROCM_SMI,GPU_4,1474.1,147.0,100.0
1781846567.77,ROCM_SMI,GPU_5,1474.1,142.0,100.0
1781846567.77,ROCM_SMI,GPU_6,1474.1,139.0,100.0
1781846567.77,ROCM_SMI,GPU_7,1474.1,137.0,100.0
1781846569.98,ROCM_SMI,GPU_0,1474.1,145.0,100.0
1781846569.98,ROCM_SMI,GPU_1,1474.1,141.0,100.0
1781846569.98,ROCM_SMI,GPU_2,1474.1,145.0,100.0
1781846569.98,ROCM_SMI,GPU_3,1474.1,147.0,100.0
1781846569.98,ROCM_SMI,GPU_4,1474.1,144.0,100.0
1781846569.98,ROCM_SMI,GPU_5,1474.1,138.0,100.0
1781846569.98,ROCM_SMI,GPU_6,1474.1,140.0,100.0
1781846569.98,ROCM_SMI,GPU_7,1474.1,138.0,100.0
1781846572.17,ROCM_SMI,GPU_0,1474.1,146.0,100.0
1781846572.17,ROCM_SMI,GPU_1,1474.1,142.0,100.0
1781846572.17,ROCM_SMI,GPU_2,1474.1,146.0,100.0
1781846572.17,ROCM_SMI,GPU_3,1474.1,146.0,100.0
1781846572.17,ROCM_SMI,GPU_4,1474.1,145.0,100.0
1781846572.17,ROCM_SMI,GPU_5,1474.1,139.0,100.0
1781846572.17,ROCM_SMI,GPU_6,1474.1,140.0,100.0
1781846572.17,ROCM_SMI,GPU_7,1474.1,137.0,100.0
1781846574.37,ROCM_SMI,GPU_0,1474.1,145.0,100.0
1781846574.37,ROCM_SMI,GPU_1,1474.1,142.0,100.0
1781846574.37,ROCM_SMI,GPU_2,1474.1,147.0,100.0
1781846574.37,ROCM_SMI,GPU_3,1474.1,147.0,100.0
1781846574.37,ROCM_SMI,GPU_4,1474.1,145.0,100.0
1781846574.37,ROCM_SMI,GPU_5,1474.1,140.0,100.0
1781846574.37,ROCM_SMI,GPU_6,1474.1,140.0,100.0
1781846574.37,ROCM_SMI,GPU_7,1474.1,138.0,100.0
1781846576.56,ROCM_SMI,GPU_0,1474.1,145.0,100.0
1781846576.56,ROCM_SMI,GPU_1,1474.1,140.0,87.0
1781846576.56,ROCM_SMI,GPU_2,1474.1,143.0,100.0
1781846576.56,ROCM_SMI,GPU_3,1474.1,147.0,100.0
1781846576.56,ROCM_SMI,GPU_4,1474.1,144.0,100.0
1781846576.56,ROCM_SMI,GPU_5,1474.1,139.0,100.0
1781846576.56,ROCM_SMI,GPU_6,1474.1,141.0,100.0
1781846576.56,ROCM_SMI,GPU_7,1474.1,137.0,100.0
1781846578.75,ROCM_SMI,GPU_0,1474.1,144.0,100.0
1781846578.75,ROCM_SMI,GPU_1,1474.1,140.0,100.0
1781846578.75,ROCM_SMI,GPU_2,1474.1,143.0,100.0
1781846578.75,ROCM_SMI,GPU_3,1474.1,145.0,88.0
1781846578.75,ROCM_SMI,GPU_4,1474.1,143.0,100.0
1781846578.75,ROCM_SMI,GPU_5,1474.1,138.0,100.0
1781846578.75,ROCM_SMI,GPU_6,1474.1,141.0,100.0
1781846578.75,ROCM_SMI,GPU_7,1474.1,137.0,100.0
1781846580.94,ROCM_SMI,GPU_0,1474.1,147.0,100.0
1781846580.94,ROCM_SMI,GPU_1,1474.1,141.0,100.0
1781846580.94,ROCM_SMI,GPU_2,1474.1,146.0,100.0
1781846580.94,ROCM_SMI,GPU_3,1474.1,145.0,100.0
1781846580.94,ROCM_SMI,GPU_4,1474.1,145.0,87.0
1781846580.94,ROCM_SMI,GPU_5,1474.1,140.0,100.0
1781846580.94,ROCM_SMI,GPU_6,1474.1,140.0,100.0
1781846580.94,ROCM_SMI,GPU_7,1474.1,138.0,100.0
1781846583.15,ROCM_SMI,GPU_0,1474.1,138.0,100.0
1781846583.15,ROCM_SMI,GPU_1,1474.1,128.0,100.0
1781846583.15,ROCM_SMI,GPU_2,1474.1,134.0,100.0
1781846583.15,ROCM_SMI,GPU_3,1474.1,126.0,88.0
1781846583.15,ROCM_SMI,GPU_4,1474.1,145.0,100.0
1781846583.15,ROCM_SMI,GPU_5,1474.1,161.0,100.0
1781846583.15,ROCM_SMI,GPU_6,1474.1,144.0,100.0
1781846583.15,ROCM_SMI,GPU_7,1474.1,135.0,100.0
1781846585.34,ROCM_SMI,GPU_0,1474.1,148.0,100.0
1781846585.34,ROCM_SMI,GPU_1,1474.1,140.0,100.0
1781846585.34,ROCM_SMI,GPU_2,1474.1,142.0,85.0
1781846585.34,ROCM_SMI,GPU_3,1474.1,146.0,100.0
1781846585.34,ROCM_SMI,GPU_4,1474.1,139.0,100.0
1781846585.34,ROCM_SMI,GPU_5,1474.1,139.0,100.0
1781846585.34,ROCM_SMI,GPU_6,1474.1,144.0,100.0
1781846585.34,ROCM_SMI,GPU_7,1474.1,139.0,100.0
1781846587.54,ROCM_SMI,GPU_0,1474.1,147.0,100.0
1781846587.54,ROCM_SMI,GPU_1,1474.1,138.0,100.0
1781846587.54,ROCM_SMI,GPU_2,1474.1,141.0,100.0
1781846587.54,ROCM_SMI,GPU_3,1474.1,146.0,82.0
1781846587.54,ROCM_SMI,GPU_4,1474.1,138.0,100.0
1781846587.54,ROCM_SMI,GPU_5,1474.1,138.0,100.0
1781846587.54,ROCM_SMI,GPU_6,1474.1,145.0,100.0
1781846587.54,ROCM_SMI,GPU_7,1474.1,139.0,100.0
1781846589.73,ROCM_SMI,GPU_0,1474.1,148.0,100.0
1781846589.73,ROCM_SMI,GPU_1,1474.1,142.0,100.0
1781846589.73,ROCM_SMI,GPU_2,1474.1,143.0,100.0
1781846589.73,ROCM_SMI,GPU_3,1474.1,146.0,100.0
1781846589.73,ROCM_SMI,GPU_4,1474.1,140.0,100.0
1781846589.73,ROCM_SMI,GPU_5,1474.1,140.0,87.0
1781846589.73,ROCM_SMI,GPU_6,1474.1,145.0,100.0
1781846589.73,ROCM_SMI,GPU_7,1474.1,141.0,100.0
1781846591.92,ROCM_SMI,GPU_0,1474.1,150.0,100.0
1781846591.92,ROCM_SMI,GPU_1,1474.1,141.0,100.0
1781846591.92,ROCM_SMI,GPU_2,1474.1,143.0,100.0
1781846591.92,ROCM_SMI,GPU_3,1474.1,147.0,100.0
1781846591.92,ROCM_SMI,GPU_4,1474.1,140.0,100.0
1781846591.92,ROCM_SMI,GPU_5,1474.1,140.0,100.0
1781846591.92,ROCM_SMI,GPU_6,1474.1,143.0,100.0
1781846591.92,ROCM_SMI,GPU_7,1474.1,139.0,81.0
1781846594.11,ROCM_SMI,GPU_0,1474.1,151.0,100.0
1781846594.11,ROCM_SMI,GPU_1,1474.1,141.0,100.0
1781846594.11,ROCM_SMI,GPU_2,1474.1,144.0,100.0
1781846594.11,ROCM_SMI,GPU_3,1474.1,147.0,100.0
1781846594.11,ROCM_SMI,GPU_4,1474.1,140.0,100.0
1781846594.11,ROCM_SMI,GPU_5,1474.1,141.0,100.0
1781846594.11,ROCM_SMI,GPU_6,1474.1,143.0,100.0
1781846594.11,ROCM_SMI,GPU_7,1474.1,139.0,100.0
1781846596.31,ROCM_SMI,GPU_0,1474.1,146.0,100.0
1781846596.31,ROCM_SMI,GPU_1,1474.1,139.0,100.0
1781846596.31,ROCM_SMI,GPU_2,1474.1,141.0,100.0
1781846596.31,ROCM_SMI,GPU_3,1474.1,150.0,100.0
1781846596.31,ROCM_SMI,GPU_4,1474.1,141.0,100.0
1781846596.31,ROCM_SMI,GPU_5,1474.1,139.0,100.0
1781846596.31,ROCM_SMI,GPU_6,1474.1,146.0,100.0
1781846596.31,ROCM_SMI,GPU_7,1474.1,141.0,100.0
1781846598.50,ROCM_SMI,GPU_0,1474.1,146.0,100.0
1781846598.50,ROCM_SMI,GPU_1,1474.1,140.0,100.0
1781846598.50,ROCM_SMI,GPU_2,1474.1,142.0,100.0
1781846598.50,ROCM_SMI,GPU_3,1474.1,147.0,100.0
1781846598.50,ROCM_SMI,GPU_4,1474.1,141.0,100.0
1781846598.50,ROCM_SMI,GPU_5,1474.1,138.0,100.0
1781846598.50,ROCM_SMI,GPU_6,1474.1,144.0,100.0
1781846598.50,ROCM_SMI,GPU_7,1474.1,138.0,100.0
1781846600.69,ROCM_SMI,GPU_0,1474.1,145.0,100.0
1781846600.69,ROCM_SMI,GPU_1,1474.1,141.0,100.0
1781846600.69,ROCM_SMI,GPU_2,1474.1,147.0,100.0
1781846600.69,ROCM_SMI,GPU_3,1474.1,146.0,100.0
1781846600.69,ROCM_SMI,GPU_4,1474.1,144.0,100.0
1781846600.69,ROCM_SMI,GPU_5,1474.1,140.0,100.0
1781846600.69,ROCM_SMI,GPU_6,1474.1,139.0,100.0
1781846600.69,ROCM_SMI,GPU_7,1474.1,139.0,100.0
1781846602.89,ROCM_SMI,GPU_0,1474.1,149.0,90.0
1781846602.89,ROCM_SMI,GPU_1,1474.1,139.0,100.0
1781846602.89,ROCM_SMI,GPU_2,1474.1,147.0,100.0
1781846602.89,ROCM_SMI,GPU_3,1474.1,145.0,100.0
1781846602.89,ROCM_SMI,GPU_4,1474.1,141.0,100.0
1781846602.89,ROCM_SMI,GPU_5,1474.1,143.0,100.0
1781846602.89,ROCM_SMI,GPU_6,1474.1,141.0,100.0
1781846602.89,ROCM_SMI,GPU_7,1474.1,141.0,100.0
1781846605.08,ROCM_SMI,GPU_0,1474.1,147.0,99.0
1781846605.08,ROCM_SMI,GPU_1,1474.1,138.0,93.0
1781846605.08,ROCM_SMI,GPU_2,1474.1,143.0,100.0
1781846605.08,ROCM_SMI,GPU_3,1474.1,148.0,100.0
1781846605.08,ROCM_SMI,GPU_4,1474.1,140.0,100.0
1781846605.08,ROCM_SMI,GPU_5,1474.1,139.0,100.0
1781846605.08,ROCM_SMI,GPU_6,1474.1,145.0,100.0
1781846605.08,ROCM_SMI,GPU_7,1474.1,139.0,100.0
1781846607.27,ROCM_SMI,GPU_0,1474.1,145.0,100.0
1781846607.27,ROCM_SMI,GPU_1,1474.1,140.0,87.0
1781846607.27,ROCM_SMI,GPU_2,1474.1,144.0,100.0
1781846607.27,ROCM_SMI,GPU_3,1474.1,145.0,100.0
1781846607.27,ROCM_SMI,GPU_4,1474.1,144.0,100.0
1781846607.27,ROCM_SMI,GPU_5,1474.1,140.0,100.0
1781846607.27,ROCM_SMI,GPU_6,1474.1,141.0,100.0
1781846607.27,ROCM_SMI,GPU_7,1474.1,137.0,100.0
1781846609.46,ROCM_SMI,GPU_0,1474.1,150.0,100.0
1781846609.46,ROCM_SMI,GPU_1,1474.1,139.0,90.0
1781846609.46,ROCM_SMI,GPU_2,1474.1,142.0,100.0
1781846609.46,ROCM_SMI,GPU_3,1474.1,145.0,100.0
1781846609.46,ROCM_SMI,GPU_4,1474.1,142.0,100.0
1781846609.46,ROCM_SMI,GPU_5,1474.1,144.0,100.0
1781846609.46,ROCM_SMI,GPU_6,1474.1,143.0,100.0
1781846609.46,ROCM_SMI,GPU_7,1474.1,144.0,100.0
1781846611.66,ROCM_SMI,GPU_0,1474.1,150.0,100.0
1781846611.66,ROCM_SMI,GPU_1,1474.1,140.0,100.0
1781846611.66,ROCM_SMI,GPU_2,1474.1,145.0,100.0
1781846611.66,ROCM_SMI,GPU_3,1474.1,143.0,89.0
1781846611.66,ROCM_SMI,GPU_4,1474.1,141.0,100.0
1781846611.66,ROCM_SMI,GPU_5,1474.1,143.0,100.0
1781846611.66,ROCM_SMI,GPU_6,1474.1,141.0,100.0
1781846611.66,ROCM_SMI,GPU_7,1474.1,139.0,100.0
1781846613.85,ROCM_SMI,GPU_0,1474.1,148.0,100.0
1781846613.85,ROCM_SMI,GPU_1,1474.1,139.0,100.0
1781846613.85,ROCM_SMI,GPU_2,1474.1,142.0,100.0
1781846613.85,ROCM_SMI,GPU_3,1474.1,145.0,98.0
1781846613.85,ROCM_SMI,GPU_4,1474.1,138.0,93.0
1781846613.85,ROCM_SMI,GPU_5,1474.1,137.0,100.0
1781846613.85,ROCM_SMI,GPU_6,1474.1,144.0,100.0
1781846613.85,ROCM_SMI,GPU_7,1474.1,139.0,100.0
1781846616.04,ROCM_SMI,GPU_0,1474.1,147.0,100.0
1781846616.04,ROCM_SMI,GPU_1,1474.1,141.0,100.0
1781846616.04,ROCM_SMI,GPU_2,1474.1,145.0,100.0
1781846616.04,ROCM_SMI,GPU_3,1474.1,148.0,100.0
1781846616.04,ROCM_SMI,GPU_4,1474.1,143.0,88.0
1781846616.04,ROCM_SMI,GPU_5,1474.1,139.0,100.0
1781846616.04,ROCM_SMI,GPU_6,1474.1,142.0,100.0
1781846616.04,ROCM_SMI,GPU_7,1474.1,139.0,100.0
1781846618.23,ROCM_SMI,GPU_0,1474.1,152.0,100.0
1781846618.23,ROCM_SMI,GPU_1,1474.1,141.0,100.0
1781846618.23,ROCM_SMI,GPU_2,1474.1,147.0,100.0
1781846618.23,ROCM_SMI,GPU_3,1474.1,146.0,100.0
1781846618.23,ROCM_SMI,GPU_4,1474.1,141.0,90.0
1781846618.23,ROCM_SMI,GPU_5,1474.1,140.0,96.0
1781846618.23,ROCM_SMI,GPU_6,1474.1,142.0,100.0
1781846618.23,ROCM_SMI,GPU_7,1474.1,140.0,100.0
1781846620.43,ROCM_SMI,GPU_0,1474.1,148.0,100.0
1781846620.43,ROCM_SMI,GPU_1,1474.1,142.0,100.0
1781846620.43,ROCM_SMI,GPU_2,1474.1,142.0,100.0
1781846620.43,ROCM_SMI,GPU_3,1474.1,147.0,100.0
1781846620.43,ROCM_SMI,GPU_4,1474.1,140.0,100.0
1781846620.43,ROCM_SMI,GPU_5,1474.1,139.0,100.0
1781846620.43,ROCM_SMI,GPU_6,1474.1,145.0,82.0
1781846620.43,ROCM_SMI,GPU_7,1474.1,140.0,100.0
1781846622.62,ROCM_SMI,GPU_0,1474.1,145.0,100.0
1781846622.62,ROCM_SMI,GPU_1,1474.1,141.0,100.0
1781846622.62,ROCM_SMI,GPU_2,1474.1,144.0,100.0
1781846622.62,ROCM_SMI,GPU_3,1474.1,147.0,100.0
1781846622.62,ROCM_SMI,GPU_4,1474.1,142.0,100.0
1781846622.62,ROCM_SMI,GPU_5,1474.1,137.0,100.0
1781846622.62,ROCM_SMI,GPU_6,1474.1,143.0,100.0
1781846622.62,ROCM_SMI,GPU_7,1474.1,136.0,85.0
1781846624.81,ROCM_SMI,GPU_0,1474.1,151.0,100.0
1781846624.81,ROCM_SMI,GPU_1,1474.1,145.0,100.0
1781846624.81,ROCM_SMI,GPU_2,1474.1,152.0,100.0
1781846624.81,ROCM_SMI,GPU_3,1474.1,148.0,100.0
1781846624.81,ROCM_SMI,GPU_4,1474.1,149.0,100.0
1781846624.81,ROCM_SMI,GPU_5,1474.1,147.0,100.0
1781846624.81,ROCM_SMI,GPU_6,1474.1,138.0,100.0
1781846624.81,ROCM_SMI,GPU_7,1474.1,134.0,95.0
1781846627.00,ROCM_SMI,GPU_0,1474.1,150.0,100.0
1781846627.00,ROCM_SMI,GPU_1,1474.1,141.0,100.0
1781846627.00,ROCM_SMI,GPU_2,1474.1,148.0,100.0
1781846627.00,ROCM_SMI,GPU_3,1474.1,145.0,100.0
1781846627.00,ROCM_SMI,GPU_4,1474.1,145.0,100.0
1781846627.00,ROCM_SMI,GPU_5,1474.1,142.0,100.0
1781846627.00,ROCM_SMI,GPU_6,1474.1,139.0,100.0
1781846627.00,ROCM_SMI,GPU_7,1474.1,139.0,100.0
1781846629.20,ROCM_SMI,GPU_0,1474.1,150.0,100.0
1781846629.20,ROCM_SMI,GPU_1,1474.1,139.0,100.0
1781846629.20,ROCM_SMI,GPU_2,1474.1,144.0,100.0
1781846629.20,ROCM_SMI,GPU_3,1474.1,145.0,100.0
1781846629.20,ROCM_SMI,GPU_4,1474.1,140.0,100.0
1781846629.20,ROCM_SMI,GPU_5,1474.1,141.0,100.0
1781846629.20,ROCM_SMI,GPU_6,1474.1,143.0,100.0
1781846629.20,ROCM_SMI,GPU_7,1474.1,139.0,100.0
1781846631.39,ROCM_SMI,GPU_0,1474.1,145.0,100.0
1781846631.39,ROCM_SMI,GPU_1,1474.1,143.0,100.0
1781846631.39,ROCM_SMI,GPU_2,1474.1,145.0,100.0
1781846631.39,ROCM_SMI,GPU_3,1474.1,147.0,100.0
1781846631.39,ROCM_SMI,GPU_4,1474.1,144.0,100.0
1781846631.39,ROCM_SMI,GPU_5,1474.1,139.0,100.0
1781846631.39,ROCM_SMI,GPU_6,1474.1,141.0,100.0
1781846631.39,ROCM_SMI,GPU_7,1474.1,138.0,100.0
1781846633.58,ROCM_SMI,GPU_0,1474.1,148.0,100.0
1781846633.58,ROCM_SMI,GPU_1,1474.1,142.0,100.0
1781846633.58,ROCM_SMI,GPU_2,1474.1,147.0,100.0
1781846633.58,ROCM_SMI,GPU_3,1474.1,145.0,100.0
1781846633.58,ROCM_SMI,GPU_4,1474.1,146.0,100.0
1781846633.58,ROCM_SMI,GPU_5,1474.1,142.0,100.0
1781846633.58,ROCM_SMI,GPU_6,1474.1,139.0,100.0
1781846633.58,ROCM_SMI,GPU_7,1474.1,139.0,100.0
1781846635.77,ROCM_SMI,GPU_0,1474.1,149.0,85.0
1781846635.77,ROCM_SMI,GPU_1,1474.1,138.0,100.0
1781846635.77,ROCM_SMI,GPU_2,1474.1,144.0,100.0
1781846635.77,ROCM_SMI,GPU_3,1474.1,146.0,100.0
1781846635.77,ROCM_SMI,GPU_4,1474.1,139.0,100.0
1781846635.77,ROCM_SMI,GPU_5,1474.1,140.0,100.0
1781846635.77,ROCM_SMI,GPU_6,1474.1,143.0,100.0
1781846635.77,ROCM_SMI,GPU_7,1474.1,139.0,100.0
1781846637.97,ROCM_SMI,GPU_0,1474.1,142.0,82.0
1781846637.97,ROCM_SMI,GPU_1,1474.1,135.0,100.0
1781846637.97,ROCM_SMI,GPU_2,1474.1,143.0,100.0
1781846637.97,ROCM_SMI,GPU_3,1474.1,149.0,100.0
1781846637.97,ROCM_SMI,GPU_4,1474.1,145.0,100.0
1781846637.97,ROCM_SMI,GPU_5,1474.1,139.0,100.0
1781846637.97,ROCM_SMI,GPU_6,1474.1,149.0,100.0
1781846637.97,ROCM_SMI,GPU_7,1474.1,143.0,100.0
1781846640.16,ROCM_SMI,GPU_0,1474.1,144.0,100.0
1781846640.16,ROCM_SMI,GPU_1,1474.1,139.0,88.0
1781846640.16,ROCM_SMI,GPU_2,1474.1,142.0,100.0
1781846640.16,ROCM_SMI,GPU_3,1474.1,147.0,100.0
1781846640.16,ROCM_SMI,GPU_4,1474.1,143.0,100.0
1781846640.16,ROCM_SMI,GPU_5,1474.1,138.0,100.0
1781846640.16,ROCM_SMI,GPU_6,1474.1,143.0,100.0
1781846640.16,ROCM_SMI,GPU_7,1474.1,139.0,100.0
1781846642.36,ROCM_SMI,GPU_0,1474.1,146.0,100.0
1781846642.36,ROCM_SMI,GPU_1,1474.1,141.0,96.0
1781846642.36,ROCM_SMI,GPU_2,1474.1,144.0,96.0
1781846642.36,ROCM_SMI,GPU_3,1474.1,146.0,100.0
1781846642.36,ROCM_SMI,GPU_4,1474.1,144.0,100.0
1781846642.36,ROCM_SMI,GPU_5,1474.1,140.0,100.0
1781846642.36,ROCM_SMI,GPU_6,1474.1,141.0,100.0
1781846642.36,ROCM_SMI,GPU_7,1474.1,138.0,100.0
1781846644.55,ROCM_SMI,GPU_0,1474.1,147.0,100.0
1781846644.55,ROCM_SMI,GPU_1,1474.1,142.0,100.0
1781846644.55,ROCM_SMI,GPU_2,1474.1,145.0,100.0
1781846644.55,ROCM_SMI,GPU_3,1474.1,144.0,88.0
1781846644.55,ROCM_SMI,GPU_4,1474.1,144.0,100.0
1781846644.55,ROCM_SMI,GPU_5,1474.1,141.0,100.0
1781846644.55,ROCM_SMI,GPU_6,1474.1,139.0,100.0
1781846644.55,ROCM_SMI,GPU_7,1474.1,139.0,100.0
1781846646.74,ROCM_SMI,GPU_0,1474.1,145.0,100.0
1781846646.74,ROCM_SMI,GPU_1,1474.1,144.0,100.0
1781846646.74,ROCM_SMI,GPU_2,1474.1,146.0,100.0
1781846646.74,ROCM_SMI,GPU_3,1474.1,148.0,100.0
1781846646.74,ROCM_SMI,GPU_4,1474.1,143.0,100.0
1781846646.74,ROCM_SMI,GPU_5,1474.1,138.0,84.0
1781846646.74,ROCM_SMI,GPU_6,1474.1,141.0,100.0
1781846646.74,ROCM_SMI,GPU_7,1474.1,140.0,100.0
1781846648.93,ROCM_SMI,GPU_0,1474.1,146.0,100.0
1781846648.93,ROCM_SMI,GPU_1,1474.1,142.0,100.0
1781846648.93,ROCM_SMI,GPU_2,1474.1,146.0,100.0
1781846648.93,ROCM_SMI,GPU_3,1474.1,147.0,100.0
1781846648.93,ROCM_SMI,GPU_4,1474.1,145.0,100.0
1781846648.93,ROCM_SMI,GPU_5,1474.1,140.0,100.0
1781846648.93,ROCM_SMI,GPU_6,1474.1,140.0,87.0
1781846648.93,ROCM_SMI,GPU_7,1474.1,138.0,100.0
1781846651.12,ROCM_SMI,GPU_0,1474.1,150.0,100.0
1781846651.12,ROCM_SMI,GPU_1,1474.1,141.0,100.0
1781846651.12,ROCM_SMI,GPU_2,1474.1,150.0,100.0
1781846651.12,ROCM_SMI,GPU_3,1474.1,146.0,100.0
1781846651.12,ROCM_SMI,GPU_4,1474.1,145.0,100.0
1781846651.12,ROCM_SMI,GPU_5,1474.1,145.0,100.0
1781846651.12,ROCM_SMI,GPU_6,1474.1,140.0,100.0
1781846651.12,ROCM_SMI,GPU_7,1474.1,137.0,100.0
1781846653.32,ROCM_SMI,GPU_0,1474.1,150.0,100.0
1781846653.32,ROCM_SMI,GPU_1,1474.1,142.0,100.0
1781846653.32,ROCM_SMI,GPU_2,1474.1,148.0,100.0
1781846653.32,ROCM_SMI,GPU_3,1474.1,146.0,100.0
1781846653.32,ROCM_SMI,GPU_4,1474.1,145.0,100.0
1781846653.32,ROCM_SMI,GPU_5,1474.1,142.0,100.0
1781846653.32,ROCM_SMI,GPU_6,1474.1,139.0,100.0
1781846653.32,ROCM_SMI,GPU_7,1474.1,137.0,100.0
1781846655.51,ROCM_SMI,GPU_0,1474.1,151.0,100.0
1781846655.51,ROCM_SMI,GPU_1,1474.1,140.0,100.0
1781846655.51,ROCM_SMI,GPU_2,1474.1,147.0,100.0
1781846655.51,ROCM_SMI,GPU_3,1474.1,145.0,100.0
1781846655.51,ROCM_SMI,GPU_4,1474.1,143.0,100.0
1781846655.51,ROCM_SMI,GPU_5,1474.1,144.0,100.0
1781846655.51,ROCM_SMI,GPU_6,1474.1,140.0,100.0
1781846655.51,ROCM_SMI,GPU_7,1474.1,139.0,100.0
1781846657.70,ROCM_SMI,GPU_0,1474.1,149.0,100.0
1781846657.70,ROCM_SMI,GPU_1,1474.1,139.0,100.0
1781846657.70,ROCM_SMI,GPU_2,1474.1,145.0,100.0
1781846657.70,ROCM_SMI,GPU_3,1474.1,146.0,100.0
1781846657.70,ROCM_SMI,GPU_4,1474.1,142.0,100.0
1781846657.70,ROCM_SMI,GPU_5,1474.1,141.0,100.0
1781846657.70,ROCM_SMI,GPU_6,1474.1,144.0,100.0
1781846657.70,ROCM_SMI,GPU_7,1474.1,139.0,100.0
1781846659.89,ROCM_SMI,GPU_0,1474.1,148.0,100.0
1781846659.89,ROCM_SMI,GPU_1,1474.1,139.0,88.0
1781846659.89,ROCM_SMI,GPU_2,1474.1,142.0,100.0
1781846659.89,ROCM_SMI,GPU_3,1474.1,145.0,100.0
1781846659.89,ROCM_SMI,GPU_4,1474.1,140.0,100.0
1781846659.89,ROCM_SMI,GPU_5,1474.1,139.0,100.0
1781846659.89,ROCM_SMI,GPU_6,1474.1,145.0,100.0
1781846659.89,ROCM_SMI,GPU_7,1474.1,140.0,100.0
1781846662.09,ROCM_SMI,GPU_0,1474.1,150.0,100.0
1781846662.09,ROCM_SMI,GPU_1,1474.1,140.0,100.0
1781846662.09,ROCM_SMI,GPU_2,1474.1,143.0,100.0
1781846662.09,ROCM_SMI,GPU_3,1474.1,145.0,87.0
1781846662.09,ROCM_SMI,GPU_4,1474.1,138.0,100.0
1781846662.09,ROCM_SMI,GPU_5,1474.1,140.0,100.0
1781846662.09,ROCM_SMI,GPU_6,1474.1,143.0,100.0
1781846662.09,ROCM_SMI,GPU_7,1474.1,139.0,100.0
1781846664.28,ROCM_SMI,GPU_0,1474.1,152.0,100.0
1781846664.28,ROCM_SMI,GPU_1,1474.1,139.0,100.0
1781846664.28,ROCM_SMI,GPU_2,1474.1,142.0,100.0
1781846664.28,ROCM_SMI,GPU_3,1474.1,146.0,100.0
1781846664.28,ROCM_SMI,GPU_4,1474.1,138.0,100.0
1781846664.28,ROCM_SMI,GPU_5,1474.1,139.0,88.0
1781846664.28,ROCM_SMI,GPU_6,1474.1,144.0,100.0
1781846664.28,ROCM_SMI,GPU_7,1474.1,140.0,100.0
1781846666.48,ROCM_SMI,GPU_0,1474.1,151.0,100.0
1781846666.48,ROCM_SMI,GPU_1,1474.1,140.0,100.0
1781846666.48,ROCM_SMI,GPU_2,1474.1,144.0,100.0
1781846666.48,ROCM_SMI,GPU_3,1474.1,145.0,100.0
1781846666.48,ROCM_SMI,GPU_4,1474.1,140.0,100.0
1781846666.48,ROCM_SMI,GPU_5,1474.1,141.0,87.0
1781846666.48,ROCM_SMI,GPU_6,1474.1,143.0,100.0
1781846666.48,ROCM_SMI,GPU_7,1474.1,141.0,100.0
1781846668.67,ROCM_SMI,GPU_0,1474.1,146.0,100.0
1781846668.67,ROCM_SMI,GPU_1,1474.1,140.0,100.0
1781846668.67,ROCM_SMI,GPU_2,1474.1,142.0,100.0
1781846668.67,ROCM_SMI,GPU_3,1474.1,147.0,100.0
1781846668.67,ROCM_SMI,GPU_4,1474.1,141.0,100.0
1781846668.67,ROCM_SMI,GPU_5,1474.1,137.0,85.0
1781846668.67,ROCM_SMI,GPU_6,1474.1,145.0,100.0
1781846668.67,ROCM_SMI,GPU_7,1474.1,141.0,100.0
1781846670.87,ROCM_SMI,GPU_0,1474.1,146.0,100.0
1781846670.87,ROCM_SMI,GPU_1,1474.1,141.0,100.0
1781846670.87,ROCM_SMI,GPU_2,1474.1,145.0,100.0
1781846670.87,ROCM_SMI,GPU_3,1474.1,147.0,100.0
1781846670.87,ROCM_SMI,GPU_4,1474.1,145.0,100.0
1781846670.87,ROCM_SMI,GPU_5,1474.1,139.0,100.0
1781846670.87,ROCM_SMI,GPU_6,1474.1,141.0,81.0
1781846670.87,ROCM_SMI,GPU_7,1474.1,139.0,100.0
1781846673.06,ROCM_SMI,GPU_0,1474.1,150.0,100.0
1781846673.06,ROCM_SMI,GPU_1,1474.1,142.0,100.0
1781846673.06,ROCM_SMI,GPU_2,1474.1,147.0,100.0
1781846673.06,ROCM_SMI,GPU_3,1474.1,147.0,100.0
1781846673.06,ROCM_SMI,GPU_4,1474.1,145.0,100.0
1781846673.06,ROCM_SMI,GPU_5,1474.1,143.0,100.0
1781846673.06,ROCM_SMI,GPU_6,1474.1,138.0,100.0
1781846673.06,ROCM_SMI,GPU_7,1474.1,137.0,98.0
1781846675.25,ROCM_SMI,GPU_0,1474.1,151.0,100.0
1781846675.25,ROCM_SMI,GPU_1,1474.1,140.0,100.0
1781846675.25,ROCM_SMI,GPU_2,1474.1,145.0,100.0
1781846675.25,ROCM_SMI,GPU_3,1474.1,147.0,100.0
1781846675.25,ROCM_SMI,GPU_4,1474.1,141.0,100.0
1781846675.25,ROCM_SMI,GPU_5,1474.1,143.0,100.0
1781846675.25,ROCM_SMI,GPU_6,1474.1,142.0,100.0
1781846675.25,ROCM_SMI,GPU_7,1474.1,140.0,81.0
1781846677.44,ROCM_SMI,GPU_0,1474.1,149.0,100.0
1781846677.44,ROCM_SMI,GPU_1,1474.1,141.0,100.0
1781846677.44,ROCM_SMI,GPU_2,1474.1,143.0,100.0
1781846677.44,ROCM_SMI,GPU_3,1474.1,146.0,100.0
1781846677.44,ROCM_SMI,GPU_4,1474.1,140.0,100.0
1781846677.44,ROCM_SMI,GPU_5,1474.1,140.0,100.0
1781846677.44,ROCM_SMI,GPU_6,1474.1,144.0,100.0
1781846677.44,ROCM_SMI,GPU_7,1474.1,141.0,100.0
1781846679.64,ROCM_SMI,GPU_0,1474.1,150.0,100.0
1781846679.64,ROCM_SMI,GPU_1,1474.1,139.0,100.0
1781846679.64,ROCM_SMI,GPU_2,1474.1,142.0,100.0
1781846679.64,ROCM_SMI,GPU_3,1474.1,151.0,100.0
1781846679.64,ROCM_SMI,GPU_4,1474.1,141.0,100.0
1781846679.64,ROCM_SMI,GPU_5,1474.1,136.0,100.0
1781846679.64,ROCM_SMI,GPU_6,1474.1,142.0,100.0
1781846679.64,ROCM_SMI,GPU_7,1474.1,138.0,100.0
1781846681.84,ROCM_SMI,GPU_0,1474.1,146.0,100.0
1781846681.84,ROCM_SMI,GPU_1,1474.1,141.0,100.0
1781846681.84,ROCM_SMI,GPU_2,1474.1,143.0,100.0
1781846681.84,ROCM_SMI,GPU_3,1474.1,148.0,100.0
1781846681.84,ROCM_SMI,GPU_4,1474.1,142.0,100.0
1781846681.84,ROCM_SMI,GPU_5,1474.1,137.0,100.0
1781846681.84,ROCM_SMI,GPU_6,1474.1,143.0,100.0
1781846681.84,ROCM_SMI,GPU_7,1474.1,138.0,100.0
1781846684.03,ROCM_SMI,GPU_0,1474.1,145.0,100.0
1781846684.03,ROCM_SMI,GPU_1,1474.1,142.0,100.0
1781846684.03,ROCM_SMI,GPU_2,1474.1,146.0,100.0
1781846684.03,ROCM_SMI,GPU_3,1474.1,147.0,100.0
1781846684.03,ROCM_SMI,GPU_4,1474.1,144.0,100.0
1781846684.03,ROCM_SMI,GPU_5,1474.1,140.0,100.0
1781846684.03,ROCM_SMI,GPU_6,1474.1,140.0,100.0
1781846684.03,ROCM_SMI,GPU_7,1474.1,138.0,100.0
1781846686.22,ROCM_SMI,GPU_0,1474.1,145.0,88.0
1781846686.22,ROCM_SMI,GPU_1,1474.1,141.0,100.0
1781846686.22,ROCM_SMI,GPU_2,1474.1,147.0,100.0
1781846686.22,ROCM_SMI,GPU_3,1474.1,147.0,100.0
1781846686.22,ROCM_SMI,GPU_4,1474.1,146.0,100.0
1781846686.22,ROCM_SMI,GPU_5,1474.1,141.0,100.0
1781846686.22,ROCM_SMI,GPU_6,1474.1,138.0,100.0
1781846686.22,ROCM_SMI,GPU_7,1474.1,138.0,100.0
1781846688.41,ROCM_SMI,GPU_0,1474.1,146.0,100.0
1781846688.41,ROCM_SMI,GPU_1,1474.1,140.0,94.0
1781846688.41,ROCM_SMI,GPU_2,1474.1,146.0,95.0
1781846688.41,ROCM_SMI,GPU_3,1474.1,145.0,100.0
1781846688.41,ROCM_SMI,GPU_4,1474.1,145.0,100.0
1781846688.41,ROCM_SMI,GPU_5,1474.1,142.0,100.0
1781846688.41,ROCM_SMI,GPU_6,1474.1,140.0,100.0
1781846688.41,ROCM_SMI,GPU_7,1474.1,139.0,100.0
1781846690.60,ROCM_SMI,GPU_0,1474.1,147.0,100.0
1781846690.60,ROCM_SMI,GPU_1,1474.1,141.0,100.0
1781846690.60,ROCM_SMI,GPU_2,1474.1,147.0,100.0
1781846690.60,ROCM_SMI,GPU_3,1474.1,145.0,82.0
1781846690.60,ROCM_SMI,GPU_4,1474.1,143.0,100.0
1781846690.60,ROCM_SMI,GPU_5,1474.1,142.0,100.0
1781846690.60,ROCM_SMI,GPU_6,1474.1,138.0,100.0
1781846690.60,ROCM_SMI,GPU_7,1474.1,140.0,100.0
1781846692.80,ROCM_SMI,GPU_0,1474.1,149.0,100.0
1781846692.80,ROCM_SMI,GPU_1,1474.1,139.0,100.0
1781846692.80,ROCM_SMI,GPU_2,1474.1,145.0,100.0
1781846692.80,ROCM_SMI,GPU_3,1474.1,144.0,100.0
1781846692.80,ROCM_SMI,GPU_4,1474.1,140.0,100.0
1781846692.80,ROCM_SMI,GPU_5,1474.1,139.0,100.0
1781846692.80,ROCM_SMI,GPU_6,1474.1,142.0,100.0
1781846692.80,ROCM_SMI,GPU_7,1474.1,142.0,100.0
1781846694.99,ROCM_SMI,GPU_0,1474.1,150.0,100.0
1781846694.99,ROCM_SMI,GPU_1,1474.1,142.0,100.0
1781846694.99,ROCM_SMI,GPU_2,1474.1,147.0,100.0
1781846694.99,ROCM_SMI,GPU_3,1474.1,146.0,100.0
1781846694.99,ROCM_SMI,GPU_4,1474.1,144.0,100.0
1781846694.99,ROCM_SMI,GPU_5,1474.1,143.0,100.0
1781846694.99,ROCM_SMI,GPU_6,1474.1,139.0,87.0
1781846694.99,ROCM_SMI,GPU_7,1474.1,139.0,100.0
1781846697.18,ROCM_SMI,GPU_0,1474.1,150.0,100.0
1781846697.18,ROCM_SMI,GPU_1,1474.1,140.0,100.0
1781846697.18,ROCM_SMI,GPU_2,1474.1,148.0,100.0
1781846697.18,ROCM_SMI,GPU_3,1474.1,145.0,100.0
1781846697.18,ROCM_SMI,GPU_4,1474.1,145.0,100.0
1781846697.18,ROCM_SMI,GPU_5,1474.1,143.0,100.0
1781846697.18,ROCM_SMI,GPU_6,1474.1,140.0,100.0
1781846697.18,ROCM_SMI,GPU_7,1474.1,139.0,97.0
1781846699.37,ROCM_SMI,GPU_0,1474.1,151.0,100.0
1781846699.37,ROCM_SMI,GPU_1,1474.1,140.0,100.0
1781846699.37,ROCM_SMI,GPU_2,1474.1,144.0,100.0
1781846699.37,ROCM_SMI,GPU_3,1474.1,145.0,100.0
1781846699.37,ROCM_SMI,GPU_4,1474.1,140.0,100.0
1781846699.37,ROCM_SMI,GPU_5,1474.1,142.0,100.0
1781846699.37,ROCM_SMI,GPU_6,1474.1,143.0,100.0
1781846699.37,ROCM_SMI,GPU_7,1474.1,139.0,100.0
1781846701.56,ROCM_SMI,GPU_0,1474.1,146.0,100.0
1781846701.56,ROCM_SMI,GPU_1,1474.1,142.0,100.0
1781846701.56,ROCM_SMI,GPU_2,1474.1,143.0,100.0
1781846701.56,ROCM_SMI,GPU_3,1474.1,147.0,100.0
1781846701.56,ROCM_SMI,GPU_4,1474.1,143.0,100.0
1781846701.56,ROCM_SMI,GPU_5,1474.1,139.0,100.0
1781846701.56,ROCM_SMI,GPU_6,1474.1,141.0,100.0
1781846701.56,ROCM_SMI,GPU_7,1474.1,138.0,100.0
1781846703.76,ROCM_SMI,GPU_0,1474.1,147.0,100.0
1781846703.76,ROCM_SMI,GPU_1,1474.1,141.0,100.0
1781846703.76,ROCM_SMI,GPU_2,1474.1,148.0,100.0
1781846703.76,ROCM_SMI,GPU_3,1474.1,144.0,100.0
1781846703.76,ROCM_SMI,GPU_4,1474.1,145.0,100.0
1781846703.76,ROCM_SMI,GPU_5,1474.1,142.0,100.0
1781846703.76,ROCM_SMI,GPU_6,1474.1,138.0,100.0
1781846703.76,ROCM_SMI,GPU_7,1474.1,138.0,100.0
1781846705.95,ROCM_SMI,GPU_0,1474.1,148.0,100.0
1781846705.95,ROCM_SMI,GPU_1,1474.1,140.0,100.0
1781846705.95,ROCM_SMI,GPU_2,1474.1,144.0,100.0
1781846705.95,ROCM_SMI,GPU_3,1474.1,148.0,100.0
1781846705.95,ROCM_SMI,GPU_4,1474.1,141.0,100.0
1781846705.95,ROCM_SMI,GPU_5,1474.1,142.0,100.0
1781846705.95,ROCM_SMI,GPU_6,1474.1,144.0,100.0
1781846705.95,ROCM_SMI,GPU_7,1474.1,141.0,100.0
1781846708.16,ROCM_SMI,GPU_0,1474.1,146.0,100.0
1781846708.16,ROCM_SMI,GPU_1,1474.1,141.0,100.0
1781846708.16,ROCM_SMI,GPU_2,1474.1,143.0,100.0
1781846708.16,ROCM_SMI,GPU_3,1474.1,148.0,100.0
1781846708.16,ROCM_SMI,GPU_4,1474.1,140.0,100.0
1781846708.16,ROCM_SMI,GPU_5,1474.1,138.0,100.0
1781846708.16,ROCM_SMI,GPU_6,1474.1,144.0,100.0
1781846708.16,ROCM_SMI,GPU_7,1474.1,139.0,100.0
1781846710.35,ROCM_SMI,GPU_0,1474.1,146.0,100.0
1781846710.35,ROCM_SMI,GPU_1,1474.1,140.0,100.0
1781846710.35,ROCM_SMI,GPU_2,1474.1,143.0,100.0
1781846710.35,ROCM_SMI,GPU_3,1474.1,148.0,100.0
1781846710.35,ROCM_SMI,GPU_4,1474.1,142.0,100.0
1781846710.35,ROCM_SMI,GPU_5,1474.1,138.0,100.0
1781846710.35,ROCM_SMI,GPU_6,1474.1,144.0,100.0
1781846710.35,ROCM_SMI,GPU_7,1474.1,139.0,100.0
1781846712.54,ROCM_SMI,GPU_0,1474.1,143.0,100.0
1781846712.54,ROCM_SMI,GPU_1,1474.1,142.0,100.0
1781846712.54,ROCM_SMI,GPU_2,1474.1,143.0,100.0
1781846712.54,ROCM_SMI,GPU_3,1474.1,147.0,100.0
1781846712.54,ROCM_SMI,GPU_4,1474.1,143.0,100.0
1781846712.54,ROCM_SMI,GPU_5,1474.1,138.0,100.0
1781846712.54,ROCM_SMI,GPU_6,1474.1,142.0,100.0
1781846712.54,ROCM_SMI,GPU_7,1474.1,139.0,100.0
1781846714.73,ROCM_SMI,GPU_0,1474.1,144.0,100.0
1781846714.73,ROCM_SMI,GPU_1,1474.1,140.0,100.0
1781846714.73,ROCM_SMI,GPU_2,1474.1,144.0,100.0
1781846714.73,ROCM_SMI,GPU_3,1474.1,147.0,100.0
1781846714.73,ROCM_SMI,GPU_4,1474.1,143.0,100.0
1781846714.73,ROCM_SMI,GPU_5,1474.1,138.0,100.0
1781846714.73,ROCM_SMI,GPU_6,1474.1,142.0,100.0
1781846714.73,ROCM_SMI,GPU_7,1474.1,139.0,100.0
1781846716.93,ROCM_SMI,GPU_0,1474.1,149.0,100.0
1781846716.93,ROCM_SMI,GPU_1,1474.1,139.0,88.0
1781846716.93,ROCM_SMI,GPU_2,1474.1,146.0,100.0
1781846716.93,ROCM_SMI,GPU_3,1474.1,146.0,100.0
1781846716.93,ROCM_SMI,GPU_4,1474.1,144.0,100.0
1781846716.93,ROCM_SMI,GPU_5,1474.1,142.0,100.0
1781846716.93,ROCM_SMI,GPU_6,1474.1,140.0,100.0
1781846716.93,ROCM_SMI,GPU_7,1474.1,139.0,100.0
1781846719.12,ROCM_SMI,GPU_0,1474.1,147.0,100.0
1781846719.12,ROCM_SMI,GPU_1,1474.1,139.0,88.0
1781846719.12,ROCM_SMI,GPU_2,1474.1,141.0,100.0
1781846719.12,ROCM_SMI,GPU_3,1474.1,147.0,100.0
1781846719.12,ROCM_SMI,GPU_4,1474.1,140.0,100.0
1781846719.12,ROCM_SMI,GPU_5,1474.1,139.0,100.0
1781846719.12,ROCM_SMI,GPU_6,1474.1,143.0,100.0
1781846719.12,ROCM_SMI,GPU_7,1474.1,140.0,100.0
1781846721.32,ROCM_SMI,GPU_0,1474.1,141.0,90.0
1781846721.32,ROCM_SMI,GPU_1,1474.1,128.0,100.0
1781846721.32,ROCM_SMI,GPU_2,1474.1,148.0,100.0
1781846721.32,ROCM_SMI,GPU_3,1474.1,148.0,100.0
1781846721.32,ROCM_SMI,GPU_4,1474.1,149.0,100.0
1781846721.32,ROCM_SMI,GPU_5,1474.1,156.0,100.0
1781846721.32,ROCM_SMI,GPU_6,1474.1,150.0,100.0
1781846721.32,ROCM_SMI,GPU_7,1474.1,139.0,100.0
1781846723.51,ROCM_SMI,GPU_0,1474.1,148.0,84.0
1781846723.51,ROCM_SMI,GPU_1,1474.1,140.0,100.0
1781846723.51,ROCM_SMI,GPU_2,1474.1,142.0,100.0
1781846723.51,ROCM_SMI,GPU_3,1474.1,147.0,100.0
1781846723.51,ROCM_SMI,GPU_4,1474.1,140.0,100.0
1781846723.51,ROCM_SMI,GPU_5,1474.1,139.0,100.0
1781846723.51,ROCM_SMI,GPU_6,1474.1,144.0,100.0
1781846723.51,ROCM_SMI,GPU_7,1474.1,140.0,100.0
1781846725.70,ROCM_SMI,GPU_0,1474.1,144.0,100.0
1781846725.70,ROCM_SMI,GPU_1,1474.1,140.0,86.0
1781846725.70,ROCM_SMI,GPU_2,1474.1,144.0,100.0
1781846725.70,ROCM_SMI,GPU_3,1474.1,147.0,100.0
1781846725.70,ROCM_SMI,GPU_4,1474.1,144.0,100.0
1781846725.70,ROCM_SMI,GPU_5,1474.1,139.0,100.0
1781846725.70,ROCM_SMI,GPU_6,1474.1,140.0,100.0
1781846725.70,ROCM_SMI,GPU_7,1474.1,138.0,100.0
1781846727.89,ROCM_SMI,GPU_0,1474.1,145.0,100.0
1781846727.89,ROCM_SMI,GPU_1,1474.1,141.0,100.0
1781846727.89,ROCM_SMI,GPU_2,1474.1,144.0,100.0
1781846727.89,ROCM_SMI,GPU_3,1474.1,145.0,81.0
1781846727.89,ROCM_SMI,GPU_4,1474.1,143.0,100.0
1781846727.89,ROCM_SMI,GPU_5,1474.1,140.0,100.0
1781846727.89,ROCM_SMI,GPU_6,1474.1,140.0,100.0
1781846727.89,ROCM_SMI,GPU_7,1474.1,137.0,100.0
1781846730.08,ROCM_SMI,GPU_0,1474.1,151.0,100.0
1781846730.08,ROCM_SMI,GPU_1,1474.1,141.0,100.0
1781846730.08,ROCM_SMI,GPU_2,1474.1,147.0,100.0
1781846730.08,ROCM_SMI,GPU_3,1474.1,144.0,100.0
1781846730.08,ROCM_SMI,GPU_4,1474.1,141.0,85.0
1781846730.08,ROCM_SMI,GPU_5,1474.1,142.0,100.0
1781846730.08,ROCM_SMI,GPU_6,1474.1,142.0,100.0
1781846730.08,ROCM_SMI,GPU_7,1474.1,141.0,100.0
1781846732.28,ROCM_SMI,GPU_0,1474.1,146.0,100.0
1781846732.28,ROCM_SMI,GPU_1,1474.1,141.0,100.0
1781846732.28,ROCM_SMI,GPU_2,1474.1,143.0,100.0
1781846732.28,ROCM_SMI,GPU_3,1474.1,149.0,100.0
1781846732.28,ROCM_SMI,GPU_4,1474.1,141.0,88.0
1781846732.28,ROCM_SMI,GPU_5,1474.1,137.0,100.0
1781846732.28,ROCM_SMI,GPU_6,1474.1,144.0,100.0
1781846732.28,ROCM_SMI,GPU_7,1474.1,139.0,100.0
1781846734.47,ROCM_SMI,GPU_0,1474.1,156.0,100.0
1781846734.47,ROCM_SMI,GPU_1,1474.1,140.0,100.0
1781846734.47,ROCM_SMI,GPU_2,1474.1,144.0,100.0
1781846734.47,ROCM_SMI,GPU_3,1474.1,143.0,100.0
1781846734.47,ROCM_SMI,GPU_4,1474.1,138.0,86.0
1781846734.47,ROCM_SMI,GPU_5,1474.1,141.0,100.0
1781846734.47,ROCM_SMI,GPU_6,1474.1,143.0,100.0
1781846734.47,ROCM_SMI,GPU_7,1474.1,142.0,100.0
1781846736.66,ROCM_SMI,GPU_0,1474.1,147.0,100.0
1781846736.66,ROCM_SMI,GPU_1,1474.1,140.0,100.0
1781846736.66,ROCM_SMI,GPU_2,1474.1,143.0,100.0
1781846736.66,ROCM_SMI,GPU_3,1474.1,148.0,100.0
1781846736.66,ROCM_SMI,GPU_4,1474.1,140.0,90.0
1781846736.66,ROCM_SMI,GPU_5,1474.1,137.0,100.0
1781846736.66,ROCM_SMI,GPU_6,1474.1,144.0,100.0
1781846736.66,ROCM_SMI,GPU_7,1474.1,139.0,100.0
1781846738.85,ROCM_SMI,GPU_0,1474.1,148.0,100.0
1781846738.85,ROCM_SMI,GPU_1,1474.1,143.0,100.0
1781846738.85,ROCM_SMI,GPU_2,1474.1,147.0,100.0
1781846738.85,ROCM_SMI,GPU_3,1474.1,147.0,100.0
1781846738.85,ROCM_SMI,GPU_4,1474.1,145.0,100.0
1781846738.85,ROCM_SMI,GPU_5,1474.1,141.0,84.0
1781846738.85,ROCM_SMI,GPU_6,1474.1,139.0,100.0
1781846738.85,ROCM_SMI,GPU_7,1474.1,139.0,100.0
1781846741.05,ROCM_SMI,GPU_0,1474.1,151.0,100.0
1781846741.05,ROCM_SMI,GPU_1,1474.1,143.0,100.0
1781846741.05,ROCM_SMI,GPU_2,1474.1,148.0,100.0
1781846741.05,ROCM_SMI,GPU_3,1474.1,145.0,100.0
1781846741.05,ROCM_SMI,GPU_4,1474.1,145.0,100.0
1781846741.05,ROCM_SMI,GPU_5,1474.1,143.0,100.0
1781846741.05,ROCM_SMI,GPU_6,1474.1,140.0,81.0
1781846741.05,ROCM_SMI,GPU_7,1474.1,138.0,100.0
1781846743.24,ROCM_SMI,GPU_0,1474.1,151.0,100.0
1781846743.24,ROCM_SMI,GPU_1,1474.1,141.0,100.0
1781846743.24,ROCM_SMI,GPU_2,1474.1,143.0,100.0
1781846743.24,ROCM_SMI,GPU_3,1474.1,145.0,100.0
1781846743.24,ROCM_SMI,GPU_4,1474.1,140.0,100.0
1781846743.24,ROCM_SMI,GPU_5,1474.1,141.0,100.0
1781846743.24,ROCM_SMI,GPU_6,1474.1,143.0,100.0
1781846743.24,ROCM_SMI,GPU_7,1474.1,140.0,79.0
1781846745.43,ROCM_SMI,GPU_0,1474.1,146.0,100.0
1781846745.43,ROCM_SMI,GPU_1,1474.1,140.0,100.0
1781846745.43,ROCM_SMI,GPU_2,1474.1,142.0,100.0
1781846745.43,ROCM_SMI,GPU_3,1474.1,147.0,100.0
1781846745.43,ROCM_SMI,GPU_4,1474.1,140.0,100.0
1781846745.43,ROCM_SMI,GPU_5,1474.1,138.0,100.0
1781846745.43,ROCM_SMI,GPU_6,1474.1,144.0,100.0
1781846745.43,ROCM_SMI,GPU_7,1474.1,139.0,87.0
1781846747.63,ROCM_SMI,GPU_0,1474.1,147.0,100.0
1781846747.63,ROCM_SMI,GPU_1,1474.1,142.0,100.0
1781846747.63,ROCM_SMI,GPU_2,1474.1,148.0,100.0
1781846747.63,ROCM_SMI,GPU_3,1474.1,147.0,100.0
1781846747.63,ROCM_SMI,GPU_4,1474.1,146.0,100.0
1781846747.63,ROCM_SMI,GPU_5,1474.1,140.0,100.0
1781846747.63,ROCM_SMI,GPU_6,1474.1,139.0,100.0
1781846747.63,ROCM_SMI,GPU_7,1474.1,138.0,100.0
1781846749.82,ROCM_SMI,GPU_0,1474.1,152.0,100.0
1781846749.82,ROCM_SMI,GPU_1,1474.1,134.0,100.0
1781846749.82,ROCM_SMI,GPU_2,1474.1,141.0,100.0
1781846749.82,ROCM_SMI,GPU_3,1474.1,143.0,100.0
1781846749.82,ROCM_SMI,GPU_4,1474.1,144.0,100.0
1781846749.82,ROCM_SMI,GPU_5,1474.1,141.0,100.0
1781846749.82,ROCM_SMI,GPU_6,1474.1,133.0,100.0
1781846749.82,ROCM_SMI,GPU_7,1474.1,128.0,85.0
1781846752.02,ROCM_SMI,GPU_0,1474.1,150.0,100.0
1781846752.02,ROCM_SMI,GPU_1,1474.1,141.0,100.0
1781846752.02,ROCM_SMI,GPU_2,1474.1,145.0,100.0
1781846752.02,ROCM_SMI,GPU_3,1474.1,147.0,100.0
1781846752.02,ROCM_SMI,GPU_4,1474.1,142.0,100.0
1781846752.02,ROCM_SMI,GPU_5,1474.1,142.0,100.0
1781846752.02,ROCM_SMI,GPU_6,1474.1,143.0,100.0
1781846752.02,ROCM_SMI,GPU_7,1474.1,139.0,100.0
1781846754.21,ROCM_SMI,GPU_0,1474.1,150.0,100.0
1781846754.21,ROCM_SMI,GPU_1,1474.1,140.0,100.0
1781846754.21,ROCM_SMI,GPU_2,1474.1,143.0,100.0
1781846754.21,ROCM_SMI,GPU_3,1474.1,145.0,100.0
1781846754.21,ROCM_SMI,GPU_4,1474.1,140.0,100.0
1781846754.21,ROCM_SMI,GPU_5,1474.1,140.0,100.0
1781846754.21,ROCM_SMI,GPU_6,1474.1,144.0,100.0
1781846754.21,ROCM_SMI,GPU_7,1474.1,139.0,100.0
1781846756.40,ROCM_SMI,GPU_0,1474.1,146.0,100.0
1781846756.40,ROCM_SMI,GPU_1,1474.1,139.0,100.0
1781846756.40,ROCM_SMI,GPU_2,1474.1,142.0,100.0
1781846756.40,ROCM_SMI,GPU_3,1474.1,148.0,100.0
1781846756.40,ROCM_SMI,GPU_4,1474.1,140.0,100.0
1781846756.40,ROCM_SMI,GPU_5,1474.1,138.0,100.0
1781846756.40,ROCM_SMI,GPU_6,1474.1,145.0,100.0
1781846756.40,ROCM_SMI,GPU_7,1474.1,138.0,100.0
1781846758.59,ROCM_SMI,GPU_0,1474.1,143.0,100.0
1781846758.59,ROCM_SMI,GPU_1,1474.1,139.0,91.0
1781846758.59,ROCM_SMI,GPU_2,1474.1,143.0,100.0
1781846758.59,ROCM_SMI,GPU_3,1474.1,147.0,100.0
1781846758.59,ROCM_SMI,GPU_4,1474.1,142.0,100.0
1781846758.59,ROCM_SMI,GPU_5,1474.1,138.0,100.0
1781846758.59,ROCM_SMI,GPU_6,1474.1,142.0,100.0
1781846758.59,ROCM_SMI,GPU_7,1474.1,139.0,100.0
1781846760.78,ROCM_SMI,GPU_0,1474.1,146.0,100.0
1781846760.78,ROCM_SMI,GPU_1,1474.1,141.0,100.0
1781846760.78,ROCM_SMI,GPU_2,1474.1,145.0,84.0
1781846760.78,ROCM_SMI,GPU_3,1474.1,145.0,100.0
1781846760.78,ROCM_SMI,GPU_4,1474.1,145.0,100.0
1781846760.78,ROCM_SMI,GPU_5,1474.1,142.0,100.0
1781846760.78,ROCM_SMI,GPU_6,1474.1,141.0,100.0
1781846760.78,ROCM_SMI,GPU_7,1474.1,138.0,100.0
1781846762.98,ROCM_SMI,GPU_0,1474.1,147.0,100.0
1781846762.98,ROCM_SMI,GPU_1,1474.1,141.0,100.0
1781846762.98,ROCM_SMI,GPU_2,1474.1,147.0,100.0
1781846762.98,ROCM_SMI,GPU_3,1474.1,143.0,82.0
1781846762.98,ROCM_SMI,GPU_4,1474.1,141.0,100.0
1781846762.98,ROCM_SMI,GPU_5,1474.1,143.0,100.0
1781846762.98,ROCM_SMI,GPU_6,1474.1,138.0,100.0
1781846762.98,ROCM_SMI,GPU_7,1474.1,136.0,100.0
1781846765.17,ROCM_SMI,GPU_0,1474.1,147.0,100.0
1781846765.17,ROCM_SMI,GPU_1,1474.1,143.0,100.0
1781846765.17,ROCM_SMI,GPU_2,1474.1,148.0,100.0
1781846765.17,ROCM_SMI,GPU_3,1474.1,146.0,100.0
1781846765.17,ROCM_SMI,GPU_4,1474.1,145.0,88.0
1781846765.17,ROCM_SMI,GPU_5,1474.1,140.0,100.0
1781846765.17,ROCM_SMI,GPU_6,1474.1,138.0,100.0
1781846765.17,ROCM_SMI,GPU_7,1474.1,139.0,100.0
1781846767.36,ROCM_SMI,GPU_0,1474.1,146.0,100.0
1781846767.36,ROCM_SMI,GPU_1,1474.1,142.0,100.0
1781846767.36,ROCM_SMI,GPU_2,1474.1,147.0,100.0
1781846767.36,ROCM_SMI,GPU_3,1474.1,146.0,100.0
1781846767.36,ROCM_SMI,GPU_4,1474.1,145.0,100.0
1781846767.36,ROCM_SMI,GPU_5,1474.1,141.0,100.0
1781846767.36,ROCM_SMI,GPU_6,1474.1,138.0,81.0
1781846767.36,ROCM_SMI,GPU_7,1474.1,138.0,100.0
1781846769.56,ROCM_SMI,GPU_0,1474.1,149.0,100.0
1781846769.56,ROCM_SMI,GPU_1,1474.1,141.0,100.0
1781846769.56,ROCM_SMI,GPU_2,1474.1,147.0,100.0
1781846769.56,ROCM_SMI,GPU_3,1474.1,145.0,100.0
1781846769.56,ROCM_SMI,GPU_4,1474.1,145.0,100.0
1781846769.56,ROCM_SMI,GPU_5,1474.1,142.0,100.0
1781846769.56,ROCM_SMI,GPU_6,1474.1,139.0,100.0
1781846769.56,ROCM_SMI,GPU_7,1474.1,137.0,80.0
1781846771.75,ROCM_SMI,GPU_0,1474.1,150.0,100.0
1781846771.75,ROCM_SMI,GPU_1,1474.1,140.0,100.0
1781846771.75,ROCM_SMI,GPU_2,1474.1,147.0,100.0
1781846771.75,ROCM_SMI,GPU_3,1474.1,146.0,100.0
1781846771.75,ROCM_SMI,GPU_4,1474.1,142.0,100.0
1781846771.75,ROCM_SMI,GPU_5,1474.1,143.0,100.0
1781846771.75,ROCM_SMI,GPU_6,1474.1,141.0,100.0
1781846771.75,ROCM_SMI,GPU_7,1474.1,139.0,100.0
1781846773.94,ROCM_SMI,GPU_0,1474.1,149.0,100.0
1781846773.94,ROCM_SMI,GPU_1,1474.1,140.0,100.0
1781846773.94,ROCM_SMI,GPU_2,1474.1,144.0,100.0
1781846773.94,ROCM_SMI,GPU_3,1474.1,147.0,100.0
1781846773.94,ROCM_SMI,GPU_4,1474.1,141.0,100.0
1781846773.94,ROCM_SMI,GPU_5,1474.1,141.0,100.0
1781846773.94,ROCM_SMI,GPU_6,1474.1,143.0,100.0
1781846773.94,ROCM_SMI,GPU_7,1474.1,140.0,100.0
1781846776.14,ROCM_SMI,GPU_0,1474.1,141.0,100.0
1781846776.14,ROCM_SMI,GPU_1,1474.1,146.0,100.0
1781846776.14,ROCM_SMI,GPU_2,1474.1,143.0,100.0
1781846776.14,ROCM_SMI,GPU_3,1474.1,147.0,100.0
1781846776.14,ROCM_SMI,GPU_4,1474.1,143.0,100.0
1781846776.14,ROCM_SMI,GPU_5,1474.1,136.0,100.0
1781846776.14,ROCM_SMI,GPU_6,1474.1,145.0,100.0
1781846776.14,ROCM_SMI,GPU_7,1474.1,144.0,100.0
1781846778.33,ROCM_SMI,GPU_0,1474.1,146.0,100.0
1781846778.33,ROCM_SMI,GPU_1,1474.1,142.0,100.0
1781846778.33,ROCM_SMI,GPU_2,1474.1,148.0,100.0
1781846778.33,ROCM_SMI,GPU_3,1474.1,145.0,100.0
1781846778.33,ROCM_SMI,GPU_4,1474.1,145.0,100.0
1781846778.33,ROCM_SMI,GPU_5,1474.1,141.0,100.0
1781846778.33,ROCM_SMI,GPU_6,1474.1,139.0,100.0
1781846778.33,ROCM_SMI,GPU_7,1474.1,139.0,100.0
1781846780.52,ROCM_SMI,GPU_0,1474.1,148.0,100.0
1781846780.52,ROCM_SMI,GPU_1,1474.1,142.0,100.0
1781846780.52,ROCM_SMI,GPU_2,1474.1,142.0,100.0
1781846780.52,ROCM_SMI,GPU_3,1474.1,147.0,100.0
1781846780.52,ROCM_SMI,GPU_4,1474.1,140.0,100.0
1781846780.52,ROCM_SMI,GPU_5,1474.1,139.0,100.0
1781846780.52,ROCM_SMI,GPU_6,1474.1,145.0,100.0
1781846780.52,ROCM_SMI,GPU_7,1474.1,139.0,100.0
1781846782.72,ROCM_SMI,GPU_0,1474.1,148.0,100.0
1781846782.72,ROCM_SMI,GPU_1,1474.1,141.0,100.0
1781846782.72,ROCM_SMI,GPU_2,1474.1,147.0,100.0
1781846782.72,ROCM_SMI,GPU_3,1474.1,146.0,100.0
1781846782.72,ROCM_SMI,GPU_4,1474.1,144.0,100.0
1781846782.72,ROCM_SMI,GPU_5,1474.1,143.0,100.0
1781846782.72,ROCM_SMI,GPU_6,1474.1,139.0,100.0
1781846782.72,ROCM_SMI,GPU_7,1474.1,140.0,100.0
1781846784.91,ROCM_SMI,GPU_0,1474.1,148.0,100.0
1781846784.91,ROCM_SMI,GPU_1,1474.1,138.0,100.0
1781846784.91,ROCM_SMI,GPU_2,1474.1,141.0,100.0
1781846784.91,ROCM_SMI,GPU_3,1474.1,146.0,100.0
1781846784.91,ROCM_SMI,GPU_4,1474.1,139.0,100.0
1781846784.91,ROCM_SMI,GPU_5,1474.1,139.0,100.0
1781846784.91,ROCM_SMI,GPU_6,1474.1,145.0,100.0
1781846784.91,ROCM_SMI,GPU_7,1474.1,139.0,100.0
1781846787.10,ROCM_SMI,GPU_0,1474.1,144.0,100.0
1781846787.10,ROCM_SMI,GPU_1,1474.1,142.0,100.0
1781846787.10,ROCM_SMI,GPU_2,1474.1,145.0,100.0
1781846787.10,ROCM_SMI,GPU_3,1474.1,147.0,100.0
1781846787.10,ROCM_SMI,GPU_4,1474.1,143.0,100.0
1781846787.10,ROCM_SMI,GPU_5,1474.1,139.0,100.0
1781846787.10,ROCM_SMI,GPU_6,1474.1,141.0,100.0
1781846787.10,ROCM_SMI,GPU_7,1474.1,138.0,100.0
1781846789.30,ROCM_SMI,GPU_0,1474.1,143.0,85.0
1781846789.30,ROCM_SMI,GPU_1,1474.1,141.0,100.0
1781846789.30,ROCM_SMI,GPU_2,1474.1,144.0,100.0
1781846789.30,ROCM_SMI,GPU_3,1474.1,148.0,100.0
1781846789.30,ROCM_SMI,GPU_4,1474.1,143.0,100.0
1781846789.30,ROCM_SMI,GPU_5,1474.1,139.0,100.0
1781846789.30,ROCM_SMI,GPU_6,1474.1,142.0,100.0
1781846789.30,ROCM_SMI,GPU_7,1474.1,139.0,100.0
1781846791.49,ROCM_SMI,GPU_0,1474.1,147.0,100.0
1781846791.49,ROCM_SMI,GPU_1,1474.1,135.0,82.0
1781846791.49,ROCM_SMI,GPU_2,1474.1,139.0,100.0
1781846791.49,ROCM_SMI,GPU_3,1474.1,146.0,100.0
1781846791.49,ROCM_SMI,GPU_4,1474.1,147.0,100.0
1781846791.49,ROCM_SMI,GPU_5,1474.1,144.0,100.0
1781846791.49,ROCM_SMI,GPU_6,1474.1,138.0,100.0
1781846791.49,ROCM_SMI,GPU_7,1474.1,138.0,100.0
1781846793.68,ROCM_SMI,GPU_0,1474.1,147.0,100.0
1781846793.68,ROCM_SMI,GPU_1,1474.1,140.0,100.0
1781846793.68,ROCM_SMI,GPU_2,1474.1,146.0,85.0
1781846793.68,ROCM_SMI,GPU_3,1474.1,145.0,100.0
1781846793.68,ROCM_SMI,GPU_4,1474.1,145.0,100.0
1781846793.68,ROCM_SMI,GPU_5,1474.1,142.0,100.0
1781846793.68,ROCM_SMI,GPU_6,1474.1,139.0,100.0
1781846793.68,ROCM_SMI,GPU_7,1474.1,140.0,100.0
1781846795.88,ROCM_SMI,GPU_0,1474.1,147.0,100.0
1781846795.88,ROCM_SMI,GPU_1,1474.1,142.0,100.0
1781846795.88,ROCM_SMI,GPU_2,1474.1,146.0,100.0
1781846795.88,ROCM_SMI,GPU_3,1474.1,144.0,83.0
1781846795.88,ROCM_SMI,GPU_4,1474.1,142.0,100.0
1781846795.88,ROCM_SMI,GPU_5,1474.1,141.0,100.0
1781846795.88,ROCM_SMI,GPU_6,1474.1,139.0,100.0
1781846795.88,ROCM_SMI,GPU_7,1474.1,138.0,100.0
1781846798.07,ROCM_SMI,GPU_0,1474.1,149.0,100.0
1781846798.07,ROCM_SMI,GPU_1,1474.1,142.0,100.0
1781846798.07,ROCM_SMI,GPU_2,1474.1,148.0,100.0
1781846798.07,ROCM_SMI,GPU_3,1474.1,146.0,100.0
1781846798.07,ROCM_SMI,GPU_4,1474.1,145.0,93.0
1781846798.07,ROCM_SMI,GPU_5,1474.1,142.0,99.0
1781846798.07,ROCM_SMI,GPU_6,1474.1,139.0,100.0
1781846798.07,ROCM_SMI,GPU_7,1474.1,138.0,100.0
1781846800.26,ROCM_SMI,GPU_0,1474.1,151.0,100.0
1781846800.26,ROCM_SMI,GPU_1,1474.1,141.0,100.0
1781846800.26,ROCM_SMI,GPU_2,1474.1,145.0,100.0
1781846800.26,ROCM_SMI,GPU_3,1474.1,146.0,100.0
1781846800.26,ROCM_SMI,GPU_4,1474.1,141.0,100.0
1781846800.26,ROCM_SMI,GPU_5,1474.1,142.0,94.0
1781846800.26,ROCM_SMI,GPU_6,1474.1,143.0,100.0
1781846800.26,ROCM_SMI,GPU_7,1474.1,141.0,100.0
1781846802.45,ROCM_SMI,GPU_0,1474.1,144.0,100.0
1781846802.45,ROCM_SMI,GPU_1,1474.1,139.0,100.0
1781846802.45,ROCM_SMI,GPU_2,1474.1,143.0,100.0
1781846802.45,ROCM_SMI,GPU_3,1474.1,148.0,100.0
1781846802.45,ROCM_SMI,GPU_4,1474.1,141.0,100.0
1781846802.45,ROCM_SMI,GPU_5,1474.1,137.0,100.0
1781846802.45,ROCM_SMI,GPU_6,1474.1,144.0,80.0
1781846802.45,ROCM_SMI,GPU_7,1474.1,139.0,100.0
1781846804.66,ROCM_SMI,GPU_0,1474.1,149.0,100.0
1781846804.66,ROCM_SMI,GPU_1,1474.1,141.0,100.0
1781846804.66,ROCM_SMI,GPU_2,1474.1,147.0,100.0
1781846804.66,ROCM_SMI,GPU_3,1474.1,144.0,100.0
1781846804.66,ROCM_SMI,GPU_4,1474.1,145.0,90.0
1781846804.66,ROCM_SMI,GPU_5,1474.1,141.0,100.0
1781846804.66,ROCM_SMI,GPU_6,1474.1,139.0,100.0
1781846804.66,ROCM_SMI,GPU_7,1474.1,140.0,100.0
1781846806.86,ROCM_SMI,GPU_0,1474.1,147.0,100.0
1781846806.86,ROCM_SMI,GPU_1,1474.1,143.0,100.0
1781846806.86,ROCM_SMI,GPU_2,1474.1,143.0,100.0
1781846806.86,ROCM_SMI,GPU_3,1474.1,147.0,100.0
1781846806.86,ROCM_SMI,GPU_4,1474.1,141.0,83.0
1781846806.86,ROCM_SMI,GPU_5,1474.1,137.0,100.0
1781846806.86,ROCM_SMI,GPU_6,1474.1,142.0,100.0
1781846806.86,ROCM_SMI,GPU_7,1474.1,140.0,100.0
1781846809.05,ROCM_SMI,GPU_0,1474.1,146.0,100.0
1781846809.05,ROCM_SMI,GPU_1,1474.1,141.0,100.0
1781846809.05,ROCM_SMI,GPU_2,1474.1,143.0,100.0
1781846809.05,ROCM_SMI,GPU_3,1474.1,147.0,100.0
1781846809.05,ROCM_SMI,GPU_4,1474.1,142.0,100.0
1781846809.05,ROCM_SMI,GPU_5,1474.1,138.0,100.0
1781846809.05,ROCM_SMI,GPU_6,1474.1,142.0,86.0
1781846809.05,ROCM_SMI,GPU_7,1474.1,140.0,100.0
1781846811.24,ROCM_SMI,GPU_0,1474.1,146.0,100.0
1781846811.24,ROCM_SMI,GPU_1,1474.1,142.0,100.0
1781846811.24,ROCM_SMI,GPU_2,1474.1,147.0,100.0
1781846811.24,ROCM_SMI,GPU_3,1474.1,147.0,100.0
1781846811.24,ROCM_SMI,GPU_4,1474.1,145.0,100.0
1781846811.24,ROCM_SMI,GPU_5,1474.1,139.0,100.0
1781846811.24,ROCM_SMI,GPU_6,1474.1,140.0,100.0
1781846811.24,ROCM_SMI,GPU_7,1474.1,138.0,86.0
1781846813.44,ROCM_SMI,GPU_0,1474.1,146.0,100.0
1781846813.44,ROCM_SMI,GPU_1,1474.1,143.0,100.0
1781846813.44,ROCM_SMI,GPU_2,1474.1,147.0,100.0
1781846813.44,ROCM_SMI,GPU_3,1474.1,147.0,100.0
1781846813.44,ROCM_SMI,GPU_4,1474.1,146.0,100.0
1781846813.44,ROCM_SMI,GPU_5,1474.1,141.0,100.0
1781846813.44,ROCM_SMI,GPU_6,1474.1,139.0,100.0
1781846813.44,ROCM_SMI,GPU_7,1474.1,138.0,100.0
1781846815.63,ROCM_SMI,GPU_0,1474.1,150.0,100.0
1781846815.63,ROCM_SMI,GPU_1,1474.1,141.0,100.0
1781846815.63,ROCM_SMI,GPU_2,1474.1,146.0,100.0
1781846815.63,ROCM_SMI,GPU_3,1474.1,146.0,100.0
1781846815.63,ROCM_SMI,GPU_4,1474.1,142.0,100.0
1781846815.63,ROCM_SMI,GPU_5,1474.1,142.0,100.0
1781846815.63,ROCM_SMI,GPU_6,1474.1,141.0,100.0
1781846815.63,ROCM_SMI,GPU_7,1474.1,139.0,100.0
1781846817.82,ROCM_SMI,GPU_0,1474.1,145.0,100.0
1781846817.82,ROCM_SMI,GPU_1,1474.1,139.0,100.0
1781846817.82,ROCM_SMI,GPU_2,1474.1,142.0,100.0
1781846817.82,ROCM_SMI,GPU_3,1474.1,147.0,100.0
1781846817.82,ROCM_SMI,GPU_4,1474.1,140.0,100.0
1781846817.82,ROCM_SMI,GPU_5,1474.1,134.0,100.0
1781846817.82,ROCM_SMI,GPU_6,1474.1,144.0,100.0
1781846817.82,ROCM_SMI,GPU_7,1474.1,139.0,100.0
1781846820.02,ROCM_SMI,GPU_0,1474.1,159.0,100.0
1781846820.02,ROCM_SMI,GPU_1,1474.1,134.0,100.0
1781846820.02,ROCM_SMI,GPU_2,1474.1,142.0,100.0
1781846820.02,ROCM_SMI,GPU_3,1474.1,142.0,100.0
1781846820.02,ROCM_SMI,GPU_4,1474.1,138.0,100.0
1781846820.02,ROCM_SMI,GPU_5,1474.1,131.0,100.0
1781846820.02,ROCM_SMI,GPU_6,1474.1,135.0,100.0
1781846820.02,ROCM_SMI,GPU_7,1474.1,130.0,97.0
1781846822.21,ROCM_SMI,GPU_0,1474.1,149.0,100.0
1781846822.21,ROCM_SMI,GPU_1,1474.1,141.0,100.0
1781846822.21,ROCM_SMI,GPU_2,1474.1,148.0,100.0
1781846822.21,ROCM_SMI,GPU_3,1474.1,146.0,100.0
1781846822.21,ROCM_SMI,GPU_4,1474.1,144.0,100.0
1781846822.21,ROCM_SMI,GPU_5,1474.1,143.0,100.0
1781846822.21,ROCM_SMI,GPU_6,1474.1,139.0,100.0
1781846822.21,ROCM_SMI,GPU_7,1474.1,140.0,100.0
1781846824.41,ROCM_SMI,GPU_0,1474.1,151.0,100.0
1781846824.41,ROCM_SMI,GPU_1,1474.1,139.0,100.0
1781846824.41,ROCM_SMI,GPU_2,1474.1,144.0,100.0
1781846824.41,ROCM_SMI,GPU_3,1474.1,147.0,100.0
1781846824.41,ROCM_SMI,GPU_4,1474.1,141.0,100.0
1781846824.41,ROCM_SMI,GPU_5,1474.1,142.0,100.0
1781846824.41,ROCM_SMI,GPU_6,1474.1,143.0,100.0
1781846824.41,ROCM_SMI,GPU_7,1474.1,139.0,100.0
1781846826.60,ROCM_SMI,GPU_0,1474.1,148.0,92.0
1781846826.60,ROCM_SMI,GPU_1,1474.1,139.0,100.0
1781846826.60,ROCM_SMI,GPU_2,1474.1,143.0,100.0
1781846826.60,ROCM_SMI,GPU_3,1474.1,145.0,100.0
1781846826.60,ROCM_SMI,GPU_4,1474.1,140.0,100.0
1781846826.60,ROCM_SMI,GPU_5,1474.1,139.0,100.0
1781846826.60,ROCM_SMI,GPU_6,1474.1,144.0,100.0
1781846826.60,ROCM_SMI,GPU_7,1474.1,139.0,100.0
1781846828.79,ROCM_SMI,GPU_0,1474.1,147.0,100.0
1781846828.79,ROCM_SMI,GPU_1,1474.1,140.0,88.0
1781846828.79,ROCM_SMI,GPU_2,1474.1,141.0,100.0
1781846828.79,ROCM_SMI,GPU_3,1474.1,146.0,100.0
1781846828.79,ROCM_SMI,GPU_4,1474.1,140.0,100.0
1781846828.79,ROCM_SMI,GPU_5,1474.1,138.0,100.0
1781846828.79,ROCM_SMI,GPU_6,1474.1,145.0,100.0
1781846828.79,ROCM_SMI,GPU_7,1474.1,138.0,100.0
1781846830.98,ROCM_SMI,GPU_0,1474.1,144.0,100.0
1781846830.98,ROCM_SMI,GPU_1,1474.1,141.0,95.0
1781846830.98,ROCM_SMI,GPU_2,1474.1,141.0,100.0
1781846830.98,ROCM_SMI,GPU_3,1474.1,147.0,100.0
1781846830.98,ROCM_SMI,GPU_4,1474.1,143.0,100.0
1781846830.98,ROCM_SMI,GPU_5,1474.1,138.0,100.0
1781846830.98,ROCM_SMI,GPU_6,1474.1,142.0,100.0
1781846830.98,ROCM_SMI,GPU_7,1474.1,138.0,100.0
1781846833.18,ROCM_SMI,GPU_0,1474.1,146.0,100.0
1781846833.18,ROCM_SMI,GPU_1,1474.1,142.0,100.0
1781846833.18,ROCM_SMI,GPU_2,1474.1,147.0,84.0
1781846833.18,ROCM_SMI,GPU_3,1474.1,143.0,100.0
1781846833.18,ROCM_SMI,GPU_4,1474.1,146.0,100.0
1781846833.18,ROCM_SMI,GPU_5,1474.1,146.0,100.0
1781846833.18,ROCM_SMI,GPU_6,1474.1,139.0,100.0
1781846833.18,ROCM_SMI,GPU_7,1474.1,140.0,100.0
1781846835.37,ROCM_SMI,GPU_0,1474.1,149.0,100.0
1781846835.37,ROCM_SMI,GPU_1,1474.1,140.0,100.0
1781846835.37,ROCM_SMI,GPU_2,1474.1,143.0,84.0
1781846835.37,ROCM_SMI,GPU_3,1474.1,146.0,100.0
1781846835.37,ROCM_SMI,GPU_4,1474.1,141.0,100.0
1781846835.37,ROCM_SMI,GPU_5,1474.1,140.0,100.0
1781846835.37,ROCM_SMI,GPU_6,1474.1,143.0,100.0
1781846835.37,ROCM_SMI,GPU_7,1474.1,141.0,100.0
1781846837.57,ROCM_SMI,GPU_0,1474.1,145.0,100.0
1781846837.57,ROCM_SMI,GPU_1,1474.1,141.0,100.0
1781846837.57,ROCM_SMI,GPU_2,1474.1,145.0,84.0
1781846837.57,ROCM_SMI,GPU_3,1474.1,145.0,100.0
1781846837.57,ROCM_SMI,GPU_4,1474.1,144.0,100.0
1781846837.57,ROCM_SMI,GPU_5,1474.1,141.0,100.0
1781846837.57,ROCM_SMI,GPU_6,1474.1,139.0,100.0
1781846837.57,ROCM_SMI,GPU_7,1474.1,137.0,100.0
1781846839.76,ROCM_SMI,GPU_0,1474.1,149.0,100.0
1781846839.76,ROCM_SMI,GPU_1,1474.1,140.0,100.0
1781846839.76,ROCM_SMI,GPU_2,1474.1,143.0,84.0
1781846839.76,ROCM_SMI,GPU_3,1474.1,145.0,100.0
1781846839.76,ROCM_SMI,GPU_4,1474.1,141.0,100.0
1781846839.76,ROCM_SMI,GPU_5,1474.1,141.0,100.0
1781846839.76,ROCM_SMI,GPU_6,1474.1,144.0,100.0
1781846839.76,ROCM_SMI,GPU_7,1474.1,139.0,100.0
1781846841.95,ROCM_SMI,GPU_0,1474.1,146.0,100.0
1781846841.95,ROCM_SMI,GPU_1,1474.1,140.0,100.0
1781846841.95,ROCM_SMI,GPU_2,1474.1,141.0,100.0
1781846841.95,ROCM_SMI,GPU_3,1474.1,146.0,83.0
1781846841.95,ROCM_SMI,GPU_4,1474.1,139.0,100.0
1781846841.95,ROCM_SMI,GPU_5,1474.1,138.0,100.0
1781846841.95,ROCM_SMI,GPU_6,1474.1,144.0,100.0
1781846841.95,ROCM_SMI,GPU_7,1474.1,139.0,100.0
1781846844.14,ROCM_SMI,GPU_0,1474.1,146.0,100.0
1781846844.14,ROCM_SMI,GPU_1,1474.1,142.0,100.0
1781846844.14,ROCM_SMI,GPU_2,1474.1,145.0,100.0
1781846844.14,ROCM_SMI,GPU_3,1474.1,146.0,96.0
1781846844.14,ROCM_SMI,GPU_4,1474.1,142.0,100.0
1781846844.14,ROCM_SMI,GPU_5,1474.1,139.0,100.0
1781846844.14,ROCM_SMI,GPU_6,1474.1,141.0,100.0
1781846844.14,ROCM_SMI,GPU_7,1474.1,138.0,100.0
1781846846.35,ROCM_SMI,GPU_0,1474.1,141.0,100.0
1781846846.35,ROCM_SMI,GPU_1,1474.1,137.0,100.0
1781846846.35,ROCM_SMI,GPU_2,1474.1,134.0,100.0
1781846846.35,ROCM_SMI,GPU_3,1474.1,132.0,88.0
1781846846.35,ROCM_SMI,GPU_4,1474.1,133.0,100.0
1781846846.35,ROCM_SMI,GPU_5,1474.1,198.0,100.0
1781846846.35,ROCM_SMI,GPU_6,1474.1,127.0,100.0
1781846846.35,ROCM_SMI,GPU_7,1474.1,136.0,100.0
1781846848.54,ROCM_SMI,GPU_0,1474.1,150.0,100.0
1781846848.54,ROCM_SMI,GPU_1,1474.1,140.0,100.0
1781846848.54,ROCM_SMI,GPU_2,1474.1,145.0,100.0
1781846848.54,ROCM_SMI,GPU_3,1474.1,145.0,82.0
1781846848.54,ROCM_SMI,GPU_4,1474.1,143.0,100.0
1781846848.54,ROCM_SMI,GPU_5,1474.1,143.0,100.0
1781846848.54,ROCM_SMI,GPU_6,1474.1,141.0,100.0
1781846848.54,ROCM_SMI,GPU_7,1474.1,140.0,100.0
1781846850.73,ROCM_SMI,GPU_0,1474.1,150.0,100.0
1781846850.73,ROCM_SMI,GPU_1,1474.1,139.0,100.0
1781846850.73,ROCM_SMI,GPU_2,1474.1,141.0,100.0
1781846850.73,ROCM_SMI,GPU_3,1474.1,146.0,87.0
1781846850.73,ROCM_SMI,GPU_4,1474.1,138.0,100.0
1781846850.73,ROCM_SMI,GPU_5,1474.1,139.0,100.0
1781846850.73,ROCM_SMI,GPU_6,1474.1,144.0,100.0
1781846850.73,ROCM_SMI,GPU_7,1474.1,139.0,100.0
1781846852.93,ROCM_SMI,GPU_0,1474.1,146.0,100.0
1781846852.93,ROCM_SMI,GPU_1,1474.1,141.0,100.0
1781846852.93,ROCM_SMI,GPU_2,1474.1,143.0,100.0
1781846852.93,ROCM_SMI,GPU_3,1474.1,148.0,100.0
1781846852.93,ROCM_SMI,GPU_4,1474.1,140.0,81.0
1781846852.93,ROCM_SMI,GPU_5,1474.1,137.0,100.0
1781846852.93,ROCM_SMI,GPU_6,1474.1,143.0,100.0
1781846852.93,ROCM_SMI,GPU_7,1474.1,139.0,100.0
1781846855.12,ROCM_SMI,GPU_0,1474.1,148.0,100.0
1781846855.12,ROCM_SMI,GPU_1,1474.1,143.0,100.0
1781846855.12,ROCM_SMI,GPU_2,1474.1,149.0,100.0
1781846855.12,ROCM_SMI,GPU_3,1474.1,146.0,100.0
1781846855.12,ROCM_SMI,GPU_4,1474.1,146.0,100.0
1781846855.12,ROCM_SMI,GPU_5,1474.1,142.0,81.0
1781846855.12,ROCM_SMI,GPU_6,1474.1,138.0,100.0
1781846855.12,ROCM_SMI,GPU_7,1474.1,139.0,100.0
1781846857.31,ROCM_SMI,GPU_0,1474.1,149.0,100.0
1781846857.31,ROCM_SMI,GPU_1,1474.1,142.0,100.0
1781846857.31,ROCM_SMI,GPU_2,1474.1,148.0,100.0
1781846857.31,ROCM_SMI,GPU_3,1474.1,146.0,100.0
1781846857.31,ROCM_SMI,GPU_4,1474.1,145.0,100.0
1781846857.31,ROCM_SMI,GPU_5,1474.1,143.0,100.0
1781846857.31,ROCM_SMI,GPU_6,1474.1,140.0,100.0
1781846857.31,ROCM_SMI,GPU_7,1474.1,137.0,100.0
1781846859.50,ROCM_SMI,GPU_0,1474.1,149.0,100.0
1781846859.50,ROCM_SMI,GPU_1,1474.1,139.0,100.0
1781846859.50,ROCM_SMI,GPU_2,1474.1,139.0,100.0
1781846859.50,ROCM_SMI,GPU_3,1474.1,148.0,100.0
1781846859.50,ROCM_SMI,GPU_4,1474.1,139.0,100.0
1781846859.50,ROCM_SMI,GPU_5,1474.1,141.0,100.0
1781846859.50,ROCM_SMI,GPU_6,1474.1,146.0,100.0
1781846859.50,ROCM_SMI,GPU_7,1474.1,137.0,85.0
1781846861.70,ROCM_SMI,GPU_0,1474.1,148.0,100.0
1781846861.70,ROCM_SMI,GPU_1,1474.1,143.0,100.0
1781846861.70,ROCM_SMI,GPU_2,1474.1,151.0,100.0
1781846861.70,ROCM_SMI,GPU_3,1474.1,150.0,100.0
1781846861.70,ROCM_SMI,GPU_4,1474.1,151.0,100.0
1781846861.70,ROCM_SMI,GPU_5,1474.1,140.0,100.0
1781846861.70,ROCM_SMI,GPU_6,1474.1,137.0,100.0
1781846861.70,ROCM_SMI,GPU_7,1474.1,134.0,83.0
1781846863.89,ROCM_SMI,GPU_0,1474.1,149.0,100.0
1781846863.89,ROCM_SMI,GPU_1,1474.1,143.0,100.0
1781846863.89,ROCM_SMI,GPU_2,1474.1,148.0,100.0
1781846863.89,ROCM_SMI,GPU_3,1474.1,145.0,100.0
1781846863.89,ROCM_SMI,GPU_4,1474.1,145.0,100.0
1781846863.89,ROCM_SMI,GPU_5,1474.1,142.0,100.0
1781846863.89,ROCM_SMI,GPU_6,1474.1,140.0,100.0
1781846863.89,ROCM_SMI,GPU_7,1474.1,138.0,87.0
1781846866.08,ROCM_SMI,GPU_0,1474.1,151.0,100.0
1781846866.08,ROCM_SMI,GPU_1,1474.1,141.0,100.0
1781846866.08,ROCM_SMI,GPU_2,1474.1,147.0,100.0
1781846866.08,ROCM_SMI,GPU_3,1474.1,146.0,100.0
1781846866.08,ROCM_SMI,GPU_4,1474.1,142.0,100.0
1781846866.08,ROCM_SMI,GPU_5,1474.1,144.0,100.0
1781846866.08,ROCM_SMI,GPU_6,1474.1,141.0,100.0
1781846866.08,ROCM_SMI,GPU_7,1474.1,139.0,100.0
1781846868.27,ROCM_SMI,GPU_0,1474.1,146.0,100.0
1781846868.27,ROCM_SMI,GPU_1,1474.1,143.0,100.0
1781846868.27,ROCM_SMI,GPU_2,1474.1,143.0,100.0
1781846868.27,ROCM_SMI,GPU_3,1474.1,146.0,100.0
1781846868.27,ROCM_SMI,GPU_4,1474.1,141.0,100.0
1781846868.27,ROCM_SMI,GPU_5,1474.1,138.0,100.0
1781846868.27,ROCM_SMI,GPU_6,1474.1,144.0,100.0
1781846868.27,ROCM_SMI,GPU_7,1474.1,139.0,100.0
1781846870.47,ROCM_SMI,GPU_0,1474.1,146.0,100.0
1781846870.47,ROCM_SMI,GPU_1,1474.1,143.0,100.0
1781846870.47,ROCM_SMI,GPU_2,1474.1,146.0,100.0
1781846870.47,ROCM_SMI,GPU_3,1474.1,146.0,100.0
1781846870.47,ROCM_SMI,GPU_4,1474.1,145.0,100.0
1781846870.47,ROCM_SMI,GPU_5,1474.1,139.0,100.0
1781846870.47,ROCM_SMI,GPU_6,1474.1,140.0,100.0
1781846870.47,ROCM_SMI,GPU_7,1474.1,140.0,100.0
1781846872.66,ROCM_SMI,GPU_0,1474.1,148.0,100.0
1781846872.66,ROCM_SMI,GPU_1,1474.1,140.0,100.0
1781846872.66,ROCM_SMI,GPU_2,1474.1,148.0,100.0
1781846872.66,ROCM_SMI,GPU_3,1474.1,146.0,100.0
1781846872.66,ROCM_SMI,GPU_4,1474.1,145.0,100.0
1781846872.66,ROCM_SMI,GPU_5,1474.1,143.0,100.0
1781846872.66,ROCM_SMI,GPU_6,1474.1,141.0,100.0
1781846872.66,ROCM_SMI,GPU_7,1474.1,140.0,100.0
1781846874.85,ROCM_SMI,GPU_0,1474.1,147.0,100.0
1781846874.85,ROCM_SMI,GPU_1,1474.1,140.0,100.0
1781846874.85,ROCM_SMI,GPU_2,1474.1,141.0,100.0
1781846874.85,ROCM_SMI,GPU_3,1474.1,148.0,100.0
1781846874.85,ROCM_SMI,GPU_4,1474.1,140.0,100.0
1781846874.85,ROCM_SMI,GPU_5,1474.1,139.0,100.0
1781846874.85,ROCM_SMI,GPU_6,1474.1,146.0,100.0
1781846874.85,ROCM_SMI,GPU_7,1474.1,140.0,100.0
1781846877.05,ROCM_SMI,GPU_0,1474.1,145.0,82.0
1781846877.05,ROCM_SMI,GPU_1,1474.1,139.0,100.0
1781846877.05,ROCM_SMI,GPU_2,1474.1,143.0,100.0
1781846877.05,ROCM_SMI,GPU_3,1474.1,147.0,100.0
1781846877.05,ROCM_SMI,GPU_4,1474.1,140.0,100.0
1781846877.05,ROCM_SMI,GPU_5,1474.1,138.0,100.0
1781846877.05,ROCM_SMI,GPU_6,1474.1,143.0,100.0
1781846877.05,ROCM_SMI,GPU_7,1474.1,139.0,100.0
1781846879.24,ROCM_SMI,GPU_0,1474.1,144.0,87.0
1781846879.24,ROCM_SMI,GPU_1,1474.1,139.0,100.0
1781846879.24,ROCM_SMI,GPU_2,1474.1,144.0,100.0
1781846879.24,ROCM_SMI,GPU_3,1474.1,147.0,100.0
1781846879.24,ROCM_SMI,GPU_4,1474.1,143.0,100.0
1781846879.24,ROCM_SMI,GPU_5,1474.1,138.0,100.0
1781846879.24,ROCM_SMI,GPU_6,1474.1,141.0,100.0
1781846879.24,ROCM_SMI,GPU_7,1474.1,139.0,100.0
1781846881.43,ROCM_SMI,GPU_0,1474.1,146.0,100.0
1781846881.43,ROCM_SMI,GPU_1,1474.1,140.0,100.0
1781846881.43,ROCM_SMI,GPU_2,1474.1,145.0,82.0
1781846881.43,ROCM_SMI,GPU_3,1474.1,145.0,100.0
1781846881.43,ROCM_SMI,GPU_4,1474.1,145.0,100.0
1781846881.43,ROCM_SMI,GPU_5,1474.1,141.0,100.0
1781846881.43,ROCM_SMI,GPU_6,1474.1,138.0,100.0
1781846881.43,ROCM_SMI,GPU_7,1474.1,137.0,100.0
1781846883.63,ROCM_SMI,GPU_0,1474.1,148.0,100.0
1781846883.63,ROCM_SMI,GPU_1,1474.1,142.0,100.0
1781846883.63,ROCM_SMI,GPU_2,1474.1,147.0,100.0
1781846883.63,ROCM_SMI,GPU_3,1474.1,144.0,83.0
1781846883.63,ROCM_SMI,GPU_4,1474.1,144.0,100.0
1781846883.63,ROCM_SMI,GPU_5,1474.1,141.0,100.0
1781846883.63,ROCM_SMI,GPU_6,1474.1,140.0,100.0
1781846883.63,ROCM_SMI,GPU_7,1474.1,138.0,100.0
1781846885.82,ROCM_SMI,GPU_0,1474.1,150.0,100.0
1781846885.82,ROCM_SMI,GPU_1,1474.1,142.0,100.0
1781846885.82,ROCM_SMI,GPU_2,1474.1,148.0,100.0
1781846885.82,ROCM_SMI,GPU_3,1474.1,145.0,100.0
1781846885.82,ROCM_SMI,GPU_4,1474.1,144.0,96.0
1781846885.82,ROCM_SMI,GPU_5,1474.1,143.0,87.0
1781846885.82,ROCM_SMI,GPU_6,1474.1,142.0,100.0
1781846885.82,ROCM_SMI,GPU_7,1474.1,140.0,100.0
1781846888.01,ROCM_SMI,GPU_0,1474.1,150.0,100.0
1781846888.01,ROCM_SMI,GPU_1,1474.1,142.0,100.0
1781846888.01,ROCM_SMI,GPU_2,1474.1,140.0,100.0
1781846888.01,ROCM_SMI,GPU_3,1474.1,147.0,100.0
1781846888.01,ROCM_SMI,GPU_4,1474.1,144.0,100.0
1781846888.01,ROCM_SMI,GPU_5,1474.1,137.0,100.0
1781846888.01,ROCM_SMI,GPU_6,1474.1,136.0,96.0
1781846888.01,ROCM_SMI,GPU_7,1474.1,139.0,100.0
1781846890.21,ROCM_SMI,GPU_0,1474.1,151.0,100.0
1781846890.21,ROCM_SMI,GPU_1,1474.1,141.0,100.0
1781846890.21,ROCM_SMI,GPU_2,1474.1,144.0,100.0
1781846890.21,ROCM_SMI,GPU_3,1474.1,146.0,100.0
1781846890.21,ROCM_SMI,GPU_4,1474.1,140.0,100.0
1781846890.21,ROCM_SMI,GPU_5,1474.1,141.0,95.0
1781846890.21,ROCM_SMI,GPU_6,1474.1,143.0,99.0
1781846890.21,ROCM_SMI,GPU_7,1474.1,140.0,100.0
1781846892.40,ROCM_SMI,GPU_0,1474.1,146.0,100.0
1781846892.40,ROCM_SMI,GPU_1,1474.1,139.0,100.0
1781846892.40,ROCM_SMI,GPU_2,1474.1,143.0,100.0
1781846892.40,ROCM_SMI,GPU_3,1474.1,148.0,100.0
1781846892.40,ROCM_SMI,GPU_4,1474.1,139.0,100.0
1781846892.40,ROCM_SMI,GPU_5,1474.1,138.0,100.0
1781846892.40,ROCM_SMI,GPU_6,1474.1,144.0,83.0
1781846892.40,ROCM_SMI,GPU_7,1474.1,139.0,100.0
1781846894.60,ROCM_SMI,GPU_0,1474.1,145.0,100.0
1781846894.60,ROCM_SMI,GPU_1,1474.1,142.0,100.0
1781846894.60,ROCM_SMI,GPU_2,1474.1,146.0,100.0
1781846894.60,ROCM_SMI,GPU_3,1474.1,146.0,100.0
1781846894.60,ROCM_SMI,GPU_4,1474.1,144.0,100.0
1781846894.60,ROCM_SMI,GPU_5,1474.1,140.0,100.0
1781846894.60,ROCM_SMI,GPU_6,1474.1,140.0,100.0
1781846894.60,ROCM_SMI,GPU_7,1474.1,137.0,75.0
1781846896.79,ROCM_SMI,GPU_0,1474.1,145.0,100.0
1781846896.79,ROCM_SMI,GPU_1,1474.1,141.0,100.0
1781846896.79,ROCM_SMI,GPU_2,1474.1,144.0,100.0
1781846896.79,ROCM_SMI,GPU_3,1474.1,146.0,100.0
1781846896.79,ROCM_SMI,GPU_4,1474.1,143.0,100.0
1781846896.79,ROCM_SMI,GPU_5,1474.1,138.0,100.0
1781846896.79,ROCM_SMI,GPU_6,1474.1,141.0,100.0
1781846896.79,ROCM_SMI,GPU_7,1474.1,138.0,100.0
1781846898.98,ROCM_SMI,GPU_0,1474.1,143.0,100.0
1781846898.98,ROCM_SMI,GPU_1,1474.1,140.0,100.0
1781846898.98,ROCM_SMI,GPU_2,1474.1,145.0,100.0
1781846898.98,ROCM_SMI,GPU_3,1474.1,146.0,100.0
1781846898.98,ROCM_SMI,GPU_4,1474.1,143.0,100.0
1781846898.98,ROCM_SMI,GPU_5,1474.1,138.0,100.0
1781846898.98,ROCM_SMI,GPU_6,1474.1,140.0,100.0
1781846898.98,ROCM_SMI,GPU_7,1474.1,137.0,100.0
1781846901.17,ROCM_SMI,GPU_0,1474.1,144.0,90.0
1781846901.17,ROCM_SMI,GPU_1,1474.1,139.0,100.0
1781846901.17,ROCM_SMI,GPU_2,1474.1,144.0,100.0
1781846901.17,ROCM_SMI,GPU_3,1474.1,148.0,100.0
1781846901.17,ROCM_SMI,GPU_4,1474.1,143.0,100.0
1781846901.17,ROCM_SMI,GPU_5,1474.1,139.0,100.0
1781846901.17,ROCM_SMI,GPU_6,1474.1,141.0,100.0
1781846901.17,ROCM_SMI,GPU_7,1474.1,139.0,100.0
1781846903.37,ROCM_SMI,GPU_0,1474.1,145.0,100.0
1781846903.37,ROCM_SMI,GPU_1,1474.1,140.0,83.0
1781846903.37,ROCM_SMI,GPU_2,1474.1,146.0,100.0
1781846903.37,ROCM_SMI,GPU_3,1474.1,150.0,100.0
1781846903.37,ROCM_SMI,GPU_4,1474.1,147.0,100.0
1781846903.37,ROCM_SMI,GPU_5,1474.1,141.0,100.0
1781846903.37,ROCM_SMI,GPU_6,1474.1,138.0,100.0
1781846903.37,ROCM_SMI,GPU_7,1474.1,138.0,100.0
1781846905.56,ROCM_SMI,GPU_0,1474.1,146.0,100.0
1781846905.56,ROCM_SMI,GPU_1,1474.1,140.0,89.0
1781846905.56,ROCM_SMI,GPU_2,1474.1,146.0,84.0
1781846905.56,ROCM_SMI,GPU_3,1474.1,145.0,100.0
1781846905.56,ROCM_SMI,GPU_4,1474.1,145.0,100.0
1781846905.56,ROCM_SMI,GPU_5,1474.1,142.0,100.0
1781846905.56,ROCM_SMI,GPU_6,1474.1,139.0,100.0
1781846905.56,ROCM_SMI,GPU_7,1474.1,138.0,100.0
1781846907.76,ROCM_SMI,GPU_0,1474.1,149.0,100.0
1781846907.76,ROCM_SMI,GPU_1,1474.1,141.0,100.0
1781846907.76,ROCM_SMI,GPU_2,1474.1,146.0,100.0
1781846907.76,ROCM_SMI,GPU_3,1474.1,143.0,85.0
1781846907.76,ROCM_SMI,GPU_4,1474.1,144.0,100.0
1781846907.76,ROCM_SMI,GPU_5,1474.1,142.0,100.0
1781846907.76,ROCM_SMI,GPU_6,1474.1,140.0,100.0
1781846907.76,ROCM_SMI,GPU_7,1474.1,138.0,100.0
1781846909.95,ROCM_SMI,GPU_0,1474.1,152.0,100.0
1781846909.95,ROCM_SMI,GPU_1,1474.1,140.0,100.0
1781846909.95,ROCM_SMI,GPU_2,1474.1,145.0,100.0
1781846909.95,ROCM_SMI,GPU_3,1474.1,143.0,100.0
1781846909.95,ROCM_SMI,GPU_4,1474.1,142.0,83.0
1781846909.95,ROCM_SMI,GPU_5,1474.1,142.0,100.0
1781846909.95,ROCM_SMI,GPU_6,1474.1,142.0,100.0
1781846909.95,ROCM_SMI,GPU_7,1474.1,141.0,100.0
1781846912.14,ROCM_SMI,GPU_0,1474.1,150.0,100.0
1781846912.14,ROCM_SMI,GPU_1,1474.1,139.0,100.0
1781846912.14,ROCM_SMI,GPU_2,1474.1,144.0,100.0
1781846912.14,ROCM_SMI,GPU_3,1474.1,145.0,100.0
1781846912.14,ROCM_SMI,GPU_4,1474.1,140.0,100.0
1781846912.14,ROCM_SMI,GPU_5,1474.1,141.0,89.0
1781846912.14,ROCM_SMI,GPU_6,1474.1,144.0,100.0
1781846912.14,ROCM_SMI,GPU_7,1474.1,141.0,100.0
1781846914.33,ROCM_SMI,GPU_0,1474.1,150.0,100.0
1781846914.33,ROCM_SMI,GPU_1,1474.1,140.0,100.0
1781846914.33,ROCM_SMI,GPU_2,1474.1,144.0,100.0
1781846914.33,ROCM_SMI,GPU_3,1474.1,145.0,100.0
1781846914.33,ROCM_SMI,GPU_4,1474.1,142.0,100.0
1781846914.33,ROCM_SMI,GPU_5,1474.1,142.0,100.0
1781846914.33,ROCM_SMI,GPU_6,1474.1,143.0,100.0
1781846914.33,ROCM_SMI,GPU_7,1474.1,140.0,87.0
1781846916.53,ROCM_SMI,GPU_0,1474.1,149.0,100.0
1781846916.53,ROCM_SMI,GPU_1,1474.1,150.0,100.0
1781846916.53,ROCM_SMI,GPU_2,1474.1,141.0,100.0
1781846916.53,ROCM_SMI,GPU_3,1474.1,142.0,100.0
1781846916.53,ROCM_SMI,GPU_4,1474.1,138.0,100.0
1781846916.53,ROCM_SMI,GPU_5,1474.1,135.0,100.0
1781846916.53,ROCM_SMI,GPU_6,1474.1,135.0,100.0
1781846916.53,ROCM_SMI,GPU_7,1474.1,129.0,100.0
1781846918.72,ROCM_SMI,GPU_0,1474.1,145.0,100.0
1781846918.72,ROCM_SMI,GPU_1,1474.1,141.0,100.0
1781846918.72,ROCM_SMI,GPU_2,1474.1,145.0,100.0
1781846918.72,ROCM_SMI,GPU_3,1474.1,147.0,100.0
1781846918.72,ROCM_SMI,GPU_4,1474.1,143.0,100.0
1781846918.72,ROCM_SMI,GPU_5,1474.1,138.0,100.0
1781846918.72,ROCM_SMI,GPU_6,1474.1,141.0,100.0
1781846918.72,ROCM_SMI,GPU_7,1474.1,139.0,81.0
1781846920.92,ROCM_SMI,GPU_0,1474.1,150.0,100.0
1781846920.92,ROCM_SMI,GPU_1,1474.1,142.0,100.0
1781846920.92,ROCM_SMI,GPU_2,1474.1,147.0,100.0
1781846920.92,ROCM_SMI,GPU_3,1474.1,144.0,100.0
1781846920.92,ROCM_SMI,GPU_4,1474.1,145.0,100.0
1781846920.92,ROCM_SMI,GPU_5,1474.1,143.0,100.0
1781846920.92,ROCM_SMI,GPU_6,1474.1,140.0,100.0
1781846920.92,ROCM_SMI,GPU_7,1474.1,140.0,100.0
1781846923.11,ROCM_SMI,GPU_0,1474.1,151.0,100.0
1781846923.11,ROCM_SMI,GPU_1,1474.1,140.0,100.0
1781846923.11,ROCM_SMI,GPU_2,1474.1,145.0,100.0
1781846923.11,ROCM_SMI,GPU_3,1474.1,147.0,100.0
1781846923.11,ROCM_SMI,GPU_4,1474.1,143.0,100.0
1781846923.11,ROCM_SMI,GPU_5,1474.1,143.0,100.0
1781846923.11,ROCM_SMI,GPU_6,1474.1,142.0,100.0
1781846923.11,ROCM_SMI,GPU_7,1474.1,139.0,100.0
1781846925.30,ROCM_SMI,GPU_0,1474.1,147.0,100.0
1781846925.30,ROCM_SMI,GPU_1,1474.1,141.0,100.0
1781846925.30,ROCM_SMI,GPU_2,1474.1,147.0,100.0
1781846925.30,ROCM_SMI,GPU_3,1474.1,145.0,100.0
1781846925.30,ROCM_SMI,GPU_4,1474.1,144.0,100.0
1781846925.30,ROCM_SMI,GPU_5,1474.1,143.0,100.0
1781846925.30,ROCM_SMI,GPU_6,1474.1,140.0,100.0
1781846925.30,ROCM_SMI,GPU_7,1474.1,138.0,100.0
1781846927.49,ROCM_SMI,GPU_0,1474.1,146.0,100.0
1781846927.49,ROCM_SMI,GPU_1,1474.1,140.0,100.0
1781846927.49,ROCM_SMI,GPU_2,1474.1,146.0,95.0
1781846927.49,ROCM_SMI,GPU_3,1474.1,146.0,100.0
1781846927.49,ROCM_SMI,GPU_4,1474.1,145.0,100.0
1781846927.49,ROCM_SMI,GPU_5,1474.1,142.0,100.0
1781846927.49,ROCM_SMI,GPU_6,1474.1,140.0,100.0
1781846927.49,ROCM_SMI,GPU_7,1474.1,139.0,100.0
1781846929.69,ROCM_SMI,GPU_0,1474.1,147.0,100.0
1781846929.69,ROCM_SMI,GPU_1,1474.1,140.0,100.0
1781846929.69,ROCM_SMI,GPU_2,1474.1,148.0,100.0
1781846929.69,ROCM_SMI,GPU_3,1474.1,144.0,88.0
1781846929.69,ROCM_SMI,GPU_4,1474.1,145.0,100.0
1781846929.69,ROCM_SMI,GPU_5,1474.1,147.0,100.0
1781846929.69,ROCM_SMI,GPU_6,1474.1,139.0,100.0
1781846929.69,ROCM_SMI,GPU_7,1474.1,140.0,100.0
1781846931.88,ROCM_SMI,GPU_0,1474.1,150.0,100.0
1781846931.88,ROCM_SMI,GPU_1,1474.1,142.0,100.0
1781846931.88,ROCM_SMI,GPU_2,1474.1,148.0,100.0
1781846931.88,ROCM_SMI,GPU_3,1474.1,145.0,82.0
1781846931.88,ROCM_SMI,GPU_4,1474.1,145.0,100.0
1781846931.88,ROCM_SMI,GPU_5,1474.1,144.0,100.0
1781846931.88,ROCM_SMI,GPU_6,1474.1,140.0,100.0
1781846931.88,ROCM_SMI,GPU_7,1474.1,140.0,100.0
1781846934.08,ROCM_SMI,GPU_0,1474.1,150.0,100.0
1781846934.08,ROCM_SMI,GPU_1,1474.1,140.0,100.0
1781846934.08,ROCM_SMI,GPU_2,1474.1,143.0,100.0
1781846934.08,ROCM_SMI,GPU_3,1474.1,143.0,100.0
1781846934.08,ROCM_SMI,GPU_4,1474.1,139.0,89.0
1781846934.08,ROCM_SMI,GPU_5,1474.1,140.0,100.0
1781846934.08,ROCM_SMI,GPU_6,1474.1,143.0,100.0
1781846934.08,ROCM_SMI,GPU_7,1474.1,141.0,100.0
1781846936.27,ROCM_SMI,GPU_0,1474.1,150.0,100.0
1781846936.27,ROCM_SMI,GPU_1,1474.1,141.0,100.0
1781846936.27,ROCM_SMI,GPU_2,1474.1,142.0,100.0
1781846936.27,ROCM_SMI,GPU_3,1474.1,147.0,100.0
1781846936.27,ROCM_SMI,GPU_4,1474.1,140.0,100.0
1781846936.27,ROCM_SMI,GPU_5,1474.1,140.0,87.0
1781846936.27,ROCM_SMI,GPU_6,1474.1,144.0,100.0
1781846936.27,ROCM_SMI,GPU_7,1474.1,141.0,100.0
1781846938.46,ROCM_SMI,GPU_0,1474.1,146.0,100.0
1781846938.46,ROCM_SMI,GPU_1,1474.1,141.0,100.0
1781846938.46,ROCM_SMI,GPU_2,1474.1,142.0,100.0
1781846938.46,ROCM_SMI,GPU_3,1474.1,149.0,100.0
1781846938.46,ROCM_SMI,GPU_4,1474.1,140.0,100.0
1781846938.46,ROCM_SMI,GPU_5,1474.1,138.0,100.0
1781846938.46,ROCM_SMI,GPU_6,1474.1,145.0,88.0
1781846938.46,ROCM_SMI,GPU_7,1474.1,139.0,100.0
1781846940.65,ROCM_SMI,GPU_0,1474.1,145.0,100.0
1781846940.65,ROCM_SMI,GPU_1,1474.1,142.0,100.0
1781846940.65,ROCM_SMI,GPU_2,1474.1,142.0,100.0
1781846940.65,ROCM_SMI,GPU_3,1474.1,147.0,100.0
1781846940.65,ROCM_SMI,GPU_4,1474.1,141.0,100.0
1781846940.65,ROCM_SMI,GPU_5,1474.1,137.0,100.0
1781846940.65,ROCM_SMI,GPU_6,1474.1,143.0,100.0
1781846940.65,ROCM_SMI,GPU_7,1474.1,138.0,100.0
1781846942.85,ROCM_SMI,GPU_0,1474.1,145.0,100.0
1781846942.85,ROCM_SMI,GPU_1,1474.1,140.0,100.0
1781846942.85,ROCM_SMI,GPU_2,1474.1,143.0,100.0
1781846942.85,ROCM_SMI,GPU_3,1474.1,147.0,100.0
1781846942.85,ROCM_SMI,GPU_4,1474.1,141.0,100.0
1781846942.85,ROCM_SMI,GPU_5,1474.1,138.0,100.0
1781846942.85,ROCM_SMI,GPU_6,1474.1,143.0,100.0
1781846942.85,ROCM_SMI,GPU_7,1474.1,139.0,100.0
1781846945.04,ROCM_SMI,GPU_0,1474.1,141.0,100.0
1781846945.04,ROCM_SMI,GPU_1,1474.1,146.0,100.0
1781846945.04,ROCM_SMI,GPU_2,1474.1,146.0,100.0
1781846945.04,ROCM_SMI,GPU_3,1474.1,145.0,100.0
1781846945.04,ROCM_SMI,GPU_4,1474.1,142.0,100.0
1781846945.04,ROCM_SMI,GPU_5,1474.1,139.0,100.0
1781846945.04,ROCM_SMI,GPU_6,1474.1,140.0,100.0
1781846945.04,ROCM_SMI,GPU_7,1474.1,139.0,100.0
1781846947.24,ROCM_SMI,GPU_0,1474.1,143.0,100.0
1781846947.24,ROCM_SMI,GPU_1,1474.1,142.0,100.0
1781846947.24,ROCM_SMI,GPU_2,1474.1,143.0,100.0
1781846947.24,ROCM_SMI,GPU_3,1474.1,148.0,100.0
1781846947.24,ROCM_SMI,GPU_4,1474.1,141.0,100.0
1781846947.24,ROCM_SMI,GPU_5,1474.1,138.0,100.0
1781846947.24,ROCM_SMI,GPU_6,1474.1,143.0,100.0
1781846947.24,ROCM_SMI,GPU_7,1474.1,138.0,100.0
1781846949.43,ROCM_SMI,GPU_0,1474.1,145.0,100.0
1781846949.43,ROCM_SMI,GPU_1,1474.1,138.0,100.0
1781846949.43,ROCM_SMI,GPU_2,1474.1,142.0,100.0
1781846949.43,ROCM_SMI,GPU_3,1474.1,148.0,100.0
1781846949.43,ROCM_SMI,GPU_4,1474.1,141.0,100.0
1781846949.43,ROCM_SMI,GPU_5,1474.1,137.0,100.0
1781846949.43,ROCM_SMI,GPU_6,1474.1,143.0,100.0
1781846949.43,ROCM_SMI,GPU_7,1474.1,138.0,100.0
1781846951.62,ROCM_SMI,GPU_0,1474.1,144.0,100.0
1781846951.62,ROCM_SMI,GPU_1,1474.1,140.0,100.0
1781846951.62,ROCM_SMI,GPU_2,1474.1,142.0,84.0
1781846951.62,ROCM_SMI,GPU_3,1474.1,145.0,100.0
1781846951.62,ROCM_SMI,GPU_4,1474.1,141.0,100.0
1781846951.62,ROCM_SMI,GPU_5,1474.1,138.0,100.0
1781846951.62,ROCM_SMI,GPU_6,1474.1,142.0,100.0
1781846951.62,ROCM_SMI,GPU_7,1474.1,139.0,100.0
1781846953.81,ROCM_SMI,GPU_0,1474.1,146.0,100.0
1781846953.81,ROCM_SMI,GPU_1,1474.1,141.0,100.0
1781846953.81,ROCM_SMI,GPU_2,1474.1,145.0,100.0
1781846953.81,ROCM_SMI,GPU_3,1474.1,145.0,87.0
1781846953.81,ROCM_SMI,GPU_4,1474.1,141.0,100.0
1781846953.81,ROCM_SMI,GPU_5,1474.1,139.0,100.0
1781846953.81,ROCM_SMI,GPU_6,1474.1,140.0,100.0
1781846953.81,ROCM_SMI,GPU_7,1474.1,138.0,100.0
1781846956.01,ROCM_SMI,GPU_0,1474.1,147.0,100.0
1781846956.01,ROCM_SMI,GPU_1,1474.1,142.0,100.0
1781846956.01,ROCM_SMI,GPU_2,1474.1,148.0,100.0
1781846956.01,ROCM_SMI,GPU_3,1474.1,145.0,100.0
1781846956.01,ROCM_SMI,GPU_4,1474.1,145.0,83.0
1781846956.01,ROCM_SMI,GPU_5,1474.1,142.0,100.0
1781846956.01,ROCM_SMI,GPU_6,1474.1,139.0,100.0
1781846956.01,ROCM_SMI,GPU_7,1474.1,137.0,100.0
1781846958.20,ROCM_SMI,GPU_0,1474.1,153.0,100.0
1781846958.20,ROCM_SMI,GPU_1,1474.1,138.0,100.0
1781846958.20,ROCM_SMI,GPU_2,1474.1,145.0,100.0
1781846958.20,ROCM_SMI,GPU_3,1474.1,143.0,100.0
1781846958.20,ROCM_SMI,GPU_4,1474.1,142.0,100.0
1781846958.20,ROCM_SMI,GPU_5,1474.1,140.0,81.0
1781846958.20,ROCM_SMI,GPU_6,1474.1,141.0,100.0
1781846958.20,ROCM_SMI,GPU_7,1474.1,145.0,100.0
1781846960.39,ROCM_SMI,GPU_0,1474.1,150.0,100.0
1781846960.39,ROCM_SMI,GPU_1,1474.1,141.0,100.0
1781846960.39,ROCM_SMI,GPU_2,1474.1,143.0,100.0
1781846960.39,ROCM_SMI,GPU_3,1474.1,146.0,100.0
1781846960.39,ROCM_SMI,GPU_4,1474.1,142.0,100.0
1781846960.39,ROCM_SMI,GPU_5,1474.1,142.0,100.0
1781846960.39,ROCM_SMI,GPU_6,1474.1,143.0,87.0
1781846960.39,ROCM_SMI,GPU_7,1474.1,141.0,100.0
1781846962.58,ROCM_SMI,GPU_0,1474.1,148.0,100.0
1781846962.58,ROCM_SMI,GPU_1,1474.1,139.0,100.0
1781846962.58,ROCM_SMI,GPU_2,1474.1,143.0,100.0
1781846962.58,ROCM_SMI,GPU_3,1474.1,147.0,100.0
1781846962.58,ROCM_SMI,GPU_4,1474.1,140.0,100.0
1781846962.58,ROCM_SMI,GPU_5,1474.1,139.0,100.0
1781846962.58,ROCM_SMI,GPU_6,1474.1,144.0,100.0
1781846962.58,ROCM_SMI,GPU_7,1474.1,140.0,90.0
1781846964.78,ROCM_SMI,GPU_0,1474.1,150.0,100.0
1781846964.78,ROCM_SMI,GPU_1,1474.1,139.0,100.0
1781846964.78,ROCM_SMI,GPU_2,1474.1,144.0,100.0
1781846964.78,ROCM_SMI,GPU_3,1474.1,146.0,100.0
1781846964.78,ROCM_SMI,GPU_4,1474.1,139.0,100.0
1781846964.78,ROCM_SMI,GPU_5,1474.1,140.0,100.0
1781846964.78,ROCM_SMI,GPU_6,1474.1,143.0,100.0
1781846964.78,ROCM_SMI,GPU_7,1474.1,140.0,100.0
1781846966.97,ROCM_SMI,GPU_0,1474.1,144.0,100.0
1781846966.97,ROCM_SMI,GPU_1,1474.1,139.0,100.0
1781846966.97,ROCM_SMI,GPU_2,1474.1,142.0,100.0
1781846966.97,ROCM_SMI,GPU_3,1474.1,146.0,100.0
1781846966.97,ROCM_SMI,GPU_4,1474.1,139.0,100.0
1781846966.97,ROCM_SMI,GPU_5,1474.1,137.0,100.0
1781846966.97,ROCM_SMI,GPU_6,1474.1,144.0,100.0
1781846966.97,ROCM_SMI,GPU_7,1474.1,139.0,100.0
1781846969.16,ROCM_SMI,GPU_0,1474.1,146.0,100.0
1781846969.16,ROCM_SMI,GPU_1,1474.1,138.0,81.0
1781846969.16,ROCM_SMI,GPU_2,1474.1,142.0,100.0
1781846969.16,ROCM_SMI,GPU_3,1474.1,148.0,100.0
1781846969.16,ROCM_SMI,GPU_4,1474.1,140.0,100.0
1781846969.16,ROCM_SMI,GPU_5,1474.1,137.0,100.0
1781846969.16,ROCM_SMI,GPU_6,1474.1,143.0,100.0
1781846969.16,ROCM_SMI,GPU_7,1474.1,140.0,100.0
1781846971.35,ROCM_SMI,GPU_0,1474.1,144.0,100.0
1781846971.35,ROCM_SMI,GPU_1,1474.1,139.0,100.0
1781846971.35,ROCM_SMI,GPU_2,1474.1,143.0,82.0
1781846971.35,ROCM_SMI,GPU_3,1474.1,146.0,100.0
1781846971.35,ROCM_SMI,GPU_4,1474.1,145.0,100.0
1781846971.35,ROCM_SMI,GPU_5,1474.1,141.0,100.0
1781846971.35,ROCM_SMI,GPU_6,1474.1,139.0,100.0
1781846971.35,ROCM_SMI,GPU_7,1474.1,139.0,100.0
1781846973.55,ROCM_SMI,GPU_0,1474.1,137.0,100.0
1781846973.55,ROCM_SMI,GPU_1,1474.1,134.0,89.0
1781846973.55,ROCM_SMI,GPU_2,1474.1,132.0,99.0
1781846973.55,ROCM_SMI,GPU_3,1474.1,159.0,100.0
1781846973.55,ROCM_SMI,GPU_4,1474.1,158.0,100.0
1781846973.55,ROCM_SMI,GPU_5,1474.1,156.0,100.0
1781846973.55,ROCM_SMI,GPU_6,1474.1,137.0,100.0
1781846973.55,ROCM_SMI,GPU_7,1474.1,136.0,100.0
1781846975.76,ROCM_SMI,GPU_0,1474.1,150.0,100.0
1781846975.76,ROCM_SMI,GPU_1,1474.1,140.0,100.0
1781846975.76,ROCM_SMI,GPU_2,1474.1,145.0,100.0
1781846975.76,ROCM_SMI,GPU_3,1474.1,144.0,100.0
1781846975.76,ROCM_SMI,GPU_4,1474.1,142.0,100.0
1781846975.76,ROCM_SMI,GPU_5,1474.1,142.0,100.0
1781846975.76,ROCM_SMI,GPU_6,1474.1,141.0,100.0
1781846975.76,ROCM_SMI,GPU_7,1474.1,138.0,100.0
1781846977.95,ROCM_SMI,GPU_0,1474.1,147.0,100.0
1781846977.95,ROCM_SMI,GPU_1,1474.1,141.0,100.0
1781846977.95,ROCM_SMI,GPU_2,1474.1,142.0,100.0
1781846977.95,ROCM_SMI,GPU_3,1474.1,147.0,100.0
1781846977.95,ROCM_SMI,GPU_4,1474.1,141.0,100.0
1781846977.95,ROCM_SMI,GPU_5,1474.1,139.0,100.0
1781846977.95,ROCM_SMI,GPU_6,1474.1,143.0,100.0
1781846977.95,ROCM_SMI,GPU_7,1474.1,139.0,100.0
1781846980.14,ROCM_SMI,GPU_0,1474.1,145.0,100.0
1781846980.14,ROCM_SMI,GPU_1,1474.1,140.0,100.0
1781846980.14,ROCM_SMI,GPU_2,1474.1,143.0,100.0
1781846980.14,ROCM_SMI,GPU_3,1474.1,148.0,100.0
1781846980.14,ROCM_SMI,GPU_4,1474.1,142.0,100.0
1781846980.14,ROCM_SMI,GPU_5,1474.1,138.0,100.0
1781846980.14,ROCM_SMI,GPU_6,1474.1,142.0,100.0
1781846980.14,ROCM_SMI,GPU_7,1474.1,139.0,100.0
1781846982.33,ROCM_SMI,GPU_0,1474.1,144.0,100.0
1781846982.33,ROCM_SMI,GPU_1,1474.1,139.0,100.0
1781846982.33,ROCM_SMI,GPU_2,1474.1,144.0,93.0
1781846982.33,ROCM_SMI,GPU_3,1474.1,146.0,100.0
1781846982.33,ROCM_SMI,GPU_4,1474.1,143.0,100.0
1781846982.33,ROCM_SMI,GPU_5,1474.1,139.0,100.0
1781846982.33,ROCM_SMI,GPU_6,1474.1,140.0,100.0
1781846982.33,ROCM_SMI,GPU_7,1474.1,138.0,100.0
1781846984.53,ROCM_SMI,GPU_0,1474.1,149.0,100.0
1781846984.53,ROCM_SMI,GPU_1,1474.1,140.0,100.0
1781846984.53,ROCM_SMI,GPU_2,1474.1,145.0,83.0
1781846984.53,ROCM_SMI,GPU_3,1474.1,143.0,100.0
1781846984.53,ROCM_SMI,GPU_4,1474.1,144.0,100.0
1781846984.53,ROCM_SMI,GPU_5,1474.1,143.0,100.0
1781846984.53,ROCM_SMI,GPU_6,1474.1,141.0,100.0
1781846984.53,ROCM_SMI,GPU_7,1474.1,140.0,100.0
1781846986.73,ROCM_SMI,GPU_0,1474.1,143.0,100.0
1781846986.73,ROCM_SMI,GPU_1,1474.1,131.0,100.0
1781846986.73,ROCM_SMI,GPU_2,1474.1,126.0,92.0
1781846986.73,ROCM_SMI,GPU_3,1474.1,159.0,100.0
1781846986.73,ROCM_SMI,GPU_4,1474.1,156.0,100.0
1781846986.73,ROCM_SMI,GPU_5,1474.1,143.0,100.0
1781846986.73,ROCM_SMI,GPU_6,1474.1,138.0,100.0
1781846986.73,ROCM_SMI,GPU_7,1474.1,135.0,100.0
1781846988.92,ROCM_SMI,GPU_0,1474.1,146.0,100.0
1781846988.92,ROCM_SMI,GPU_1,1474.1,139.0,100.0
1781846988.92,ROCM_SMI,GPU_2,1474.1,143.0,83.0
1781846988.92,ROCM_SMI,GPU_3,1474.1,147.0,100.0
1781846988.92,ROCM_SMI,GPU_4,1474.1,141.0,100.0
1781846988.92,ROCM_SMI,GPU_5,1474.1,139.0,100.0
1781846988.92,ROCM_SMI,GPU_6,1474.1,142.0,100.0
1781846988.92,ROCM_SMI,GPU_7,1474.1,139.0,100.0
1781846991.11,ROCM_SMI,GPU_0,1474.1,146.0,100.0
1781846991.11,ROCM_SMI,GPU_1,1474.1,141.0,100.0
1781846991.11,ROCM_SMI,GPU_2,1474.1,146.0,98.0
1781846991.11,ROCM_SMI,GPU_3,1474.1,144.0,100.0
1781846991.11,ROCM_SMI,GPU_4,1474.1,145.0,100.0
1781846991.11,ROCM_SMI,GPU_5,1474.1,142.0,100.0
1781846991.11,ROCM_SMI,GPU_6,1474.1,139.0,100.0
1781846991.11,ROCM_SMI,GPU_7,1474.1,138.0,100.0
1781846993.30,ROCM_SMI,GPU_0,1474.1,151.0,100.0
1781846993.30,ROCM_SMI,GPU_1,1474.1,141.0,100.0
1781846993.30,ROCM_SMI,GPU_2,1474.1,146.0,100.0
1781846993.30,ROCM_SMI,GPU_3,1474.1,144.0,89.0
1781846993.30,ROCM_SMI,GPU_4,1474.1,143.0,100.0
1781846993.30,ROCM_SMI,GPU_5,1474.1,143.0,100.0
1781846993.30,ROCM_SMI,GPU_6,1474.1,141.0,100.0
1781846993.30,ROCM_SMI,GPU_7,1474.1,139.0,100.0
1781846995.50,ROCM_SMI,GPU_0,1474.1,152.0,100.0
1781846995.50,ROCM_SMI,GPU_1,1474.1,140.0,100.0
1781846995.50,ROCM_SMI,GPU_2,1474.1,145.0,100.0
1781846995.50,ROCM_SMI,GPU_3,1474.1,144.0,100.0
1781846995.50,ROCM_SMI,GPU_4,1474.1,142.0,100.0
1781846995.50,ROCM_SMI,GPU_5,1474.1,141.0,100.0
1781846995.50,ROCM_SMI,GPU_6,1474.1,144.0,100.0
1781846995.50,ROCM_SMI,GPU_7,1474.1,140.0,100.0
1781846997.69,ROCM_SMI,GPU_0,1474.1,149.0,100.0
1781846997.69,ROCM_SMI,GPU_1,1474.1,140.0,100.0
1781846997.69,ROCM_SMI,GPU_2,1474.1,142.0,100.0
1781846997.69,ROCM_SMI,GPU_3,1474.1,146.0,100.0
1781846997.69,ROCM_SMI,GPU_4,1474.1,140.0,100.0
1781846997.69,ROCM_SMI,GPU_5,1474.1,138.0,75.0
1781846997.69,ROCM_SMI,GPU_6,1474.1,145.0,100.0
1781846997.69,ROCM_SMI,GPU_7,1474.1,141.0,100.0
1781846999.88,ROCM_SMI,GPU_0,1474.1,145.0,100.0
1781846999.88,ROCM_SMI,GPU_1,1474.1,140.0,100.0
1781846999.88,ROCM_SMI,GPU_2,1474.1,143.0,100.0
1781846999.88,ROCM_SMI,GPU_3,1474.1,147.0,100.0
1781846999.88,ROCM_SMI,GPU_4,1474.1,142.0,100.0
1781846999.88,ROCM_SMI,GPU_5,1474.1,139.0,100.0
1781846999.88,ROCM_SMI,GPU_6,1474.1,141.0,100.0
1781846999.88,ROCM_SMI,GPU_7,1474.1,135.0,100.0
1781847002.08,ROCM_SMI,GPU_0,1474.1,147.0,100.0
1781847002.08,ROCM_SMI,GPU_1,1474.1,142.0,100.0
1781847002.08,ROCM_SMI,GPU_2,1474.1,145.0,100.0
1781847002.08,ROCM_SMI,GPU_3,1474.1,147.0,100.0
1781847002.08,ROCM_SMI,GPU_4,1474.1,141.0,100.0
1781847002.08,ROCM_SMI,GPU_5,1474.1,139.0,100.0
1781847002.08,ROCM_SMI,GPU_6,1474.1,142.0,100.0
1781847002.08,ROCM_SMI,GPU_7,1474.1,138.0,88.0
1781847004.27,ROCM_SMI,GPU_0,1474.1,145.0,100.0
1781847004.27,ROCM_SMI,GPU_1,1474.1,143.0,100.0
1781847004.27,ROCM_SMI,GPU_2,1474.1,148.0,100.0
1781847004.27,ROCM_SMI,GPU_3,1474.1,147.0,100.0
1781847004.27,ROCM_SMI,GPU_4,1474.1,144.0,100.0
1781847004.27,ROCM_SMI,GPU_5,1474.1,141.0,100.0
1781847004.27,ROCM_SMI,GPU_6,1474.1,139.0,100.0
1781847004.27,ROCM_SMI,GPU_7,1474.1,137.0,100.0
1781847006.46,ROCM_SMI,GPU_0,1474.1,149.0,100.0
1781847006.46,ROCM_SMI,GPU_1,1474.1,142.0,100.0
1781847006.46,ROCM_SMI,GPU_2,1474.1,148.0,100.0
1781847006.46,ROCM_SMI,GPU_3,1474.1,145.0,100.0
1781847006.46,ROCM_SMI,GPU_4,1474.1,145.0,100.0
1781847006.46,ROCM_SMI,GPU_5,1474.1,143.0,100.0
1781847006.46,ROCM_SMI,GPU_6,1474.1,139.0,100.0
1781847006.46,ROCM_SMI,GPU_7,1474.1,138.0,100.0
1781847008.65,ROCM_SMI,GPU_0,1474.1,148.0,100.0
1781847008.65,ROCM_SMI,GPU_1,1474.1,141.0,100.0
1781847008.65,ROCM_SMI,GPU_2,1474.1,146.0,100.0
1781847008.65,ROCM_SMI,GPU_3,1474.1,145.0,100.0
1781847008.65,ROCM_SMI,GPU_4,1474.1,143.0,100.0
1781847008.65,ROCM_SMI,GPU_5,1474.1,144.0,100.0
1781847008.65,ROCM_SMI,GPU_6,1474.1,141.0,100.0
1781847008.65,ROCM_SMI,GPU_7,1474.1,139.0,100.0
1781847010.85,ROCM_SMI,GPU_0,1474.1,148.0,88.0
1781847010.85,ROCM_SMI,GPU_1,1474.1,138.0,100.0
1781847010.85,ROCM_SMI,GPU_2,1474.1,142.0,100.0
1781847010.85,ROCM_SMI,GPU_3,1474.1,146.0,100.0
1781847010.85,ROCM_SMI,GPU_4,1474.1,141.0,100.0
1781847010.85,ROCM_SMI,GPU_5,1474.1,140.0,100.0
1781847010.85,ROCM_SMI,GPU_6,1474.1,144.0,100.0
1781847010.85,ROCM_SMI,GPU_7,1474.1,139.0,100.0
1781847013.04,ROCM_SMI,GPU_0,1474.1,149.0,100.0
1781847013.04,ROCM_SMI,GPU_1,1474.1,139.0,100.0
1781847013.04,ROCM_SMI,GPU_2,1474.1,141.0,85.0
1781847013.04,ROCM_SMI,GPU_3,1474.1,145.0,100.0
1781847013.04,ROCM_SMI,GPU_4,1474.1,141.0,100.0
1781847013.04,ROCM_SMI,GPU_5,1474.1,139.0,100.0
1781847013.04,ROCM_SMI,GPU_6,1474.1,144.0,100.0
1781847013.04,ROCM_SMI,GPU_7,1474.1,139.0,100.0
1781847015.23,ROCM_SMI,GPU_0,1474.1,147.0,100.0
1781847015.23,ROCM_SMI,GPU_1,1474.1,138.0,100.0
1781847015.23,ROCM_SMI,GPU_2,1474.1,143.0,100.0
1781847015.23,ROCM_SMI,GPU_3,1474.1,150.0,98.0
1781847015.23,ROCM_SMI,GPU_4,1474.1,136.0,100.0
1781847015.23,ROCM_SMI,GPU_5,1474.1,132.0,100.0
1781847015.23,ROCM_SMI,GPU_6,1474.1,144.0,100.0
1781847015.23,ROCM_SMI,GPU_7,1474.1,139.0,100.0
1781847017.42,ROCM_SMI,GPU_0,1474.1,151.0,100.0
1781847017.42,ROCM_SMI,GPU_1,1474.1,141.0,100.0
1781847017.42,ROCM_SMI,GPU_2,1474.1,145.0,100.0
1781847017.42,ROCM_SMI,GPU_3,1474.1,147.0,100.0
1781847017.42,ROCM_SMI,GPU_4,1474.1,143.0,100.0
1781847017.42,ROCM_SMI,GPU_5,1474.1,142.0,100.0
1781847017.42,ROCM_SMI,GPU_6,1474.1,142.0,80.0
1781847017.42,ROCM_SMI,GPU_7,1474.1,142.0,100.0
1781847019.61,ROCM_SMI,GPU_0,1474.1,148.0,100.0
1781847019.61,ROCM_SMI,GPU_1,1474.1,140.0,100.0
1781847019.61,ROCM_SMI,GPU_2,1474.1,146.0,100.0
1781847019.61,ROCM_SMI,GPU_3,1474.1,144.0,100.0
1781847019.61,ROCM_SMI,GPU_4,1474.1,143.0,100.0
1781847019.61,ROCM_SMI,GPU_5,1474.1,142.0,100.0
1781847019.61,ROCM_SMI,GPU_6,1474.1,141.0,100.0
1781847019.61,ROCM_SMI,GPU_7,1474.1,138.0,91.0
1781847021.81,ROCM_SMI,GPU_0,1474.1,149.0,100.0
1781847021.81,ROCM_SMI,GPU_1,1474.1,141.0,100.0
1781847021.81,ROCM_SMI,GPU_2,1474.1,146.0,100.0
1781847021.81,ROCM_SMI,GPU_3,1474.1,145.0,100.0
1781847021.81,ROCM_SMI,GPU_4,1474.1,144.0,100.0
1781847021.81,ROCM_SMI,GPU_5,1474.1,144.0,100.0
1781847021.81,ROCM_SMI,GPU_6,1474.1,140.0,100.0
1781847021.81,ROCM_SMI,GPU_7,1474.1,140.0,100.0
1781847024.00,ROCM_SMI,GPU_0,1474.1,149.0,99.0
1781847024.00,ROCM_SMI,GPU_1,1474.1,141.0,100.0
1781847024.00,ROCM_SMI,GPU_2,1474.1,144.0,100.0
1781847024.00,ROCM_SMI,GPU_3,1474.1,145.0,100.0
1781847024.00,ROCM_SMI,GPU_4,1474.1,143.0,100.0
1781847024.00,ROCM_SMI,GPU_5,1474.1,142.0,100.0
1781847024.00,ROCM_SMI,GPU_6,1474.1,142.0,100.0
1781847024.00,ROCM_SMI,GPU_7,1474.1,141.0,100.0
1781847026.19,ROCM_SMI,GPU_0,1474.1,149.0,100.0
1781847026.19,ROCM_SMI,GPU_1,1474.1,140.0,100.0
1781847026.19,ROCM_SMI,GPU_2,1474.1,144.0,100.0
1781847026.19,ROCM_SMI,GPU_3,1474.1,144.0,100.0
1781847026.19,ROCM_SMI,GPU_4,1474.1,142.0,100.0
1781847026.19,ROCM_SMI,GPU_5,1474.1,142.0,100.0
1781847026.19,ROCM_SMI,GPU_6,1474.1,143.0,100.0
1781847026.19,ROCM_SMI,GPU_7,1474.1,140.0,100.0
1781847028.39,ROCM_SMI,GPU_0,1474.1,141.0,99.0
1781847028.39,ROCM_SMI,GPU_1,1474.1,134.0,100.0
1781847028.39,ROCM_SMI,GPU_2,1474.1,143.0,100.0
1781847028.39,ROCM_SMI,GPU_3,1474.1,153.0,100.0
1781847028.39,ROCM_SMI,GPU_4,1474.1,144.0,100.0
1781847028.39,ROCM_SMI,GPU_5,1474.1,134.0,100.0
1781847028.39,ROCM_SMI,GPU_6,1474.1,153.0,100.0
1781847028.39,ROCM_SMI,GPU_7,1474.1,136.0,100.0
1781847030.58,ROCM_SMI,GPU_0,1474.1,147.0,100.0
1781847030.58,ROCM_SMI,GPU_1,1474.1,138.0,82.0
1781847030.58,ROCM_SMI,GPU_2,1474.1,141.0,100.0
1781847030.58,ROCM_SMI,GPU_3,1474.1,147.0,100.0
1781847030.58,ROCM_SMI,GPU_4,1474.1,139.0,100.0
1781847030.58,ROCM_SMI,GPU_5,1474.1,137.0,100.0
1781847030.58,ROCM_SMI,GPU_6,1474.1,144.0,100.0
1781847030.58,ROCM_SMI,GPU_7,1474.1,138.0,100.0
1781847032.78,ROCM_SMI,GPU_0,1474.1,149.0,100.0
1781847032.78,ROCM_SMI,GPU_1,1474.1,139.0,100.0
1781847032.78,ROCM_SMI,GPU_2,1474.1,140.0,90.0
1781847032.78,ROCM_SMI,GPU_3,1474.1,145.0,100.0
1781847032.78,ROCM_SMI,GPU_4,1474.1,139.0,100.0
1781847032.78,ROCM_SMI,GPU_5,1474.1,139.0,100.0
1781847032.78,ROCM_SMI,GPU_6,1474.1,144.0,100.0
1781847032.78,ROCM_SMI,GPU_7,1474.1,140.0,100.0
1781847034.97,ROCM_SMI,GPU_0,1474.1,152.0,100.0
1781847034.97,ROCM_SMI,GPU_1,1474.1,142.0,100.0
1781847034.97,ROCM_SMI,GPU_2,1474.1,147.0,100.0
1781847034.97,ROCM_SMI,GPU_3,1474.1,146.0,100.0
1781847034.97,ROCM_SMI,GPU_4,1474.1,143.0,100.0
1781847034.97,ROCM_SMI,GPU_5,1474.1,143.0,88.0
1781847034.97,ROCM_SMI,GPU_6,1474.1,141.0,100.0
1781847034.97,ROCM_SMI,GPU_7,1474.1,140.0,100.0
1781847037.16,ROCM_SMI,GPU_0,1474.1,151.0,100.0
1781847037.16,ROCM_SMI,GPU_1,1474.1,141.0,100.0
1781847037.16,ROCM_SMI,GPU_2,1474.1,147.0,100.0
1781847037.16,ROCM_SMI,GPU_3,1474.1,146.0,100.0
1781847037.16,ROCM_SMI,GPU_4,1474.1,144.0,100.0
1781847037.16,ROCM_SMI,GPU_5,1474.1,143.0,100.0
1781847037.16,ROCM_SMI,GPU_6,1474.1,140.0,100.0
1781847037.16,ROCM_SMI,GPU_7,1474.1,138.0,89.0
1781847039.36,ROCM_SMI,GPU_0,1474.1,151.0,100.0
1781847039.36,ROCM_SMI,GPU_1,1474.1,141.0,100.0
1781847039.36,ROCM_SMI,GPU_2,1474.1,146.0,100.0
1781847039.36,ROCM_SMI,GPU_3,1474.1,145.0,100.0
1781847039.36,ROCM_SMI,GPU_4,1474.1,143.0,100.0
1781847039.36,ROCM_SMI,GPU_5,1474.1,143.0,100.0
1781847039.36,ROCM_SMI,GPU_6,1474.1,141.0,100.0
1781847039.36,ROCM_SMI,GPU_7,1474.1,140.0,100.0
1781847041.55,ROCM_SMI,GPU_0,1474.1,152.0,100.0
1781847041.55,ROCM_SMI,GPU_1,1474.1,139.0,100.0
1781847041.55,ROCM_SMI,GPU_2,1474.1,140.0,100.0
1781847041.55,ROCM_SMI,GPU_3,1474.1,145.0,100.0
1781847041.55,ROCM_SMI,GPU_4,1474.1,140.0,100.0
1781847041.55,ROCM_SMI,GPU_5,1474.1,139.0,100.0
1781847041.55,ROCM_SMI,GPU_6,1474.1,144.0,100.0
1781847041.55,ROCM_SMI,GPU_7,1474.1,140.0,100.0
1781847043.74,ROCM_SMI,GPU_0,1474.1,148.0,89.0
1781847043.74,ROCM_SMI,GPU_1,1474.1,141.0,100.0
1781847043.74,ROCM_SMI,GPU_2,1474.1,147.0,100.0
1781847043.74,ROCM_SMI,GPU_3,1474.1,146.0,100.0
1781847043.74,ROCM_SMI,GPU_4,1474.1,144.0,100.0
1781847043.74,ROCM_SMI,GPU_5,1474.1,143.0,100.0
1781847043.74,ROCM_SMI,GPU_6,1474.1,140.0,100.0
1781847043.74,ROCM_SMI,GPU_7,1474.1,138.0,100.0
1781847045.94,ROCM_SMI,GPU_0,1474.1,148.0,100.0
1781847045.94,ROCM_SMI,GPU_1,1474.1,139.0,100.0
1781847045.94,ROCM_SMI,GPU_2,1474.1,145.0,100.0
1781847045.94,ROCM_SMI,GPU_3,1474.1,146.0,100.0
1781847045.94,ROCM_SMI,GPU_4,1474.1,144.0,100.0
1781847045.94,ROCM_SMI,GPU_5,1474.1,142.0,100.0
1781847045.94,ROCM_SMI,GPU_6,1474.1,141.0,100.0
1781847045.94,ROCM_SMI,GPU_7,1474.1,140.0,100.0
1781847048.13,ROCM_SMI,GPU_0,1474.1,148.0,100.0
1781847048.13,ROCM_SMI,GPU_1,1474.1,140.0,100.0
1781847048.13,ROCM_SMI,GPU_2,1474.1,146.0,100.0
1781847048.13,ROCM_SMI,GPU_3,1474.1,143.0,88.0
1781847048.13,ROCM_SMI,GPU_4,1474.1,144.0,100.0
1781847048.13,ROCM_SMI,GPU_5,1474.1,143.0,100.0
1781847048.13,ROCM_SMI,GPU_6,1474.1,140.0,100.0
1781847048.13,ROCM_SMI,GPU_7,1474.1,138.0,100.0
1781847050.32,ROCM_SMI,GPU_0,1474.1,148.0,100.0
1781847050.32,ROCM_SMI,GPU_1,1474.1,142.0,100.0
1781847050.32,ROCM_SMI,GPU_2,1474.1,148.0,100.0
1781847050.32,ROCM_SMI,GPU_3,1474.1,145.0,100.0
1781847050.32,ROCM_SMI,GPU_4,1474.1,146.0,100.0
1781847050.32,ROCM_SMI,GPU_5,1474.1,142.0,100.0
1781847050.32,ROCM_SMI,GPU_6,1474.1,138.0,100.0
1781847050.32,ROCM_SMI,GPU_7,1474.1,140.0,100.0
1781847052.51,ROCM_SMI,GPU_0,1474.1,149.0,100.0
1781847052.51,ROCM_SMI,GPU_1,1474.1,142.0,100.0
1781847052.51,ROCM_SMI,GPU_2,1474.1,147.0,100.0
1781847052.51,ROCM_SMI,GPU_3,1474.1,147.0,100.0
1781847052.51,ROCM_SMI,GPU_4,1474.1,145.0,100.0
1781847052.51,ROCM_SMI,GPU_5,1474.1,143.0,100.0
1781847052.51,ROCM_SMI,GPU_6,1474.1,140.0,83.0
1781847052.51,ROCM_SMI,GPU_7,1474.1,139.0,100.0
1781847054.70,ROCM_SMI,GPU_0,1474.1,150.0,100.0
1781847054.70,ROCM_SMI,GPU_1,1474.1,142.0,100.0
1781847054.70,ROCM_SMI,GPU_2,1474.1,147.0,100.0
1781847054.70,ROCM_SMI,GPU_3,1474.1,145.0,100.0
1781847054.70,ROCM_SMI,GPU_4,1474.1,144.0,100.0
1781847054.70,ROCM_SMI,GPU_5,1474.1,144.0,100.0
1781847054.70,ROCM_SMI,GPU_6,1474.1,140.0,100.0
1781847054.70,ROCM_SMI,GPU_7,1474.1,140.0,81.0
1781847056.90,ROCM_SMI,GPU_0,1474.1,151.0,100.0
1781847056.90,ROCM_SMI,GPU_1,1474.1,142.0,100.0
1781847056.90,ROCM_SMI,GPU_2,1474.1,142.0,100.0
1781847056.90,ROCM_SMI,GPU_3,1474.1,149.0,100.0
1781847056.90,ROCM_SMI,GPU_4,1474.1,147.0,100.0
1781847056.90,ROCM_SMI,GPU_5,1474.1,138.0,100.0
1781847056.90,ROCM_SMI,GPU_6,1474.1,139.0,100.0
1781847056.90,ROCM_SMI,GPU_7,1474.1,134.0,100.0
1781847059.09,ROCM_SMI,GPU_0,1474.1,151.0,100.0
1781847059.09,ROCM_SMI,GPU_1,1474.1,141.0,100.0
1781847059.09,ROCM_SMI,GPU_2,1474.1,144.0,100.0
1781847059.09,ROCM_SMI,GPU_3,1474.1,145.0,100.0
1781847059.09,ROCM_SMI,GPU_4,1474.1,142.0,100.0
1781847059.09,ROCM_SMI,GPU_5,1474.1,142.0,100.0
1781847059.09,ROCM_SMI,GPU_6,1474.1,142.0,100.0
1781847059.09,ROCM_SMI,GPU_7,1474.1,141.0,100.0
1781847061.29,ROCM_SMI,GPU_0,1474.1,149.0,100.0
1781847061.29,ROCM_SMI,GPU_1,1474.1,141.0,100.0
1781847061.29,ROCM_SMI,GPU_2,1474.1,145.0,100.0
1781847061.29,ROCM_SMI,GPU_3,1474.1,146.0,100.0
1781847061.29,ROCM_SMI,GPU_4,1474.1,144.0,100.0
1781847061.29,ROCM_SMI,GPU_5,1474.1,141.0,100.0
1781847061.29,ROCM_SMI,GPU_6,1474.1,142.0,100.0
1781847061.29,ROCM_SMI,GPU_7,1474.1,139.0,100.0
1781847063.48,ROCM_SMI,GPU_0,1474.1,149.0,90.0
1781847063.48,ROCM_SMI,GPU_1,1474.1,139.0,100.0
1781847063.48,ROCM_SMI,GPU_2,1474.1,145.0,100.0
1781847063.48,ROCM_SMI,GPU_3,1474.1,144.0,100.0
1781847063.48,ROCM_SMI,GPU_4,1474.1,144.0,100.0
1781847063.48,ROCM_SMI,GPU_5,1474.1,143.0,100.0
1781847063.48,ROCM_SMI,GPU_6,1474.1,140.0,100.0
1781847063.48,ROCM_SMI,GPU_7,1474.1,140.0,100.0
1781847065.67,ROCM_SMI,GPU_0,1474.1,149.0,100.0
1781847065.67,ROCM_SMI,GPU_1,1474.1,140.0,100.0
1781847065.67,ROCM_SMI,GPU_2,1474.1,146.0,83.0
1781847065.67,ROCM_SMI,GPU_3,1474.1,144.0,100.0
1781847065.67,ROCM_SMI,GPU_4,1474.1,144.0,100.0
1781847065.67,ROCM_SMI,GPU_5,1474.1,144.0,100.0
1781847065.67,ROCM_SMI,GPU_6,1474.1,141.0,100.0
1781847065.67,ROCM_SMI,GPU_7,1474.1,139.0,100.0
1781847067.86,ROCM_SMI,GPU_0,1474.1,150.0,100.0
1781847067.86,ROCM_SMI,GPU_1,1474.1,142.0,100.0
1781847067.86,ROCM_SMI,GPU_2,1474.1,146.0,100.0
1781847067.86,ROCM_SMI,GPU_3,1474.1,145.0,100.0
1781847067.86,ROCM_SMI,GPU_4,1474.1,145.0,81.0
1781847067.86,ROCM_SMI,GPU_5,1474.1,142.0,100.0
1781847067.86,ROCM_SMI,GPU_6,1474.1,140.0,100.0
1781847067.86,ROCM_SMI,GPU_7,1474.1,139.0,100.0
1781847070.06,ROCM_SMI,GPU_0,1474.1,145.0,100.0
1781847070.06,ROCM_SMI,GPU_1,1474.1,137.0,100.0
1781847070.06,ROCM_SMI,GPU_2,1474.1,141.0,100.0
1781847070.06,ROCM_SMI,GPU_3,1474.1,140.0,100.0
1781847070.06,ROCM_SMI,GPU_4,1474.1,135.0,76.0
1781847070.06,ROCM_SMI,GPU_5,1474.1,129.0,100.0
1781847070.06,ROCM_SMI,GPU_6,1474.1,147.0,100.0
1781847070.06,ROCM_SMI,GPU_7,1474.1,147.0,100.0
1781847072.25,ROCM_SMI,GPU_0,1474.1,151.0,100.0
1781847072.25,ROCM_SMI,GPU_1,1474.1,141.0,100.0
1781847072.25,ROCM_SMI,GPU_2,1474.1,143.0,100.0
1781847072.25,ROCM_SMI,GPU_3,1474.1,146.0,100.0
1781847072.25,ROCM_SMI,GPU_4,1474.1,142.0,100.0
1781847072.25,ROCM_SMI,GPU_5,1474.1,142.0,100.0
1781847072.25,ROCM_SMI,GPU_6,1474.1,144.0,86.0
1781847072.25,ROCM_SMI,GPU_7,1474.1,140.0,100.0
1781847074.44,ROCM_SMI,GPU_0,1474.1,148.0,100.0
1781847074.44,ROCM_SMI,GPU_1,1474.1,140.0,100.0
1781847074.44,ROCM_SMI,GPU_2,1474.1,143.0,100.0
1781847074.44,ROCM_SMI,GPU_3,1474.1,147.0,100.0
1781847074.44,ROCM_SMI,GPU_4,1474.1,141.0,100.0
1781847074.44,ROCM_SMI,GPU_5,1474.1,137.0,100.0
1781847074.44,ROCM_SMI,GPU_6,1474.1,144.0,100.0
1781847074.44,ROCM_SMI,GPU_7,1474.1,139.0,82.0
1781847076.64,ROCM_SMI,GPU_0,1474.1,146.0,100.0
1781847076.64,ROCM_SMI,GPU_1,1474.1,141.0,100.0
1781847076.64,ROCM_SMI,GPU_2,1474.1,143.0,100.0
1781847076.64,ROCM_SMI,GPU_3,1474.1,146.0,100.0
1781847076.64,ROCM_SMI,GPU_4,1474.1,140.0,100.0
1781847076.64,ROCM_SMI,GPU_5,1474.1,137.0,100.0
1781847076.64,ROCM_SMI,GPU_6,1474.1,144.0,100.0
1781847076.64,ROCM_SMI,GPU_7,1474.1,139.0,100.0
1781847078.83,ROCM_SMI,GPU_0,1474.1,150.0,100.0
1781847078.83,ROCM_SMI,GPU_1,1474.1,141.0,100.0
1781847078.83,ROCM_SMI,GPU_2,1474.1,148.0,100.0
1781847078.83,ROCM_SMI,GPU_3,1474.1,145.0,100.0
1781847078.83,ROCM_SMI,GPU_4,1474.1,145.0,100.0
1781847078.83,ROCM_SMI,GPU_5,1474.1,143.0,100.0
1781847078.83,ROCM_SMI,GPU_6,1474.1,139.0,100.0
1781847078.83,ROCM_SMI,GPU_7,1474.1,140.0,100.0
1781847081.02,ROCM_SMI,GPU_0,1474.1,150.0,100.0
1781847081.02,ROCM_SMI,GPU_1,1474.1,140.0,100.0
1781847081.02,ROCM_SMI,GPU_2,1474.1,145.0,100.0
1781847081.02,ROCM_SMI,GPU_3,1474.1,145.0,100.0
1781847081.02,ROCM_SMI,GPU_4,1474.1,144.0,100.0
1781847081.02,ROCM_SMI,GPU_5,1474.1,142.0,100.0
1781847081.02,ROCM_SMI,GPU_6,1474.1,141.0,100.0
1781847081.02,ROCM_SMI,GPU_7,1474.1,140.0,100.0
1781847083.22,ROCM_SMI,GPU_0,1474.1,150.0,100.0
1781847083.22,ROCM_SMI,GPU_1,1474.1,140.0,100.0
1781847083.22,ROCM_SMI,GPU_2,1474.1,144.0,100.0
1781847083.22,ROCM_SMI,GPU_3,1474.1,145.0,100.0
1781847083.22,ROCM_SMI,GPU_4,1474.1,144.0,100.0
1781847083.22,ROCM_SMI,GPU_5,1474.1,143.0,100.0
1781847083.22,ROCM_SMI,GPU_6,1474.1,144.0,100.0
1781847083.22,ROCM_SMI,GPU_7,1474.1,140.0,100.0
1781847085.41,ROCM_SMI,GPU_0,1474.1,147.0,100.0
1781847085.41,ROCM_SMI,GPU_1,1474.1,141.0,100.0
1781847085.41,ROCM_SMI,GPU_2,1474.1,143.0,100.0
1781847085.41,ROCM_SMI,GPU_3,1474.1,147.0,100.0
1781847085.41,ROCM_SMI,GPU_4,1474.1,140.0,100.0
1781847085.41,ROCM_SMI,GPU_5,1474.1,137.0,100.0
1781847085.41,ROCM_SMI,GPU_6,1474.1,144.0,100.0
1781847085.41,ROCM_SMI,GPU_7,1474.1,140.0,100.0
1781847087.61,ROCM_SMI,GPU_0,1474.1,144.0,100.0
1781847087.61,ROCM_SMI,GPU_1,1474.1,142.0,100.0
1781847087.61,ROCM_SMI,GPU_2,1474.1,145.0,100.0
1781847087.61,ROCM_SMI,GPU_3,1474.1,148.0,100.0
1781847087.61,ROCM_SMI,GPU_4,1474.1,143.0,100.0
1781847087.61,ROCM_SMI,GPU_5,1474.1,139.0,100.0
1781847087.61,ROCM_SMI,GPU_6,1474.1,141.0,100.0
1781847087.61,ROCM_SMI,GPU_7,1474.1,138.0,100.0
1781847089.80,ROCM_SMI,GPU_0,1474.1,149.0,100.0
1781847089.80,ROCM_SMI,GPU_1,1474.1,140.0,100.0
1781847089.80,ROCM_SMI,GPU_2,1474.1,147.0,100.0
1781847089.80,ROCM_SMI,GPU_3,1474.1,146.0,100.0
1781847089.80,ROCM_SMI,GPU_4,1474.1,145.0,100.0
1781847089.80,ROCM_SMI,GPU_5,1474.1,143.0,100.0
1781847089.80,ROCM_SMI,GPU_6,1474.1,141.0,100.0
1781847089.80,ROCM_SMI,GPU_7,1474.1,138.0,100.0
1781847092.00,ROCM_SMI,GPU_0,1474.1,150.0,100.0
1781847092.00,ROCM_SMI,GPU_1,1474.1,140.0,100.0
1781847092.00,ROCM_SMI,GPU_2,1474.1,143.0,100.0
1781847092.00,ROCM_SMI,GPU_3,1474.1,145.0,100.0
1781847092.00,ROCM_SMI,GPU_4,1474.1,141.0,100.0
1781847092.00,ROCM_SMI,GPU_5,1474.1,140.0,100.0
1781847092.00,ROCM_SMI,GPU_6,1474.1,144.0,100.0
1781847092.00,ROCM_SMI,GPU_7,1474.1,140.0,100.0
1781847094.19,ROCM_SMI,GPU_0,1474.1,146.0,84.0
1781847094.19,ROCM_SMI,GPU_1,1474.1,138.0,100.0
1781847094.19,ROCM_SMI,GPU_2,1474.1,142.0,100.0
1781847094.19,ROCM_SMI,GPU_3,1474.1,146.0,100.0
1781847094.19,ROCM_SMI,GPU_4,1474.1,139.0,100.0
1781847094.19,ROCM_SMI,GPU_5,1474.1,137.0,100.0
1781847094.19,ROCM_SMI,GPU_6,1474.1,144.0,100.0
1781847094.19,ROCM_SMI,GPU_7,1474.1,138.0,100.0
1781847096.38,ROCM_SMI,GPU_0,1474.1,144.0,89.0
1781847096.38,ROCM_SMI,GPU_1,1474.1,139.0,100.0
1781847096.38,ROCM_SMI,GPU_2,1474.1,145.0,100.0
1781847096.38,ROCM_SMI,GPU_3,1474.1,149.0,100.0
1781847096.38,ROCM_SMI,GPU_4,1474.1,146.0,100.0
1781847096.38,ROCM_SMI,GPU_5,1474.1,141.0,100.0
1781847096.38,ROCM_SMI,GPU_6,1474.1,140.0,100.0
1781847096.38,ROCM_SMI,GPU_7,1474.1,138.0,100.0
1781847098.59,ROCM_SMI,GPU_0,1474.1,145.0,100.0
1781847098.59,ROCM_SMI,GPU_1,1474.1,140.0,88.0
1781847098.59,ROCM_SMI,GPU_2,1474.1,146.0,100.0
1781847098.59,ROCM_SMI,GPU_3,1474.1,146.0,100.0
1781847098.59,ROCM_SMI,GPU_4,1474.1,144.0,100.0
1781847098.59,ROCM_SMI,GPU_5,1474.1,142.0,100.0
1781847098.59,ROCM_SMI,GPU_6,1474.1,139.0,100.0
1781847098.59,ROCM_SMI,GPU_7,1474.1,138.0,100.0
1781847100.78,ROCM_SMI,GPU_0,1474.1,146.0,84.0
1781847100.78,ROCM_SMI,GPU_1,1474.1,141.0,100.0
1781847100.78,ROCM_SMI,GPU_2,1474.1,148.0,100.0
1781847100.78,ROCM_SMI,GPU_3,1474.1,145.0,100.0
1781847100.78,ROCM_SMI,GPU_4,1474.1,145.0,100.0
1781847100.78,ROCM_SMI,GPU_5,1474.1,142.0,100.0
1781847100.78,ROCM_SMI,GPU_6,1474.1,139.0,100.0
1781847100.78,ROCM_SMI,GPU_7,1474.1,138.0,100.0
1781847102.97,ROCM_SMI,GPU_0,1474.1,148.0,100.0
1781847102.97,ROCM_SMI,GPU_1,1474.1,141.0,100.0
1781847102.97,ROCM_SMI,GPU_2,1474.1,144.0,91.0
1781847102.97,ROCM_SMI,GPU_3,1474.1,144.0,100.0
1781847102.97,ROCM_SMI,GPU_4,1474.1,145.0,100.0
1781847102.97,ROCM_SMI,GPU_5,1474.1,142.0,100.0
1781847102.97,ROCM_SMI,GPU_6,1474.1,140.0,100.0
1781847102.97,ROCM_SMI,GPU_7,1474.1,138.0,100.0
1781847105.16,ROCM_SMI,GPU_0,1474.1,149.0,100.0
1781847105.16,ROCM_SMI,GPU_1,1474.1,139.0,100.0
1781847105.16,ROCM_SMI,GPU_2,1474.1,142.0,89.0
1781847105.16,ROCM_SMI,GPU_3,1474.1,143.0,98.0
1781847105.16,ROCM_SMI,GPU_4,1474.1,142.0,100.0
1781847105.16,ROCM_SMI,GPU_5,1474.1,141.0,100.0
1781847105.16,ROCM_SMI,GPU_6,1474.1,143.0,100.0
1781847105.16,ROCM_SMI,GPU_7,1474.1,141.0,100.0
1781847107.35,ROCM_SMI,GPU_0,1474.1,150.0,100.0
1781847107.35,ROCM_SMI,GPU_1,1474.1,141.0,100.0
1781847107.35,ROCM_SMI,GPU_2,1474.1,141.0,100.0
1781847107.35,ROCM_SMI,GPU_3,1474.1,144.0,100.0
1781847107.35,ROCM_SMI,GPU_4,1474.1,139.0,81.0
1781847107.35,ROCM_SMI,GPU_5,1474.1,139.0,100.0
1781847107.35,ROCM_SMI,GPU_6,1474.1,144.0,100.0
1781847107.35,ROCM_SMI,GPU_7,1474.1,140.0,100.0
1781847109.55,ROCM_SMI,GPU_0,1474.1,147.0,100.0
1781847109.55,ROCM_SMI,GPU_1,1474.1,140.0,100.0
1781847109.55,ROCM_SMI,GPU_2,1474.1,143.0,100.0
1781847109.55,ROCM_SMI,GPU_3,1474.1,147.0,100.0
1781847109.55,ROCM_SMI,GPU_4,1474.1,140.0,100.0
1781847109.55,ROCM_SMI,GPU_5,1474.1,138.0,87.0
1781847109.55,ROCM_SMI,GPU_6,1474.1,144.0,100.0
1781847109.55,ROCM_SMI,GPU_7,1474.1,141.0,100.0
1781847111.75,ROCM_SMI,GPU_0,1474.1,146.0,100.0
1781847111.75,ROCM_SMI,GPU_1,1474.1,137.0,100.0
1781847111.75,ROCM_SMI,GPU_2,1474.1,140.0,100.0
1781847111.75,ROCM_SMI,GPU_3,1474.1,139.0,100.0
1781847111.75,ROCM_SMI,GPU_4,1474.1,133.0,100.0
1781847111.75,ROCM_SMI,GPU_5,1474.1,130.0,87.0
1781847111.75,ROCM_SMI,GPU_6,1474.1,123.0,100.0
1781847111.75,ROCM_SMI,GPU_7,1474.1,164.0,100.0
1781847113.94,ROCM_SMI,GPU_0,1474.1,146.0,100.0
1781847113.94,ROCM_SMI,GPU_1,1474.1,141.0,100.0
1781847113.94,ROCM_SMI,GPU_2,1474.1,148.0,100.0
1781847113.94,ROCM_SMI,GPU_3,1474.1,148.0,100.0
1781847113.94,ROCM_SMI,GPU_4,1474.1,146.0,100.0
1781847113.94,ROCM_SMI,GPU_5,1474.1,141.0,97.0
1781847113.94,ROCM_SMI,GPU_6,1474.1,139.0,97.0
1781847113.94,ROCM_SMI,GPU_7,1474.1,139.0,100.0
1781847116.13,ROCM_SMI,GPU_0,1474.1,151.0,100.0
1781847116.13,ROCM_SMI,GPU_1,1474.1,142.0,100.0
1781847116.13,ROCM_SMI,GPU_2,1474.1,145.0,100.0
1781847116.13,ROCM_SMI,GPU_3,1474.1,146.0,100.0
1781847116.13,ROCM_SMI,GPU_4,1474.1,143.0,100.0
1781847116.13,ROCM_SMI,GPU_5,1474.1,143.0,100.0
1781847116.13,ROCM_SMI,GPU_6,1474.1,143.0,100.0
1781847116.13,ROCM_SMI,GPU_7,1474.1,139.0,89.0
1781847118.32,ROCM_SMI,GPU_0,1474.1,151.0,100.0
1781847118.32,ROCM_SMI,GPU_1,1474.1,140.0,100.0
1781847118.32,ROCM_SMI,GPU_2,1474.1,143.0,100.0
1781847118.32,ROCM_SMI,GPU_3,1474.1,144.0,100.0
1781847118.32,ROCM_SMI,GPU_4,1474.1,143.0,100.0
1781847118.32,ROCM_SMI,GPU_5,1474.1,141.0,100.0
1781847118.32,ROCM_SMI,GPU_6,1474.1,142.0,100.0
1781847118.32,ROCM_SMI,GPU_7,1474.1,141.0,100.0
1781847120.51,ROCM_SMI,GPU_0,1474.1,150.0,100.0
1781847120.51,ROCM_SMI,GPU_1,1474.1,140.0,100.0
1781847120.51,ROCM_SMI,GPU_2,1474.1,145.0,100.0
1781847120.51,ROCM_SMI,GPU_3,1474.1,145.0,100.0
1781847120.51,ROCM_SMI,GPU_4,1474.1,143.0,100.0
1781847120.51,ROCM_SMI,GPU_5,1474.1,142.0,100.0
1781847120.51,ROCM_SMI,GPU_6,1474.1,142.0,100.0
1781847120.51,ROCM_SMI,GPU_7,1474.1,140.0,100.0
1781847122.70,ROCM_SMI,GPU_0,1474.1,149.0,85.0
1781847122.70,ROCM_SMI,GPU_1,1474.1,138.0,100.0
1781847122.70,ROCM_SMI,GPU_2,1474.1,143.0,100.0
1781847122.70,ROCM_SMI,GPU_3,1474.1,145.0,100.0
1781847122.70,ROCM_SMI,GPU_4,1474.1,141.0,100.0
1781847122.70,ROCM_SMI,GPU_5,1474.1,140.0,100.0
1781847122.70,ROCM_SMI,GPU_6,1474.1,144.0,100.0
1781847122.70,ROCM_SMI,GPU_7,1474.1,139.0,100.0
1781847124.90,ROCM_SMI,GPU_0,1474.1,148.0,100.0
1781847124.90,ROCM_SMI,GPU_1,1474.1,140.0,100.0
1781847124.90,ROCM_SMI,GPU_2,1474.1,139.0,85.0
1781847124.90,ROCM_SMI,GPU_3,1474.1,146.0,100.0
1781847124.90,ROCM_SMI,GPU_4,1474.1,138.0,100.0
1781847124.90,ROCM_SMI,GPU_5,1474.1,139.0,100.0
1781847124.90,ROCM_SMI,GPU_6,1474.1,149.0,100.0
1781847124.90,ROCM_SMI,GPU_7,1474.1,137.0,100.0
1781847127.09,ROCM_SMI,GPU_0,1474.1,151.0,100.0
1781847127.09,ROCM_SMI,GPU_1,1474.1,140.0,100.0
1781847127.09,ROCM_SMI,GPU_2,1474.1,142.0,100.0
1781847127.09,ROCM_SMI,GPU_3,1474.1,146.0,87.0
1781847127.09,ROCM_SMI,GPU_4,1474.1,139.0,100.0
1781847127.09,ROCM_SMI,GPU_5,1474.1,139.0,100.0
1781847127.09,ROCM_SMI,GPU_6,1474.1,144.0,100.0
1781847127.09,ROCM_SMI,GPU_7,1474.1,140.0,100.0
1781847129.28,ROCM_SMI,GPU_0,1474.1,151.0,100.0
1781847129.28,ROCM_SMI,GPU_1,1474.1,141.0,100.0
1781847129.28,ROCM_SMI,GPU_2,1474.1,142.0,100.0
1781847129.28,ROCM_SMI,GPU_3,1474.1,146.0,100.0
1781847129.28,ROCM_SMI,GPU_4,1474.1,140.0,87.0
1781847129.28,ROCM_SMI,GPU_5,1474.1,138.0,100.0
1781847129.28,ROCM_SMI,GPU_6,1474.1,144.0,100.0
1781847129.28,ROCM_SMI,GPU_7,1474.1,139.0,100.0
1781847131.47,ROCM_SMI,GPU_0,1474.1,146.0,100.0
1781847131.47,ROCM_SMI,GPU_1,1474.1,140.0,100.0
1781847131.47,ROCM_SMI,GPU_2,1474.1,143.0,100.0
1781847131.47,ROCM_SMI,GPU_3,1474.1,147.0,100.0
1781847131.47,ROCM_SMI,GPU_4,1474.1,140.0,100.0
1781847131.47,ROCM_SMI,GPU_5,1474.1,138.0,88.0
1781847131.47,ROCM_SMI,GPU_6,1474.1,143.0,100.0
1781847131.47,ROCM_SMI,GPU_7,1474.1,140.0,100.0
1781847133.67,ROCM_SMI,GPU_0,1474.1,147.0,100.0
1781847133.67,ROCM_SMI,GPU_1,1474.1,141.0,100.0
1781847133.67,ROCM_SMI,GPU_2,1474.1,142.0,100.0
1781847133.67,ROCM_SMI,GPU_3,1474.1,145.0,100.0
1781847133.67,ROCM_SMI,GPU_4,1474.1,140.0,100.0
1781847133.67,ROCM_SMI,GPU_5,1474.1,137.0,100.0
1781847133.67,ROCM_SMI,GPU_6,1474.1,144.0,100.0
1781847133.67,ROCM_SMI,GPU_7,1474.1,141.0,100.0
1781847135.86,ROCM_SMI,GPU_0,1474.1,152.0,100.0
1781847135.86,ROCM_SMI,GPU_1,1474.1,141.0,100.0
1781847135.86,ROCM_SMI,GPU_2,1474.1,143.0,100.0
1781847135.86,ROCM_SMI,GPU_3,1474.1,145.0,100.0
1781847135.86,ROCM_SMI,GPU_4,1474.1,142.0,100.0
1781847135.86,ROCM_SMI,GPU_5,1474.1,140.0,100.0
1781847135.86,ROCM_SMI,GPU_6,1474.1,144.0,100.0
1781847135.86,ROCM_SMI,GPU_7,1474.1,138.0,100.0
1781847138.05,ROCM_SMI,GPU_0,1474.1,148.0,84.0
1781847138.05,ROCM_SMI,GPU_1,1474.1,140.0,100.0
1781847138.05,ROCM_SMI,GPU_2,1474.1,147.0,100.0
1781847138.05,ROCM_SMI,GPU_3,1474.1,145.0,100.0
1781847138.05,ROCM_SMI,GPU_4,1474.1,145.0,100.0
1781847138.05,ROCM_SMI,GPU_5,1474.1,144.0,100.0
1781847138.05,ROCM_SMI,GPU_6,1474.1,142.0,100.0
1781847138.05,ROCM_SMI,GPU_7,1474.1,139.0,100.0
1781847140.25,ROCM_SMI,GPU_0,1474.1,144.0,100.0
1781847140.25,ROCM_SMI,GPU_1,1474.1,141.0,90.0
1781847140.25,ROCM_SMI,GPU_2,1474.1,145.0,100.0
1781847140.25,ROCM_SMI,GPU_3,1474.1,147.0,100.0
1781847140.25,ROCM_SMI,GPU_4,1474.1,144.0,100.0
1781847140.25,ROCM_SMI,GPU_5,1474.1,141.0,100.0
1781847140.25,ROCM_SMI,GPU_6,1474.1,140.0,100.0
1781847140.25,ROCM_SMI,GPU_7,1474.1,138.0,100.0
1781847142.44,ROCM_SMI,GPU_0,1474.1,143.0,100.0
1781847142.44,ROCM_SMI,GPU_1,1474.1,140.0,100.0
1781847142.44,ROCM_SMI,GPU_2,1474.1,143.0,95.0
1781847142.44,ROCM_SMI,GPU_3,1474.1,145.0,98.0
1781847142.44,ROCM_SMI,GPU_4,1474.1,141.0,100.0
1781847142.45,ROCM_SMI,GPU_5,1474.1,139.0,100.0
1781847142.45,ROCM_SMI,GPU_6,1474.1,140.0,100.0
1781847142.45,ROCM_SMI,GPU_7,1474.1,137.0,100.0
1781847144.64,ROCM_SMI,GPU_0,1474.1,146.0,100.0
1781847144.64,ROCM_SMI,GPU_1,1474.1,142.0,100.0
1781847144.64,ROCM_SMI,GPU_2,1474.1,144.0,100.0
1781847144.64,ROCM_SMI,GPU_3,1474.1,146.0,100.0
1781847144.64,ROCM_SMI,GPU_4,1474.1,140.0,81.0
1781847144.64,ROCM_SMI,GPU_5,1474.1,137.0,100.0
1781847144.64,ROCM_SMI,GPU_6,1474.1,141.0,100.0
1781847144.64,ROCM_SMI,GPU_7,1474.1,138.0,100.0
1781847146.83,ROCM_SMI,GPU_0,1474.1,145.0,100.0
1781847146.83,ROCM_SMI,GPU_1,1474.1,141.0,100.0
1781847146.83,ROCM_SMI,GPU_2,1474.1,146.0,100.0
1781847146.83,ROCM_SMI,GPU_3,1474.1,148.0,100.0
1781847146.83,ROCM_SMI,GPU_4,1474.1,142.0,100.0
1781847146.83,ROCM_SMI,GPU_5,1474.1,138.0,82.0
1781847146.83,ROCM_SMI,GPU_6,1474.1,142.0,100.0
1781847146.83,ROCM_SMI,GPU_7,1474.1,140.0,100.0
1781847149.02,ROCM_SMI,GPU_0,1474.1,145.0,100.0
1781847149.02,ROCM_SMI,GPU_1,1474.1,140.0,100.0
1781847149.02,ROCM_SMI,GPU_2,1474.1,145.0,100.0
1781847149.02,ROCM_SMI,GPU_3,1474.1,148.0,100.0
1781847149.02,ROCM_SMI,GPU_4,1474.1,141.0,100.0
1781847149.02,ROCM_SMI,GPU_5,1474.1,138.0,100.0
1781847149.02,ROCM_SMI,GPU_6,1474.1,141.0,100.0
1781847149.02,ROCM_SMI,GPU_7,1474.1,137.0,81.0
1781847151.22,ROCM_SMI,GPU_0,1474.1,148.0,100.0
1781847151.22,ROCM_SMI,GPU_1,1474.1,141.0,100.0
1781847151.22,ROCM_SMI,GPU_2,1474.1,142.0,100.0
1781847151.22,ROCM_SMI,GPU_3,1474.1,146.0,100.0
1781847151.22,ROCM_SMI,GPU_4,1474.1,139.0,100.0
1781847151.22,ROCM_SMI,GPU_5,1474.1,138.0,100.0
1781847151.22,ROCM_SMI,GPU_6,1474.1,144.0,100.0
1781847151.22,ROCM_SMI,GPU_7,1474.1,139.0,100.0
1781847153.42,ROCM_SMI,GPU_0,1474.1,149.0,100.0
1781847153.42,ROCM_SMI,GPU_1,1474.1,143.0,100.0
1781847153.42,ROCM_SMI,GPU_2,1474.1,141.0,100.0
1781847153.42,ROCM_SMI,GPU_3,1474.1,149.0,100.0
1781847153.42,ROCM_SMI,GPU_4,1474.1,142.0,100.0
1781847153.42,ROCM_SMI,GPU_5,1474.1,136.0,100.0
1781847153.42,ROCM_SMI,GPU_6,1474.1,144.0,100.0
1781847153.42,ROCM_SMI,GPU_7,1474.1,138.0,100.0
1781847155.61,ROCM_SMI,GPU_0,1474.1,149.0,93.0
1781847155.61,ROCM_SMI,GPU_1,1474.1,140.0,100.0
1781847155.61,ROCM_SMI,GPU_2,1474.1,144.0,100.0
1781847155.61,ROCM_SMI,GPU_3,1474.1,145.0,100.0
1781847155.61,ROCM_SMI,GPU_4,1474.1,142.0,100.0
1781847155.61,ROCM_SMI,GPU_5,1474.1,140.0,100.0
1781847155.61,ROCM_SMI,GPU_6,1474.1,144.0,100.0
1781847155.61,ROCM_SMI,GPU_7,1474.1,140.0,100.0
1781847157.80,ROCM_SMI,GPU_0,1474.1,149.0,100.0
1781847157.80,ROCM_SMI,GPU_1,1474.1,140.0,81.0
1781847157.80,ROCM_SMI,GPU_2,1474.1,144.0,100.0
1781847157.80,ROCM_SMI,GPU_3,1474.1,146.0,100.0
1781847157.80,ROCM_SMI,GPU_4,1474.1,142.0,100.0
1781847157.80,ROCM_SMI,GPU_5,1474.1,141.0,100.0
1781847157.80,ROCM_SMI,GPU_6,1474.1,143.0,100.0
1781847157.80,ROCM_SMI,GPU_7,1474.1,139.0,100.0
1781847159.99,ROCM_SMI,GPU_0,1474.1,148.0,100.0
1781847159.99,ROCM_SMI,GPU_1,1474.1,139.0,100.0
1781847159.99,ROCM_SMI,GPU_2,1474.1,140.0,89.0
1781847159.99,ROCM_SMI,GPU_3,1474.1,145.0,100.0
1781847159.99,ROCM_SMI,GPU_4,1474.1,139.0,100.0
1781847159.99,ROCM_SMI,GPU_5,1474.1,137.0,100.0
1781847159.99,ROCM_SMI,GPU_6,1474.1,144.0,100.0
1781847159.99,ROCM_SMI,GPU_7,1474.1,138.0,100.0
1781847162.19,ROCM_SMI,GPU_0,1474.1,151.0,100.0
1781847162.19,ROCM_SMI,GPU_1,1474.1,141.0,100.0
1781847162.19,ROCM_SMI,GPU_2,1474.1,144.0,100.0
1781847162.19,ROCM_SMI,GPU_3,1474.1,145.0,100.0
1781847162.19,ROCM_SMI,GPU_4,1474.1,142.0,80.0
1781847162.19,ROCM_SMI,GPU_5,1474.1,141.0,100.0
1781847162.19,ROCM_SMI,GPU_6,1474.1,143.0,100.0
1781847162.19,ROCM_SMI,GPU_7,1474.1,139.0,100.0
1781847164.38,ROCM_SMI,GPU_0,1474.1,151.0,100.0
1781847164.38,ROCM_SMI,GPU_1,1474.1,142.0,100.0
1781847164.38,ROCM_SMI,GPU_2,1474.1,146.0,100.0
1781847164.38,ROCM_SMI,GPU_3,1474.1,146.0,100.0
1781847164.38,ROCM_SMI,GPU_4,1474.1,145.0,100.0
1781847164.38,ROCM_SMI,GPU_5,1474.1,144.0,90.0
1781847164.38,ROCM_SMI,GPU_6,1474.1,140.0,91.0
1781847164.38,ROCM_SMI,GPU_7,1474.1,140.0,100.0
1781847166.57,ROCM_SMI,GPU_0,1474.1,153.0,100.0
1781847166.57,ROCM_SMI,GPU_1,1474.1,140.0,100.0
1781847166.57,ROCM_SMI,GPU_2,1474.1,144.0,100.0
1781847166.57,ROCM_SMI,GPU_3,1474.1,144.0,100.0
1781847166.57,ROCM_SMI,GPU_4,1474.1,143.0,100.0
1781847166.57,ROCM_SMI,GPU_5,1474.1,140.0,100.0
1781847166.57,ROCM_SMI,GPU_6,1474.1,141.0,100.0
1781847166.57,ROCM_SMI,GPU_7,1474.1,138.0,84.0
1781847168.77,ROCM_SMI,GPU_0,1474.1,144.0,100.0
1781847168.77,ROCM_SMI,GPU_1,1474.1,143.0,100.0
1781847168.77,ROCM_SMI,GPU_2,1474.1,147.0,100.0
1781847168.77,ROCM_SMI,GPU_3,1474.1,146.0,100.0
1781847168.77,ROCM_SMI,GPU_4,1474.1,144.0,100.0
1781847168.77,ROCM_SMI,GPU_5,1474.1,140.0,100.0
1781847168.77,ROCM_SMI,GPU_6,1474.1,140.0,100.0
1781847168.77,ROCM_SMI,GPU_7,1474.1,138.0,100.0
1781847170.96,ROCM_SMI,GPU_0,1474.1,145.0,100.0
1781847170.96,ROCM_SMI,GPU_1,1474.1,143.0,100.0
1781847170.96,ROCM_SMI,GPU_2,1474.1,148.0,100.0
1781847170.96,ROCM_SMI,GPU_3,1474.1,146.0,100.0
1781847170.96,ROCM_SMI,GPU_4,1474.1,145.0,100.0
1781847170.96,ROCM_SMI,GPU_5,1474.1,142.0,100.0
1781847170.96,ROCM_SMI,GPU_6,1474.1,139.0,100.0
1781847170.96,ROCM_SMI,GPU_7,1474.1,139.0,100.0
1781847173.15,ROCM_SMI,GPU_0,1474.1,147.0,83.0
1781847173.15,ROCM_SMI,GPU_1,1474.1,141.0,100.0
1781847173.15,ROCM_SMI,GPU_2,1474.1,148.0,100.0
1781847173.15,ROCM_SMI,GPU_3,1474.1,146.0,100.0
1781847173.15,ROCM_SMI,GPU_4,1474.1,145.0,100.0
1781847173.15,ROCM_SMI,GPU_5,1474.1,143.0,100.0
1781847173.15,ROCM_SMI,GPU_6,1474.1,139.0,100.0
1781847173.15,ROCM_SMI,GPU_7,1474.1,140.0,100.0
1781847175.34,ROCM_SMI,GPU_0,1474.1,148.0,100.0
1781847175.34,ROCM_SMI,GPU_1,1474.1,141.0,81.0
1781847175.34,ROCM_SMI,GPU_2,1474.1,145.0,100.0
1781847175.34,ROCM_SMI,GPU_3,1474.1,146.0,100.0
1781847175.34,ROCM_SMI,GPU_4,1474.1,144.0,100.0
1781847175.34,ROCM_SMI,GPU_5,1474.1,144.0,100.0
1781847175.34,ROCM_SMI,GPU_6,1474.1,141.0,100.0
1781847175.34,ROCM_SMI,GPU_7,1474.1,138.0,100.0
1781847177.54,ROCM_SMI,GPU_0,1474.1,148.0,100.0
1781847177.54,ROCM_SMI,GPU_1,1474.1,140.0,100.0
1781847177.54,ROCM_SMI,GPU_2,1474.1,144.0,100.0
1781847177.54,ROCM_SMI,GPU_3,1474.1,143.0,92.0
1781847177.54,ROCM_SMI,GPU_4,1474.1,142.0,100.0
1781847177.54,ROCM_SMI,GPU_5,1474.1,142.0,100.0
1781847177.54,ROCM_SMI,GPU_6,1474.1,142.0,100.0
1781847177.54,ROCM_SMI,GPU_7,1474.1,139.0,100.0
1781847179.73,ROCM_SMI,GPU_0,1474.1,150.0,100.0
1781847179.73,ROCM_SMI,GPU_1,1474.1,139.0,100.0
1781847179.73,ROCM_SMI,GPU_2,1474.1,144.0,100.0
1781847179.73,ROCM_SMI,GPU_3,1474.1,144.0,100.0
1781847179.73,ROCM_SMI,GPU_4,1474.1,142.0,100.0
1781847179.73,ROCM_SMI,GPU_5,1474.1,140.0,88.0
1781847179.73,ROCM_SMI,GPU_6,1474.1,141.0,100.0
1781847179.73,ROCM_SMI,GPU_7,1474.1,140.0,100.0
1781847181.92,ROCM_SMI,GPU_0,1474.1,152.0,100.0
1781847181.92,ROCM_SMI,GPU_1,1474.1,137.0,100.0
1781847181.92,ROCM_SMI,GPU_2,1474.1,143.0,100.0
1781847181.92,ROCM_SMI,GPU_3,1474.1,142.0,100.0
1781847181.92,ROCM_SMI,GPU_4,1474.1,138.0,100.0
1781847181.92,ROCM_SMI,GPU_5,1474.1,134.0,87.0
1781847181.92,ROCM_SMI,GPU_6,1474.1,138.0,100.0
1781847181.92,ROCM_SMI,GPU_7,1474.1,147.0,100.0
1781847184.12,ROCM_SMI,GPU_0,1474.1,152.0,100.0
1781847184.12,ROCM_SMI,GPU_1,1474.1,141.0,100.0
1781847184.12,ROCM_SMI,GPU_2,1474.1,144.0,100.0
1781847184.12,ROCM_SMI,GPU_3,1474.1,146.0,100.0
1781847184.12,ROCM_SMI,GPU_4,1474.1,142.0,100.0
1781847184.12,ROCM_SMI,GPU_5,1474.1,142.0,100.0
1781847184.12,ROCM_SMI,GPU_6,1474.1,143.0,100.0
1781847184.12,ROCM_SMI,GPU_7,1474.1,141.0,87.0
1781847186.31,ROCM_SMI,GPU_0,1474.1,150.0,100.0
1781847186.31,ROCM_SMI,GPU_1,1474.1,140.0,100.0
1781847186.31,ROCM_SMI,GPU_2,1474.1,145.0,100.0
1781847186.31,ROCM_SMI,GPU_3,1474.1,144.0,100.0
1781847186.31,ROCM_SMI,GPU_4,1474.1,143.0,100.0
1781847186.31,ROCM_SMI,GPU_5,1474.1,142.0,100.0
1781847186.31,ROCM_SMI,GPU_6,1474.1,142.0,100.0
1781847186.31,ROCM_SMI,GPU_7,1474.1,139.0,100.0
1781847188.50,ROCM_SMI,GPU_0,1474.1,151.0,100.0
1781847188.50,ROCM_SMI,GPU_1,1474.1,141.0,100.0
1781847188.50,ROCM_SMI,GPU_2,1474.1,143.0,100.0
1781847188.50,ROCM_SMI,GPU_3,1474.1,145.0,100.0
1781847188.50,ROCM_SMI,GPU_4,1474.1,142.0,100.0
1781847188.50,ROCM_SMI,GPU_5,1474.1,142.0,100.0
1781847188.50,ROCM_SMI,GPU_6,1474.1,143.0,100.0
1781847188.50,ROCM_SMI,GPU_7,1474.1,139.0,100.0
1781847190.70,ROCM_SMI,GPU_0,1474.1,149.0,100.0
1781847190.70,ROCM_SMI,GPU_1,1474.1,140.0,100.0
1781847190.70,ROCM_SMI,GPU_2,1474.1,143.0,100.0
1781847190.70,ROCM_SMI,GPU_3,1474.1,146.0,100.0
1781847190.70,ROCM_SMI,GPU_4,1474.1,142.0,100.0
1781847190.70,ROCM_SMI,GPU_5,1474.1,140.0,100.0
1781847190.70,ROCM_SMI,GPU_6,1474.1,143.0,100.0
1781847190.70,ROCM_SMI,GPU_7,1474.1,140.0,100.0
1781847192.89,ROCM_SMI,GPU_0,1474.1,146.0,85.0
1781847192.89,ROCM_SMI,GPU_1,1474.1,139.0,100.0
1781847192.89,ROCM_SMI,GPU_2,1474.1,142.0,100.0
1781847192.89,ROCM_SMI,GPU_3,1474.1,148.0,100.0
1781847192.89,ROCM_SMI,GPU_4,1474.1,140.0,100.0
1781847192.89,ROCM_SMI,GPU_5,1474.1,137.0,100.0
1781847192.89,ROCM_SMI,GPU_6,1474.1,143.0,100.0
1781847192.89,ROCM_SMI,GPU_7,1474.1,139.0,100.0
1781847195.08,ROCM_SMI,GPU_0,1474.1,135.0,90.0
1781847195.08,ROCM_SMI,GPU_1,1474.1,134.0,100.0
1781847195.08,ROCM_SMI,GPU_2,1474.1,159.0,100.0
1781847195.08,ROCM_SMI,GPU_3,1474.1,158.0,100.0
1781847195.08,ROCM_SMI,GPU_4,1474.1,156.0,100.0
1781847195.08,ROCM_SMI,GPU_5,1474.1,136.0,100.0
1781847195.08,ROCM_SMI,GPU_6,1474.1,139.0,100.0
1781847195.08,ROCM_SMI,GPU_7,1474.1,135.0,100.0
1781847197.28,ROCM_SMI,GPU_0,1474.1,145.0,100.0
1781847197.28,ROCM_SMI,GPU_1,1474.1,140.0,100.0
1781847197.28,ROCM_SMI,GPU_2,1474.1,147.0,100.0
1781847197.28,ROCM_SMI,GPU_3,1474.1,145.0,100.0
1781847197.28,ROCM_SMI,GPU_4,1474.1,144.0,100.0
1781847197.28,ROCM_SMI,GPU_5,1474.1,142.0,100.0
1781847197.28,ROCM_SMI,GPU_6,1474.1,138.0,100.0
1781847197.28,ROCM_SMI,GPU_7,1474.1,139.0,100.0
1781847199.47,ROCM_SMI,GPU_0,1474.1,147.0,100.0
1781847199.47,ROCM_SMI,GPU_1,1474.1,140.0,82.0
1781847199.47,ROCM_SMI,GPU_2,1474.1,146.0,100.0
1781847199.47,ROCM_SMI,GPU_3,1474.1,145.0,100.0
1781847199.47,ROCM_SMI,GPU_4,1474.1,145.0,100.0
1781847199.47,ROCM_SMI,GPU_5,1474.1,143.0,100.0
1781847199.47,ROCM_SMI,GPU_6,1474.1,140.0,100.0
1781847199.47,ROCM_SMI,GPU_7,1474.1,139.0,100.0
1781847201.66,ROCM_SMI,GPU_0,1474.1,147.0,100.0
1781847201.66,ROCM_SMI,GPU_1,1474.1,140.0,100.0
1781847201.66,ROCM_SMI,GPU_2,1474.1,148.0,100.0
1781847201.66,ROCM_SMI,GPU_3,1474.1,145.0,100.0
1781847201.66,ROCM_SMI,GPU_4,1474.1,143.0,100.0
1781847201.66,ROCM_SMI,GPU_5,1474.1,142.0,100.0
1781847201.66,ROCM_SMI,GPU_6,1474.1,138.0,100.0
1781847201.66,ROCM_SMI,GPU_7,1474.1,139.0,100.0
1781847203.86,ROCM_SMI,GPU_0,1474.1,152.0,100.0
1781847203.86,ROCM_SMI,GPU_1,1474.1,143.0,100.0
1781847203.86,ROCM_SMI,GPU_2,1474.1,147.0,100.0
1781847203.86,ROCM_SMI,GPU_3,1474.1,146.0,100.0
1781847203.86,ROCM_SMI,GPU_4,1474.1,143.0,82.0
1781847203.86,ROCM_SMI,GPU_5,1474.1,142.0,100.0
1781847203.86,ROCM_SMI,GPU_6,1474.1,143.0,100.0
1781847203.86,ROCM_SMI,GPU_7,1474.1,141.0,100.0
1781847206.05,ROCM_SMI,GPU_0,1474.1,150.0,100.0
1781847206.05,ROCM_SMI,GPU_1,1474.1,141.0,100.0
1781847206.05,ROCM_SMI,GPU_2,1474.1,142.0,100.0
1781847206.05,ROCM_SMI,GPU_3,1474.1,148.0,100.0
1781847206.05,ROCM_SMI,GPU_4,1474.1,140.0,83.0
1781847206.05,ROCM_SMI,GPU_5,1474.1,138.0,100.0
1781847206.05,ROCM_SMI,GPU_6,1474.1,146.0,100.0
1781847206.05,ROCM_SMI,GPU_7,1474.1,140.0,100.0
1781847208.25,ROCM_SMI,GPU_0,1474.1,144.0,100.0
1781847208.25,ROCM_SMI,GPU_1,1474.1,141.0,100.0
1781847208.25,ROCM_SMI,GPU_2,1474.1,145.0,100.0
1781847208.25,ROCM_SMI,GPU_3,1474.1,147.0,100.0
1781847208.25,ROCM_SMI,GPU_4,1474.1,144.0,100.0
1781847208.25,ROCM_SMI,GPU_5,1474.1,139.0,100.0
1781847208.25,ROCM_SMI,GPU_6,1474.1,138.0,100.0
1781847208.25,ROCM_SMI,GPU_7,1474.1,138.0,100.0
1781847210.44,ROCM_SMI,GPU_0,1474.1,146.0,100.0
1781847210.44,ROCM_SMI,GPU_1,1474.1,143.0,100.0
1781847210.44,ROCM_SMI,GPU_2,1474.1,148.0,100.0
1781847210.44,ROCM_SMI,GPU_3,1474.1,147.0,100.0
1781847210.44,ROCM_SMI,GPU_4,1474.1,144.0,97.0
1781847210.44,ROCM_SMI,GPU_5,1474.1,140.0,100.0
1781847210.44,ROCM_SMI,GPU_6,1474.1,140.0,100.0
1781847210.44,ROCM_SMI,GPU_7,1474.1,140.0,100.0
1781847212.64,ROCM_SMI,GPU_0,1474.1,149.0,100.0
1781847212.64,ROCM_SMI,GPU_1,1474.1,143.0,100.0
1781847212.64,ROCM_SMI,GPU_2,1474.1,148.0,100.0
1781847212.64,ROCM_SMI,GPU_3,1474.1,147.0,100.0
1781847212.64,ROCM_SMI,GPU_4,1474.1,146.0,100.0
1781847212.64,ROCM_SMI,GPU_5,1474.1,144.0,87.0
1781847212.64,ROCM_SMI,GPU_6,1474.1,140.0,100.0
1781847212.64,ROCM_SMI,GPU_7,1474.1,141.0,100.0
1781847214.83,ROCM_SMI,GPU_0,1474.1,151.0,100.0
1781847214.83,ROCM_SMI,GPU_1,1474.1,142.0,100.0
1781847214.83,ROCM_SMI,GPU_2,1474.1,145.0,100.0
1781847214.83,ROCM_SMI,GPU_3,1474.1,146.0,100.0
1781847214.83,ROCM_SMI,GPU_4,1474.1,144.0,100.0
1781847214.83,ROCM_SMI,GPU_5,1474.1,142.0,100.0
1781847214.83,ROCM_SMI,GPU_6,1474.1,142.0,100.0
1781847214.83,ROCM_SMI,GPU_7,1474.1,140.0,100.0
1781847217.02,ROCM_SMI,GPU_0,1474.1,151.0,100.0
1781847217.02,ROCM_SMI,GPU_1,1474.1,141.0,100.0
1781847217.02,ROCM_SMI,GPU_2,1474.1,142.0,100.0
1781847217.02,ROCM_SMI,GPU_3,1474.1,147.0,100.0
1781847217.02,ROCM_SMI,GPU_4,1474.1,141.0,100.0
1781847217.02,ROCM_SMI,GPU_5,1474.1,140.0,100.0
1781847217.02,ROCM_SMI,GPU_6,1474.1,144.0,100.0
1781847217.02,ROCM_SMI,GPU_7,1474.1,139.0,87.0
1781847219.21,ROCM_SMI,GPU_0,1474.1,146.0,100.0
1781847219.21,ROCM_SMI,GPU_1,1474.1,142.0,100.0
1781847219.21,ROCM_SMI,GPU_2,1474.1,144.0,100.0
1781847219.21,ROCM_SMI,GPU_3,1474.1,147.0,100.0
1781847219.21,ROCM_SMI,GPU_4,1474.1,141.0,100.0
1781847219.21,ROCM_SMI,GPU_5,1474.1,139.0,100.0
1781847219.21,ROCM_SMI,GPU_6,1474.1,142.0,100.0
1781847219.21,ROCM_SMI,GPU_7,1474.1,138.0,100.0
1781847221.40,ROCM_SMI,GPU_0,1474.1,147.0,100.0
1781847221.40,ROCM_SMI,GPU_1,1474.1,142.0,100.0
1781847221.40,ROCM_SMI,GPU_2,1474.1,148.0,100.0
1781847221.40,ROCM_SMI,GPU_3,1474.1,145.0,100.0
1781847221.40,ROCM_SMI,GPU_4,1474.1,145.0,100.0
1781847221.40,ROCM_SMI,GPU_5,1474.1,143.0,100.0
1781847221.40,ROCM_SMI,GPU_6,1474.1,139.0,100.0
1781847221.40,ROCM_SMI,GPU_7,1474.1,139.0,100.0
1781847223.60,ROCM_SMI,GPU_0,1474.1,154.0,100.0
1781847223.60,ROCM_SMI,GPU_1,1474.1,144.0,100.0
1781847223.60,ROCM_SMI,GPU_2,1474.1,144.0,100.0
1781847223.60,ROCM_SMI,GPU_3,1474.1,147.0,100.0
1781847223.60,ROCM_SMI,GPU_4,1474.1,138.0,100.0
1781847223.60,ROCM_SMI,GPU_5,1474.1,137.0,100.0
1781847223.60,ROCM_SMI,GPU_6,1474.1,144.0,100.0
1781847223.60,ROCM_SMI,GPU_7,1474.1,138.0,100.0
1781847225.79,ROCM_SMI,GPU_0,1474.1,146.0,100.0
1781847225.79,ROCM_SMI,GPU_1,1474.1,142.0,100.0
1781847225.79,ROCM_SMI,GPU_2,1474.1,143.0,100.0
1781847225.79,ROCM_SMI,GPU_3,1474.1,146.0,100.0
1781847225.79,ROCM_SMI,GPU_4,1474.1,140.0,100.0
1781847225.79,ROCM_SMI,GPU_5,1474.1,138.0,100.0
1781847225.79,ROCM_SMI,GPU_6,1474.1,143.0,100.0
1781847225.79,ROCM_SMI,GPU_7,1474.1,138.0,100.0
1781847227.99,ROCM_SMI,GPU_0,1474.1,143.0,83.0
1781847227.99,ROCM_SMI,GPU_1,1474.1,141.0,100.0
1781847227.99,ROCM_SMI,GPU_2,1474.1,145.0,100.0
1781847227.99,ROCM_SMI,GPU_3,1474.1,146.0,100.0
1781847227.99,ROCM_SMI,GPU_4,1474.1,141.0,100.0
1781847227.99,ROCM_SMI,GPU_5,1474.1,138.0,100.0
1781847227.99,ROCM_SMI,GPU_6,1474.1,141.0,100.0
1781847227.99,ROCM_SMI,GPU_7,1474.1,138.0,100.0
1781847230.18,ROCM_SMI,GPU_0,1474.1,145.0,100.0
1781847230.18,ROCM_SMI,GPU_1,1474.1,140.0,82.0
1781847230.18,ROCM_SMI,GPU_2,1474.1,145.0,100.0
1781847230.18,ROCM_SMI,GPU_3,1474.1,148.0,100.0
1781847230.18,ROCM_SMI,GPU_4,1474.1,143.0,100.0
1781847230.18,ROCM_SMI,GPU_5,1474.1,141.0,100.0
1781847230.18,ROCM_SMI,GPU_6,1474.1,140.0,100.0
1781847230.18,ROCM_SMI,GPU_7,1474.1,137.0,100.0
1781847232.37,ROCM_SMI,GPU_0,1474.1,150.0,100.0
1781847232.37,ROCM_SMI,GPU_1,1474.1,140.0,100.0
1781847232.37,ROCM_SMI,GPU_2,1474.1,144.0,84.0
1781847232.37,ROCM_SMI,GPU_3,1474.1,146.0,100.0
1781847232.37,ROCM_SMI,GPU_4,1474.1,143.0,100.0
1781847232.37,ROCM_SMI,GPU_5,1474.1,142.0,100.0
1781847232.37,ROCM_SMI,GPU_6,1474.1,143.0,100.0
1781847232.37,ROCM_SMI,GPU_7,1474.1,139.0,100.0
1781847234.56,ROCM_SMI,GPU_0,1474.1,150.0,100.0
1781847234.56,ROCM_SMI,GPU_1,1474.1,139.0,100.0
1781847234.56,ROCM_SMI,GPU_2,1474.1,142.0,100.0
1781847234.56,ROCM_SMI,GPU_3,1474.1,146.0,87.0
1781847234.56,ROCM_SMI,GPU_4,1474.1,138.0,100.0
1781847234.56,ROCM_SMI,GPU_5,1474.1,139.0,100.0
1781847234.56,ROCM_SMI,GPU_6,1474.1,144.0,100.0
1781847234.56,ROCM_SMI,GPU_7,1474.1,140.0,100.0
1781847236.76,ROCM_SMI,GPU_0,1474.1,144.0,100.0
1781847236.76,ROCM_SMI,GPU_1,1474.1,137.0,100.0
1781847236.76,ROCM_SMI,GPU_2,1474.1,134.0,100.0
1781847236.76,ROCM_SMI,GPU_3,1474.1,134.0,87.0
1781847236.76,ROCM_SMI,GPU_4,1474.1,122.0,100.0
1781847236.76,ROCM_SMI,GPU_5,1474.1,173.0,100.0
1781847236.76,ROCM_SMI,GPU_6,1474.1,156.0,100.0
1781847236.76,ROCM_SMI,GPU_7,1474.1,135.0,100.0
1781847238.96,ROCM_SMI,GPU_0,1474.1,145.0,100.0
1781847238.96,ROCM_SMI,GPU_1,1474.1,141.0,100.0
1781847238.96,ROCM_SMI,GPU_2,1474.1,143.0,100.0
1781847238.96,ROCM_SMI,GPU_3,1474.1,145.0,88.0
1781847238.96,ROCM_SMI,GPU_4,1474.1,141.0,100.0
1781847238.96,ROCM_SMI,GPU_5,1474.1,139.0,100.0
1781847238.96,ROCM_SMI,GPU_6,1474.1,140.0,100.0
1781847238.96,ROCM_SMI,GPU_7,1474.1,138.0,100.0
1781847241.15,ROCM_SMI,GPU_0,1474.1,146.0,100.0
1781847241.15,ROCM_SMI,GPU_1,1474.1,143.0,100.0
1781847241.15,ROCM_SMI,GPU_2,1474.1,148.0,100.0
1781847241.15,ROCM_SMI,GPU_3,1474.1,146.0,100.0
1781847241.15,ROCM_SMI,GPU_4,1474.1,143.0,88.0
1781847241.15,ROCM_SMI,GPU_5,1474.1,140.0,100.0
1781847241.15,ROCM_SMI,GPU_6,1474.1,138.0,100.0
1781847241.15,ROCM_SMI,GPU_7,1474.1,139.0,100.0
1781847243.34,ROCM_SMI,GPU_0,1474.1,149.0,100.0
1781847243.34,ROCM_SMI,GPU_1,1474.1,143.0,100.0
1781847243.34,ROCM_SMI,GPU_2,1474.1,148.0,100.0
1781847243.34,ROCM_SMI,GPU_3,1474.1,146.0,100.0
1781847243.34,ROCM_SMI,GPU_4,1474.1,146.0,100.0
1781847243.34,ROCM_SMI,GPU_5,1474.1,143.0,86.0
1781847243.34,ROCM_SMI,GPU_6,1474.1,140.0,100.0
1781847243.34,ROCM_SMI,GPU_7,1474.1,139.0,100.0
1781847245.53,ROCM_SMI,GPU_0,1474.1,152.0,100.0
1781847245.53,ROCM_SMI,GPU_1,1474.1,141.0,100.0
1781847245.53,ROCM_SMI,GPU_2,1474.1,143.0,100.0
1781847245.53,ROCM_SMI,GPU_3,1474.1,143.0,100.0
1781847245.53,ROCM_SMI,GPU_4,1474.1,142.0,100.0
1781847245.53,ROCM_SMI,GPU_5,1474.1,141.0,100.0
1781847245.53,ROCM_SMI,GPU_6,1474.1,142.0,98.0
1781847245.53,ROCM_SMI,GPU_7,1474.1,139.0,100.0
1781847247.72,ROCM_SMI,GPU_0,1474.1,149.0,100.0
1781847247.72,ROCM_SMI,GPU_1,1474.1,140.0,100.0
1781847247.72,ROCM_SMI,GPU_2,1474.1,143.0,100.0
1781847247.72,ROCM_SMI,GPU_3,1474.1,147.0,100.0
1781847247.72,ROCM_SMI,GPU_4,1474.1,140.0,100.0
1781847247.72,ROCM_SMI,GPU_5,1474.1,139.0,100.0
1781847247.72,ROCM_SMI,GPU_6,1474.1,145.0,100.0
1781847247.72,ROCM_SMI,GPU_7,1474.1,139.0,85.0
1781847249.92,ROCM_SMI,GPU_0,1474.1,148.0,100.0
1781847249.92,ROCM_SMI,GPU_1,1474.1,142.0,100.0
1781847249.92,ROCM_SMI,GPU_2,1474.1,149.0,100.0
1781847249.92,ROCM_SMI,GPU_3,1474.1,146.0,100.0
1781847249.92,ROCM_SMI,GPU_4,1474.1,149.0,100.0
1781847249.92,ROCM_SMI,GPU_5,1474.1,146.0,100.0
1781847249.92,ROCM_SMI,GPU_6,1474.1,139.0,100.0
1781847249.92,ROCM_SMI,GPU_7,1474.1,138.0,100.0
1781847252.12,ROCM_SMI,GPU_0,1474.1,147.0,100.0
1781847252.12,ROCM_SMI,GPU_1,1474.1,141.0,100.0
1781847252.12,ROCM_SMI,GPU_2,1474.1,148.0,100.0
1781847252.12,ROCM_SMI,GPU_3,1474.1,146.0,100.0
1781847252.12,ROCM_SMI,GPU_4,1474.1,145.0,100.0
1781847252.12,ROCM_SMI,GPU_5,1474.1,142.0,100.0
1781847252.12,ROCM_SMI,GPU_6,1474.1,139.0,100.0
1781847252.12,ROCM_SMI,GPU_7,1474.1,138.0,87.0
1781847254.31,ROCM_SMI,GPU_0,1474.1,148.0,100.0
1781847254.31,ROCM_SMI,GPU_1,1474.1,142.0,100.0
1781847254.31,ROCM_SMI,GPU_2,1474.1,147.0,100.0
1781847254.31,ROCM_SMI,GPU_3,1474.1,146.0,100.0
1781847254.31,ROCM_SMI,GPU_4,1474.1,146.0,100.0
1781847254.31,ROCM_SMI,GPU_5,1474.1,143.0,100.0
1781847254.31,ROCM_SMI,GPU_6,1474.1,140.0,100.0
1781847254.31,ROCM_SMI,GPU_7,1474.1,139.0,100.0
1781847256.50,ROCM_SMI,GPU_0,1474.1,148.0,100.0
1781847256.50,ROCM_SMI,GPU_1,1474.1,140.0,100.0
1781847256.50,ROCM_SMI,GPU_2,1474.1,146.0,100.0
1781847256.50,ROCM_SMI,GPU_3,1474.1,144.0,100.0
1781847256.50,ROCM_SMI,GPU_4,1474.1,144.0,100.0
1781847256.50,ROCM_SMI,GPU_5,1474.1,143.0,100.0
1781847256.50,ROCM_SMI,GPU_6,1474.1,141.0,100.0
1781847256.50,ROCM_SMI,GPU_7,1474.1,139.0,100.0
1781847258.69,ROCM_SMI,GPU_0,1474.1,150.0,87.0
1781847258.69,ROCM_SMI,GPU_1,1474.1,139.0,100.0
1781847258.69,ROCM_SMI,GPU_2,1474.1,144.0,100.0
1781847258.69,ROCM_SMI,GPU_3,1474.1,145.0,100.0
1781847258.69,ROCM_SMI,GPU_4,1474.1,141.0,100.0
1781847258.69,ROCM_SMI,GPU_5,1474.1,140.0,100.0
1781847258.69,ROCM_SMI,GPU_6,1474.1,144.0,100.0
1781847258.69,ROCM_SMI,GPU_7,1474.1,141.0,100.0
1781847260.88,ROCM_SMI,GPU_0,1474.1,146.0,100.0
1781847260.88,ROCM_SMI,GPU_1,1474.1,139.0,88.0
1781847260.88,ROCM_SMI,GPU_2,1474.1,143.0,100.0
1781847260.88,ROCM_SMI,GPU_3,1474.1,147.0,100.0
1781847260.88,ROCM_SMI,GPU_4,1474.1,140.0,100.0
1781847260.88,ROCM_SMI,GPU_5,1474.1,139.0,100.0
1781847260.88,ROCM_SMI,GPU_6,1474.1,142.0,100.0
1781847260.88,ROCM_SMI,GPU_7,1474.1,139.0,100.0
1781847263.07,ROCM_SMI,GPU_0,1474.1,144.0,100.0
1781847263.07,ROCM_SMI,GPU_1,1474.1,139.0,100.0
1781847263.07,ROCM_SMI,GPU_2,1474.1,143.0,99.0
1781847263.07,ROCM_SMI,GPU_3,1474.1,145.0,95.0
1781847263.07,ROCM_SMI,GPU_4,1474.1,141.0,100.0
1781847263.07,ROCM_SMI,GPU_5,1474.1,139.0,100.0
1781847263.07,ROCM_SMI,GPU_6,1474.1,141.0,100.0
1781847263.07,ROCM_SMI,GPU_7,1474.1,138.0,100.0
1781847265.27,ROCM_SMI,GPU_0,1474.1,147.0,100.0
1781847265.27,ROCM_SMI,GPU_1,1474.1,140.0,100.0
1781847265.27,ROCM_SMI,GPU_2,1474.1,145.0,100.0
1781847265.27,ROCM_SMI,GPU_3,1474.1,142.0,86.0
1781847265.27,ROCM_SMI,GPU_4,1474.1,143.0,100.0
1781847265.27,ROCM_SMI,GPU_5,1474.1,145.0,100.0
1781847265.27,ROCM_SMI,GPU_6,1474.1,142.0,100.0
1781847265.27,ROCM_SMI,GPU_7,1474.1,141.0,100.0
1781847267.46,ROCM_SMI,GPU_0,1474.1,151.0,100.0
1781847267.46,ROCM_SMI,GPU_1,1474.1,140.0,100.0
1781847267.46,ROCM_SMI,GPU_2,1474.1,143.0,100.0
1781847267.46,ROCM_SMI,GPU_3,1474.1,145.0,90.0
1781847267.46,ROCM_SMI,GPU_4,1474.1,141.0,93.0
1781847267.46,ROCM_SMI,GPU_5,1474.1,139.0,100.0
1781847267.46,ROCM_SMI,GPU_6,1474.1,144.0,100.0
1781847267.46,ROCM_SMI,GPU_7,1474.1,139.0,100.0
1781847269.65,ROCM_SMI,GPU_0,1474.1,146.0,100.0
1781847269.65,ROCM_SMI,GPU_1,1474.1,138.0,100.0
1781847269.65,ROCM_SMI,GPU_2,1474.1,142.0,100.0
1781847269.65,ROCM_SMI,GPU_3,1474.1,140.0,100.0
1781847269.65,ROCM_SMI,GPU_4,1474.1,139.0,100.0
1781847269.65,ROCM_SMI,GPU_5,1474.1,134.0,87.0
1781847269.65,ROCM_SMI,GPU_6,1474.1,141.0,100.0
1781847269.65,ROCM_SMI,GPU_7,1474.1,139.0,100.0
1781847271.85,ROCM_SMI,GPU_0,1474.1,151.0,100.0
1781847271.85,ROCM_SMI,GPU_1,1474.1,141.0,100.0
1781847271.85,ROCM_SMI,GPU_2,1474.1,146.0,100.0
1781847271.85,ROCM_SMI,GPU_3,1474.1,145.0,100.0
1781847271.85,ROCM_SMI,GPU_4,1474.1,145.0,100.0
1781847271.85,ROCM_SMI,GPU_5,1474.1,141.0,100.0
1781847271.85,ROCM_SMI,GPU_6,1474.1,142.0,90.0
1781847271.85,ROCM_SMI,GPU_7,1474.1,138.0,100.0
1781847274.04,ROCM_SMI,GPU_0,1474.1,151.0,100.0
1781847274.04,ROCM_SMI,GPU_1,1474.1,141.0,100.0
1781847274.04,ROCM_SMI,GPU_2,1474.1,145.0,100.0
1781847274.04,ROCM_SMI,GPU_3,1474.1,145.0,100.0
1781847274.04,ROCM_SMI,GPU_4,1474.1,145.0,100.0
1781847274.04,ROCM_SMI,GPU_5,1474.1,142.0,100.0
1781847274.04,ROCM_SMI,GPU_6,1474.1,142.0,100.0
1781847274.04,ROCM_SMI,GPU_7,1474.1,140.0,100.0
1781847276.23,ROCM_SMI,GPU_0,1474.1,151.0,100.0
1781847276.23,ROCM_SMI,GPU_1,1474.1,140.0,100.0
1781847276.23,ROCM_SMI,GPU_2,1474.1,143.0,100.0
1781847276.23,ROCM_SMI,GPU_3,1474.1,144.0,100.0
1781847276.23,ROCM_SMI,GPU_4,1474.1,141.0,100.0
1781847276.23,ROCM_SMI,GPU_5,1474.1,140.0,100.0
1781847276.23,ROCM_SMI,GPU_6,1474.1,143.0,100.0
1781847276.23,ROCM_SMI,GPU_7,1474.1,140.0,100.0
1781847278.43,ROCM_SMI,GPU_0,1474.1,151.0,100.0
1781847278.43,ROCM_SMI,GPU_1,1474.1,140.0,100.0
1781847278.43,ROCM_SMI,GPU_2,1474.1,141.0,100.0
1781847278.43,ROCM_SMI,GPU_3,1474.1,147.0,100.0
1781847278.43,ROCM_SMI,GPU_4,1474.1,140.0,100.0
1781847278.43,ROCM_SMI,GPU_5,1474.1,139.0,100.0
1781847278.43,ROCM_SMI,GPU_6,1474.1,148.0,100.0
1781847278.43,ROCM_SMI,GPU_7,1474.1,140.0,100.0
1781847280.63,ROCM_SMI,GPU_0,1474.1,149.0,100.0
1781847280.63,ROCM_SMI,GPU_1,1474.1,140.0,100.0
1781847280.63,ROCM_SMI,GPU_2,1474.1,145.0,100.0
1781847280.63,ROCM_SMI,GPU_3,1474.1,146.0,100.0
1781847280.63,ROCM_SMI,GPU_4,1474.1,144.0,100.0
1781847280.63,ROCM_SMI,GPU_5,1474.1,142.0,100.0
1781847280.63,ROCM_SMI,GPU_6,1474.1,142.0,100.0
1781847280.63,ROCM_SMI,GPU_7,1474.1,138.0,100.0
1781847282.82,ROCM_SMI,GPU_0,1474.1,149.0,89.0
1781847282.82,ROCM_SMI,GPU_1,1474.1,140.0,100.0
1781847282.82,ROCM_SMI,GPU_2,1474.1,145.0,100.0
1781847282.82,ROCM_SMI,GPU_3,1474.1,145.0,100.0
1781847282.82,ROCM_SMI,GPU_4,1474.1,143.0,100.0
1781847282.82,ROCM_SMI,GPU_5,1474.1,142.0,100.0
1781847282.82,ROCM_SMI,GPU_6,1474.1,142.0,100.0
1781847282.82,ROCM_SMI,GPU_7,1474.1,141.0,100.0
1781847285.01,ROCM_SMI,GPU_0,1474.1,149.0,100.0
1781847285.01,ROCM_SMI,GPU_1,1474.1,141.0,100.0
1781847285.01,ROCM_SMI,GPU_2,1474.1,144.0,84.0
1781847285.01,ROCM_SMI,GPU_3,1474.1,144.0,100.0
1781847285.01,ROCM_SMI,GPU_4,1474.1,143.0,100.0
1781847285.01,ROCM_SMI,GPU_5,1474.1,142.0,100.0
1781847285.01,ROCM_SMI,GPU_6,1474.1,144.0,100.0
1781847285.01,ROCM_SMI,GPU_7,1474.1,140.0,100.0
1781847287.20,ROCM_SMI,GPU_0,1474.1,148.0,100.0
1781847287.20,ROCM_SMI,GPU_1,1474.1,143.0,100.0
1781847287.20,ROCM_SMI,GPU_2,1474.1,147.0,100.0
1781847287.20,ROCM_SMI,GPU_3,1474.1,145.0,100.0
1781847287.20,ROCM_SMI,GPU_4,1474.1,144.0,88.0
1781847287.20,ROCM_SMI,GPU_5,1474.1,143.0,100.0
1781847287.20,ROCM_SMI,GPU_6,1474.1,140.0,100.0
1781847287.20,ROCM_SMI,GPU_7,1474.1,138.0,100.0
1781847289.39,ROCM_SMI,GPU_0,1474.1,150.0,100.0
1781847289.39,ROCM_SMI,GPU_1,1474.1,142.0,100.0
1781847289.39,ROCM_SMI,GPU_2,1474.1,147.0,100.0
1781847289.39,ROCM_SMI,GPU_3,1474.1,147.0,100.0
1781847289.39,ROCM_SMI,GPU_4,1474.1,146.0,100.0
1781847289.39,ROCM_SMI,GPU_5,1474.1,143.0,81.0
1781847289.39,ROCM_SMI,GPU_6,1474.1,141.0,100.0
1781847289.39,ROCM_SMI,GPU_7,1474.1,139.0,100.0
1781847291.59,ROCM_SMI,GPU_0,1474.1,149.0,100.0
1781847291.59,ROCM_SMI,GPU_1,1474.1,143.0,100.0
1781847291.59,ROCM_SMI,GPU_2,1474.1,143.0,100.0
1781847291.59,ROCM_SMI,GPU_3,1474.1,147.0,100.0
1781847291.59,ROCM_SMI,GPU_4,1474.1,138.0,100.0
1781847291.59,ROCM_SMI,GPU_5,1474.1,136.0,100.0
1781847291.59,ROCM_SMI,GPU_6,1474.1,142.0,81.0
1781847291.59,ROCM_SMI,GPU_7,1474.1,139.0,100.0
1781847293.78,ROCM_SMI,GPU_0,1474.1,145.0,100.0
1781847293.78,ROCM_SMI,GPU_1,1474.1,141.0,100.0
1781847293.78,ROCM_SMI,GPU_2,1474.1,147.0,100.0
1781847293.78,ROCM_SMI,GPU_3,1474.1,148.0,100.0
1781847293.78,ROCM_SMI,GPU_4,1474.1,143.0,100.0
1781847293.78,ROCM_SMI,GPU_5,1474.1,143.0,100.0
1781847293.78,ROCM_SMI,GPU_6,1474.1,137.0,81.0
1781847293.78,ROCM_SMI,GPU_7,1474.1,135.0,100.0
1781847295.98,ROCM_SMI,GPU_0,1474.1,145.0,100.0
1781847295.98,ROCM_SMI,GPU_1,1474.1,143.0,100.0
1781847295.98,ROCM_SMI,GPU_2,1474.1,148.0,100.0
1781847295.98,ROCM_SMI,GPU_3,1474.1,146.0,100.0
1781847295.98,ROCM_SMI,GPU_4,1474.1,144.0,100.0
1781847295.98,ROCM_SMI,GPU_5,1474.1,142.0,100.0
1781847295.98,ROCM_SMI,GPU_6,1474.1,140.0,100.0
1781847295.98,ROCM_SMI,GPU_7,1474.1,139.0,87.0
1781847298.17,ROCM_SMI,GPU_0,1474.1,147.0,100.0
1781847298.17,ROCM_SMI,GPU_1,1474.1,141.0,100.0
1781847298.17,ROCM_SMI,GPU_2,1474.1,149.0,100.0
1781847298.17,ROCM_SMI,GPU_3,1474.1,146.0,100.0
1781847298.17,ROCM_SMI,GPU_4,1474.1,144.0,100.0
1781847298.17,ROCM_SMI,GPU_5,1474.1,142.0,100.0
1781847298.17,ROCM_SMI,GPU_6,1474.1,139.0,100.0
1781847298.17,ROCM_SMI,GPU_7,1474.1,138.0,100.0
1781847300.37,ROCM_SMI,GPU_0,1474.1,146.0,100.0
1781847300.37,ROCM_SMI,GPU_1,1474.1,142.0,100.0
1781847300.37,ROCM_SMI,GPU_2,1474.1,148.0,100.0
1781847300.37,ROCM_SMI,GPU_3,1474.1,146.0,100.0
1781847300.37,ROCM_SMI,GPU_4,1474.1,144.0,100.0
1781847300.37,ROCM_SMI,GPU_5,1474.1,142.0,100.0
1781847300.37,ROCM_SMI,GPU_6,1474.1,139.0,100.0
1781847300.37,ROCM_SMI,GPU_7,1474.1,139.0,100.0
1781847302.56,ROCM_SMI,GPU_0,1474.1,145.0,100.0
1781847302.56,ROCM_SMI,GPU_1,1474.1,143.0,100.0
1781847302.56,ROCM_SMI,GPU_2,1474.1,148.0,100.0
1781847302.56,ROCM_SMI,GPU_3,1474.1,146.0,100.0
1781847302.56,ROCM_SMI,GPU_4,1474.1,144.0,100.0
1781847302.56,ROCM_SMI,GPU_5,1474.1,142.0,100.0
1781847302.56,ROCM_SMI,GPU_6,1474.1,140.0,100.0
1781847302.56,ROCM_SMI,GPU_7,1474.1,138.0,100.0
1781847304.75,ROCM_SMI,GPU_0,1474.1,146.0,85.0
1781847304.75,ROCM_SMI,GPU_1,1474.1,140.0,100.0
1781847304.75,ROCM_SMI,GPU_2,1474.1,148.0,100.0
1781847304.75,ROCM_SMI,GPU_3,1474.1,145.0,100.0
1781847304.75,ROCM_SMI,GPU_4,1474.1,145.0,100.0
1781847304.75,ROCM_SMI,GPU_5,1474.1,143.0,100.0
1781847304.75,ROCM_SMI,GPU_6,1474.1,139.0,100.0
1781847304.75,ROCM_SMI,GPU_7,1474.1,138.0,100.0
1781847306.96,ROCM_SMI,GPU_0,1474.1,139.0,85.0
1781847306.96,ROCM_SMI,GPU_1,1474.1,185.0,100.0
1781847306.96,ROCM_SMI,GPU_2,1474.1,169.0,100.0
1781847306.96,ROCM_SMI,GPU_3,1474.1,143.0,100.0
1781847306.96,ROCM_SMI,GPU_4,1474.1,139.0,100.0
1781847306.96,ROCM_SMI,GPU_5,1474.1,138.0,100.0
1781847306.96,ROCM_SMI,GPU_6,1474.1,140.0,100.0
1781847306.96,ROCM_SMI,GPU_7,1474.1,135.0,100.0
1781847309.15,ROCM_SMI,GPU_0,1474.1,150.0,100.0
1781847309.15,ROCM_SMI,GPU_1,1474.1,141.0,100.0
1781847309.15,ROCM_SMI,GPU_2,1474.1,145.0,100.0
1781847309.15,ROCM_SMI,GPU_3,1474.1,146.0,100.0
1781847309.15,ROCM_SMI,GPU_4,1474.1,143.0,100.0
1781847309.15,ROCM_SMI,GPU_5,1474.1,141.0,100.0
1781847309.15,ROCM_SMI,GPU_6,1474.1,144.0,100.0
1781847309.15,ROCM_SMI,GPU_7,1474.1,138.0,100.0
1781847311.34,ROCM_SMI,GPU_0,1474.1,147.0,89.0
1781847311.34,ROCM_SMI,GPU_1,1474.1,138.0,100.0
1781847311.34,ROCM_SMI,GPU_2,1474.1,143.0,100.0
1781847311.34,ROCM_SMI,GPU_3,1474.1,147.0,100.0
1781847311.34,ROCM_SMI,GPU_4,1474.1,140.0,100.0
1781847311.34,ROCM_SMI,GPU_5,1474.1,138.0,100.0
1781847311.34,ROCM_SMI,GPU_6,1474.1,143.0,100.0
1781847311.34,ROCM_SMI,GPU_7,1474.1,139.0,100.0
1781847313.53,ROCM_SMI,GPU_0,1474.1,144.0,100.0
1781847313.53,ROCM_SMI,GPU_1,1474.1,140.0,89.0
1781847313.53,ROCM_SMI,GPU_2,1474.1,144.0,100.0
1781847313.53,ROCM_SMI,GPU_3,1474.1,147.0,100.0
1781847313.53,ROCM_SMI,GPU_4,1474.1,142.0,100.0
1781847313.53,ROCM_SMI,GPU_5,1474.1,140.0,100.0
1781847313.53,ROCM_SMI,GPU_6,1474.1,139.0,100.0
1781847313.53,ROCM_SMI,GPU_7,1474.1,137.0,100.0
1781847315.72,ROCM_SMI,GPU_0,1474.1,148.0,100.0
1781847315.72,ROCM_SMI,GPU_1,1474.1,142.0,100.0
1781847315.72,ROCM_SMI,GPU_2,1474.1,146.0,100.0
1781847315.72,ROCM_SMI,GPU_3,1474.1,145.0,100.0
1781847315.72,ROCM_SMI,GPU_4,1474.1,145.0,100.0
1781847315.72,ROCM_SMI,GPU_5,1474.1,142.0,100.0
1781847315.72,ROCM_SMI,GPU_6,1474.1,141.0,100.0
1781847315.72,ROCM_SMI,GPU_7,1474.1,138.0,100.0
1781847317.92,ROCM_SMI,GPU_0,1474.1,151.0,100.0
1781847317.92,ROCM_SMI,GPU_1,1474.1,140.0,100.0
1781847317.92,ROCM_SMI,GPU_2,1474.1,144.0,100.0
1781847317.92,ROCM_SMI,GPU_3,1474.1,144.0,82.0
1781847317.92,ROCM_SMI,GPU_4,1474.1,141.0,100.0
1781847317.92,ROCM_SMI,GPU_5,1474.1,142.0,100.0
1781847317.92,ROCM_SMI,GPU_6,1474.1,143.0,100.0
1781847317.92,ROCM_SMI,GPU_7,1474.1,140.0,100.0
1781847320.11,ROCM_SMI,GPU_0,1474.1,150.0,100.0
1781847320.11,ROCM_SMI,GPU_1,1474.1,141.0,100.0
1781847320.11,ROCM_SMI,GPU_2,1474.1,142.0,100.0
1781847320.11,ROCM_SMI,GPU_3,1474.1,145.0,100.0
1781847320.11,ROCM_SMI,GPU_4,1474.1,140.0,87.0
1781847320.11,ROCM_SMI,GPU_5,1474.1,135.0,100.0
1781847320.11,ROCM_SMI,GPU_6,1474.1,146.0,100.0
1781847320.11,ROCM_SMI,GPU_7,1474.1,140.0,100.0
1781847322.31,ROCM_SMI,GPU_0,1474.1,143.0,100.0
1781847322.31,ROCM_SMI,GPU_1,1474.1,138.0,100.0
1781847322.31,ROCM_SMI,GPU_2,1474.1,137.0,100.0
1781847322.31,ROCM_SMI,GPU_3,1474.1,136.0,81.0
1781847322.31,ROCM_SMI,GPU_4,1474.1,130.0,100.0
1781847322.31,ROCM_SMI,GPU_5,1474.1,156.0,100.0
1781847322.31,ROCM_SMI,GPU_6,1474.1,147.0,100.0
1781847322.31,ROCM_SMI,GPU_7,1474.1,134.0,100.0
1781847324.50,ROCM_SMI,GPU_0,1474.1,148.0,100.0
1781847324.50,ROCM_SMI,GPU_1,1474.1,140.0,100.0
1781847324.50,ROCM_SMI,GPU_2,1474.1,146.0,100.0
1781847324.50,ROCM_SMI,GPU_3,1474.1,146.0,82.0
1781847324.50,ROCM_SMI,GPU_4,1474.1,143.0,100.0
1781847324.50,ROCM_SMI,GPU_5,1474.1,143.0,100.0
1781847324.50,ROCM_SMI,GPU_6,1474.1,140.0,100.0
1781847324.50,ROCM_SMI,GPU_7,1474.1,139.0,100.0
1781847326.69,ROCM_SMI,GPU_0,1474.1,151.0,100.0
1781847326.69,ROCM_SMI,GPU_1,1474.1,142.0,100.0
1781847326.69,ROCM_SMI,GPU_2,1474.1,145.0,100.0
1781847326.69,ROCM_SMI,GPU_3,1474.1,144.0,100.0
1781847326.69,ROCM_SMI,GPU_4,1474.1,143.0,100.0
1781847326.69,ROCM_SMI,GPU_5,1474.1,141.0,82.0
1781847326.69,ROCM_SMI,GPU_6,1474.1,142.0,100.0
1781847326.69,ROCM_SMI,GPU_7,1474.1,139.0,100.0
1781847328.88,ROCM_SMI,GPU_0,1474.1,149.0,100.0
1781847328.88,ROCM_SMI,GPU_1,1474.1,141.0,100.0
1781847328.88,ROCM_SMI,GPU_2,1474.1,143.0,100.0
1781847328.88,ROCM_SMI,GPU_3,1474.1,147.0,100.0
1781847328.88,ROCM_SMI,GPU_4,1474.1,140.0,100.0
1781847328.88,ROCM_SMI,GPU_5,1474.1,138.0,88.0
1781847328.88,ROCM_SMI,GPU_6,1474.1,144.0,100.0
1781847328.88,ROCM_SMI,GPU_7,1474.1,141.0,100.0
1781847331.08,ROCM_SMI,GPU_0,1474.1,145.0,100.0
1781847331.08,ROCM_SMI,GPU_1,1474.1,143.0,100.0
1781847331.08,ROCM_SMI,GPU_2,1474.1,146.0,100.0
1781847331.08,ROCM_SMI,GPU_3,1474.1,148.0,100.0
1781847331.08,ROCM_SMI,GPU_4,1474.1,142.0,100.0
1781847331.08,ROCM_SMI,GPU_5,1474.1,139.0,100.0
1781847331.08,ROCM_SMI,GPU_6,1474.1,140.0,100.0
1781847331.08,ROCM_SMI,GPU_7,1474.1,137.0,100.0
1781847333.27,ROCM_SMI,GPU_0,1474.1,150.0,100.0
1781847333.27,ROCM_SMI,GPU_1,1474.1,142.0,100.0
1781847333.27,ROCM_SMI,GPU_2,1474.1,148.0,100.0
1781847333.27,ROCM_SMI,GPU_3,1474.1,146.0,100.0
1781847333.27,ROCM_SMI,GPU_4,1474.1,144.0,100.0
1781847333.27,ROCM_SMI,GPU_5,1474.1,142.0,100.0
1781847333.27,ROCM_SMI,GPU_6,1474.1,141.0,100.0
1781847333.27,ROCM_SMI,GPU_7,1474.1,138.0,87.0
1781847335.46,ROCM_SMI,GPU_0,1474.1,159.0,100.0
1781847335.46,ROCM_SMI,GPU_1,1474.1,147.0,100.0
1781847335.46,ROCM_SMI,GPU_2,1474.1,143.0,100.0
1781847335.46,ROCM_SMI,GPU_3,1474.1,147.0,100.0
1781847335.46,ROCM_SMI,GPU_4,1474.1,141.0,100.0
1781847335.46,ROCM_SMI,GPU_5,1474.1,137.0,100.0
1781847335.46,ROCM_SMI,GPU_6,1474.1,143.0,100.0
1781847335.46,ROCM_SMI,GPU_7,1474.1,139.0,100.0
1781847337.66,ROCM_SMI,GPU_0,1474.1,148.0,100.0
1781847337.66,ROCM_SMI,GPU_1,1474.1,139.0,100.0
1781847337.66,ROCM_SMI,GPU_2,1474.1,142.0,100.0
1781847337.66,ROCM_SMI,GPU_3,1474.1,147.0,100.0
1781847337.66,ROCM_SMI,GPU_4,1474.1,140.0,100.0
1781847337.66,ROCM_SMI,GPU_5,1474.1,138.0,100.0
1781847337.66,ROCM_SMI,GPU_6,1474.1,144.0,100.0
1781847337.66,ROCM_SMI,GPU_7,1474.1,140.0,100.0
1781847339.85,ROCM_SMI,GPU_0,1474.1,145.0,100.0
1781847339.85,ROCM_SMI,GPU_1,1474.1,141.0,100.0
1781847339.85,ROCM_SMI,GPU_2,1474.1,146.0,100.0
1781847339.85,ROCM_SMI,GPU_3,1474.1,146.0,100.0
1781847339.85,ROCM_SMI,GPU_4,1474.1,142.0,100.0
1781847339.85,ROCM_SMI,GPU_5,1474.1,140.0,100.0
1781847339.85,ROCM_SMI,GPU_6,1474.1,140.0,100.0
1781847339.85,ROCM_SMI,GPU_7,1474.1,139.0,100.0
1781847342.04,ROCM_SMI,GPU_0,1474.1,144.0,85.0
1781847342.04,ROCM_SMI,GPU_1,1474.1,141.0,100.0
1781847342.04,ROCM_SMI,GPU_2,1474.1,148.0,100.0
1781847342.04,ROCM_SMI,GPU_3,1474.1,146.0,100.0
1781847342.04,ROCM_SMI,GPU_4,1474.1,145.0,100.0
1781847342.04,ROCM_SMI,GPU_5,1474.1,142.0,100.0
1781847342.04,ROCM_SMI,GPU_6,1474.1,138.0,100.0
1781847342.04,ROCM_SMI,GPU_7,1474.1,139.0,100.0
1781847344.23,ROCM_SMI,GPU_0,1474.1,148.0,84.0
1781847344.23,ROCM_SMI,GPU_1,1474.1,140.0,100.0
1781847344.23,ROCM_SMI,GPU_2,1474.1,146.0,100.0
1781847344.23,ROCM_SMI,GPU_3,1474.1,145.0,100.0
1781847344.23,ROCM_SMI,GPU_4,1474.1,145.0,100.0
1781847344.23,ROCM_SMI,GPU_5,1474.1,143.0,100.0
1781847344.23,ROCM_SMI,GPU_6,1474.1,141.0,100.0
1781847344.23,ROCM_SMI,GPU_7,1474.1,140.0,100.0
1781847346.42,ROCM_SMI,GPU_0,1474.1,150.0,100.0
1781847346.42,ROCM_SMI,GPU_1,1474.1,141.0,100.0
1781847346.42,ROCM_SMI,GPU_2,1474.1,144.0,84.0
1781847346.42,ROCM_SMI,GPU_3,1474.1,145.0,100.0
1781847346.42,ROCM_SMI,GPU_4,1474.1,143.0,100.0
1781847346.42,ROCM_SMI,GPU_5,1474.1,142.0,100.0
1781847346.42,ROCM_SMI,GPU_6,1474.1,143.0,100.0
1781847346.42,ROCM_SMI,GPU_7,1474.1,139.0,100.0
1781847348.62,ROCM_SMI,GPU_0,1474.1,152.0,100.0
1781847348.62,ROCM_SMI,GPU_1,1474.1,143.0,100.0
1781847348.62,ROCM_SMI,GPU_2,1474.1,145.0,100.0
1781847348.62,ROCM_SMI,GPU_3,1474.1,138.0,88.0
1781847348.62,ROCM_SMI,GPU_4,1474.1,136.0,100.0
1781847348.62,ROCM_SMI,GPU_5,1474.1,138.0,100.0
1781847348.62,ROCM_SMI,GPU_6,1474.1,145.0,100.0
1781847348.62,ROCM_SMI,GPU_7,1474.1,142.0,100.0
1781847350.81,ROCM_SMI,GPU_0,1474.1,150.0,100.0
1781847350.81,ROCM_SMI,GPU_1,1474.1,139.0,100.0
1781847350.81,ROCM_SMI,GPU_2,1474.1,141.0,100.0
1781847350.81,ROCM_SMI,GPU_3,1474.1,144.0,88.0
1781847350.81,ROCM_SMI,GPU_4,1474.1,139.0,92.0
1781847350.81,ROCM_SMI,GPU_5,1474.1,137.0,100.0
1781847350.81,ROCM_SMI,GPU_6,1474.1,144.0,100.0
1781847350.81,ROCM_SMI,GPU_7,1474.1,140.0,100.0
1781847353.00,ROCM_SMI,GPU_0,1474.1,148.0,100.0
1781847353.00,ROCM_SMI,GPU_1,1474.1,140.0,100.0
1781847353.00,ROCM_SMI,GPU_2,1474.1,144.0,100.0
1781847353.00,ROCM_SMI,GPU_3,1474.1,147.0,100.0
1781847353.00,ROCM_SMI,GPU_4,1474.1,140.0,100.0
1781847353.00,ROCM_SMI,GPU_5,1474.1,137.0,87.0
1781847353.00,ROCM_SMI,GPU_6,1474.1,142.0,100.0
1781847353.00,ROCM_SMI,GPU_7,1474.1,139.0,100.0
1781847355.20,ROCM_SMI,GPU_0,1474.1,146.0,100.0
1781847355.20,ROCM_SMI,GPU_1,1474.1,140.0,100.0
1781847355.20,ROCM_SMI,GPU_2,1474.1,147.0,100.0
1781847355.20,ROCM_SMI,GPU_3,1474.1,147.0,100.0
1781847355.20,ROCM_SMI,GPU_4,1474.1,142.0,100.0
1781847355.20,ROCM_SMI,GPU_5,1474.1,139.0,100.0
1781847355.20,ROCM_SMI,GPU_6,1474.1,139.0,92.0
1781847355.20,ROCM_SMI,GPU_7,1474.1,138.0,100.0
1781847357.39,ROCM_SMI,GPU_0,1474.1,148.0,100.0
1781847357.39,ROCM_SMI,GPU_1,1474.1,142.0,100.0
1781847357.39,ROCM_SMI,GPU_2,1474.1,147.0,100.0
1781847357.39,ROCM_SMI,GPU_3,1474.1,147.0,100.0
1781847357.39,ROCM_SMI,GPU_4,1474.1,146.0,100.0
1781847357.39,ROCM_SMI,GPU_5,1474.1,143.0,100.0
1781847357.39,ROCM_SMI,GPU_6,1474.1,139.0,100.0
1781847357.39,ROCM_SMI,GPU_7,1474.1,138.0,97.0
1781847359.58,ROCM_SMI,GPU_0,1474.1,150.0,100.0
1781847359.58,ROCM_SMI,GPU_1,1474.1,141.0,100.0
1781847359.58,ROCM_SMI,GPU_2,1474.1,144.0,100.0
1781847359.58,ROCM_SMI,GPU_3,1474.1,146.0,100.0
1781847359.58,ROCM_SMI,GPU_4,1474.1,144.0,100.0
1781847359.58,ROCM_SMI,GPU_5,1474.1,143.0,100.0
1781847359.58,ROCM_SMI,GPU_6,1474.1,142.0,100.0
1781847359.58,ROCM_SMI,GPU_7,1474.1,138.0,97.0
1781847361.77,ROCM_SMI,GPU_0,1474.1,149.0,100.0
1781847361.77,ROCM_SMI,GPU_1,1474.1,140.0,100.0
1781847361.77,ROCM_SMI,GPU_2,1474.1,142.0,100.0
1781847361.77,ROCM_SMI,GPU_3,1474.1,146.0,100.0
1781847361.77,ROCM_SMI,GPU_4,1474.1,141.0,100.0
1781847361.77,ROCM_SMI,GPU_5,1474.1,138.0,100.0
1781847361.77,ROCM_SMI,GPU_6,1474.1,144.0,100.0
1781847361.77,ROCM_SMI,GPU_7,1474.1,141.0,100.0
1781847363.97,ROCM_SMI,GPU_0,1474.1,144.0,100.0
1781847363.97,ROCM_SMI,GPU_1,1474.1,144.0,100.0
1781847363.97,ROCM_SMI,GPU_2,1474.1,147.0,100.0
1781847363.97,ROCM_SMI,GPU_3,1474.1,151.0,100.0
1781847363.97,ROCM_SMI,GPU_4,1474.1,142.0,100.0
1781847363.97,ROCM_SMI,GPU_5,1474.1,141.0,100.0
1781847363.97,ROCM_SMI,GPU_6,1474.1,141.0,100.0
1781847363.97,ROCM_SMI,GPU_7,1474.1,144.0,100.0
1781847366.16,ROCM_SMI,GPU_0,1474.1,145.0,100.0
1781847366.16,ROCM_SMI,GPU_1,1474.1,143.0,100.0
1781847366.16,ROCM_SMI,GPU_2,1474.1,148.0,100.0
1781847366.16,ROCM_SMI,GPU_3,1474.1,147.0,100.0
1781847366.16,ROCM_SMI,GPU_4,1474.1,146.0,100.0
1781847366.16,ROCM_SMI,GPU_5,1474.1,144.0,100.0
1781847366.16,ROCM_SMI,GPU_6,1474.1,139.0,100.0
1781847366.16,ROCM_SMI,GPU_7,1474.1,138.0,100.0
1781847368.35,ROCM_SMI,GPU_0,1474.1,149.0,100.0
1781847368.35,ROCM_SMI,GPU_1,1474.1,140.0,100.0
1781847368.35,ROCM_SMI,GPU_2,1474.1,144.0,100.0
1781847368.35,ROCM_SMI,GPU_3,1474.1,147.0,100.0
1781847368.35,ROCM_SMI,GPU_4,1474.1,142.0,100.0
1781847368.35,ROCM_SMI,GPU_5,1474.1,140.0,100.0
1781847368.35,ROCM_SMI,GPU_6,1474.1,144.0,100.0
1781847368.35,ROCM_SMI,GPU_7,1474.1,139.0,100.0
1781847370.54,ROCM_SMI,GPU_0,1474.1,149.0,100.0
1781847370.54,ROCM_SMI,GPU_1,1474.1,138.0,98.0
1781847370.54,ROCM_SMI,GPU_2,1474.1,142.0,100.0
1781847370.54,ROCM_SMI,GPU_3,1474.1,148.0,100.0
1781847370.54,ROCM_SMI,GPU_4,1474.1,140.0,100.0
1781847370.54,ROCM_SMI,GPU_5,1474.1,139.0,100.0
1781847370.54,ROCM_SMI,GPU_6,1474.1,144.0,100.0
1781847370.54,ROCM_SMI,GPU_7,1474.1,139.0,100.0
1781847372.73,ROCM_SMI,GPU_0,1474.1,149.0,100.0
1781847372.73,ROCM_SMI,GPU_1,1474.1,139.0,100.0
1781847372.73,ROCM_SMI,GPU_2,1474.1,142.0,88.0
1781847372.73,ROCM_SMI,GPU_3,1474.1,145.0,100.0
1781847372.73,ROCM_SMI,GPU_4,1474.1,141.0,100.0
1781847372.73,ROCM_SMI,GPU_5,1474.1,139.0,100.0
1781847372.73,ROCM_SMI,GPU_6,1474.1,144.0,100.0
1781847372.73,ROCM_SMI,GPU_7,1474.1,141.0,100.0
1781847374.93,ROCM_SMI,GPU_0,1474.1,151.0,100.0
1781847374.93,ROCM_SMI,GPU_1,1474.1,140.0,100.0
1781847374.93,ROCM_SMI,GPU_2,1474.1,143.0,100.0
1781847374.93,ROCM_SMI,GPU_3,1474.1,146.0,100.0
1781847374.93,ROCM_SMI,GPU_4,1474.1,139.0,77.0
1781847374.93,ROCM_SMI,GPU_5,1474.1,137.0,100.0
1781847374.93,ROCM_SMI,GPU_6,1474.1,145.0,100.0
1781847374.93,ROCM_SMI,GPU_7,1474.1,139.0,100.0
1781847377.13,ROCM_SMI,GPU_0,1474.1,144.0,100.0
1781847377.13,ROCM_SMI,GPU_1,1474.1,138.0,100.0
1781847377.13,ROCM_SMI,GPU_2,1474.1,137.0,100.0
1781847377.13,ROCM_SMI,GPU_3,1474.1,135.0,100.0
1781847377.13,ROCM_SMI,GPU_4,1474.1,131.0,89.0
1781847377.13,ROCM_SMI,GPU_5,1474.1,132.0,100.0
1781847377.13,ROCM_SMI,GPU_6,1474.1,178.0,100.0
1781847377.13,ROCM_SMI,GPU_7,1474.1,130.0,100.0
1781847379.32,ROCM_SMI,GPU_0,1474.1,146.0,100.0
1781847379.32,ROCM_SMI,GPU_1,1474.1,142.0,100.0
1781847379.32,ROCM_SMI,GPU_2,1474.1,147.0,100.0
1781847379.32,ROCM_SMI,GPU_3,1474.1,148.0,100.0
1781847379.32,ROCM_SMI,GPU_4,1474.1,144.0,78.0
1781847379.32,ROCM_SMI,GPU_5,1474.1,142.0,100.0
1781847379.32,ROCM_SMI,GPU_6,1474.1,140.0,100.0
1781847379.32,ROCM_SMI,GPU_7,1474.1,138.0,100.0
1781847381.51,ROCM_SMI,GPU_0,1474.1,148.0,100.0
1781847381.51,ROCM_SMI,GPU_1,1474.1,143.0,100.0
1781847381.51,ROCM_SMI,GPU_2,1474.1,148.0,100.0
1781847381.51,ROCM_SMI,GPU_3,1474.1,148.0,100.0
1781847381.51,ROCM_SMI,GPU_4,1474.1,146.0,100.0
1781847381.51,ROCM_SMI,GPU_5,1474.1,143.0,81.0
1781847381.51,ROCM_SMI,GPU_6,1474.1,140.0,100.0
1781847381.51,ROCM_SMI,GPU_7,1474.1,140.0,100.0
1781847383.70,ROCM_SMI,GPU_0,1474.1,152.0,100.0
1781847383.70,ROCM_SMI,GPU_1,1474.1,140.0,100.0
1781847383.70,ROCM_SMI,GPU_2,1474.1,142.0,100.0
1781847383.70,ROCM_SMI,GPU_3,1474.1,144.0,100.0
1781847383.70,ROCM_SMI,GPU_4,1474.1,141.0,100.0
1781847383.70,ROCM_SMI,GPU_5,1474.1,139.0,100.0
1781847383.70,ROCM_SMI,GPU_6,1474.1,144.0,84.0
1781847383.70,ROCM_SMI,GPU_7,1474.1,140.0,100.0
1781847385.90,ROCM_SMI,GPU_0,1474.1,146.0,100.0
1781847385.90,ROCM_SMI,GPU_1,1474.1,141.0,100.0
1781847385.90,ROCM_SMI,GPU_2,1474.1,144.0,100.0
1781847385.90,ROCM_SMI,GPU_3,1474.1,147.0,100.0
1781847385.90,ROCM_SMI,GPU_4,1474.1,140.0,100.0
1781847385.90,ROCM_SMI,GPU_5,1474.1,138.0,100.0
1781847385.90,ROCM_SMI,GPU_6,1474.1,142.0,100.0
1781847385.90,ROCM_SMI,GPU_7,1474.1,138.0,88.0
1781847388.09,ROCM_SMI,GPU_0,1474.1,144.0,100.0
1781847388.09,ROCM_SMI,GPU_1,1474.1,139.0,100.0
1781847388.09,ROCM_SMI,GPU_2,1474.1,143.0,100.0
1781847388.09,ROCM_SMI,GPU_3,1474.1,147.0,100.0
1781847388.09,ROCM_SMI,GPU_4,1474.1,141.0,100.0
1781847388.09,ROCM_SMI,GPU_5,1474.1,138.0,100.0
1781847388.09,ROCM_SMI,GPU_6,1474.1,141.0,100.0
1781847388.09,ROCM_SMI,GPU_7,1474.1,138.0,100.0
1781847390.28,ROCM_SMI,GPU_0,1474.1,143.0,100.0
1781847390.28,ROCM_SMI,GPU_1,1474.1,139.0,100.0
1781847390.28,ROCM_SMI,GPU_2,1474.1,146.0,100.0
1781847390.28,ROCM_SMI,GPU_3,1474.1,148.0,100.0
1781847390.28,ROCM_SMI,GPU_4,1474.1,142.0,100.0
1781847390.28,ROCM_SMI,GPU_5,1474.1,140.0,100.0
1781847390.28,ROCM_SMI,GPU_6,1474.1,140.0,100.0
1781847390.28,ROCM_SMI,GPU_7,1474.1,138.0,100.0
1781847392.48,ROCM_SMI,GPU_0,1474.1,148.0,100.0
1781847392.48,ROCM_SMI,GPU_1,1474.1,143.0,100.0
1781847392.48,ROCM_SMI,GPU_2,1474.1,147.0,100.0
1781847392.48,ROCM_SMI,GPU_3,1474.1,146.0,100.0
1781847392.48,ROCM_SMI,GPU_4,1474.1,145.0,100.0
1781847392.48,ROCM_SMI,GPU_5,1474.1,142.0,100.0
1781847392.48,ROCM_SMI,GPU_6,1474.1,140.0,100.0
1781847392.48,ROCM_SMI,GPU_7,1474.1,139.0,100.0
1781847394.68,ROCM_SMI,GPU_0,1474.1,151.0,100.0
1781847394.68,ROCM_SMI,GPU_1,1474.1,142.0,100.0
1781847394.68,ROCM_SMI,GPU_2,1474.1,144.0,100.0
1781847394.68,ROCM_SMI,GPU_3,1474.1,145.0,100.0
1781847394.68,ROCM_SMI,GPU_4,1474.1,143.0,100.0
1781847394.68,ROCM_SMI,GPU_5,1474.1,142.0,100.0
1781847394.68,ROCM_SMI,GPU_6,1474.1,143.0,100.0
1781847394.68,ROCM_SMI,GPU_7,1474.1,140.0,100.0
1781847396.87,ROCM_SMI,GPU_0,1474.1,151.0,100.0
1781847396.87,ROCM_SMI,GPU_1,1474.1,140.0,100.0
1781847396.87,ROCM_SMI,GPU_2,1474.1,141.0,100.0
1781847396.87,ROCM_SMI,GPU_3,1474.1,147.0,100.0
1781847396.87,ROCM_SMI,GPU_4,1474.1,141.0,100.0
1781847396.87,ROCM_SMI,GPU_5,1474.1,138.0,100.0
1781847396.87,ROCM_SMI,GPU_6,1474.1,144.0,100.0
1781847396.87,ROCM_SMI,GPU_7,1474.1,141.0,100.0
1781847399.06,ROCM_SMI,GPU_0,1474.1,149.0,85.0
1781847399.06,ROCM_SMI,GPU_1,1474.1,139.0,100.0
1781847399.06,ROCM_SMI,GPU_2,1474.1,143.0,100.0
1781847399.06,ROCM_SMI,GPU_3,1474.1,145.0,100.0
1781847399.06,ROCM_SMI,GPU_4,1474.1,140.0,100.0
1781847399.06,ROCM_SMI,GPU_5,1474.1,139.0,100.0
1781847399.06,ROCM_SMI,GPU_6,1474.1,144.0,100.0
1781847399.06,ROCM_SMI,GPU_7,1474.1,139.0,100.0
1781847401.25,ROCM_SMI,GPU_0,1474.1,146.0,100.0
1781847401.25,ROCM_SMI,GPU_1,1474.1,138.0,82.0
1781847401.25,ROCM_SMI,GPU_2,1474.1,143.0,100.0
1781847401.25,ROCM_SMI,GPU_3,1474.1,147.0,100.0
1781847401.25,ROCM_SMI,GPU_4,1474.1,139.0,100.0
1781847401.25,ROCM_SMI,GPU_5,1474.1,138.0,100.0
1781847401.25,ROCM_SMI,GPU_6,1474.1,143.0,100.0
1781847401.25,ROCM_SMI,GPU_7,1474.1,139.0,100.0
1781847403.45,ROCM_SMI,GPU_0,1474.1,144.0,100.0
1781847403.45,ROCM_SMI,GPU_1,1474.1,140.0,100.0
1781847403.45,ROCM_SMI,GPU_2,1474.1,143.0,90.0
1781847403.45,ROCM_SMI,GPU_3,1474.1,147.0,100.0
1781847403.45,ROCM_SMI,GPU_4,1474.1,141.0,100.0
1781847403.45,ROCM_SMI,GPU_5,1474.1,139.0,100.0
1781847403.45,ROCM_SMI,GPU_6,1474.1,141.0,100.0
1781847403.45,ROCM_SMI,GPU_7,1474.1,139.0,100.0
1781847405.64,ROCM_SMI,GPU_0,1474.1,146.0,100.0
1781847405.64,ROCM_SMI,GPU_1,1474.1,140.0,100.0
1781847405.64,ROCM_SMI,GPU_2,1474.1,142.0,100.0
1781847405.64,ROCM_SMI,GPU_3,1474.1,143.0,100.0
1781847405.64,ROCM_SMI,GPU_4,1474.1,142.0,100.0
1781847405.64,ROCM_SMI,GPU_5,1474.1,141.0,100.0
1781847405.64,ROCM_SMI,GPU_6,1474.1,138.0,100.0
1781847405.64,ROCM_SMI,GPU_7,1474.1,137.0,100.0
1781847407.84,ROCM_SMI,GPU_0,1474.1,144.0,100.0
1781847407.84,ROCM_SMI,GPU_1,1474.1,141.0,100.0
1781847407.84,ROCM_SMI,GPU_2,1474.1,144.0,100.0
1781847407.84,ROCM_SMI,GPU_3,1474.1,146.0,88.0
1781847407.84,ROCM_SMI,GPU_4,1474.1,140.0,100.0
1781847407.84,ROCM_SMI,GPU_5,1474.1,140.0,100.0
1781847407.84,ROCM_SMI,GPU_6,1474.1,140.0,100.0
1781847407.84,ROCM_SMI,GPU_7,1474.1,139.0,100.0
1781847410.03,ROCM_SMI,GPU_0,1474.1,149.0,100.0
1781847410.03,ROCM_SMI,GPU_1,1474.1,142.0,100.0
1781847410.03,ROCM_SMI,GPU_2,1474.1,148.0,100.0
1781847410.03,ROCM_SMI,GPU_3,1474.1,145.0,100.0
1781847410.03,ROCM_SMI,GPU_4,1474.1,145.0,81.0
1781847410.03,ROCM_SMI,GPU_5,1474.1,141.0,100.0
1781847410.03,ROCM_SMI,GPU_6,1474.1,141.0,100.0
1781847410.03,ROCM_SMI,GPU_7,1474.1,138.0,100.0
1781847412.22,ROCM_SMI,GPU_0,1474.1,151.0,100.0
1781847412.22,ROCM_SMI,GPU_1,1474.1,141.0,100.0
1781847412.22,ROCM_SMI,GPU_2,1474.1,145.0,100.0
1781847412.22,ROCM_SMI,GPU_3,1474.1,146.0,100.0
1781847412.22,ROCM_SMI,GPU_4,1474.1,144.0,100.0
1781847412.22,ROCM_SMI,GPU_5,1474.1,142.0,100.0
1781847412.22,ROCM_SMI,GPU_6,1474.1,143.0,87.0
1781847412.22,ROCM_SMI,GPU_7,1474.1,142.0,100.0
1781847414.41,ROCM_SMI,GPU_0,1474.1,150.0,100.0
1781847414.41,ROCM_SMI,GPU_1,1474.1,140.0,100.0
1781847414.41,ROCM_SMI,GPU_2,1474.1,144.0,100.0
1781847414.41,ROCM_SMI,GPU_3,1474.1,146.0,100.0
1781847414.41,ROCM_SMI,GPU_4,1474.1,144.0,100.0
1781847414.41,ROCM_SMI,GPU_5,1474.1,142.0,100.0
1781847414.41,ROCM_SMI,GPU_6,1474.1,142.0,100.0
1781847414.41,ROCM_SMI,GPU_7,1474.1,138.0,100.0
1781847416.60,ROCM_SMI,GPU_0,1474.1,151.0,100.0
1781847416.60,ROCM_SMI,GPU_1,1474.1,141.0,100.0
1781847416.60,ROCM_SMI,GPU_2,1474.1,142.0,100.0
1781847416.60,ROCM_SMI,GPU_3,1474.1,145.0,100.0
1781847416.60,ROCM_SMI,GPU_4,1474.1,142.0,100.0
1781847416.60,ROCM_SMI,GPU_5,1474.1,140.0,100.0
1781847416.60,ROCM_SMI,GPU_6,1474.1,144.0,100.0
1781847416.60,ROCM_SMI,GPU_7,1474.1,139.0,100.0
1781847418.80,ROCM_SMI,GPU_0,1474.1,147.0,100.0
1781847418.80,ROCM_SMI,GPU_1,1474.1,141.0,100.0
1781847418.80,ROCM_SMI,GPU_2,1474.1,144.0,100.0
1781847418.80,ROCM_SMI,GPU_3,1474.1,147.0,100.0
1781847418.80,ROCM_SMI,GPU_4,1474.1,140.0,100.0
1781847418.80,ROCM_SMI,GPU_5,1474.1,137.0,100.0
1781847418.80,ROCM_SMI,GPU_6,1474.1,141.0,100.0
1781847418.80,ROCM_SMI,GPU_7,1474.1,140.0,100.0
1781847420.99,ROCM_SMI,GPU_0,1474.1,149.0,89.0
1781847420.99,ROCM_SMI,GPU_1,1474.1,139.0,100.0
1781847420.99,ROCM_SMI,GPU_2,1474.1,143.0,100.0
1781847420.99,ROCM_SMI,GPU_3,1474.1,144.0,100.0
1781847420.99,ROCM_SMI,GPU_4,1474.1,141.0,100.0
1781847420.99,ROCM_SMI,GPU_5,1474.1,139.0,100.0
1781847420.99,ROCM_SMI,GPU_6,1474.1,145.0,100.0
1781847420.99,ROCM_SMI,GPU_7,1474.1,139.0,100.0
1781847423.18,ROCM_SMI,GPU_0,1474.1,148.0,100.0
1781847423.18,ROCM_SMI,GPU_1,1474.1,139.0,89.0
1781847423.18,ROCM_SMI,GPU_2,1474.1,142.0,100.0
1781847423.18,ROCM_SMI,GPU_3,1474.1,146.0,100.0
1781847423.18,ROCM_SMI,GPU_4,1474.1,139.0,100.0
1781847423.18,ROCM_SMI,GPU_5,1474.1,138.0,100.0
1781847423.18,ROCM_SMI,GPU_6,1474.1,145.0,100.0
1781847423.18,ROCM_SMI,GPU_7,1474.1,140.0,100.0
1781847425.38,ROCM_SMI,GPU_0,1474.1,144.0,100.0
1781847425.38,ROCM_SMI,GPU_1,1474.1,138.0,100.0
1781847425.38,ROCM_SMI,GPU_2,1474.1,143.0,83.0
1781847425.38,ROCM_SMI,GPU_3,1474.1,145.0,100.0
1781847425.38,ROCM_SMI,GPU_4,1474.1,140.0,100.0
1781847425.38,ROCM_SMI,GPU_5,1474.1,139.0,100.0
1781847425.38,ROCM_SMI,GPU_6,1474.1,141.0,100.0
1781847425.38,ROCM_SMI,GPU_7,1474.1,137.0,100.0
1781847427.57,ROCM_SMI,GPU_0,1474.1,149.0,100.0
1781847427.57,ROCM_SMI,GPU_1,1474.1,140.0,100.0
1781847427.57,ROCM_SMI,GPU_2,1474.1,144.0,89.0
1781847427.57,ROCM_SMI,GPU_3,1474.1,144.0,100.0
1781847427.57,ROCM_SMI,GPU_4,1474.1,143.0,100.0
1781847427.57,ROCM_SMI,GPU_5,1474.1,142.0,100.0
1781847427.57,ROCM_SMI,GPU_6,1474.1,144.0,100.0
1781847427.57,ROCM_SMI,GPU_7,1474.1,140.0,100.0
1781847429.78,ROCM_SMI,GPU_0,1474.1,144.0,100.0
1781847429.78,ROCM_SMI,GPU_1,1474.1,140.0,100.0
1781847429.78,ROCM_SMI,GPU_2,1474.1,145.0,100.0
1781847429.78,ROCM_SMI,GPU_3,1474.1,146.0,100.0
1781847429.78,ROCM_SMI,GPU_4,1474.1,140.0,100.0
1781847429.78,ROCM_SMI,GPU_5,1474.1,137.0,100.0
1781847429.78,ROCM_SMI,GPU_6,1474.1,141.0,100.0
1781847429.78,ROCM_SMI,GPU_7,1474.1,138.0,100.0
1781847431.97,ROCM_SMI,GPU_0,1474.1,148.0,100.0
1781847431.97,ROCM_SMI,GPU_1,1474.1,141.0,100.0
1781847431.97,ROCM_SMI,GPU_2,1474.1,145.0,100.0
1781847431.97,ROCM_SMI,GPU_3,1474.1,144.0,100.0
1781847431.97,ROCM_SMI,GPU_4,1474.1,144.0,100.0
1781847431.97,ROCM_SMI,GPU_5,1474.1,143.0,100.0
1781847431.97,ROCM_SMI,GPU_6,1474.1,141.0,100.0
1781847431.97,ROCM_SMI,GPU_7,1474.1,138.0,100.0
1781847434.16,ROCM_SMI,GPU_0,1474.1,136.0,100.0
1781847434.16,ROCM_SMI,GPU_1,1474.1,144.0,100.0
1781847434.16,ROCM_SMI,GPU_2,1474.1,146.0,100.0
1781847434.16,ROCM_SMI,GPU_3,1474.1,156.0,100.0
1781847434.16,ROCM_SMI,GPU_4,1474.1,140.0,100.0
1781847434.16,ROCM_SMI,GPU_5,1474.1,145.0,100.0
1781847434.16,ROCM_SMI,GPU_6,1474.1,136.0,100.0
1781847434.16,ROCM_SMI,GPU_7,1474.1,136.0,100.0
1781847436.36,ROCM_SMI,GPU_0,1474.1,145.0,100.0
1781847436.36,ROCM_SMI,GPU_1,1474.1,141.0,100.0
1781847436.36,ROCM_SMI,GPU_2,1474.1,143.0,100.0
1781847436.36,ROCM_SMI,GPU_3,1474.1,147.0,100.0
1781847436.36,ROCM_SMI,GPU_4,1474.1,140.0,100.0
1781847436.36,ROCM_SMI,GPU_5,1474.1,138.0,100.0
1781847436.36,ROCM_SMI,GPU_6,1474.1,141.0,100.0
1781847436.36,ROCM_SMI,GPU_7,1474.1,138.0,100.0
1781847438.55,ROCM_SMI,GPU_0,1474.1,145.0,85.0
1781847438.55,ROCM_SMI,GPU_1,1474.1,141.0,100.0
1781847438.55,ROCM_SMI,GPU_2,1474.1,148.0,100.0
1781847438.55,ROCM_SMI,GPU_3,1474.1,148.0,100.0
1781847438.55,ROCM_SMI,GPU_4,1474.1,144.0,100.0
1781847438.55,ROCM_SMI,GPU_5,1474.1,142.0,100.0
1781847438.55,ROCM_SMI,GPU_6,1474.1,139.0,100.0
1781847438.55,ROCM_SMI,GPU_7,1474.1,140.0,100.0
1781847440.74,ROCM_SMI,GPU_0,1474.1,145.0,85.0
1781847440.74,ROCM_SMI,GPU_1,1474.1,140.0,100.0
1781847440.74,ROCM_SMI,GPU_2,1474.1,145.0,100.0
1781847440.74,ROCM_SMI,GPU_3,1474.1,147.0,100.0
1781847440.74,ROCM_SMI,GPU_4,1474.1,141.0,100.0
1781847440.74,ROCM_SMI,GPU_5,1474.1,139.0,100.0
1781847440.74,ROCM_SMI,GPU_6,1474.1,140.0,100.0
1781847440.74,ROCM_SMI,GPU_7,1474.1,138.0,100.0
1781847442.93,ROCM_SMI,GPU_0,1474.1,146.0,91.0
1781847442.93,ROCM_SMI,GPU_1,1474.1,141.0,100.0
1781847442.93,ROCM_SMI,GPU_2,1474.1,146.0,100.0
1781847442.93,ROCM_SMI,GPU_3,1474.1,146.0,100.0
1781847442.93,ROCM_SMI,GPU_4,1474.1,145.0,100.0
1781847442.93,ROCM_SMI,GPU_5,1474.1,143.0,100.0
1781847442.93,ROCM_SMI,GPU_6,1474.1,141.0,100.0
1781847442.93,ROCM_SMI,GPU_7,1474.1,138.0,100.0
1781847445.13,ROCM_SMI,GPU_0,1474.1,147.0,83.0
1781847445.13,ROCM_SMI,GPU_1,1474.1,138.0,100.0
1781847445.13,ROCM_SMI,GPU_2,1474.1,143.0,100.0
1781847445.13,ROCM_SMI,GPU_3,1474.1,146.0,100.0
1781847445.13,ROCM_SMI,GPU_4,1474.1,140.0,100.0
1781847445.13,ROCM_SMI,GPU_5,1474.1,138.0,100.0
1781847445.13,ROCM_SMI,GPU_6,1474.1,144.0,100.0
1781847445.13,ROCM_SMI,GPU_7,1474.1,139.0,100.0
1781847447.33,ROCM_SMI,GPU_0,1474.1,139.0,100.0
1781847447.33,ROCM_SMI,GPU_1,1474.1,148.0,100.0
1781847447.33,ROCM_SMI,GPU_2,1474.1,154.0,100.0
1781847447.33,ROCM_SMI,GPU_3,1474.1,153.0,100.0
1781847447.33,ROCM_SMI,GPU_4,1474.1,156.0,100.0
1781847447.33,ROCM_SMI,GPU_5,1474.1,144.0,100.0
1781847447.33,ROCM_SMI,GPU_6,1474.1,138.0,100.0
1781847447.33,ROCM_SMI,GPU_7,1474.1,136.0,100.0
1781847449.52,ROCM_SMI,GPU_0,1474.1,149.0,100.0
1781847449.52,ROCM_SMI,GPU_1,1474.1,141.0,100.0
1781847449.52,ROCM_SMI,GPU_2,1474.1,144.0,100.0
1781847449.52,ROCM_SMI,GPU_3,1474.1,144.0,100.0
1781847449.52,ROCM_SMI,GPU_4,1474.1,145.0,100.0
1781847449.52,ROCM_SMI,GPU_5,1474.1,141.0,100.0
1781847449.52,ROCM_SMI,GPU_6,1474.1,142.0,100.0
1781847449.52,ROCM_SMI,GPU_7,1474.1,139.0,100.0
1781847451.71,ROCM_SMI,GPU_0,1474.1,148.0,100.0
1781847451.71,ROCM_SMI,GPU_1,1474.1,141.0,100.0
1781847451.71,ROCM_SMI,GPU_2,1474.1,142.0,100.0
1781847451.71,ROCM_SMI,GPU_3,1474.1,145.0,100.0
1781847451.71,ROCM_SMI,GPU_4,1474.1,141.0,100.0
1781847451.71,ROCM_SMI,GPU_5,1474.1,137.0,100.0
1781847451.71,ROCM_SMI,GPU_6,1474.1,144.0,100.0
1781847451.71,ROCM_SMI,GPU_7,1474.1,139.0,100.0
1781847453.91,ROCM_SMI,GPU_0,1474.1,144.0,86.0
1781847453.91,ROCM_SMI,GPU_1,1474.1,141.0,100.0
1781847453.91,ROCM_SMI,GPU_2,1474.1,145.0,100.0
1781847453.91,ROCM_SMI,GPU_3,1474.1,147.0,100.0
1781847453.91,ROCM_SMI,GPU_4,1474.1,142.0,100.0
1781847453.91,ROCM_SMI,GPU_5,1474.1,139.0,100.0
1781847453.91,ROCM_SMI,GPU_6,1474.1,140.0,100.0
1781847453.91,ROCM_SMI,GPU_7,1474.1,138.0,100.0
1781847456.10,ROCM_SMI,GPU_0,1474.1,148.0,85.0
1781847456.10,ROCM_SMI,GPU_1,1474.1,139.0,100.0
1781847456.10,ROCM_SMI,GPU_2,1474.1,143.0,100.0
1781847456.10,ROCM_SMI,GPU_3,1474.1,146.0,100.0
1781847456.10,ROCM_SMI,GPU_4,1474.1,143.0,100.0
1781847456.10,ROCM_SMI,GPU_5,1474.1,140.0,100.0
1781847456.10,ROCM_SMI,GPU_6,1474.1,143.0,100.0
1781847456.10,ROCM_SMI,GPU_7,1474.1,141.0,100.0
1781847458.29,ROCM_SMI,GPU_0,1474.1,144.0,84.0
1781847458.29,ROCM_SMI,GPU_1,1474.1,139.0,100.0
1781847458.29,ROCM_SMI,GPU_2,1474.1,145.0,100.0
1781847458.29,ROCM_SMI,GPU_3,1474.1,147.0,100.0
1781847458.29,ROCM_SMI,GPU_4,1474.1,143.0,100.0
1781847458.29,ROCM_SMI,GPU_5,1474.1,140.0,100.0
1781847458.29,ROCM_SMI,GPU_6,1474.1,140.0,100.0
1781847458.29,ROCM_SMI,GPU_7,1474.1,138.0,100.0
1781847460.48,ROCM_SMI,GPU_0,1474.1,144.0,100.0
1781847460.48,ROCM_SMI,GPU_1,1474.1,139.0,87.0
1781847460.48,ROCM_SMI,GPU_2,1474.1,144.0,100.0
1781847460.48,ROCM_SMI,GPU_3,1474.1,146.0,100.0
1781847460.48,ROCM_SMI,GPU_4,1474.1,148.0,100.0
1781847460.48,ROCM_SMI,GPU_5,1474.1,145.0,100.0
1781847460.48,ROCM_SMI,GPU_6,1474.1,140.0,100.0
1781847460.48,ROCM_SMI,GPU_7,1474.1,137.0,100.0
1781847462.68,ROCM_SMI,GPU_0,1474.1,150.0,100.0
1781847462.68,ROCM_SMI,GPU_1,1474.1,140.0,100.0
1781847462.68,ROCM_SMI,GPU_2,1474.1,142.0,84.0
1781847462.68,ROCM_SMI,GPU_3,1474.1,145.0,100.0
1781847462.68,ROCM_SMI,GPU_4,1474.1,143.0,100.0
1781847462.68,ROCM_SMI,GPU_5,1474.1,142.0,100.0
1781847462.68,ROCM_SMI,GPU_6,1474.1,143.0,100.0
1781847462.68,ROCM_SMI,GPU_7,1474.1,141.0,100.0
1781847464.87,ROCM_SMI,GPU_0,1474.1,148.0,100.0
1781847464.87,ROCM_SMI,GPU_1,1474.1,140.0,100.0
1781847464.87,ROCM_SMI,GPU_2,1474.1,141.0,87.0
1781847464.87,ROCM_SMI,GPU_3,1474.1,145.0,100.0
1781847464.87,ROCM_SMI,GPU_4,1474.1,140.0,100.0
1781847464.87,ROCM_SMI,GPU_5,1474.1,138.0,100.0
1781847464.87,ROCM_SMI,GPU_6,1474.1,144.0,100.0
1781847464.87,ROCM_SMI,GPU_7,1474.1,139.0,100.0
1781847467.06,ROCM_SMI,GPU_0,1474.1,148.0,100.0
1781847467.06,ROCM_SMI,GPU_1,1474.1,138.0,100.0
1781847467.06,ROCM_SMI,GPU_2,1474.1,141.0,100.0
1781847467.06,ROCM_SMI,GPU_3,1474.1,146.0,82.0
1781847467.06,ROCM_SMI,GPU_4,1474.1,138.0,100.0
1781847467.06,ROCM_SMI,GPU_5,1474.1,138.0,100.0
1781847467.06,ROCM_SMI,GPU_6,1474.1,143.0,100.0
1781847467.06,ROCM_SMI,GPU_7,1474.1,139.0,100.0
1781847469.26,ROCM_SMI,GPU_0,1474.1,145.0,100.0
1781847469.26,ROCM_SMI,GPU_1,1474.1,141.0,100.0
1781847469.26,ROCM_SMI,GPU_2,1474.1,147.0,100.0
1781847469.26,ROCM_SMI,GPU_3,1474.1,148.0,100.0
1781847469.26,ROCM_SMI,GPU_4,1474.1,141.0,100.0
1781847469.26,ROCM_SMI,GPU_5,1474.1,139.0,98.0
1781847469.26,ROCM_SMI,GPU_6,1474.1,138.0,100.0
1781847469.26,ROCM_SMI,GPU_7,1474.1,137.0,100.0
1781847471.46,ROCM_SMI,GPU_0,1474.1,146.0,100.0
1781847471.46,ROCM_SMI,GPU_1,1474.1,142.0,100.0
1781847471.46,ROCM_SMI,GPU_2,1474.1,147.0,100.0
1781847471.46,ROCM_SMI,GPU_3,1474.1,147.0,100.0
1781847471.46,ROCM_SMI,GPU_4,1474.1,143.0,100.0
1781847471.46,ROCM_SMI,GPU_5,1474.1,142.0,84.0
1781847471.46,ROCM_SMI,GPU_6,1474.1,139.0,100.0
1781847471.46,ROCM_SMI,GPU_7,1474.1,138.0,100.0
1781847473.65,ROCM_SMI,GPU_0,1474.1,145.0,100.0
1781847473.65,ROCM_SMI,GPU_1,1474.1,141.0,100.0
1781847473.65,ROCM_SMI,GPU_2,1474.1,147.0,100.0
1781847473.65,ROCM_SMI,GPU_3,1474.1,148.0,100.0
1781847473.65,ROCM_SMI,GPU_4,1474.1,143.0,100.0
1781847473.65,ROCM_SMI,GPU_5,1474.1,141.0,100.0
1781847473.65,ROCM_SMI,GPU_6,1474.1,138.0,89.0
1781847473.65,ROCM_SMI,GPU_7,1474.1,137.0,100.0
1781847475.85,ROCM_SMI,GPU_0,1474.1,151.0,100.0
1781847475.85,ROCM_SMI,GPU_1,1474.1,142.0,100.0
1781847475.85,ROCM_SMI,GPU_2,1474.1,146.0,100.0
1781847475.85,ROCM_SMI,GPU_3,1474.1,144.0,100.0
1781847475.85,ROCM_SMI,GPU_4,1474.1,145.0,100.0
1781847475.85,ROCM_SMI,GPU_5,1474.1,142.0,100.0
1781847475.85,ROCM_SMI,GPU_6,1474.1,139.0,88.0
1781847475.85,ROCM_SMI,GPU_7,1474.1,139.0,100.0
1781847478.04,ROCM_SMI,GPU_0,1474.1,150.0,100.0
1781847478.04,ROCM_SMI,GPU_1,1474.1,139.0,100.0
1781847478.04,ROCM_SMI,GPU_2,1474.1,143.0,100.0
1781847478.04,ROCM_SMI,GPU_3,1474.1,146.0,100.0
1781847478.04,ROCM_SMI,GPU_4,1474.1,140.0,100.0
1781847478.04,ROCM_SMI,GPU_5,1474.1,138.0,90.0
1781847478.04,ROCM_SMI,GPU_6,1474.1,145.0,99.0
1781847478.04,ROCM_SMI,GPU_7,1474.1,141.0,100.0
1781847480.23,ROCM_SMI,GPU_0,1474.1,145.0,100.0
1781847480.23,ROCM_SMI,GPU_1,1474.1,141.0,100.0
1781847480.23,ROCM_SMI,GPU_2,1474.1,146.0,100.0
1781847480.23,ROCM_SMI,GPU_3,1474.1,148.0,100.0
1781847480.23,ROCM_SMI,GPU_4,1474.1,142.0,100.0
1781847480.23,ROCM_SMI,GPU_5,1474.1,139.0,100.0
1781847480.23,ROCM_SMI,GPU_6,1474.1,141.0,90.0
1781847480.23,ROCM_SMI,GPU_7,1474.1,138.0,100.0
1781847482.42,ROCM_SMI,GPU_0,1474.1,148.0,100.0
1781847482.42,ROCM_SMI,GPU_1,1474.1,142.0,100.0
1781847482.42,ROCM_SMI,GPU_2,1474.1,146.0,100.0
1781847482.42,ROCM_SMI,GPU_3,1474.1,145.0,100.0
1781847482.42,ROCM_SMI,GPU_4,1474.1,145.0,100.0
1781847482.42,ROCM_SMI,GPU_5,1474.1,142.0,100.0
1781847482.42,ROCM_SMI,GPU_6,1474.1,141.0,100.0
1781847482.42,ROCM_SMI,GPU_7,1474.1,139.0,87.0
1781847484.62,ROCM_SMI,GPU_0,1474.1,150.0,100.0
1781847484.62,ROCM_SMI,GPU_1,1474.1,140.0,100.0
1781847484.62,ROCM_SMI,GPU_2,1474.1,142.0,100.0
1781847484.62,ROCM_SMI,GPU_3,1474.1,147.0,100.0
1781847484.62,ROCM_SMI,GPU_4,1474.1,141.0,100.0
1781847484.62,ROCM_SMI,GPU_5,1474.1,138.0,100.0
1781847484.62,ROCM_SMI,GPU_6,1474.1,144.0,100.0
1781847484.62,ROCM_SMI,GPU_7,1474.1,139.0,82.0
1781847486.81,ROCM_SMI,GPU_0,1474.1,148.0,100.0
1781847486.81,ROCM_SMI,GPU_1,1474.1,139.0,100.0
1781847486.81,ROCM_SMI,GPU_2,1474.1,142.0,100.0
1781847486.81,ROCM_SMI,GPU_3,1474.1,146.0,100.0
1781847486.81,ROCM_SMI,GPU_4,1474.1,139.0,100.0
1781847486.81,ROCM_SMI,GPU_5,1474.1,137.0,100.0
1781847486.81,ROCM_SMI,GPU_6,1474.1,143.0,100.0
1781847486.81,ROCM_SMI,GPU_7,1474.1,140.0,100.0
1781847489.00,ROCM_SMI,GPU_0,1474.1,145.0,100.0
1781847489.00,ROCM_SMI,GPU_1,1474.1,144.0,100.0
1781847489.00,ROCM_SMI,GPU_2,1474.1,146.0,100.0
1781847489.00,ROCM_SMI,GPU_3,1474.1,146.0,100.0
1781847489.00,ROCM_SMI,GPU_4,1474.1,143.0,100.0
1781847489.00,ROCM_SMI,GPU_5,1474.1,140.0,100.0
1781847489.00,ROCM_SMI,GPU_6,1474.1,141.0,100.0
1781847489.00,ROCM_SMI,GPU_7,1474.1,140.0,100.0
1781847491.19,ROCM_SMI,GPU_0,1474.1,143.0,85.0
1781847491.19,ROCM_SMI,GPU_1,1474.1,139.0,100.0
1781847491.19,ROCM_SMI,GPU_2,1474.1,145.0,100.0
1781847491.19,ROCM_SMI,GPU_3,1474.1,148.0,100.0
1781847491.19,ROCM_SMI,GPU_4,1474.1,142.0,100.0
1781847491.19,ROCM_SMI,GPU_5,1474.1,139.0,100.0
1781847491.19,ROCM_SMI,GPU_6,1474.1,139.0,100.0
1781847491.19,ROCM_SMI,GPU_7,1474.1,139.0,100.0
1781847493.38,ROCM_SMI,GPU_0,1474.1,145.0,100.0
1781847493.38,ROCM_SMI,GPU_1,1474.1,139.0,83.0
1781847493.38,ROCM_SMI,GPU_2,1474.1,147.0,100.0
1781847493.38,ROCM_SMI,GPU_3,1474.1,147.0,100.0
1781847493.38,ROCM_SMI,GPU_4,1474.1,144.0,100.0
1781847493.38,ROCM_SMI,GPU_5,1474.1,142.0,100.0
1781847493.38,ROCM_SMI,GPU_6,1474.1,139.0,100.0
1781847493.38,ROCM_SMI,GPU_7,1474.1,137.0,100.0
1781847495.58,ROCM_SMI,GPU_0,1474.1,146.0,100.0
1781847495.58,ROCM_SMI,GPU_1,1474.1,140.0,100.0
1781847495.58,ROCM_SMI,GPU_2,1474.1,146.0,100.0
1781847495.58,ROCM_SMI,GPU_3,1474.1,143.0,82.0
1781847495.58,ROCM_SMI,GPU_4,1474.1,144.0,100.0
1781847495.58,ROCM_SMI,GPU_5,1474.1,142.0,100.0
1781847495.58,ROCM_SMI,GPU_6,1474.1,140.0,100.0
1781847495.58,ROCM_SMI,GPU_7,1474.1,140.0,100.0
1781847497.77,ROCM_SMI,GPU_0,1474.1,149.0,100.0
1781847497.77,ROCM_SMI,GPU_1,1474.1,143.0,100.0
1781847497.77,ROCM_SMI,GPU_2,1474.1,148.0,100.0
1781847497.77,ROCM_SMI,GPU_3,1474.1,146.0,100.0
1781847497.77,ROCM_SMI,GPU_4,1474.1,144.0,81.0
1781847497.77,ROCM_SMI,GPU_5,1474.1,142.0,100.0
1781847497.77,ROCM_SMI,GPU_6,1474.1,141.0,100.0
1781847497.77,ROCM_SMI,GPU_7,1474.1,140.0,100.0
1781847499.96,ROCM_SMI,GPU_0,1474.1,151.0,100.0
1781847499.96,ROCM_SMI,GPU_1,1474.1,142.0,100.0
1781847499.96,ROCM_SMI,GPU_2,1474.1,145.0,100.0
1781847499.96,ROCM_SMI,GPU_3,1474.1,146.0,100.0
1781847499.96,ROCM_SMI,GPU_4,1474.1,146.0,100.0
1781847499.96,ROCM_SMI,GPU_5,1474.1,143.0,88.0
1781847499.96,ROCM_SMI,GPU_6,1474.1,143.0,100.0
1781847499.96,ROCM_SMI,GPU_7,1474.1,140.0,100.0
1781847502.15,ROCM_SMI,GPU_0,1474.1,149.0,100.0
1781847502.15,ROCM_SMI,GPU_1,1474.1,141.0,100.0
1781847502.15,ROCM_SMI,GPU_2,1474.1,142.0,100.0
1781847502.15,ROCM_SMI,GPU_3,1474.1,149.0,100.0
1781847502.15,ROCM_SMI,GPU_4,1474.1,139.0,100.0
1781847502.15,ROCM_SMI,GPU_5,1474.1,136.0,100.0
1781847502.15,ROCM_SMI,GPU_6,1474.1,142.0,88.0
1781847502.15,ROCM_SMI,GPU_7,1474.1,139.0,100.0
1781847504.35,ROCM_SMI,GPU_0,1474.1,154.0,100.0
1781847504.35,ROCM_SMI,GPU_1,1474.1,140.0,100.0
1781847504.35,ROCM_SMI,GPU_2,1474.1,143.0,100.0
1781847504.35,ROCM_SMI,GPU_3,1474.1,143.0,100.0
1781847504.35,ROCM_SMI,GPU_4,1474.1,136.0,100.0
1781847504.35,ROCM_SMI,GPU_5,1474.1,134.0,100.0
1781847504.35,ROCM_SMI,GPU_6,1474.1,134.0,87.0
1781847504.35,ROCM_SMI,GPU_7,1474.1,135.0,100.0
1781847506.54,ROCM_SMI,GPU_0,1474.1,148.0,100.0
1781847506.54,ROCM_SMI,GPU_1,1474.1,141.0,100.0
1781847506.54,ROCM_SMI,GPU_2,1474.1,147.0,100.0
1781847506.54,ROCM_SMI,GPU_3,1474.1,146.0,100.0
1781847506.54,ROCM_SMI,GPU_4,1474.1,146.0,100.0
1781847506.54,ROCM_SMI,GPU_5,1474.1,144.0,100.0
1781847506.54,ROCM_SMI,GPU_6,1474.1,139.0,100.0
1781847506.54,ROCM_SMI,GPU_7,1474.1,139.0,100.0
1781847508.74,ROCM_SMI,GPU_0,1474.1,149.0,100.0
1781847508.74,ROCM_SMI,GPU_1,1474.1,141.0,100.0
1781847508.74,ROCM_SMI,GPU_2,1474.1,142.0,100.0
1781847508.74,ROCM_SMI,GPU_3,1474.1,146.0,100.0
1781847508.74,ROCM_SMI,GPU_4,1474.1,145.0,100.0
1781847508.74,ROCM_SMI,GPU_5,1474.1,142.0,100.0
1781847508.74,ROCM_SMI,GPU_6,1474.1,144.0,100.0
1781847508.74,ROCM_SMI,GPU_7,1474.1,140.0,88.0
1781847510.93,ROCM_SMI,GPU_0,1474.1,145.0,100.0
1781847510.93,ROCM_SMI,GPU_1,1474.1,140.0,100.0
1781847510.93,ROCM_SMI,GPU_2,1474.1,145.0,100.0
1781847510.93,ROCM_SMI,GPU_3,1474.1,146.0,100.0
1781847510.93,ROCM_SMI,GPU_4,1474.1,141.0,100.0
1781847510.93,ROCM_SMI,GPU_5,1474.1,139.0,100.0
1781847510.93,ROCM_SMI,GPU_6,1474.1,140.0,100.0
1781847510.93,ROCM_SMI,GPU_7,1474.1,138.0,79.0
1781847513.12,ROCM_SMI,GPU_0,1474.1,151.0,100.0
1781847513.12,ROCM_SMI,GPU_1,1474.1,141.0,100.0
1781847513.12,ROCM_SMI,GPU_2,1474.1,142.0,100.0
1781847513.12,ROCM_SMI,GPU_3,1474.1,146.0,100.0
1781847513.12,ROCM_SMI,GPU_4,1474.1,142.0,100.0
1781847513.12,ROCM_SMI,GPU_5,1474.1,139.0,100.0
1781847513.12,ROCM_SMI,GPU_6,1474.1,145.0,100.0
1781847513.12,ROCM_SMI,GPU_7,1474.1,139.0,81.0
1781847515.31,ROCM_SMI,GPU_0,1474.1,146.0,100.0
1781847515.31,ROCM_SMI,GPU_1,1474.1,142.0,100.0
1781847515.31,ROCM_SMI,GPU_2,1474.1,145.0,100.0
1781847515.31,ROCM_SMI,GPU_3,1474.1,147.0,100.0
1781847515.31,ROCM_SMI,GPU_4,1474.1,141.0,100.0
1781847515.31,ROCM_SMI,GPU_5,1474.1,140.0,100.0
1781847515.31,ROCM_SMI,GPU_6,1474.1,140.0,100.0
1781847515.31,ROCM_SMI,GPU_7,1474.1,138.0,100.0
1781847517.51,ROCM_SMI,GPU_0,1474.1,153.0,100.0
1781847517.51,ROCM_SMI,GPU_1,1474.1,141.0,100.0
1781847517.51,ROCM_SMI,GPU_2,1474.1,144.0,100.0
1781847517.51,ROCM_SMI,GPU_3,1474.1,145.0,100.0
1781847517.51,ROCM_SMI,GPU_4,1474.1,145.0,100.0
1781847517.51,ROCM_SMI,GPU_5,1474.1,143.0,100.0
1781847517.51,ROCM_SMI,GPU_6,1474.1,142.0,100.0
1781847517.51,ROCM_SMI,GPU_7,1474.1,137.0,89.0
1781847519.70,ROCM_SMI,GPU_0,1474.1,149.0,100.0
1781847519.70,ROCM_SMI,GPU_1,1474.1,140.0,100.0
1781847519.70,ROCM_SMI,GPU_2,1474.1,143.0,100.0
1781847519.70,ROCM_SMI,GPU_3,1474.1,147.0,100.0
1781847519.70,ROCM_SMI,GPU_4,1474.1,141.0,100.0
1781847519.70,ROCM_SMI,GPU_5,1474.1,137.0,100.0
1781847519.70,ROCM_SMI,GPU_6,1474.1,144.0,100.0
1781847519.70,ROCM_SMI,GPU_7,1474.1,140.0,100.0
1781847521.89,ROCM_SMI,GPU_0,1474.1,150.0,100.0
1781847521.89,ROCM_SMI,GPU_1,1474.1,139.0,100.0
1781847521.89,ROCM_SMI,GPU_2,1474.1,142.0,100.0
1781847521.89,ROCM_SMI,GPU_3,1474.1,148.0,100.0
1781847521.89,ROCM_SMI,GPU_4,1474.1,139.0,100.0
1781847521.89,ROCM_SMI,GPU_5,1474.1,138.0,100.0
1781847521.89,ROCM_SMI,GPU_6,1474.1,144.0,100.0
1781847521.89,ROCM_SMI,GPU_7,1474.1,140.0,100.0
1781847524.08,ROCM_SMI,GPU_0,1474.1,148.0,84.0
1781847524.08,ROCM_SMI,GPU_1,1474.1,139.0,100.0
1781847524.08,ROCM_SMI,GPU_2,1474.1,142.0,100.0
1781847524.08,ROCM_SMI,GPU_3,1474.1,146.0,100.0
1781847524.08,ROCM_SMI,GPU_4,1474.1,139.0,100.0
1781847524.08,ROCM_SMI,GPU_5,1474.1,136.0,100.0
1781847524.08,ROCM_SMI,GPU_6,1474.1,144.0,100.0
1781847524.08,ROCM_SMI,GPU_7,1474.1,139.0,100.0
1781847526.28,ROCM_SMI,GPU_0,1474.1,144.0,82.0
1781847526.28,ROCM_SMI,GPU_1,1474.1,139.0,100.0
1781847526.28,ROCM_SMI,GPU_2,1474.1,145.0,100.0
1781847526.28,ROCM_SMI,GPU_3,1474.1,146.0,100.0
1781847526.28,ROCM_SMI,GPU_4,1474.1,142.0,100.0
1781847526.28,ROCM_SMI,GPU_5,1474.1,139.0,100.0
1781847526.28,ROCM_SMI,GPU_6,1474.1,140.0,100.0
1781847526.28,ROCM_SMI,GPU_7,1474.1,138.0,100.0
1781847528.47,ROCM_SMI,GPU_0,1474.1,145.0,100.0
1781847528.47,ROCM_SMI,GPU_1,1474.1,141.0,82.0
1781847528.47,ROCM_SMI,GPU_2,1474.1,147.0,100.0
1781847528.47,ROCM_SMI,GPU_3,1474.1,146.0,100.0
1781847528.47,ROCM_SMI,GPU_4,1474.1,144.0,100.0
1781847528.47,ROCM_SMI,GPU_5,1474.1,143.0,100.0
1781847528.47,ROCM_SMI,GPU_6,1474.1,138.0,100.0
1781847528.47,ROCM_SMI,GPU_7,1474.1,137.0,100.0
1781847530.67,ROCM_SMI,GPU_0,1474.1,150.0,100.0
1781847530.67,ROCM_SMI,GPU_1,1474.1,138.0,84.0
1781847530.67,ROCM_SMI,GPU_2,1474.1,137.0,100.0
1781847530.67,ROCM_SMI,GPU_3,1474.1,145.0,100.0
1781847530.67,ROCM_SMI,GPU_4,1474.1,146.0,100.0
1781847530.67,ROCM_SMI,GPU_5,1474.1,141.0,100.0
1781847530.67,ROCM_SMI,GPU_6,1474.1,145.0,100.0
1781847530.67,ROCM_SMI,GPU_7,1474.1,139.0,100.0
1781847532.86,ROCM_SMI,GPU_0,1474.1,149.0,100.0
1781847532.86,ROCM_SMI,GPU_1,1474.1,138.0,100.0
1781847532.86,ROCM_SMI,GPU_2,1474.1,141.0,84.0
1781847532.86,ROCM_SMI,GPU_3,1474.1,144.0,100.0
1781847532.86,ROCM_SMI,GPU_4,1474.1,140.0,91.0
1781847532.86,ROCM_SMI,GPU_5,1474.1,139.0,100.0
1781847532.86,ROCM_SMI,GPU_6,1474.1,144.0,100.0
1781847532.86,ROCM_SMI,GPU_7,1474.1,139.0,100.0
1781847535.05,ROCM_SMI,GPU_0,1474.1,146.0,100.0
1781847535.05,ROCM_SMI,GPU_1,1474.1,138.0,100.0
1781847535.05,ROCM_SMI,GPU_2,1474.1,142.0,87.0
1781847535.05,ROCM_SMI,GPU_3,1474.1,144.0,100.0
1781847535.05,ROCM_SMI,GPU_4,1474.1,139.0,100.0
1781847535.05,ROCM_SMI,GPU_5,1474.1,138.0,100.0
1781847535.05,ROCM_SMI,GPU_6,1474.1,142.0,100.0
1781847535.05,ROCM_SMI,GPU_7,1474.1,139.0,100.0
1781847537.25,ROCM_SMI,GPU_0,1474.1,145.0,100.0
1781847537.25,ROCM_SMI,GPU_1,1474.1,140.0,100.0
1781847537.25,ROCM_SMI,GPU_2,1474.1,146.0,100.0
1781847537.25,ROCM_SMI,GPU_3,1474.1,145.0,97.0
1781847537.25,ROCM_SMI,GPU_4,1474.1,142.0,96.0
1781847537.25,ROCM_SMI,GPU_5,1474.1,141.0,100.0
1781847537.25,ROCM_SMI,GPU_6,1474.1,140.0,100.0
1781847537.25,ROCM_SMI,GPU_7,1474.1,139.0,100.0
1781847539.44,ROCM_SMI,GPU_0,1474.1,146.0,100.0
1781847539.44,ROCM_SMI,GPU_1,1474.1,141.0,100.0
1781847539.44,ROCM_SMI,GPU_2,1474.1,146.0,100.0
1781847539.44,ROCM_SMI,GPU_3,1474.1,147.0,100.0
1781847539.44,ROCM_SMI,GPU_4,1474.1,140.0,100.0
1781847539.44,ROCM_SMI,GPU_5,1474.1,138.0,84.0
1781847539.44,ROCM_SMI,GPU_6,1474.1,141.0,98.0
1781847539.44,ROCM_SMI,GPU_7,1474.1,139.0,100.0
1781847541.63,ROCM_SMI,GPU_0,1474.1,146.0,100.0
1781847541.63,ROCM_SMI,GPU_1,1474.1,141.0,100.0
1781847541.63,ROCM_SMI,GPU_2,1474.1,146.0,100.0
1781847541.63,ROCM_SMI,GPU_3,1474.1,148.0,100.0
1781847541.63,ROCM_SMI,GPU_4,1474.1,142.0,100.0
1781847541.63,ROCM_SMI,GPU_5,1474.1,139.0,100.0
1781847541.63,ROCM_SMI,GPU_6,1474.1,140.0,100.0
1781847541.63,ROCM_SMI,GPU_7,1474.1,138.0,82.0
1781847543.82,ROCM_SMI,GPU_0,1474.1,145.0,100.0
1781847543.82,ROCM_SMI,GPU_1,1474.1,144.0,100.0
1781847543.82,ROCM_SMI,GPU_2,1474.1,149.0,100.0
1781847543.82,ROCM_SMI,GPU_3,1474.1,149.0,100.0
1781847543.82,ROCM_SMI,GPU_4,1474.1,144.0,100.0
1781847543.82,ROCM_SMI,GPU_5,1474.1,142.0,100.0
1781847543.82,ROCM_SMI,GPU_6,1474.1,139.0,100.0
1781847543.82,ROCM_SMI,GPU_7,1474.1,136.0,100.0
1781847546.02,ROCM_SMI,GPU_0,1474.1,149.0,100.0
1781847546.02,ROCM_SMI,GPU_1,1474.1,140.0,100.0
1781847546.02,ROCM_SMI,GPU_2,1474.1,142.0,100.0
1781847546.02,ROCM_SMI,GPU_3,1474.1,143.0,100.0
1781847546.02,ROCM_SMI,GPU_4,1474.1,142.0,100.0
1781847546.02,ROCM_SMI,GPU_5,1474.1,138.0,100.0
1781847546.02,ROCM_SMI,GPU_6,1474.1,144.0,100.0
1781847546.02,ROCM_SMI,GPU_7,1474.1,140.0,100.0
1781847548.21,ROCM_SMI,GPU_0,1474.1,148.0,100.0
1781847548.21,ROCM_SMI,GPU_1,1474.1,139.0,100.0
1781847548.21,ROCM_SMI,GPU_2,1474.1,143.0,100.0
1781847548.21,ROCM_SMI,GPU_3,1474.1,148.0,100.0
1781847548.21,ROCM_SMI,GPU_4,1474.1,139.0,100.0
1781847548.21,ROCM_SMI,GPU_5,1474.1,138.0,100.0
1781847548.21,ROCM_SMI,GPU_6,1474.1,143.0,100.0
1781847548.21,ROCM_SMI,GPU_7,1474.1,139.0,100.0
1781847550.40,ROCM_SMI,GPU_0,1474.1,145.0,100.0
1781847550.40,ROCM_SMI,GPU_1,1474.1,140.0,100.0
1781847550.40,ROCM_SMI,GPU_2,1474.1,146.0,100.0
1781847550.40,ROCM_SMI,GPU_3,1474.1,147.0,100.0
1781847550.40,ROCM_SMI,GPU_4,1474.1,140.0,100.0
1781847550.40,ROCM_SMI,GPU_5,1474.1,140.0,100.0
1781847550.40,ROCM_SMI,GPU_6,1474.1,140.0,100.0
1781847550.40,ROCM_SMI,GPU_7,1474.1,139.0,100.0
1781847552.59,ROCM_SMI,GPU_0,1474.1,146.0,100.0
1781847552.59,ROCM_SMI,GPU_1,1474.1,141.0,100.0
1781847552.59,ROCM_SMI,GPU_2,1474.1,147.0,100.0
1781847552.59,ROCM_SMI,GPU_3,1474.1,146.0,100.0
1781847552.59,ROCM_SMI,GPU_4,1474.1,145.0,100.0
1781847552.59,ROCM_SMI,GPU_5,1474.1,143.0,100.0
1781847552.59,ROCM_SMI,GPU_6,1474.1,141.0,100.0
1781847552.59,ROCM_SMI,GPU_7,1474.1,138.0,100.0
1781847554.79,ROCM_SMI,GPU_0,1474.1,149.0,90.0
1781847554.79,ROCM_SMI,GPU_1,1474.1,140.0,100.0
1781847554.79,ROCM_SMI,GPU_2,1474.1,142.0,100.0
1781847554.79,ROCM_SMI,GPU_3,1474.1,147.0,100.0
1781847554.79,ROCM_SMI,GPU_4,1474.1,141.0,100.0
1781847554.79,ROCM_SMI,GPU_5,1474.1,138.0,100.0
1781847554.79,ROCM_SMI,GPU_6,1474.1,145.0,100.0
1781847554.79,ROCM_SMI,GPU_7,1474.1,140.0,100.0
1781847556.98,ROCM_SMI,GPU_0,1474.1,144.0,100.0
1781847556.98,ROCM_SMI,GPU_1,1474.1,138.0,87.0
1781847556.98,ROCM_SMI,GPU_2,1474.1,144.0,100.0
1781847556.98,ROCM_SMI,GPU_3,1474.1,147.0,100.0
1781847556.98,ROCM_SMI,GPU_4,1474.1,142.0,100.0
1781847556.98,ROCM_SMI,GPU_5,1474.1,139.0,100.0
1781847556.98,ROCM_SMI,GPU_6,1474.1,140.0,100.0
1781847556.98,ROCM_SMI,GPU_7,1474.1,139.0,100.0
1781847559.18,ROCM_SMI,GPU_0,1474.1,148.0,100.0
1781847559.18,ROCM_SMI,GPU_1,1474.1,141.0,100.0
1781847559.18,ROCM_SMI,GPU_2,1474.1,145.0,100.0
1781847559.18,ROCM_SMI,GPU_3,1474.1,146.0,100.0
1781847559.18,ROCM_SMI,GPU_4,1474.1,145.0,100.0
1781847559.18,ROCM_SMI,GPU_5,1474.1,142.0,100.0
1781847559.18,ROCM_SMI,GPU_6,1474.1,143.0,100.0
1781847559.18,ROCM_SMI,GPU_7,1474.1,141.0,100.0
1781847561.37,ROCM_SMI,GPU_0,1474.1,146.0,100.0
1781847561.37,ROCM_SMI,GPU_1,1474.1,140.0,100.0
1781847561.37,ROCM_SMI,GPU_2,1474.1,142.0,100.0
1781847561.37,ROCM_SMI,GPU_3,1474.1,145.0,100.0
1781847561.37,ROCM_SMI,GPU_4,1474.1,141.0,100.0
1781847561.37,ROCM_SMI,GPU_5,1474.1,138.0,100.0
1781847561.37,ROCM_SMI,GPU_6,1474.1,143.0,100.0
1781847561.37,ROCM_SMI,GPU_7,1474.1,139.0,100.0
1781847563.56,ROCM_SMI,GPU_0,1474.1,144.0,85.0
1781847563.56,ROCM_SMI,GPU_1,1474.1,139.0,100.0
1781847563.56,ROCM_SMI,GPU_2,1474.1,146.0,100.0
1781847563.56,ROCM_SMI,GPU_3,1474.1,146.0,100.0
1781847563.56,ROCM_SMI,GPU_4,1474.1,143.0,100.0
1781847563.56,ROCM_SMI,GPU_5,1474.1,142.0,100.0
1781847563.56,ROCM_SMI,GPU_6,1474.1,140.0,100.0
1781847563.56,ROCM_SMI,GPU_7,1474.1,139.0,100.0
1781847565.76,ROCM_SMI,GPU_0,1474.1,148.0,100.0
1781847565.76,ROCM_SMI,GPU_1,1474.1,140.0,88.0
1781847565.76,ROCM_SMI,GPU_2,1474.1,143.0,100.0
1781847565.76,ROCM_SMI,GPU_3,1474.1,145.0,100.0
1781847565.76,ROCM_SMI,GPU_4,1474.1,144.0,100.0
1781847565.76,ROCM_SMI,GPU_5,1474.1,141.0,100.0
1781847565.76,ROCM_SMI,GPU_6,1474.1,143.0,100.0
1781847565.76,ROCM_SMI,GPU_7,1474.1,138.0,100.0
1781847567.95,ROCM_SMI,GPU_0,1474.1,148.0,90.0
1781847567.95,ROCM_SMI,GPU_1,1474.1,138.0,100.0
1781847567.95,ROCM_SMI,GPU_2,1474.1,141.0,100.0
1781847567.95,ROCM_SMI,GPU_3,1474.1,145.0,100.0
1781847567.95,ROCM_SMI,GPU_4,1474.1,140.0,100.0
1781847567.95,ROCM_SMI,GPU_5,1474.1,137.0,100.0
1781847567.95,ROCM_SMI,GPU_6,1474.1,144.0,100.0
1781847567.95,ROCM_SMI,GPU_7,1474.1,138.0,100.0
1781847570.14,ROCM_SMI,GPU_0,1474.1,145.0,100.0
1781847570.14,ROCM_SMI,GPU_1,1474.1,139.0,100.0
1781847570.14,ROCM_SMI,GPU_2,1474.1,142.0,85.0
1781847570.14,ROCM_SMI,GPU_3,1474.1,145.0,100.0
1781847570.14,ROCM_SMI,GPU_4,1474.1,140.0,100.0
1781847570.14,ROCM_SMI,GPU_5,1474.1,138.0,100.0
1781847570.14,ROCM_SMI,GPU_6,1474.1,140.0,100.0
1781847570.14,ROCM_SMI,GPU_7,1474.1,139.0,100.0
1781847572.34,ROCM_SMI,GPU_0,1474.1,146.0,100.0
1781847572.34,ROCM_SMI,GPU_1,1474.1,143.0,100.0
1781847572.34,ROCM_SMI,GPU_2,1474.1,145.0,100.0
1781847572.34,ROCM_SMI,GPU_3,1474.1,143.0,83.0
1781847572.34,ROCM_SMI,GPU_4,1474.1,141.0,100.0
1781847572.34,ROCM_SMI,GPU_5,1474.1,142.0,100.0
1781847572.34,ROCM_SMI,GPU_6,1474.1,140.0,100.0
1781847572.34,ROCM_SMI,GPU_7,1474.1,139.0,100.0
1781847574.53,ROCM_SMI,GPU_0,1474.1,144.0,100.0
1781847574.53,ROCM_SMI,GPU_1,1474.1,137.0,100.0
1781847574.53,ROCM_SMI,GPU_2,1474.1,140.0,100.0
1781847574.53,ROCM_SMI,GPU_3,1474.1,140.0,82.0
1781847574.53,ROCM_SMI,GPU_4,1474.1,141.0,100.0
1781847574.53,ROCM_SMI,GPU_5,1474.1,147.0,100.0
1781847574.53,ROCM_SMI,GPU_6,1474.1,155.0,100.0
1781847574.53,ROCM_SMI,GPU_7,1474.1,146.0,100.0
1781847576.72,ROCM_SMI,GPU_0,1474.1,152.0,100.0
1781847576.72,ROCM_SMI,GPU_1,1474.1,142.0,100.0
1781847576.72,ROCM_SMI,GPU_2,1474.1,144.0,100.0
1781847576.72,ROCM_SMI,GPU_3,1474.1,144.0,100.0
1781847576.72,ROCM_SMI,GPU_4,1474.1,144.0,81.0
1781847576.72,ROCM_SMI,GPU_5,1474.1,140.0,100.0
1781847576.72,ROCM_SMI,GPU_6,1474.1,143.0,100.0
1781847576.72,ROCM_SMI,GPU_7,1474.1,139.0,100.0
1781847578.92,ROCM_SMI,GPU_0,1474.1,147.0,100.0
1781847578.92,ROCM_SMI,GPU_1,1474.1,141.0,100.0
1781847578.92,ROCM_SMI,GPU_2,1474.1,144.0,100.0
1781847578.92,ROCM_SMI,GPU_3,1474.1,148.0,100.0
1781847578.92,ROCM_SMI,GPU_4,1474.1,140.0,100.0
1781847578.92,ROCM_SMI,GPU_5,1474.1,137.0,87.0
1781847578.92,ROCM_SMI,GPU_6,1474.1,141.0,100.0
1781847578.92,ROCM_SMI,GPU_7,1474.1,139.0,100.0
1781847581.11,ROCM_SMI,GPU_0,1474.1,148.0,100.0
1781847581.11,ROCM_SMI,GPU_1,1474.1,142.0,100.0
1781847581.11,ROCM_SMI,GPU_2,1474.1,148.0,100.0
1781847581.11,ROCM_SMI,GPU_3,1474.1,147.0,100.0
1781847581.11,ROCM_SMI,GPU_4,1474.1,146.0,100.0
1781847581.11,ROCM_SMI,GPU_5,1474.1,144.0,87.0
1781847581.11,ROCM_SMI,GPU_6,1474.1,140.0,98.0
1781847581.11,ROCM_SMI,GPU_7,1474.1,138.0,100.0
1781847583.30,ROCM_SMI,GPU_0,1474.1,151.0,100.0
1781847583.30,ROCM_SMI,GPU_1,1474.1,140.0,100.0
1781847583.30,ROCM_SMI,GPU_2,1474.1,142.0,100.0
1781847583.30,ROCM_SMI,GPU_3,1474.1,145.0,100.0
1781847583.30,ROCM_SMI,GPU_4,1474.1,141.0,100.0
1781847583.30,ROCM_SMI,GPU_5,1474.1,139.0,100.0
1781847583.30,ROCM_SMI,GPU_6,1474.1,144.0,86.0
1781847583.30,ROCM_SMI,GPU_7,1474.1,140.0,100.0
1781847585.49,ROCM_SMI,GPU_0,1474.1,150.0,100.0
1781847585.49,ROCM_SMI,GPU_1,1474.1,140.0,100.0
1781847585.49,ROCM_SMI,GPU_2,1474.1,140.0,100.0
1781847585.49,ROCM_SMI,GPU_3,1474.1,147.0,100.0
1781847585.49,ROCM_SMI,GPU_4,1474.1,140.0,100.0
1781847585.49,ROCM_SMI,GPU_5,1474.1,137.0,100.0
1781847585.49,ROCM_SMI,GPU_6,1474.1,143.0,100.0
1781847585.49,ROCM_SMI,GPU_7,1474.1,138.0,81.0
1781847587.69,ROCM_SMI,GPU_0,1474.1,143.0,100.0
1781847587.69,ROCM_SMI,GPU_1,1474.1,139.0,100.0
1781847587.69,ROCM_SMI,GPU_2,1474.1,145.0,100.0
1781847587.69,ROCM_SMI,GPU_3,1474.1,146.0,100.0
1781847587.69,ROCM_SMI,GPU_4,1474.1,141.0,100.0
1781847587.69,ROCM_SMI,GPU_5,1474.1,139.0,100.0
1781847587.69,ROCM_SMI,GPU_6,1474.1,141.0,100.0
1781847587.69,ROCM_SMI,GPU_7,1474.1,138.0,100.0
1781847589.88,ROCM_SMI,GPU_0,1474.1,145.0,100.0
1781847589.88,ROCM_SMI,GPU_1,1474.1,140.0,100.0
1781847589.88,ROCM_SMI,GPU_2,1474.1,146.0,100.0
1781847589.88,ROCM_SMI,GPU_3,1474.1,146.0,100.0
1781847589.88,ROCM_SMI,GPU_4,1474.1,142.0,100.0
1781847589.88,ROCM_SMI,GPU_5,1474.1,140.0,100.0
1781847589.88,ROCM_SMI,GPU_6,1474.1,140.0,100.0
1781847589.88,ROCM_SMI,GPU_7,1474.1,138.0,100.0
1781847592.07,ROCM_SMI,GPU_0,1474.1,145.0,100.0
1781847592.07,ROCM_SMI,GPU_1,1474.1,141.0,100.0
1781847592.07,ROCM_SMI,GPU_2,1474.1,147.0,100.0
1781847592.07,ROCM_SMI,GPU_3,1474.1,146.0,100.0
1781847592.07,ROCM_SMI,GPU_4,1474.1,144.0,100.0
1781847592.07,ROCM_SMI,GPU_5,1474.1,142.0,100.0
1781847592.07,ROCM_SMI,GPU_6,1474.1,140.0,100.0
1781847592.07,ROCM_SMI,GPU_7,1474.1,138.0,100.0
1781847594.26,ROCM_SMI,GPU_0,1474.1,146.0,100.0
1781847594.26,ROCM_SMI,GPU_1,1474.1,139.0,100.0
1781847594.26,ROCM_SMI,GPU_2,1474.1,145.0,100.0
1781847594.26,ROCM_SMI,GPU_3,1474.1,145.0,100.0
1781847594.26,ROCM_SMI,GPU_4,1474.1,145.0,100.0
1781847594.26,ROCM_SMI,GPU_5,1474.1,143.0,100.0
1781847594.26,ROCM_SMI,GPU_6,1474.1,141.0,100.0
1781847594.26,ROCM_SMI,GPU_7,1474.1,138.0,100.0
1781847596.45,ROCM_SMI,GPU_0,1474.1,149.0,100.0
1781847596.45,ROCM_SMI,GPU_1,1474.1,141.0,100.0
1781847596.45,ROCM_SMI,GPU_2,1474.1,143.0,84.0
1781847596.45,ROCM_SMI,GPU_3,1474.1,143.0,100.0
1781847596.45,ROCM_SMI,GPU_4,1474.1,143.0,100.0
1781847596.45,ROCM_SMI,GPU_5,1474.1,141.0,100.0
1781847596.45,ROCM_SMI,GPU_6,1474.1,143.0,100.0
1781847596.45,ROCM_SMI,GPU_7,1474.1,139.0,100.0
1781847598.65,ROCM_SMI,GPU_0,1474.1,150.0,100.0
1781847598.65,ROCM_SMI,GPU_1,1474.1,140.0,100.0
1781847598.65,ROCM_SMI,GPU_2,1474.1,142.0,100.0
1781847598.65,ROCM_SMI,GPU_3,1474.1,144.0,88.0
1781847598.65,ROCM_SMI,GPU_4,1474.1,141.0,100.0
1781847598.65,ROCM_SMI,GPU_5,1474.1,138.0,100.0
1781847598.65,ROCM_SMI,GPU_6,1474.1,145.0,100.0
1781847598.65,ROCM_SMI,GPU_7,1474.1,139.0,100.0
1781847600.85,ROCM_SMI,GPU_0,1474.1,143.0,100.0
1781847600.85,ROCM_SMI,GPU_1,1474.1,135.0,100.0
1781847600.85,ROCM_SMI,GPU_2,1474.1,134.0,84.0
1781847600.85,ROCM_SMI,GPU_3,1474.1,146.0,100.0
1781847600.85,ROCM_SMI,GPU_4,1474.1,150.0,100.0
1781847600.85,ROCM_SMI,GPU_5,1474.1,152.0,100.0
1781847600.85,ROCM_SMI,GPU_6,1474.1,145.0,100.0
1781847600.85,ROCM_SMI,GPU_7,1474.1,133.0,100.0
1781847603.04,ROCM_SMI,GPU_0,1474.1,146.0,100.0
1781847603.04,ROCM_SMI,GPU_1,1474.1,140.0,100.0
1781847603.04,ROCM_SMI,GPU_2,1474.1,146.0,85.0
1781847603.04,ROCM_SMI,GPU_3,1474.1,146.0,100.0
1781847603.04,ROCM_SMI,GPU_4,1474.1,144.0,100.0
1781847603.04,ROCM_SMI,GPU_5,1474.1,143.0,100.0
1781847603.04,ROCM_SMI,GPU_6,1474.1,139.0,100.0
1781847603.04,ROCM_SMI,GPU_7,1474.1,137.0,100.0
1781847605.23,ROCM_SMI,GPU_0,1474.1,149.0,100.0
1781847605.23,ROCM_SMI,GPU_1,1474.1,140.0,100.0
1781847605.23,ROCM_SMI,GPU_2,1474.1,143.0,89.0
1781847605.23,ROCM_SMI,GPU_3,1474.1,144.0,100.0
1781847605.23,ROCM_SMI,GPU_4,1474.1,142.0,100.0
1781847605.23,ROCM_SMI,GPU_5,1474.1,139.0,100.0
1781847605.23,ROCM_SMI,GPU_6,1474.1,144.0,100.0
1781847605.23,ROCM_SMI,GPU_7,1474.1,139.0,100.0
1781847607.43,ROCM_SMI,GPU_0,1474.1,150.0,100.0
1781847607.43,ROCM_SMI,GPU_1,1474.1,140.0,100.0
1781847607.43,ROCM_SMI,GPU_2,1474.1,139.0,100.0
1781847607.43,ROCM_SMI,GPU_3,1474.1,143.0,87.0
1781847607.43,ROCM_SMI,GPU_4,1474.1,140.0,100.0
1781847607.43,ROCM_SMI,GPU_5,1474.1,137.0,100.0
1781847607.43,ROCM_SMI,GPU_6,1474.1,144.0,100.0
1781847607.43,ROCM_SMI,GPU_7,1474.1,139.0,100.0
1781847609.62,ROCM_SMI,GPU_0,1474.1,151.0,100.0
1781847609.62,ROCM_SMI,GPU_1,1474.1,141.0,100.0
1781847609.62,ROCM_SMI,GPU_2,1474.1,142.0,100.0
1781847609.62,ROCM_SMI,GPU_3,1474.1,145.0,100.0
1781847609.62,ROCM_SMI,GPU_4,1474.1,141.0,100.0
1781847609.62,ROCM_SMI,GPU_5,1474.1,136.0,89.0
1781847609.62,ROCM_SMI,GPU_6,1474.1,144.0,100.0
1781847609.62,ROCM_SMI,GPU_7,1474.1,140.0,100.0
1781847611.81,ROCM_SMI,GPU_0,1474.1,147.0,100.0
1781847611.81,ROCM_SMI,GPU_1,1474.1,140.0,100.0
1781847611.81,ROCM_SMI,GPU_2,1474.1,143.0,100.0
1781847611.81,ROCM_SMI,GPU_3,1474.1,146.0,100.0
1781847611.81,ROCM_SMI,GPU_4,1474.1,139.0,100.0
1781847611.81,ROCM_SMI,GPU_5,1474.1,138.0,100.0
1781847611.81,ROCM_SMI,GPU_6,1474.1,143.0,88.0
1781847611.81,ROCM_SMI,GPU_7,1474.1,139.0,100.0
1781847614.00,ROCM_SMI,GPU_0,1474.1,143.0,100.0
1781847614.00,ROCM_SMI,GPU_1,1474.1,141.0,100.0
1781847614.00,ROCM_SMI,GPU_2,1474.1,146.0,100.0
1781847614.00,ROCM_SMI,GPU_3,1474.1,147.0,100.0
1781847614.00,ROCM_SMI,GPU_4,1474.1,141.0,100.0
1781847614.00,ROCM_SMI,GPU_5,1474.1,140.0,100.0
1781847614.00,ROCM_SMI,GPU_6,1474.1,138.0,100.0
1781847614.00,ROCM_SMI,GPU_7,1474.1,136.0,87.0
1781847616.20,ROCM_SMI,GPU_0,1474.1,152.0,100.0
1781847616.20,ROCM_SMI,GPU_1,1474.1,142.0,100.0
1781847616.20,ROCM_SMI,GPU_2,1474.1,145.0,100.0
1781847616.20,ROCM_SMI,GPU_3,1474.1,147.0,100.0
1781847616.20,ROCM_SMI,GPU_4,1474.1,146.0,100.0
1781847616.20,ROCM_SMI,GPU_5,1474.1,144.0,100.0
1781847616.20,ROCM_SMI,GPU_6,1474.1,138.0,100.0
1781847616.20,ROCM_SMI,GPU_7,1474.1,134.0,87.0
1781847618.39,ROCM_SMI,GPU_0,1474.1,152.0,100.0
1781847618.39,ROCM_SMI,GPU_1,1474.1,141.0,100.0
1781847618.39,ROCM_SMI,GPU_2,1474.1,143.0,100.0
1781847618.39,ROCM_SMI,GPU_3,1474.1,146.0,100.0
1781847618.39,ROCM_SMI,GPU_4,1474.1,141.0,100.0
1781847618.39,ROCM_SMI,GPU_5,1474.1,138.0,100.0
1781847618.39,ROCM_SMI,GPU_6,1474.1,144.0,100.0
1781847618.39,ROCM_SMI,GPU_7,1474.1,140.0,100.0
1781847620.58,ROCM_SMI,GPU_0,1474.1,149.0,100.0
1781847620.58,ROCM_SMI,GPU_1,1474.1,140.0,100.0
1781847620.58,ROCM_SMI,GPU_2,1474.1,143.0,100.0
1781847620.58,ROCM_SMI,GPU_3,1474.1,148.0,100.0
1781847620.58,ROCM_SMI,GPU_4,1474.1,139.0,100.0
1781847620.58,ROCM_SMI,GPU_5,1474.1,137.0,100.0
1781847620.58,ROCM_SMI,GPU_6,1474.1,143.0,100.0
1781847620.58,ROCM_SMI,GPU_7,1474.1,139.0,100.0
1781847622.77,ROCM_SMI,GPU_0,1474.1,145.0,100.0
1781847622.77,ROCM_SMI,GPU_1,1474.1,140.0,100.0
1781847622.77,ROCM_SMI,GPU_2,1474.1,146.0,100.0
1781847622.77,ROCM_SMI,GPU_3,1474.1,147.0,100.0
1781847622.77,ROCM_SMI,GPU_4,1474.1,141.0,100.0
1781847622.77,ROCM_SMI,GPU_5,1474.1,141.0,100.0
1781847622.77,ROCM_SMI,GPU_6,1474.1,139.0,100.0
1781847622.77,ROCM_SMI,GPU_7,1474.1,138.0,100.0
1781847624.97,ROCM_SMI,GPU_0,1474.1,143.0,89.0
1781847624.97,ROCM_SMI,GPU_1,1474.1,141.0,100.0
1781847624.97,ROCM_SMI,GPU_2,1474.1,147.0,100.0
1781847624.97,ROCM_SMI,GPU_3,1474.1,146.0,100.0
1781847624.97,ROCM_SMI,GPU_4,1474.1,143.0,100.0
1781847624.97,ROCM_SMI,GPU_5,1474.1,141.0,100.0
1781847624.97,ROCM_SMI,GPU_6,1474.1,139.0,100.0
1781847624.97,ROCM_SMI,GPU_7,1474.1,138.0,100.0
1781847627.16,ROCM_SMI,GPU_0,1474.1,145.0,100.0
1781847627.16,ROCM_SMI,GPU_1,1474.1,140.0,100.0
1781847627.16,ROCM_SMI,GPU_2,1474.1,146.0,86.0
1781847627.16,ROCM_SMI,GPU_3,1474.1,145.0,100.0
1781847627.16,ROCM_SMI,GPU_4,1474.1,144.0,100.0
1781847627.16,ROCM_SMI,GPU_5,1474.1,142.0,100.0
1781847627.16,ROCM_SMI,GPU_6,1474.1,140.0,100.0
1781847627.16,ROCM_SMI,GPU_7,1474.1,140.0,100.0
1781847629.35,ROCM_SMI,GPU_0,1474.1,150.0,100.0
1781847629.35,ROCM_SMI,GPU_1,1474.1,141.0,100.0
1781847629.35,ROCM_SMI,GPU_2,1474.1,143.0,87.0
1781847629.35,ROCM_SMI,GPU_3,1474.1,144.0,99.0
1781847629.35,ROCM_SMI,GPU_4,1474.1,144.0,100.0
1781847629.35,ROCM_SMI,GPU_5,1474.1,143.0,100.0
1781847629.35,ROCM_SMI,GPU_6,1474.1,147.0,100.0
1781847629.35,ROCM_SMI,GPU_7,1474.1,140.0,100.0
1781847631.54,ROCM_SMI,GPU_0,1474.1,150.0,100.0
1781847631.54,ROCM_SMI,GPU_1,1474.1,141.0,100.0
1781847631.54,ROCM_SMI,GPU_2,1474.1,142.0,100.0
1781847631.54,ROCM_SMI,GPU_3,1474.1,143.0,88.0
1781847631.54,ROCM_SMI,GPU_4,1474.1,142.0,91.0
1781847631.54,ROCM_SMI,GPU_5,1474.1,140.0,100.0
1781847631.54,ROCM_SMI,GPU_6,1474.1,144.0,100.0
1781847631.54,ROCM_SMI,GPU_7,1474.1,138.0,100.0
1781847633.74,ROCM_SMI,GPU_0,1474.1,150.0,100.0
1781847633.74,ROCM_SMI,GPU_1,1474.1,142.0,100.0
1781847633.74,ROCM_SMI,GPU_2,1474.1,145.0,100.0
1781847633.74,ROCM_SMI,GPU_3,1474.1,146.0,100.0
1781847633.74,ROCM_SMI,GPU_4,1474.1,146.0,100.0
1781847633.74,ROCM_SMI,GPU_5,1474.1,144.0,97.0
1781847633.74,ROCM_SMI,GPU_6,1474.1,142.0,100.0
1781847633.74,ROCM_SMI,GPU_7,1474.1,139.0,100.0
1781847635.93,ROCM_SMI,GPU_0,1474.1,149.0,100.0
1781847635.93,ROCM_SMI,GPU_1,1474.1,143.0,100.0
1781847635.93,ROCM_SMI,GPU_2,1474.1,146.0,100.0
1781847635.93,ROCM_SMI,GPU_3,1474.1,147.0,100.0
1781847635.93,ROCM_SMI,GPU_4,1474.1,145.0,100.0
1781847635.93,ROCM_SMI,GPU_5,1474.1,143.0,100.0
1781847635.93,ROCM_SMI,GPU_6,1474.1,142.0,100.0
1781847635.93,ROCM_SMI,GPU_7,1474.1,138.0,87.0
1781847638.12,ROCM_SMI,GPU_0,1474.1,150.0,100.0
1781847638.12,ROCM_SMI,GPU_1,1474.1,141.0,100.0
1781847638.12,ROCM_SMI,GPU_2,1474.1,143.0,100.0
1781847638.12,ROCM_SMI,GPU_3,1474.1,145.0,100.0
1781847638.12,ROCM_SMI,GPU_4,1474.1,144.0,100.0
1781847638.12,ROCM_SMI,GPU_5,1474.1,140.0,100.0
1781847638.12,ROCM_SMI,GPU_6,1474.1,144.0,100.0
1781847638.12,ROCM_SMI,GPU_7,1474.1,139.0,100.0
1781847640.31,ROCM_SMI,GPU_0,1474.1,150.0,100.0
1781847640.31,ROCM_SMI,GPU_1,1474.1,140.0,100.0
1781847640.31,ROCM_SMI,GPU_2,1474.1,141.0,100.0
1781847640.31,ROCM_SMI,GPU_3,1474.1,145.0,100.0
1781847640.31,ROCM_SMI,GPU_4,1474.1,142.0,100.0
1781847640.31,ROCM_SMI,GPU_5,1474.1,139.0,100.0
1781847640.31,ROCM_SMI,GPU_6,1474.1,144.0,100.0
1781847640.31,ROCM_SMI,GPU_7,1474.1,139.0,100.0
1781847642.51,ROCM_SMI,GPU_0,1474.1,149.0,100.0
1781847642.51,ROCM_SMI,GPU_1,1474.1,142.0,100.0
1781847642.51,ROCM_SMI,GPU_2,1474.1,142.0,100.0
1781847642.51,ROCM_SMI,GPU_3,1474.1,145.0,100.0
1781847642.51,ROCM_SMI,GPU_4,1474.1,139.0,100.0
1781847642.51,ROCM_SMI,GPU_5,1474.1,137.0,100.0
1781847642.51,ROCM_SMI,GPU_6,1474.1,144.0,100.0
1781847642.51,ROCM_SMI,GPU_7,1474.1,139.0,100.0
1781847644.71,ROCM_SMI,GPU_0,1474.1,147.0,100.0
1781847644.71,ROCM_SMI,GPU_1,1474.1,139.0,100.0
1781847644.71,ROCM_SMI,GPU_2,1474.1,143.0,100.0
1781847644.71,ROCM_SMI,GPU_3,1474.1,146.0,100.0
1781847644.71,ROCM_SMI,GPU_4,1474.1,139.0,100.0
1781847644.71,ROCM_SMI,GPU_5,1474.1,137.0,100.0
1781847644.71,ROCM_SMI,GPU_6,1474.1,142.0,100.0
1781847644.71,ROCM_SMI,GPU_7,1474.1,139.0,100.0
1781847646.90,ROCM_SMI,GPU_0,1474.1,144.0,100.0
1781847646.90,ROCM_SMI,GPU_1,1474.1,142.0,100.0
1781847646.90,ROCM_SMI,GPU_2,1474.1,148.0,100.0
1781847646.90,ROCM_SMI,GPU_3,1474.1,147.0,100.0
1781847646.90,ROCM_SMI,GPU_4,1474.1,144.0,100.0
1781847646.90,ROCM_SMI,GPU_5,1474.1,143.0,100.0
1781847646.90,ROCM_SMI,GPU_6,1474.1,139.0,100.0
1781847646.90,ROCM_SMI,GPU_7,1474.1,137.0,100.0
1781847649.10,ROCM_SMI,GPU_0,1474.1,147.0,100.0
1781847649.10,ROCM_SMI,GPU_1,1474.1,142.0,100.0
1781847649.10,ROCM_SMI,GPU_2,1474.1,146.0,100.0
1781847649.10,ROCM_SMI,GPU_3,1474.1,145.0,100.0
1781847649.10,ROCM_SMI,GPU_4,1474.1,145.0,100.0
1781847649.10,ROCM_SMI,GPU_5,1474.1,143.0,100.0
1781847649.10,ROCM_SMI,GPU_6,1474.1,143.0,100.0
1781847649.10,ROCM_SMI,GPU_7,1474.1,140.0,100.0
1781847651.29,ROCM_SMI,GPU_0,1474.1,148.0,94.0
1781847651.29,ROCM_SMI,GPU_1,1474.1,140.0,100.0
1781847651.29,ROCM_SMI,GPU_2,1474.1,144.0,100.0
1781847651.29,ROCM_SMI,GPU_3,1474.1,145.0,100.0
1781847651.29,ROCM_SMI,GPU_4,1474.1,144.0,100.0
1781847651.29,ROCM_SMI,GPU_5,1474.1,141.0,100.0
1781847651.29,ROCM_SMI,GPU_6,1474.1,143.0,100.0
1781847651.29,ROCM_SMI,GPU_7,1474.1,140.0,100.0
1781847653.48,ROCM_SMI,GPU_0,1474.1,148.0,85.0
1781847653.48,ROCM_SMI,GPU_1,1474.1,139.0,100.0
1781847653.48,ROCM_SMI,GPU_2,1474.1,145.0,100.0
1781847653.48,ROCM_SMI,GPU_3,1474.1,147.0,100.0
1781847653.48,ROCM_SMI,GPU_4,1474.1,140.0,100.0
1781847653.48,ROCM_SMI,GPU_5,1474.1,138.0,100.0
1781847653.48,ROCM_SMI,GPU_6,1474.1,142.0,100.0
1781847653.48,ROCM_SMI,GPU_7,1474.1,138.0,100.0
1781847655.68,ROCM_SMI,GPU_0,1474.1,147.0,100.0
1781847655.68,ROCM_SMI,GPU_1,1474.1,139.0,90.0
1781847655.68,ROCM_SMI,GPU_2,1474.1,142.0,100.0
1781847655.68,ROCM_SMI,GPU_3,1474.1,147.0,100.0
1781847655.68,ROCM_SMI,GPU_4,1474.1,140.0,100.0
1781847655.68,ROCM_SMI,GPU_5,1474.1,140.0,100.0
1781847655.68,ROCM_SMI,GPU_6,1474.1,142.0,100.0
1781847655.68,ROCM_SMI,GPU_7,1474.1,138.0,100.0
1781847657.87,ROCM_SMI,GPU_0,1474.1,147.0,100.0
1781847657.87,ROCM_SMI,GPU_1,1474.1,140.0,100.0
1781847657.87,ROCM_SMI,GPU_2,1474.1,141.0,100.0
1781847657.87,ROCM_SMI,GPU_3,1474.1,146.0,89.0
1781847657.87,ROCM_SMI,GPU_4,1474.1,138.0,100.0
1781847657.87,ROCM_SMI,GPU_5,1474.1,139.0,100.0
1781847657.87,ROCM_SMI,GPU_6,1474.1,142.0,100.0
1781847657.87,ROCM_SMI,GPU_7,1474.1,139.0,100.0
1781847660.07,ROCM_SMI,GPU_0,1474.1,146.0,100.0
1781847660.07,ROCM_SMI,GPU_1,1474.1,140.0,100.0
1781847660.07,ROCM_SMI,GPU_2,1474.1,146.0,87.0
1781847660.07,ROCM_SMI,GPU_3,1474.1,146.0,100.0
1781847660.07,ROCM_SMI,GPU_4,1474.1,141.0,100.0
1781847660.07,ROCM_SMI,GPU_5,1474.1,140.0,100.0
1781847660.07,ROCM_SMI,GPU_6,1474.1,138.0,100.0
1781847660.07,ROCM_SMI,GPU_7,1474.1,138.0,100.0
1781847662.26,ROCM_SMI,GPU_0,1474.1,144.0,100.0
1781847662.26,ROCM_SMI,GPU_1,1474.1,140.0,100.0
1781847662.26,ROCM_SMI,GPU_2,1474.1,147.0,100.0
1781847662.26,ROCM_SMI,GPU_3,1474.1,146.0,82.0
1781847662.26,ROCM_SMI,GPU_4,1474.1,141.0,100.0
1781847662.26,ROCM_SMI,GPU_5,1474.1,141.0,100.0
1781847662.26,ROCM_SMI,GPU_6,1474.1,139.0,100.0
1781847662.26,ROCM_SMI,GPU_7,1474.1,138.0,100.0
1781847664.45,ROCM_SMI,GPU_0,1474.1,150.0,100.0
1781847664.45,ROCM_SMI,GPU_1,1474.1,142.0,100.0
1781847664.45,ROCM_SMI,GPU_2,1474.1,143.0,100.0
1781847664.45,ROCM_SMI,GPU_3,1474.1,144.0,100.0
1781847664.45,ROCM_SMI,GPU_4,1474.1,143.0,84.0
1781847664.45,ROCM_SMI,GPU_5,1474.1,141.0,100.0
1781847664.45,ROCM_SMI,GPU_6,1474.1,144.0,100.0
1781847664.45,ROCM_SMI,GPU_7,1474.1,139.0,100.0
1781847666.65,ROCM_SMI,GPU_0,1474.1,150.0,100.0
1781847666.65,ROCM_SMI,GPU_1,1474.1,140.0,100.0
1781847666.65,ROCM_SMI,GPU_2,1474.1,141.0,100.0
1781847666.65,ROCM_SMI,GPU_3,1474.1,145.0,100.0
1781847666.65,ROCM_SMI,GPU_4,1474.1,140.0,100.0
1781847666.65,ROCM_SMI,GPU_5,1474.1,138.0,81.0
1781847666.65,ROCM_SMI,GPU_6,1474.1,144.0,100.0
1781847666.65,ROCM_SMI,GPU_7,1474.1,140.0,100.0
1781847668.84,ROCM_SMI,GPU_0,1474.1,146.0,100.0
1781847668.84,ROCM_SMI,GPU_1,1474.1,139.0,100.0
1781847668.84,ROCM_SMI,GPU_2,1474.1,145.0,100.0
1781847668.84,ROCM_SMI,GPU_3,1474.1,146.0,100.0
1781847668.84,ROCM_SMI,GPU_4,1474.1,140.0,100.0
1781847668.84,ROCM_SMI,GPU_5,1474.1,139.0,100.0
1781847668.84,ROCM_SMI,GPU_6,1474.1,142.0,83.0
1781847668.84,ROCM_SMI,GPU_7,1474.1,139.0,100.0
1781847671.04,ROCM_SMI,GPU_0,1474.1,145.0,100.0
1781847671.04,ROCM_SMI,GPU_1,1474.1,139.0,100.0
1781847671.04,ROCM_SMI,GPU_2,1474.1,138.0,100.0
1781847671.04,ROCM_SMI,GPU_3,1474.1,145.0,100.0
1781847671.04,ROCM_SMI,GPU_4,1474.1,135.0,100.0
1781847671.04,ROCM_SMI,GPU_5,1474.1,129.0,88.0
1781847671.04,ROCM_SMI,GPU_6,1474.1,119.0,100.0
1781847671.04,ROCM_SMI,GPU_7,1474.1,199.0,100.0
1781847673.23,ROCM_SMI,GPU_0,1474.1,148.0,100.0
1781847673.23,ROCM_SMI,GPU_1,1474.1,142.0,100.0
1781847673.23,ROCM_SMI,GPU_2,1474.1,147.0,100.0
1781847673.23,ROCM_SMI,GPU_3,1474.1,146.0,100.0
1781847673.23,ROCM_SMI,GPU_4,1474.1,145.0,100.0
1781847673.23,ROCM_SMI,GPU_5,1474.1,143.0,100.0
1781847673.23,ROCM_SMI,GPU_6,1474.1,140.0,100.0
1781847673.23,ROCM_SMI,GPU_7,1474.1,139.0,91.0
1781847675.42,ROCM_SMI,GPU_0,1474.1,147.0,100.0
1781847675.42,ROCM_SMI,GPU_1,1474.1,141.0,100.0
1781847675.42,ROCM_SMI,GPU_2,1474.1,147.0,100.0
1781847675.42,ROCM_SMI,GPU_3,1474.1,146.0,100.0
1781847675.42,ROCM_SMI,GPU_4,1474.1,145.0,100.0
1781847675.42,ROCM_SMI,GPU_5,1474.1,143.0,100.0
1781847675.42,ROCM_SMI,GPU_6,1474.1,140.0,100.0
1781847675.42,ROCM_SMI,GPU_7,1474.1,139.0,100.0
1781847677.61,ROCM_SMI,GPU_0,1474.1,151.0,100.0
1781847677.61,ROCM_SMI,GPU_1,1474.1,141.0,100.0
1781847677.61,ROCM_SMI,GPU_2,1474.1,143.0,100.0
1781847677.61,ROCM_SMI,GPU_3,1474.1,144.0,100.0
1781847677.61,ROCM_SMI,GPU_4,1474.1,144.0,100.0
1781847677.61,ROCM_SMI,GPU_5,1474.1,142.0,100.0
1781847677.61,ROCM_SMI,GPU_6,1474.1,143.0,100.0
1781847677.61,ROCM_SMI,GPU_7,1474.1,138.0,100.0
1781847679.80,ROCM_SMI,GPU_0,1474.1,149.0,100.0
1781847679.80,ROCM_SMI,GPU_1,1474.1,140.0,100.0
1781847679.80,ROCM_SMI,GPU_2,1474.1,142.0,100.0
1781847679.80,ROCM_SMI,GPU_3,1474.1,145.0,100.0
1781847679.80,ROCM_SMI,GPU_4,1474.1,142.0,100.0
1781847679.80,ROCM_SMI,GPU_5,1474.1,140.0,100.0
1781847679.80,ROCM_SMI,GPU_6,1474.1,144.0,100.0
1781847679.80,ROCM_SMI,GPU_7,1474.1,139.0,100.0
1781847682.00,ROCM_SMI,GPU_0,1474.1,128.0,100.0
1781847682.00,ROCM_SMI,GPU_1,1474.1,145.0,100.0
1781847682.00,ROCM_SMI,GPU_2,1474.1,158.0,100.0
1781847682.00,ROCM_SMI,GPU_3,1474.1,163.0,100.0
1781847682.00,ROCM_SMI,GPU_4,1474.1,143.0,100.0
1781847682.00,ROCM_SMI,GPU_5,1474.1,137.0,100.0
1781847682.00,ROCM_SMI,GPU_6,1474.1,139.0,100.0
1781847682.00,ROCM_SMI,GPU_7,1474.1,136.0,100.0
1781847684.20,ROCM_SMI,GPU_0,1474.1,144.0,84.0
1781847684.20,ROCM_SMI,GPU_1,1474.1,139.0,100.0
1781847684.20,ROCM_SMI,GPU_2,1474.1,148.0,100.0
1781847684.20,ROCM_SMI,GPU_3,1474.1,147.0,100.0
1781847684.20,ROCM_SMI,GPU_4,1474.1,142.0,100.0
1781847684.20,ROCM_SMI,GPU_5,1474.1,140.0,100.0
1781847684.20,ROCM_SMI,GPU_6,1474.1,137.0,100.0
1781847684.20,ROCM_SMI,GPU_7,1474.1,137.0,100.0
1781847686.39,ROCM_SMI,GPU_0,1474.1,144.0,100.0
1781847686.39,ROCM_SMI,GPU_1,1474.1,139.0,82.0
1781847686.39,ROCM_SMI,GPU_2,1474.1,145.0,100.0
1781847686.39,ROCM_SMI,GPU_3,1474.1,147.0,100.0
1781847686.39,ROCM_SMI,GPU_4,1474.1,143.0,100.0
1781847686.39,ROCM_SMI,GPU_5,1474.1,141.0,100.0
1781847686.39,ROCM_SMI,GPU_6,1474.1,140.0,100.0
1781847686.39,ROCM_SMI,GPU_7,1474.1,138.0,100.0
1781847688.58,ROCM_SMI,GPU_0,1474.1,145.0,100.0
1781847688.58,ROCM_SMI,GPU_1,1474.1,140.0,100.0
1781847688.58,ROCM_SMI,GPU_2,1474.1,146.0,83.0
1781847688.58,ROCM_SMI,GPU_3,1474.1,145.0,100.0
1781847688.58,ROCM_SMI,GPU_4,1474.1,143.0,100.0
1781847688.58,ROCM_SMI,GPU_5,1474.1,142.0,100.0
1781847688.58,ROCM_SMI,GPU_6,1474.1,141.0,100.0
1781847688.58,ROCM_SMI,GPU_7,1474.1,139.0,100.0
1781847690.77,ROCM_SMI,GPU_0,1474.1,147.0,100.0
1781847690.77,ROCM_SMI,GPU_1,1474.1,141.0,100.0
1781847690.77,ROCM_SMI,GPU_2,1474.1,147.0,100.0
1781847690.77,ROCM_SMI,GPU_3,1474.1,144.0,99.0
1781847690.77,ROCM_SMI,GPU_4,1474.1,143.0,100.0
1781847690.77,ROCM_SMI,GPU_5,1474.1,142.0,100.0
1781847690.77,ROCM_SMI,GPU_6,1474.1,141.0,100.0
1781847690.77,ROCM_SMI,GPU_7,1474.1,138.0,100.0
1781847692.97,ROCM_SMI,GPU_0,1474.1,148.0,100.0
1781847692.97,ROCM_SMI,GPU_1,1474.1,142.0,100.0
1781847692.97,ROCM_SMI,GPU_2,1474.1,147.0,100.0
1781847692.97,ROCM_SMI,GPU_3,1474.1,145.0,100.0
1781847692.97,ROCM_SMI,GPU_4,1474.1,146.0,100.0
1781847692.97,ROCM_SMI,GPU_5,1474.1,144.0,88.0
1781847692.97,ROCM_SMI,GPU_6,1474.1,141.0,100.0
1781847692.97,ROCM_SMI,GPU_7,1474.1,140.0,100.0
1781847695.16,ROCM_SMI,GPU_0,1474.1,152.0,100.0
1781847695.16,ROCM_SMI,GPU_1,1474.1,140.0,100.0
1781847695.16,ROCM_SMI,GPU_2,1474.1,142.0,100.0
1781847695.16,ROCM_SMI,GPU_3,1474.1,146.0,100.0
1781847695.16,ROCM_SMI,GPU_4,1474.1,144.0,100.0
1781847695.16,ROCM_SMI,GPU_5,1474.1,140.0,100.0
1781847695.16,ROCM_SMI,GPU_6,1474.1,141.0,87.0
1781847695.16,ROCM_SMI,GPU_7,1474.1,137.0,100.0
1781847697.35,ROCM_SMI,GPU_0,1474.1,152.0,100.0
1781847697.35,ROCM_SMI,GPU_1,1474.1,142.0,100.0
1781847697.35,ROCM_SMI,GPU_2,1474.1,143.0,100.0
1781847697.35,ROCM_SMI,GPU_3,1474.1,147.0,100.0
1781847697.35,ROCM_SMI,GPU_4,1474.1,144.0,100.0
1781847697.35,ROCM_SMI,GPU_5,1474.1,141.0,100.0
1781847697.35,ROCM_SMI,GPU_6,1474.1,143.0,100.0
1781847697.35,ROCM_SMI,GPU_7,1474.1,139.0,79.0
1781847699.55,ROCM_SMI,GPU_0,1474.1,151.0,100.0
1781847699.55,ROCM_SMI,GPU_1,1474.1,140.0,100.0
1781847699.55,ROCM_SMI,GPU_2,1474.1,142.0,100.0
1781847699.55,ROCM_SMI,GPU_3,1474.1,145.0,100.0
1781847699.55,ROCM_SMI,GPU_4,1474.1,141.0,100.0
1781847699.55,ROCM_SMI,GPU_5,1474.1,139.0,100.0
1781847699.55,ROCM_SMI,GPU_6,1474.1,144.0,100.0
1781847699.55,ROCM_SMI,GPU_7,1474.1,139.0,88.0
1781847701.74,ROCM_SMI,GPU_0,1474.1,148.0,100.0
1781847701.74,ROCM_SMI,GPU_1,1474.1,139.0,100.0
1781847701.74,ROCM_SMI,GPU_2,1474.1,142.0,100.0
1781847701.74,ROCM_SMI,GPU_3,1474.1,145.0,100.0
1781847701.74,ROCM_SMI,GPU_4,1474.1,138.0,100.0
1781847701.74,ROCM_SMI,GPU_5,1474.1,137.0,100.0
1781847701.74,ROCM_SMI,GPU_6,1474.1,143.0,100.0
1781847701.74,ROCM_SMI,GPU_7,1474.1,140.0,100.0
1781847703.93,ROCM_SMI,GPU_0,1474.1,148.0,100.0
1781847703.93,ROCM_SMI,GPU_1,1474.1,140.0,100.0
1781847703.93,ROCM_SMI,GPU_2,1474.1,143.0,100.0
1781847703.93,ROCM_SMI,GPU_3,1474.1,144.0,100.0
1781847703.93,ROCM_SMI,GPU_4,1474.1,140.0,100.0
1781847703.93,ROCM_SMI,GPU_5,1474.1,137.0,100.0
1781847703.93,ROCM_SMI,GPU_6,1474.1,143.0,100.0
1781847703.93,ROCM_SMI,GPU_7,1474.1,138.0,100.0
1781847706.13,ROCM_SMI,GPU_0,1474.1,144.0,100.0
1781847706.13,ROCM_SMI,GPU_1,1474.1,141.0,100.0
1781847706.13,ROCM_SMI,GPU_2,1474.1,147.0,100.0
1781847706.13,ROCM_SMI,GPU_3,1474.1,146.0,100.0
1781847706.13,ROCM_SMI,GPU_4,1474.1,142.0,100.0
1781847706.13,ROCM_SMI,GPU_5,1474.1,140.0,100.0
1781847706.13,ROCM_SMI,GPU_6,1474.1,140.0,100.0
1781847706.13,ROCM_SMI,GPU_7,1474.1,138.0,100.0
1781847708.32,ROCM_SMI,GPU_0,1474.1,144.0,85.0
1781847708.32,ROCM_SMI,GPU_1,1474.1,141.0,100.0
1781847708.32,ROCM_SMI,GPU_2,1474.1,148.0,100.0
1781847708.32,ROCM_SMI,GPU_3,1474.1,147.0,100.0
1781847708.32,ROCM_SMI,GPU_4,1474.1,145.0,100.0
1781847708.32,ROCM_SMI,GPU_5,1474.1,144.0,100.0
1781847708.32,ROCM_SMI,GPU_6,1474.1,141.0,100.0
1781847708.32,ROCM_SMI,GPU_7,1474.1,138.0,100.0
1781847710.51,ROCM_SMI,GPU_0,1474.1,146.0,100.0
1781847710.51,ROCM_SMI,GPU_1,1474.1,140.0,82.0
1781847710.51,ROCM_SMI,GPU_2,1474.1,144.0,100.0
1781847710.51,ROCM_SMI,GPU_3,1474.1,146.0,100.0
1781847710.51,ROCM_SMI,GPU_4,1474.1,146.0,100.0
1781847710.51,ROCM_SMI,GPU_5,1474.1,143.0,100.0
1781847710.51,ROCM_SMI,GPU_6,1474.1,142.0,100.0
1781847710.51,ROCM_SMI,GPU_7,1474.1,138.0,100.0
1781847712.72,ROCM_SMI,GPU_0,1474.1,150.0,100.0
1781847712.72,ROCM_SMI,GPU_1,1474.1,140.0,100.0
1781847712.72,ROCM_SMI,GPU_2,1474.1,142.0,100.0
1781847712.72,ROCM_SMI,GPU_3,1474.1,145.0,100.0
1781847712.72,ROCM_SMI,GPU_4,1474.1,143.0,100.0
1781847712.72,ROCM_SMI,GPU_5,1474.1,139.0,100.0
1781847712.72,ROCM_SMI,GPU_6,1474.1,142.0,100.0
1781847712.72,ROCM_SMI,GPU_7,1474.1,139.0,100.0
1781847714.92,ROCM_SMI,GPU_0,1474.1,150.0,100.0
1781847714.92,ROCM_SMI,GPU_1,1474.1,139.0,100.0
1781847714.92,ROCM_SMI,GPU_2,1474.1,143.0,100.0
1781847714.92,ROCM_SMI,GPU_3,1474.1,146.0,100.0
1781847714.92,ROCM_SMI,GPU_4,1474.1,140.0,100.0
1781847714.92,ROCM_SMI,GPU_5,1474.1,137.0,100.0
1781847714.92,ROCM_SMI,GPU_6,1474.1,144.0,100.0
1781847714.92,ROCM_SMI,GPU_7,1474.1,140.0,100.0
1781847717.11,ROCM_SMI,GPU_0,1474.1,146.0,100.0
1781847717.11,ROCM_SMI,GPU_1,1474.1,140.0,100.0
1781847717.11,ROCM_SMI,GPU_2,1474.1,144.0,100.0
1781847717.11,ROCM_SMI,GPU_3,1474.1,148.0,100.0
1781847717.11,ROCM_SMI,GPU_4,1474.1,140.0,100.0
1781847717.11,ROCM_SMI,GPU_5,1474.1,139.0,100.0
1781847717.11,ROCM_SMI,GPU_6,1474.1,142.0,100.0
1781847717.11,ROCM_SMI,GPU_7,1474.1,139.0,100.0
1781847719.30,ROCM_SMI,GPU_0,1474.1,143.0,100.0
1781847719.30,ROCM_SMI,GPU_1,1474.1,138.0,100.0
1781847719.30,ROCM_SMI,GPU_2,1474.1,147.0,100.0
1781847719.30,ROCM_SMI,GPU_3,1474.1,147.0,100.0
1781847719.30,ROCM_SMI,GPU_4,1474.1,143.0,100.0
1781847719.30,ROCM_SMI,GPU_5,1474.1,141.0,100.0
1781847719.30,ROCM_SMI,GPU_6,1474.1,138.0,100.0
1781847719.30,ROCM_SMI,GPU_7,1474.1,139.0,100.0
1781847721.49,ROCM_SMI,GPU_0,1474.1,146.0,100.0
1781847721.49,ROCM_SMI,GPU_1,1474.1,140.0,100.0
1781847721.49,ROCM_SMI,GPU_2,1474.1,145.0,84.0
1781847721.49,ROCM_SMI,GPU_3,1474.1,145.0,100.0
1781847721.49,ROCM_SMI,GPU_4,1474.1,144.0,100.0
1781847721.49,ROCM_SMI,GPU_5,1474.1,143.0,100.0
1781847721.49,ROCM_SMI,GPU_6,1474.1,142.0,100.0
1781847721.49,ROCM_SMI,GPU_7,1474.1,139.0,100.0
1781847723.69,ROCM_SMI,GPU_0,1474.1,149.0,100.0
1781847723.69,ROCM_SMI,GPU_1,1474.1,139.0,100.0
1781847723.69,ROCM_SMI,GPU_2,1474.1,141.0,84.0
1781847723.69,ROCM_SMI,GPU_3,1474.1,143.0,100.0
1781847723.69,ROCM_SMI,GPU_4,1474.1,144.0,100.0
1781847723.69,ROCM_SMI,GPU_5,1474.1,142.0,100.0
1781847723.69,ROCM_SMI,GPU_6,1474.1,150.0,100.0
1781847723.69,ROCM_SMI,GPU_7,1474.1,141.0,100.0
1781847725.88,ROCM_SMI,GPU_0,1474.1,150.0,100.0
1781847725.88,ROCM_SMI,GPU_1,1474.1,141.0,100.0
1781847725.88,ROCM_SMI,GPU_2,1474.1,143.0,100.0
1781847725.88,ROCM_SMI,GPU_3,1474.1,144.0,100.0
1781847725.88,ROCM_SMI,GPU_4,1474.1,143.0,87.0
1781847725.88,ROCM_SMI,GPU_5,1474.1,140.0,100.0
1781847725.88,ROCM_SMI,GPU_6,1474.1,144.0,100.0
1781847725.88,ROCM_SMI,GPU_7,1474.1,141.0,100.0
1781847728.07,ROCM_SMI,GPU_0,1474.1,151.0,100.0
1781847728.07,ROCM_SMI,GPU_1,1474.1,141.0,100.0
1781847728.07,ROCM_SMI,GPU_2,1474.1,145.0,100.0
1781847728.07,ROCM_SMI,GPU_3,1474.1,145.0,100.0
1781847728.07,ROCM_SMI,GPU_4,1474.1,145.0,100.0
1781847728.07,ROCM_SMI,GPU_5,1474.1,142.0,80.0
1781847728.07,ROCM_SMI,GPU_6,1474.1,142.0,100.0
1781847728.07,ROCM_SMI,GPU_7,1474.1,139.0,100.0
1781847730.26,ROCM_SMI,GPU_0,1474.1,150.0,100.0
1781847730.26,ROCM_SMI,GPU_1,1474.1,141.0,100.0
1781847730.26,ROCM_SMI,GPU_2,1474.1,143.0,100.0
1781847730.26,ROCM_SMI,GPU_3,1474.1,145.0,100.0
1781847730.26,ROCM_SMI,GPU_4,1474.1,145.0,100.0
1781847730.26,ROCM_SMI,GPU_5,1474.1,142.0,100.0
1781847730.26,ROCM_SMI,GPU_6,1474.1,143.0,99.0
1781847730.26,ROCM_SMI,GPU_7,1474.1,139.0,100.0
1781847732.46,ROCM_SMI,GPU_0,1474.1,148.0,100.0
1781847732.46,ROCM_SMI,GPU_1,1474.1,139.0,100.0
1781847732.46,ROCM_SMI,GPU_2,1474.1,143.0,100.0
1781847732.46,ROCM_SMI,GPU_3,1474.1,146.0,100.0
1781847732.46,ROCM_SMI,GPU_4,1474.1,139.0,100.0
1781847732.46,ROCM_SMI,GPU_5,1474.1,138.0,100.0
1781847732.46,ROCM_SMI,GPU_6,1474.1,143.0,100.0
1781847732.46,ROCM_SMI,GPU_7,1474.1,139.0,94.0
1781847734.65,ROCM_SMI,GPU_0,1474.1,147.0,100.0
1781847734.65,ROCM_SMI,GPU_1,1474.1,143.0,100.0
1781847734.65,ROCM_SMI,GPU_2,1474.1,147.0,100.0
1781847734.65,ROCM_SMI,GPU_3,1474.1,147.0,100.0
1781847734.65,ROCM_SMI,GPU_4,1474.1,144.0,100.0
1781847734.65,ROCM_SMI,GPU_5,1474.1,142.0,100.0
1781847734.65,ROCM_SMI,GPU_6,1474.1,139.0,100.0
1781847734.65,ROCM_SMI,GPU_7,1474.1,139.0,100.0
1781847736.84,ROCM_SMI,GPU_0,1474.1,151.0,100.0
1781847736.84,ROCM_SMI,GPU_1,1474.1,140.0,100.0
1781847736.84,ROCM_SMI,GPU_2,1474.1,142.0,100.0
1781847736.84,ROCM_SMI,GPU_3,1474.1,145.0,100.0
1781847736.84,ROCM_SMI,GPU_4,1474.1,144.0,100.0
1781847736.84,ROCM_SMI,GPU_5,1474.1,141.0,100.0
1781847736.84,ROCM_SMI,GPU_6,1474.1,147.0,100.0
1781847736.84,ROCM_SMI,GPU_7,1474.1,141.0,100.0
1781847739.03,ROCM_SMI,GPU_0,1474.1,146.0,100.0
1781847739.03,ROCM_SMI,GPU_1,1474.1,140.0,100.0
1781847739.03,ROCM_SMI,GPU_2,1474.1,145.0,100.0
1781847739.03,ROCM_SMI,GPU_3,1474.1,147.0,100.0
1781847739.03,ROCM_SMI,GPU_4,1474.1,141.0,100.0
1781847739.03,ROCM_SMI,GPU_5,1474.1,139.0,100.0
1781847739.03,ROCM_SMI,GPU_6,1474.1,140.0,100.0
1781847739.03,ROCM_SMI,GPU_7,1474.1,139.0,100.0
1781847741.23,ROCM_SMI,GPU_0,1474.1,158.0,100.0
1781847741.23,ROCM_SMI,GPU_1,1474.1,148.0,100.0
1781847741.23,ROCM_SMI,GPU_2,1474.1,143.0,100.0
1781847741.23,ROCM_SMI,GPU_3,1474.1,149.0,100.0
1781847741.23,ROCM_SMI,GPU_4,1474.1,150.0,100.0
1781847741.23,ROCM_SMI,GPU_5,1474.1,135.0,100.0
1781847741.23,ROCM_SMI,GPU_6,1474.1,138.0,100.0
1781847741.23,ROCM_SMI,GPU_7,1474.1,135.0,100.0
1781847743.42,ROCM_SMI,GPU_0,1474.1,149.0,100.0
1781847743.42,ROCM_SMI,GPU_1,1474.1,141.0,100.0
1781847743.42,ROCM_SMI,GPU_2,1474.1,144.0,100.0
1781847743.42,ROCM_SMI,GPU_3,1474.1,146.0,100.0
1781847743.42,ROCM_SMI,GPU_4,1474.1,144.0,100.0
1781847743.42,ROCM_SMI,GPU_5,1474.1,143.0,100.0
1781847743.42,ROCM_SMI,GPU_6,1474.1,143.0,100.0
1781847743.42,ROCM_SMI,GPU_7,1474.1,138.0,100.0
1781847745.61,ROCM_SMI,GPU_0,1474.1,148.0,91.0
1781847745.61,ROCM_SMI,GPU_1,1474.1,142.0,100.0
1781847745.61,ROCM_SMI,GPU_2,1474.1,143.0,100.0
1781847745.61,ROCM_SMI,GPU_3,1474.1,144.0,100.0
1781847745.61,ROCM_SMI,GPU_4,1474.1,144.0,100.0
1781847745.61,ROCM_SMI,GPU_5,1474.1,141.0,100.0
1781847745.61,ROCM_SMI,GPU_6,1474.1,145.0,100.0
1781847745.61,ROCM_SMI,GPU_7,1474.1,139.0,100.0
1781847747.81,ROCM_SMI,GPU_0,1474.1,150.0,100.0
1781847747.81,ROCM_SMI,GPU_1,1474.1,140.0,88.0
1781847747.81,ROCM_SMI,GPU_2,1474.1,141.0,100.0
1781847747.81,ROCM_SMI,GPU_3,1474.1,145.0,100.0
1781847747.81,ROCM_SMI,GPU_4,1474.1,141.0,100.0
1781847747.81,ROCM_SMI,GPU_5,1474.1,139.0,100.0
1781847747.81,ROCM_SMI,GPU_6,1474.1,144.0,100.0
1781847747.81,ROCM_SMI,GPU_7,1474.1,139.0,100.0
1781847750.00,ROCM_SMI,GPU_0,1474.1,148.0,100.0
1781847750.00,ROCM_SMI,GPU_1,1474.1,139.0,100.0
1781847750.00,ROCM_SMI,GPU_2,1474.1,141.0,86.0
1781847750.00,ROCM_SMI,GPU_3,1474.1,144.0,100.0
1781847750.00,ROCM_SMI,GPU_4,1474.1,139.0,100.0
1781847750.00,ROCM_SMI,GPU_5,1474.1,137.0,100.0
1781847750.00,ROCM_SMI,GPU_6,1474.1,143.0,100.0
1781847750.00,ROCM_SMI,GPU_7,1474.1,139.0,100.0
1781847752.20,ROCM_SMI,GPU_0,1474.1,150.0,100.0
1781847752.20,ROCM_SMI,GPU_1,1474.1,140.0,100.0
1781847752.20,ROCM_SMI,GPU_2,1474.1,142.0,100.0
1781847752.20,ROCM_SMI,GPU_3,1474.1,144.0,92.0
1781847752.20,ROCM_SMI,GPU_4,1474.1,139.0,100.0
1781847752.20,ROCM_SMI,GPU_5,1474.1,137.0,100.0
1781847752.20,ROCM_SMI,GPU_6,1474.1,143.0,100.0
1781847752.20,ROCM_SMI,GPU_7,1474.1,140.0,100.0
1781847754.39,ROCM_SMI,GPU_0,1474.1,147.0,100.0
1781847754.39,ROCM_SMI,GPU_1,1474.1,139.0,100.0
1781847754.39,ROCM_SMI,GPU_2,1474.1,143.0,100.0
1781847754.39,ROCM_SMI,GPU_3,1474.1,147.0,90.0
1781847754.39,ROCM_SMI,GPU_4,1474.1,136.0,100.0
1781847754.39,ROCM_SMI,GPU_5,1474.1,137.0,100.0
1781847754.39,ROCM_SMI,GPU_6,1474.1,142.0,100.0
1781847754.39,ROCM_SMI,GPU_7,1474.1,139.0,100.0
1781847756.58,ROCM_SMI,GPU_0,1474.1,150.0,100.0
1781847756.58,ROCM_SMI,GPU_1,1474.1,140.0,100.0
1781847756.58,ROCM_SMI,GPU_2,1474.1,143.0,100.0
1781847756.58,ROCM_SMI,GPU_3,1474.1,147.0,100.0
1781847756.58,ROCM_SMI,GPU_4,1474.1,141.0,100.0
1781847756.58,ROCM_SMI,GPU_5,1474.1,139.0,81.0
1781847756.58,ROCM_SMI,GPU_6,1474.1,144.0,100.0
1781847756.58,ROCM_SMI,GPU_7,1474.1,141.0,100.0
1781847758.78,ROCM_SMI,GPU_0,1474.1,148.0,100.0
1781847758.78,ROCM_SMI,GPU_1,1474.1,141.0,100.0
1781847758.78,ROCM_SMI,GPU_2,1474.1,143.0,100.0
1781847758.78,ROCM_SMI,GPU_3,1474.1,147.0,100.0
1781847758.78,ROCM_SMI,GPU_4,1474.1,139.0,100.0
1781847758.78,ROCM_SMI,GPU_5,1474.1,138.0,100.0
1781847758.78,ROCM_SMI,GPU_6,1474.1,143.0,100.0
1781847758.78,ROCM_SMI,GPU_7,1474.1,139.0,88.0
1781847760.97,ROCM_SMI,GPU_0,1474.1,151.0,100.0
1781847760.97,ROCM_SMI,GPU_1,1474.1,141.0,100.0
1781847760.97,ROCM_SMI,GPU_2,1474.1,142.0,100.0
1781847760.97,ROCM_SMI,GPU_3,1474.1,147.0,100.0
1781847760.97,ROCM_SMI,GPU_4,1474.1,141.0,100.0
1781847760.97,ROCM_SMI,GPU_5,1474.1,139.0,100.0
1781847760.97,ROCM_SMI,GPU_6,1474.1,144.0,100.0
1781847760.97,ROCM_SMI,GPU_7,1474.1,140.0,100.0
1781847763.16,ROCM_SMI,GPU_0,1474.1,148.0,100.0
1781847763.16,ROCM_SMI,GPU_1,1474.1,140.0,100.0
1781847763.16,ROCM_SMI,GPU_2,1474.1,143.0,100.0
1781847763.16,ROCM_SMI,GPU_3,1474.1,146.0,100.0
1781847763.16,ROCM_SMI,GPU_4,1474.1,140.0,100.0
1781847763.16,ROCM_SMI,GPU_5,1474.1,138.0,100.0
1781847763.16,ROCM_SMI,GPU_6,1474.1,143.0,100.0
1781847763.16,ROCM_SMI,GPU_7,1474.1,139.0,100.0
1781847765.35,ROCM_SMI,GPU_0,1474.1,141.0,94.0
1781847765.35,ROCM_SMI,GPU_1,1474.1,140.0,100.0
1781847765.35,ROCM_SMI,GPU_2,1474.1,148.0,100.0
1781847765.35,ROCM_SMI,GPU_3,1474.1,149.0,100.0
1781847765.35,ROCM_SMI,GPU_4,1474.1,144.0,100.0
1781847765.35,ROCM_SMI,GPU_5,1474.1,144.0,100.0
1781847765.35,ROCM_SMI,GPU_6,1474.1,140.0,100.0
1781847765.35,ROCM_SMI,GPU_7,1474.1,139.0,100.0
1781847767.54,ROCM_SMI,GPU_0,1474.1,145.0,100.0
1781847767.54,ROCM_SMI,GPU_1,1474.1,140.0,96.0
1781847767.54,ROCM_SMI,GPU_2,1474.1,146.0,100.0
1781847767.54,ROCM_SMI,GPU_3,1474.1,146.0,100.0
1781847767.54,ROCM_SMI,GPU_4,1474.1,145.0,100.0
1781847767.54,ROCM_SMI,GPU_5,1474.1,143.0,100.0
1781847767.54,ROCM_SMI,GPU_6,1474.1,140.0,100.0
1781847767.54,ROCM_SMI,GPU_7,1474.1,138.0,100.0
1781847769.74,ROCM_SMI,GPU_0,1474.1,146.0,100.0
1781847769.74,ROCM_SMI,GPU_1,1474.1,140.0,88.0
1781847769.74,ROCM_SMI,GPU_2,1474.1,145.0,100.0
1781847769.74,ROCM_SMI,GPU_3,1474.1,145.0,100.0
1781847769.74,ROCM_SMI,GPU_4,1474.1,144.0,100.0
1781847769.74,ROCM_SMI,GPU_5,1474.1,143.0,100.0
1781847769.74,ROCM_SMI,GPU_6,1474.1,141.0,100.0
1781847769.74,ROCM_SMI,GPU_7,1474.1,138.0,100.0
1781847771.93,ROCM_SMI,GPU_0,1474.1,148.0,100.0
1781847771.93,ROCM_SMI,GPU_1,1474.1,141.0,100.0
1781847771.93,ROCM_SMI,GPU_2,1474.1,143.0,86.0
1781847771.93,ROCM_SMI,GPU_3,1474.1,142.0,100.0
1781847771.93,ROCM_SMI,GPU_4,1474.1,145.0,100.0
1781847771.93,ROCM_SMI,GPU_5,1474.1,142.0,100.0
1781847771.93,ROCM_SMI,GPU_6,1474.1,143.0,100.0
1781847771.93,ROCM_SMI,GPU_7,1474.1,138.0,100.0
1781847774.12,ROCM_SMI,GPU_0,1474.1,149.0,100.0
1781847774.12,ROCM_SMI,GPU_1,1474.1,141.0,100.0
1781847774.12,ROCM_SMI,GPU_2,1474.1,144.0,100.0
1781847774.12,ROCM_SMI,GPU_3,1474.1,144.0,100.0
1781847774.12,ROCM_SMI,GPU_4,1474.1,144.0,81.0
1781847774.12,ROCM_SMI,GPU_5,1474.1,141.0,100.0
1781847774.12,ROCM_SMI,GPU_6,1474.1,142.0,100.0
1781847774.12,ROCM_SMI,GPU_7,1474.1,139.0,100.0
1781847776.32,ROCM_SMI,GPU_0,1474.1,146.0,100.0
1781847776.32,ROCM_SMI,GPU_1,1474.1,142.0,100.0
1781847776.32,ROCM_SMI,GPU_2,1474.1,148.0,100.0
1781847776.32,ROCM_SMI,GPU_3,1474.1,145.0,100.0
1781847776.32,ROCM_SMI,GPU_4,1474.1,145.0,100.0
1781847776.32,ROCM_SMI,GPU_5,1474.1,143.0,100.0
1781847776.32,ROCM_SMI,GPU_6,1474.1,140.0,77.0
1781847776.32,ROCM_SMI,GPU_7,1474.1,139.0,100.0
1781847778.51,ROCM_SMI,GPU_0,1474.1,150.0,100.0
1781847778.51,ROCM_SMI,GPU_1,1474.1,141.0,100.0
1781847778.51,ROCM_SMI,GPU_2,1474.1,143.0,100.0
1781847778.51,ROCM_SMI,GPU_3,1474.1,144.0,100.0
1781847778.51,ROCM_SMI,GPU_4,1474.1,144.0,100.0
1781847778.51,ROCM_SMI,GPU_5,1474.1,141.0,100.0
1781847778.51,ROCM_SMI,GPU_6,1474.1,143.0,100.0
1781847778.51,ROCM_SMI,GPU_7,1474.1,139.0,87.0
1781847780.70,ROCM_SMI,GPU_0,1474.1,151.0,100.0
1781847780.70,ROCM_SMI,GPU_1,1474.1,140.0,100.0
1781847780.70,ROCM_SMI,GPU_2,1474.1,141.0,100.0
1781847780.70,ROCM_SMI,GPU_3,1474.1,144.0,100.0
1781847780.70,ROCM_SMI,GPU_4,1474.1,141.0,100.0
1781847780.70,ROCM_SMI,GPU_5,1474.1,139.0,100.0
1781847780.70,ROCM_SMI,GPU_6,1474.1,144.0,100.0
1781847780.70,ROCM_SMI,GPU_7,1474.1,139.0,100.0
1781847782.89,ROCM_SMI,GPU_0,1474.1,147.0,100.0
1781847782.89,ROCM_SMI,GPU_1,1474.1,142.0,100.0
1781847782.89,ROCM_SMI,GPU_2,1474.1,147.0,100.0
1781847782.89,ROCM_SMI,GPU_3,1474.1,144.0,100.0
1781847782.89,ROCM_SMI,GPU_4,1474.1,144.0,100.0
1781847782.89,ROCM_SMI,GPU_5,1474.1,143.0,100.0
1781847782.89,ROCM_SMI,GPU_6,1474.1,140.0,100.0
1781847782.89,ROCM_SMI,GPU_7,1474.1,137.0,100.0
1781847785.09,ROCM_SMI,GPU_0,1474.1,147.0,100.0
1781847785.09,ROCM_SMI,GPU_1,1474.1,143.0,100.0
1781847785.09,ROCM_SMI,GPU_2,1474.1,145.0,100.0
1781847785.09,ROCM_SMI,GPU_3,1474.1,145.0,100.0
1781847785.09,ROCM_SMI,GPU_4,1474.1,144.0,100.0
1781847785.09,ROCM_SMI,GPU_5,1474.1,142.0,100.0
1781847785.09,ROCM_SMI,GPU_6,1474.1,141.0,100.0
1781847785.09,ROCM_SMI,GPU_7,1474.1,138.0,100.0
1781847787.28,ROCM_SMI,GPU_0,1474.1,149.0,100.0
1781847787.28,ROCM_SMI,GPU_1,1474.1,140.0,100.0
1781847787.28,ROCM_SMI,GPU_2,1474.1,142.0,100.0
1781847787.28,ROCM_SMI,GPU_3,1474.1,143.0,100.0
1781847787.28,ROCM_SMI,GPU_4,1474.1,143.0,100.0
1781847787.28,ROCM_SMI,GPU_5,1474.1,140.0,100.0
1781847787.28,ROCM_SMI,GPU_6,1474.1,144.0,100.0
1781847787.28,ROCM_SMI,GPU_7,1474.1,139.0,100.0
1781847789.48,ROCM_SMI,GPU_0,1474.1,147.0,100.0
1781847789.48,ROCM_SMI,GPU_1,1474.1,139.0,100.0
1781847789.48,ROCM_SMI,GPU_2,1474.1,144.0,100.0
1781847789.48,ROCM_SMI,GPU_3,1474.1,146.0,100.0
1781847789.48,ROCM_SMI,GPU_4,1474.1,140.0,100.0
1781847789.48,ROCM_SMI,GPU_5,1474.1,138.0,100.0
1781847789.48,ROCM_SMI,GPU_6,1474.1,142.0,100.0
1781847789.48,ROCM_SMI,GPU_7,1474.1,139.0,100.0
1781847791.67,ROCM_SMI,GPU_0,1474.1,146.0,100.0
1781847791.67,ROCM_SMI,GPU_1,1474.1,140.0,100.0
1781847791.67,ROCM_SMI,GPU_2,1474.1,145.0,100.0
1781847791.67,ROCM_SMI,GPU_3,1474.1,147.0,100.0
1781847791.67,ROCM_SMI,GPU_4,1474.1,140.0,100.0
1781847791.67,ROCM_SMI,GPU_5,1474.1,138.0,100.0
1781847791.67,ROCM_SMI,GPU_6,1474.1,141.0,100.0
1781847791.67,ROCM_SMI,GPU_7,1474.1,139.0,100.0
1781847793.87,ROCM_SMI,GPU_0,1474.1,145.0,100.0
1781847793.87,ROCM_SMI,GPU_1,1474.1,141.0,100.0
1781847793.87,ROCM_SMI,GPU_2,1474.1,146.0,100.0
1781847793.87,ROCM_SMI,GPU_3,1474.1,146.0,100.0
1781847793.87,ROCM_SMI,GPU_4,1474.1,145.0,100.0
1781847793.87,ROCM_SMI,GPU_5,1474.1,142.0,100.0
1781847793.87,ROCM_SMI,GPU_6,1474.1,140.0,100.0
1781847793.87,ROCM_SMI,GPU_7,1474.1,139.0,100.0
1781847796.06,ROCM_SMI,GPU_0,1474.1,149.0,100.0
1781847796.06,ROCM_SMI,GPU_1,1474.1,139.0,100.0
1781847796.06,ROCM_SMI,GPU_2,1474.1,142.0,100.0
1781847796.06,ROCM_SMI,GPU_3,1474.1,147.0,100.0
1781847796.06,ROCM_SMI,GPU_4,1474.1,139.0,100.0
1781847796.06,ROCM_SMI,GPU_5,1474.1,136.0,100.0
1781847796.06,ROCM_SMI,GPU_6,1474.1,142.0,100.0
1781847796.06,ROCM_SMI,GPU_7,1474.1,139.0,100.0
1781847798.25,ROCM_SMI,GPU_0,1474.1,144.0,100.0
1781847798.25,ROCM_SMI,GPU_1,1474.1,142.0,100.0
1781847798.25,ROCM_SMI,GPU_2,1474.1,148.0,100.0
1781847798.25,ROCM_SMI,GPU_3,1474.1,147.0,100.0
1781847798.25,ROCM_SMI,GPU_4,1474.1,143.0,100.0
1781847798.25,ROCM_SMI,GPU_5,1474.1,141.0,100.0
1781847798.25,ROCM_SMI,GPU_6,1474.1,139.0,100.0
1781847798.25,ROCM_SMI,GPU_7,1474.1,138.0,100.0
1781847800.44,ROCM_SMI,GPU_0,1474.1,147.0,97.0
1781847800.44,ROCM_SMI,GPU_1,1474.1,141.0,100.0
1781847800.44,ROCM_SMI,GPU_2,1474.1,144.0,100.0
1781847800.44,ROCM_SMI,GPU_3,1474.1,145.0,100.0
1781847800.44,ROCM_SMI,GPU_4,1474.1,145.0,100.0
1781847800.44,ROCM_SMI,GPU_5,1474.1,142.0,100.0
1781847800.44,ROCM_SMI,GPU_6,1474.1,142.0,100.0
1781847800.44,ROCM_SMI,GPU_7,1474.1,139.0,100.0
1781847802.63,ROCM_SMI,GPU_0,1474.1,148.0,100.0
1781847802.63,ROCM_SMI,GPU_1,1474.1,139.0,100.0
1781847802.63,ROCM_SMI,GPU_2,1474.1,140.0,83.0
1781847802.63,ROCM_SMI,GPU_3,1474.1,145.0,100.0
1781847802.63,ROCM_SMI,GPU_4,1474.1,141.0,100.0
1781847802.63,ROCM_SMI,GPU_5,1474.1,139.0,100.0
1781847802.63,ROCM_SMI,GPU_6,1474.1,144.0,100.0
1781847802.63,ROCM_SMI,GPU_7,1474.1,139.0,100.0
1781847804.82,ROCM_SMI,GPU_0,1474.1,151.0,100.0
1781847804.82,ROCM_SMI,GPU_1,1474.1,140.0,100.0
1781847804.82,ROCM_SMI,GPU_2,1474.1,142.0,100.0
1781847804.82,ROCM_SMI,GPU_3,1474.1,145.0,100.0
1781847804.82,ROCM_SMI,GPU_4,1474.1,139.0,80.0
1781847804.82,ROCM_SMI,GPU_5,1474.1,137.0,100.0
1781847804.82,ROCM_SMI,GPU_6,1474.1,144.0,100.0
1781847804.82,ROCM_SMI,GPU_7,1474.1,140.0,100.0
1781847807.02,ROCM_SMI,GPU_0,1474.1,142.0,100.0
1781847807.02,ROCM_SMI,GPU_1,1474.1,140.0,100.0
1781847807.02,ROCM_SMI,GPU_2,1474.1,147.0,100.0
1781847807.02,ROCM_SMI,GPU_3,1474.1,145.0,100.0
1781847807.02,ROCM_SMI,GPU_4,1474.1,140.0,100.0
1781847807.02,ROCM_SMI,GPU_5,1474.1,137.0,100.0
1781847807.02,ROCM_SMI,GPU_6,1474.1,135.0,100.0
1781847807.02,ROCM_SMI,GPU_7,1474.1,141.0,100.0
1781847809.21,ROCM_SMI,GPU_0,1474.1,145.0,100.0
1781847809.21,ROCM_SMI,GPU_1,1474.1,141.0,100.0
1781847809.21,ROCM_SMI,GPU_2,1474.1,147.0,100.0
1781847809.21,ROCM_SMI,GPU_3,1474.1,148.0,100.0
1781847809.21,ROCM_SMI,GPU_4,1474.1,141.0,100.0
1781847809.21,ROCM_SMI,GPU_5,1474.1,140.0,100.0
1781847809.21,ROCM_SMI,GPU_6,1474.1,139.0,82.0
1781847809.21,ROCM_SMI,GPU_7,1474.1,138.0,100.0
1781847811.42,ROCM_SMI,GPU_0,1474.1,144.0,100.0
1781847811.42,ROCM_SMI,GPU_1,1474.1,140.0,100.0
1781847811.42,ROCM_SMI,GPU_2,1474.1,147.0,100.0
1781847811.42,ROCM_SMI,GPU_3,1474.1,146.0,100.0
1781847811.42,ROCM_SMI,GPU_4,1474.1,144.0,87.0
1781847811.42,ROCM_SMI,GPU_5,1474.1,142.0,100.0
1781847811.42,ROCM_SMI,GPU_6,1474.1,140.0,100.0
1781847811.42,ROCM_SMI,GPU_7,1474.1,138.0,100.0
1781847813.61,ROCM_SMI,GPU_0,1474.1,149.0,100.0
1781847813.61,ROCM_SMI,GPU_1,1474.1,140.0,87.0
1781847813.61,ROCM_SMI,GPU_2,1474.1,141.0,100.0
1781847813.61,ROCM_SMI,GPU_3,1474.1,143.0,100.0
1781847813.61,ROCM_SMI,GPU_4,1474.1,143.0,100.0
1781847813.61,ROCM_SMI,GPU_5,1474.1,140.0,100.0
1781847813.61,ROCM_SMI,GPU_6,1474.1,143.0,100.0
1781847813.61,ROCM_SMI,GPU_7,1474.1,139.0,100.0
1781847815.81,ROCM_SMI,GPU_0,1474.1,148.0,100.0
1781847815.81,ROCM_SMI,GPU_1,1474.1,138.0,100.0
1781847815.81,ROCM_SMI,GPU_2,1474.1,143.0,89.0
1781847815.81,ROCM_SMI,GPU_3,1474.1,146.0,100.0
1781847815.81,ROCM_SMI,GPU_4,1474.1,139.0,100.0
1781847815.81,ROCM_SMI,GPU_5,1474.1,138.0,100.0
1781847815.81,ROCM_SMI,GPU_6,1474.1,140.0,100.0
1781847815.81,ROCM_SMI,GPU_7,1474.1,138.0,100.0
1781847818.00,ROCM_SMI,GPU_0,1474.1,145.0,100.0
1781847818.00,ROCM_SMI,GPU_1,1474.1,141.0,100.0
1781847818.00,ROCM_SMI,GPU_2,1474.1,147.0,100.0
1781847818.00,ROCM_SMI,GPU_3,1474.1,144.0,81.0
1781847818.00,ROCM_SMI,GPU_4,1474.1,143.0,100.0
1781847818.00,ROCM_SMI,GPU_5,1474.1,142.0,100.0
1781847818.00,ROCM_SMI,GPU_6,1474.1,140.0,100.0
1781847818.00,ROCM_SMI,GPU_7,1474.1,139.0,100.0
1781847820.19,ROCM_SMI,GPU_0,1474.1,149.0,100.0
1781847820.19,ROCM_SMI,GPU_1,1474.1,142.0,100.0
1781847820.19,ROCM_SMI,GPU_2,1474.1,146.0,100.0
1781847820.19,ROCM_SMI,GPU_3,1474.1,143.0,100.0
1781847820.19,ROCM_SMI,GPU_4,1474.1,143.0,81.0
1781847820.19,ROCM_SMI,GPU_5,1474.1,142.0,100.0
1781847820.19,ROCM_SMI,GPU_6,1474.1,142.0,100.0
1781847820.19,ROCM_SMI,GPU_7,1474.1,140.0,100.0
1781847822.39,ROCM_SMI,GPU_0,1474.1,150.0,100.0
1781847822.39,ROCM_SMI,GPU_1,1474.1,142.0,100.0
1781847822.39,ROCM_SMI,GPU_2,1474.1,142.0,100.0
1781847822.39,ROCM_SMI,GPU_3,1474.1,145.0,100.0
1781847822.39,ROCM_SMI,GPU_4,1474.1,144.0,96.0
1781847822.39,ROCM_SMI,GPU_5,1474.1,140.0,100.0
1781847822.39,ROCM_SMI,GPU_6,1474.1,145.0,100.0
1781847822.39,ROCM_SMI,GPU_7,1474.1,140.0,100.0
1781847824.58,ROCM_SMI,GPU_0,1474.1,144.0,100.0
1781847824.58,ROCM_SMI,GPU_1,1474.1,138.0,100.0
1781847824.58,ROCM_SMI,GPU_2,1474.1,145.0,100.0
1781847824.58,ROCM_SMI,GPU_3,1474.1,146.0,100.0
1781847824.58,ROCM_SMI,GPU_4,1474.1,140.0,92.0
1781847824.58,ROCM_SMI,GPU_5,1474.1,137.0,100.0
1781847824.58,ROCM_SMI,GPU_6,1474.1,139.0,100.0
1781847824.58,ROCM_SMI,GPU_7,1474.1,139.0,100.0
1781847826.78,ROCM_SMI,GPU_0,1474.1,146.0,100.0
1781847826.78,ROCM_SMI,GPU_1,1474.1,140.0,100.0
1781847826.78,ROCM_SMI,GPU_2,1474.1,148.0,100.0
1781847826.78,ROCM_SMI,GPU_3,1474.1,148.0,100.0
1781847826.78,ROCM_SMI,GPU_4,1474.1,143.0,100.0
1781847826.78,ROCM_SMI,GPU_5,1474.1,141.0,100.0
1781847826.78,ROCM_SMI,GPU_6,1474.1,139.0,100.0
1781847826.78,ROCM_SMI,GPU_7,1474.1,138.0,100.0
1781847828.97,ROCM_SMI,GPU_0,1474.1,147.0,100.0
1781847828.97,ROCM_SMI,GPU_1,1474.1,141.0,100.0
1781847828.97,ROCM_SMI,GPU_2,1474.1,148.0,100.0
1781847828.97,ROCM_SMI,GPU_3,1474.1,147.0,100.0
1781847828.97,ROCM_SMI,GPU_4,1474.1,144.0,100.0
1781847828.97,ROCM_SMI,GPU_5,1474.1,143.0,100.0
1781847828.97,ROCM_SMI,GPU_6,1474.1,140.0,88.0
1781847828.97,ROCM_SMI,GPU_7,1474.1,139.0,100.0
1781847831.16,ROCM_SMI,GPU_0,1474.1,150.0,100.0
1781847831.16,ROCM_SMI,GPU_1,1474.1,143.0,100.0
1781847831.16,ROCM_SMI,GPU_2,1474.1,143.0,100.0
1781847831.16,ROCM_SMI,GPU_3,1474.1,146.0,100.0
1781847831.16,ROCM_SMI,GPU_4,1474.1,145.0,100.0
1781847831.16,ROCM_SMI,GPU_5,1474.1,142.0,100.0
1781847831.16,ROCM_SMI,GPU_6,1474.1,143.0,100.0
1781847831.16,ROCM_SMI,GPU_7,1474.1,139.0,81.0
1781847833.35,ROCM_SMI,GPU_0,1474.1,149.0,100.0
1781847833.35,ROCM_SMI,GPU_1,1474.1,140.0,100.0
1781847833.35,ROCM_SMI,GPU_2,1474.1,141.0,100.0
1781847833.35,ROCM_SMI,GPU_3,1474.1,147.0,100.0
1781847833.35,ROCM_SMI,GPU_4,1474.1,140.0,100.0
1781847833.35,ROCM_SMI,GPU_5,1474.1,139.0,100.0
1781847833.35,ROCM_SMI,GPU_6,1474.1,143.0,100.0
1781847833.35,ROCM_SMI,GPU_7,1474.1,139.0,100.0
1781847835.55,ROCM_SMI,GPU_0,1474.1,151.0,100.0
1781847835.55,ROCM_SMI,GPU_1,1474.1,143.0,100.0
1781847835.55,ROCM_SMI,GPU_2,1474.1,144.0,100.0
1781847835.55,ROCM_SMI,GPU_3,1474.1,145.0,100.0
1781847835.55,ROCM_SMI,GPU_4,1474.1,141.0,100.0
1781847835.55,ROCM_SMI,GPU_5,1474.1,138.0,100.0
1781847835.55,ROCM_SMI,GPU_6,1474.1,140.0,100.0
1781847835.55,ROCM_SMI,GPU_7,1474.1,137.0,100.0
1781847837.74,ROCM_SMI,GPU_0,1474.1,145.0,100.0
1781847837.74,ROCM_SMI,GPU_1,1474.1,142.0,100.0
1781847837.74,ROCM_SMI,GPU_2,1474.1,148.0,100.0
1781847837.74,ROCM_SMI,GPU_3,1474.1,147.0,100.0
1781847837.74,ROCM_SMI,GPU_4,1474.1,142.0,100.0
1781847837.74,ROCM_SMI,GPU_5,1474.1,140.0,100.0
1781847837.74,ROCM_SMI,GPU_6,1474.1,139.0,100.0
1781847837.74,ROCM_SMI,GPU_7,1474.1,138.0,100.0
1781847839.93,ROCM_SMI,GPU_0,1474.1,144.0,90.0
1781847839.93,ROCM_SMI,GPU_1,1474.1,142.0,100.0
1781847839.93,ROCM_SMI,GPU_2,1474.1,147.0,100.0
1781847839.93,ROCM_SMI,GPU_3,1474.1,147.0,100.0
1781847839.93,ROCM_SMI,GPU_4,1474.1,144.0,100.0
1781847839.93,ROCM_SMI,GPU_5,1474.1,143.0,100.0
1781847839.93,ROCM_SMI,GPU_6,1474.1,140.0,100.0
1781847839.93,ROCM_SMI,GPU_7,1474.1,140.0,100.0
1781847842.12,ROCM_SMI,GPU_0,1474.1,148.0,100.0
1781847842.12,ROCM_SMI,GPU_1,1474.1,141.0,88.0
1781847842.12,ROCM_SMI,GPU_2,1474.1,143.0,100.0
1781847842.12,ROCM_SMI,GPU_3,1474.1,146.0,100.0
1781847842.12,ROCM_SMI,GPU_4,1474.1,145.0,100.0
1781847842.12,ROCM_SMI,GPU_5,1474.1,143.0,100.0
1781847842.12,ROCM_SMI,GPU_6,1474.1,143.0,100.0
1781847842.12,ROCM_SMI,GPU_7,1474.1,139.0,100.0
1781847844.31,ROCM_SMI,GPU_0,1474.1,149.0,100.0
1781847844.31,ROCM_SMI,GPU_1,1474.1,140.0,100.0
1781847844.31,ROCM_SMI,GPU_2,1474.1,141.0,84.0
1781847844.31,ROCM_SMI,GPU_3,1474.1,143.0,100.0
1781847844.31,ROCM_SMI,GPU_4,1474.1,143.0,100.0
1781847844.31,ROCM_SMI,GPU_5,1474.1,140.0,100.0
1781847844.31,ROCM_SMI,GPU_6,1474.1,143.0,100.0
1781847844.31,ROCM_SMI,GPU_7,1474.1,139.0,100.0
1781847846.51,ROCM_SMI,GPU_0,1474.1,152.0,100.0
1781847846.51,ROCM_SMI,GPU_1,1474.1,139.0,100.0
1781847846.51,ROCM_SMI,GPU_2,1474.1,141.0,100.0
1781847846.51,ROCM_SMI,GPU_3,1474.1,144.0,100.0
1781847846.51,ROCM_SMI,GPU_4,1474.1,141.0,88.0
1781847846.51,ROCM_SMI,GPU_5,1474.1,138.0,100.0
1781847846.51,ROCM_SMI,GPU_6,1474.1,144.0,100.0
1781847846.51,ROCM_SMI,GPU_7,1474.1,139.0,100.0
1781847848.70,ROCM_SMI,GPU_0,1474.1,147.0,100.0
1781847848.70,ROCM_SMI,GPU_1,1474.1,138.0,100.0
1781847848.70,ROCM_SMI,GPU_2,1474.1,144.0,100.0
1781847848.70,ROCM_SMI,GPU_3,1474.1,147.0,100.0
1781847848.70,ROCM_SMI,GPU_4,1474.1,140.0,100.0
1781847848.70,ROCM_SMI,GPU_5,1474.1,138.0,87.0
1781847848.70,ROCM_SMI,GPU_6,1474.1,139.0,100.0
1781847848.70,ROCM_SMI,GPU_7,1474.1,138.0,100.0
1781847850.89,ROCM_SMI,GPU_0,1474.1,145.0,100.0
1781847850.89,ROCM_SMI,GPU_1,1474.1,140.0,100.0
1781847850.89,ROCM_SMI,GPU_2,1474.1,146.0,100.0
1781847850.89,ROCM_SMI,GPU_3,1474.1,147.0,100.0
1781847850.89,ROCM_SMI,GPU_4,1474.1,141.0,100.0
1781847850.89,ROCM_SMI,GPU_5,1474.1,139.0,100.0
1781847850.89,ROCM_SMI,GPU_6,1474.1,139.0,89.0
1781847850.89,ROCM_SMI,GPU_7,1474.1,138.0,100.0
1781847853.09,ROCM_SMI,GPU_0,1474.1,146.0,100.0
1781847853.09,ROCM_SMI,GPU_1,1474.1,142.0,100.0
1781847853.09,ROCM_SMI,GPU_2,1474.1,148.0,100.0
1781847853.09,ROCM_SMI,GPU_3,1474.1,146.0,100.0
1781847853.09,ROCM_SMI,GPU_4,1474.1,143.0,100.0
1781847853.09,ROCM_SMI,GPU_5,1474.1,143.0,100.0
1781847853.09,ROCM_SMI,GPU_6,1474.1,138.0,88.0
1781847853.09,ROCM_SMI,GPU_7,1474.1,137.0,100.0
1781847855.28,ROCM_SMI,GPU_0,1474.1,150.0,100.0
1781847855.28,ROCM_SMI,GPU_1,1474.1,141.0,100.0
1781847855.28,ROCM_SMI,GPU_2,1474.1,143.0,100.0
1781847855.28,ROCM_SMI,GPU_3,1474.1,144.0,100.0
1781847855.28,ROCM_SMI,GPU_4,1474.1,145.0,100.0
1781847855.28,ROCM_SMI,GPU_5,1474.1,142.0,100.0
1781847855.28,ROCM_SMI,GPU_6,1474.1,142.0,100.0
1781847855.28,ROCM_SMI,GPU_7,1474.1,137.0,80.0
1781847857.47,ROCM_SMI,GPU_0,1474.1,151.0,100.0
1781847857.47,ROCM_SMI,GPU_1,1474.1,140.0,100.0
1781847857.47,ROCM_SMI,GPU_2,1474.1,142.0,100.0
1781847857.47,ROCM_SMI,GPU_3,1474.1,145.0,100.0
1781847857.47,ROCM_SMI,GPU_4,1474.1,141.0,100.0
1781847857.47,ROCM_SMI,GPU_5,1474.1,138.0,100.0
1781847857.47,ROCM_SMI,GPU_6,1474.1,144.0,100.0
1781847857.47,ROCM_SMI,GPU_7,1474.1,140.0,94.0
1781847859.66,ROCM_SMI,GPU_0,1474.1,148.0,100.0
1781847859.66,ROCM_SMI,GPU_1,1474.1,139.0,100.0
1781847859.66,ROCM_SMI,GPU_2,1474.1,144.0,100.0
1781847859.66,ROCM_SMI,GPU_3,1474.1,146.0,100.0
1781847859.66,ROCM_SMI,GPU_4,1474.1,139.0,100.0
1781847859.66,ROCM_SMI,GPU_5,1474.1,137.0,100.0
1781847859.66,ROCM_SMI,GPU_6,1474.1,140.0,100.0
1781847859.66,ROCM_SMI,GPU_7,1474.1,140.0,100.0
1781847861.86,ROCM_SMI,GPU_0,1474.1,145.0,100.0
1781847861.86,ROCM_SMI,GPU_1,1474.1,142.0,100.0
1781847861.86,ROCM_SMI,GPU_2,1474.1,146.0,100.0
1781847861.86,ROCM_SMI,GPU_3,1474.1,148.0,100.0
1781847861.86,ROCM_SMI,GPU_4,1474.1,141.0,100.0
1781847861.86,ROCM_SMI,GPU_5,1474.1,139.0,100.0
1781847861.86,ROCM_SMI,GPU_6,1474.1,140.0,100.0
1781847861.86,ROCM_SMI,GPU_7,1474.1,140.0,100.0
1781847864.05,ROCM_SMI,GPU_0,1474.1,140.0,100.0
1781847864.05,ROCM_SMI,GPU_1,1474.1,148.0,100.0
1781847864.05,ROCM_SMI,GPU_2,1474.1,154.0,100.0
1781847864.05,ROCM_SMI,GPU_3,1474.1,151.0,100.0
1781847864.05,ROCM_SMI,GPU_4,1474.1,160.0,100.0
1781847864.05,ROCM_SMI,GPU_5,1474.1,149.0,100.0
1781847864.05,ROCM_SMI,GPU_6,1474.1,137.0,100.0
1781847864.05,ROCM_SMI,GPU_7,1474.1,136.0,100.0
1781847866.25,ROCM_SMI,GPU_0,1474.1,144.0,100.0
1781847866.25,ROCM_SMI,GPU_1,1474.1,142.0,100.0
1781847866.25,ROCM_SMI,GPU_2,1474.1,148.0,100.0
1781847866.25,ROCM_SMI,GPU_3,1474.1,148.0,100.0
1781847866.25,ROCM_SMI,GPU_4,1474.1,150.0,100.0
1781847866.25,ROCM_SMI,GPU_5,1474.1,144.0,100.0
1781847866.25,ROCM_SMI,GPU_6,1474.1,140.0,100.0
1781847866.25,ROCM_SMI,GPU_7,1474.1,140.0,100.0
1781847868.44,ROCM_SMI,GPU_0,1474.1,149.0,84.0
1781847868.44,ROCM_SMI,GPU_1,1474.1,140.0,100.0
1781847868.44,ROCM_SMI,GPU_2,1474.1,142.0,100.0
1781847868.44,ROCM_SMI,GPU_3,1474.1,146.0,100.0
1781847868.44,ROCM_SMI,GPU_4,1474.1,142.0,100.0
1781847868.44,ROCM_SMI,GPU_5,1474.1,140.0,100.0
1781847868.44,ROCM_SMI,GPU_6,1474.1,144.0,100.0
1781847868.44,ROCM_SMI,GPU_7,1474.1,139.0,100.0
1781847870.63,ROCM_SMI,GPU_0,1474.1,149.0,100.0
1781847870.63,ROCM_SMI,GPU_1,1474.1,138.0,100.0
1781847870.63,ROCM_SMI,GPU_2,1474.1,139.0,84.0
1781847870.63,ROCM_SMI,GPU_3,1474.1,144.0,100.0
1781847870.63,ROCM_SMI,GPU_4,1474.1,140.0,100.0
1781847870.63,ROCM_SMI,GPU_5,1474.1,137.0,100.0
1781847870.63,ROCM_SMI,GPU_6,1474.1,144.0,100.0
1781847870.63,ROCM_SMI,GPU_7,1474.1,139.0,100.0
1781847872.82,ROCM_SMI,GPU_0,1474.1,150.0,100.0
1781847872.82,ROCM_SMI,GPU_1,1474.1,140.0,100.0
1781847872.82,ROCM_SMI,GPU_2,1474.1,142.0,100.0
1781847872.82,ROCM_SMI,GPU_3,1474.1,145.0,100.0
1781847872.82,ROCM_SMI,GPU_4,1474.1,140.0,89.0
1781847872.82,ROCM_SMI,GPU_5,1474.1,137.0,100.0
1781847872.82,ROCM_SMI,GPU_6,1474.1,144.0,100.0
1781847872.82,ROCM_SMI,GPU_7,1474.1,140.0,100.0
1781847875.01,ROCM_SMI,GPU_0,1474.1,150.0,100.0
1781847875.01,ROCM_SMI,GPU_1,1474.1,140.0,100.0
1781847875.01,ROCM_SMI,GPU_2,1474.1,143.0,100.0
1781847875.01,ROCM_SMI,GPU_3,1474.1,148.0,100.0
1781847875.01,ROCM_SMI,GPU_4,1474.1,140.0,100.0
1781847875.01,ROCM_SMI,GPU_5,1474.1,138.0,81.0
1781847875.01,ROCM_SMI,GPU_6,1474.1,143.0,100.0
1781847875.01,ROCM_SMI,GPU_7,1474.1,141.0,100.0
1781847877.21,ROCM_SMI,GPU_0,1474.1,147.0,100.0
1781847877.21,ROCM_SMI,GPU_1,1474.1,139.0,100.0
1781847877.21,ROCM_SMI,GPU_2,1474.1,144.0,100.0
1781847877.21,ROCM_SMI,GPU_3,1474.1,146.0,100.0
1781847877.21,ROCM_SMI,GPU_4,1474.1,140.0,100.0
1781847877.21,ROCM_SMI,GPU_5,1474.1,138.0,100.0
1781847877.21,ROCM_SMI,GPU_6,1474.1,141.0,100.0
1781847877.21,ROCM_SMI,GPU_7,1474.1,138.0,79.0
1781847879.40,ROCM_SMI,GPU_0,1474.1,147.0,100.0
1781847879.40,ROCM_SMI,GPU_1,1474.1,139.0,100.0
1781847879.40,ROCM_SMI,GPU_2,1474.1,145.0,100.0
1781847879.40,ROCM_SMI,GPU_3,1474.1,146.0,100.0
1781847879.40,ROCM_SMI,GPU_4,1474.1,140.0,100.0
1781847879.40,ROCM_SMI,GPU_5,1474.1,139.0,100.0
1781847879.40,ROCM_SMI,GPU_6,1474.1,141.0,100.0
1781847879.40,ROCM_SMI,GPU_7,1474.1,139.0,100.0
1781847881.59,ROCM_SMI,GPU_0,1474.1,149.0,82.0
1781847881.59,ROCM_SMI,GPU_1,1474.1,140.0,100.0
1781847881.59,ROCM_SMI,GPU_2,1474.1,141.0,100.0
1781847881.59,ROCM_SMI,GPU_3,1474.1,144.0,100.0
1781847881.59,ROCM_SMI,GPU_4,1474.1,142.0,100.0
1781847881.59,ROCM_SMI,GPU_5,1474.1,139.0,100.0
1781847881.59,ROCM_SMI,GPU_6,1474.1,144.0,100.0
1781847881.59,ROCM_SMI,GPU_7,1474.1,140.0,100.0
1781847883.78,ROCM_SMI,GPU_0,1474.1,144.0,89.0
1781847883.78,ROCM_SMI,GPU_1,1474.1,140.0,100.0
1781847883.78,ROCM_SMI,GPU_2,1474.1,147.0,100.0
1781847883.78,ROCM_SMI,GPU_3,1474.1,147.0,100.0
1781847883.78,ROCM_SMI,GPU_4,1474.1,141.0,100.0
1781847883.78,ROCM_SMI,GPU_5,1474.1,140.0,100.0
1781847883.78,ROCM_SMI,GPU_6,1474.1,139.0,100.0
1781847883.78,ROCM_SMI,GPU_7,1474.1,138.0,100.0
1781847885.98,ROCM_SMI,GPU_0,1474.1,145.0,97.0
1781847885.98,ROCM_SMI,GPU_1,1474.1,138.0,98.0
1781847885.98,ROCM_SMI,GPU_2,1474.1,147.0,100.0
1781847885.98,ROCM_SMI,GPU_3,1474.1,147.0,100.0
1781847885.98,ROCM_SMI,GPU_4,1474.1,142.0,100.0
1781847885.98,ROCM_SMI,GPU_5,1474.1,142.0,100.0
1781847885.98,ROCM_SMI,GPU_6,1474.1,139.0,100.0
1781847885.98,ROCM_SMI,GPU_7,1474.1,137.0,100.0
1781847888.17,ROCM_SMI,GPU_0,1474.1,144.0,100.0
1781847888.17,ROCM_SMI,GPU_1,1474.1,141.0,100.0
1781847888.17,ROCM_SMI,GPU_2,1474.1,146.0,82.0
1781847888.17,ROCM_SMI,GPU_3,1474.1,144.0,100.0
1781847888.17,ROCM_SMI,GPU_4,1474.1,143.0,100.0
1781847888.17,ROCM_SMI,GPU_5,1474.1,143.0,100.0
1781847888.17,ROCM_SMI,GPU_6,1474.1,140.0,100.0
1781847888.17,ROCM_SMI,GPU_7,1474.1,137.0,100.0
1781847890.36,ROCM_SMI,GPU_0,1474.1,148.0,100.0
1781847890.36,ROCM_SMI,GPU_1,1474.1,141.0,100.0
1781847890.36,ROCM_SMI,GPU_2,1474.1,143.0,100.0
1781847890.36,ROCM_SMI,GPU_3,1474.1,144.0,82.0
1781847890.36,ROCM_SMI,GPU_4,1474.1,144.0,100.0
1781847890.36,ROCM_SMI,GPU_5,1474.1,142.0,100.0
1781847890.36,ROCM_SMI,GPU_6,1474.1,144.0,100.0
1781847890.36,ROCM_SMI,GPU_7,1474.1,141.0,100.0
1781847892.56,ROCM_SMI,GPU_0,1474.1,151.0,100.0
1781847892.56,ROCM_SMI,GPU_1,1474.1,142.0,100.0
1781847892.56,ROCM_SMI,GPU_2,1474.1,144.0,100.0
1781847892.56,ROCM_SMI,GPU_3,1474.1,146.0,100.0
1781847892.56,ROCM_SMI,GPU_4,1474.1,144.0,76.0
1781847892.56,ROCM_SMI,GPU_5,1474.1,140.0,100.0
1781847892.56,ROCM_SMI,GPU_6,1474.1,144.0,100.0
1781847892.56,ROCM_SMI,GPU_7,1474.1,139.0,100.0
1781847894.76,ROCM_SMI,GPU_0,1474.1,144.0,100.0
1781847894.76,ROCM_SMI,GPU_1,1474.1,139.0,100.0
1781847894.76,ROCM_SMI,GPU_2,1474.1,138.0,100.0
1781847894.76,ROCM_SMI,GPU_3,1474.1,135.0,88.0
1781847894.76,ROCM_SMI,GPU_4,1474.1,137.0,100.0
1781847894.76,ROCM_SMI,GPU_5,1474.1,151.0,100.0
1781847894.76,ROCM_SMI,GPU_6,1474.1,171.0,100.0
1781847894.76,ROCM_SMI,GPU_7,1474.1,138.0,100.0
1781847896.95,ROCM_SMI,GPU_0,1474.1,150.0,100.0
1781847896.95,ROCM_SMI,GPU_1,1474.1,142.0,100.0
1781847896.95,ROCM_SMI,GPU_2,1474.1,144.0,100.0
1781847896.95,ROCM_SMI,GPU_3,1474.1,146.0,100.0
1781847896.95,ROCM_SMI,GPU_4,1474.1,145.0,87.0
1781847896.95,ROCM_SMI,GPU_5,1474.1,140.0,100.0
1781847896.95,ROCM_SMI,GPU_6,1474.1,144.0,100.0
1781847896.95,ROCM_SMI,GPU_7,1474.1,140.0,100.0
1781847899.14,ROCM_SMI,GPU_0,1474.1,152.0,100.0
1781847899.14,ROCM_SMI,GPU_1,1474.1,141.0,100.0
1781847899.14,ROCM_SMI,GPU_2,1474.1,142.0,100.0
1781847899.14,ROCM_SMI,GPU_3,1474.1,146.0,100.0
1781847899.14,ROCM_SMI,GPU_4,1474.1,142.0,100.0
1781847899.14,ROCM_SMI,GPU_5,1474.1,140.0,100.0
1781847899.14,ROCM_SMI,GPU_6,1474.1,144.0,100.0
1781847899.14,ROCM_SMI,GPU_7,1474.1,141.0,100.0
1781847901.33,ROCM_SMI,GPU_0,1474.1,145.0,100.0
1781847901.33,ROCM_SMI,GPU_1,1474.1,140.0,100.0
1781847901.33,ROCM_SMI,GPU_2,1474.1,148.0,100.0
1781847901.33,ROCM_SMI,GPU_3,1474.1,147.0,100.0
1781847901.33,ROCM_SMI,GPU_4,1474.1,143.0,100.0
1781847901.33,ROCM_SMI,GPU_5,1474.1,143.0,100.0
1781847901.33,ROCM_SMI,GPU_6,1474.1,138.0,87.0
1781847901.33,ROCM_SMI,GPU_7,1474.1,139.0,100.0
1781847903.53,ROCM_SMI,GPU_0,1474.1,151.0,100.0
1781847903.53,ROCM_SMI,GPU_1,1474.1,141.0,100.0
1781847903.53,ROCM_SMI,GPU_2,1474.1,142.0,100.0
1781847903.53,ROCM_SMI,GPU_3,1474.1,145.0,100.0
1781847903.53,ROCM_SMI,GPU_4,1474.1,144.0,100.0
1781847903.53,ROCM_SMI,GPU_5,1474.1,140.0,100.0
1781847903.53,ROCM_SMI,GPU_6,1474.1,144.0,82.0
1781847903.53,ROCM_SMI,GPU_7,1474.1,140.0,100.0
1781847905.72,ROCM_SMI,GPU_0,1474.1,144.0,100.0
1781847905.72,ROCM_SMI,GPU_1,1474.1,140.0,100.0
1781847905.72,ROCM_SMI,GPU_2,1474.1,148.0,100.0
1781847905.72,ROCM_SMI,GPU_3,1474.1,148.0,100.0
1781847905.72,ROCM_SMI,GPU_4,1474.1,140.0,100.0
1781847905.72,ROCM_SMI,GPU_5,1474.1,139.0,100.0
1781847905.72,ROCM_SMI,GPU_6,1474.1,136.0,85.0
1781847905.72,ROCM_SMI,GPU_7,1474.1,137.0,100.0
1781847907.91,ROCM_SMI,GPU_0,1474.1,147.0,100.0
1781847907.91,ROCM_SMI,GPU_1,1474.1,142.0,100.0
1781847907.91,ROCM_SMI,GPU_2,1474.1,147.0,100.0
1781847907.91,ROCM_SMI,GPU_3,1474.1,145.0,100.0
1781847907.91,ROCM_SMI,GPU_4,1474.1,149.0,100.0
1781847907.91,ROCM_SMI,GPU_5,1474.1,145.0,100.0
1781847907.91,ROCM_SMI,GPU_6,1474.1,140.0,100.0
1781847907.91,ROCM_SMI,GPU_7,1474.1,135.0,81.0
1781847910.10,ROCM_SMI,GPU_0,1474.1,149.0,100.0
1781847910.10,ROCM_SMI,GPU_1,1474.1,140.0,100.0
1781847910.10,ROCM_SMI,GPU_2,1474.1,142.0,100.0
1781847910.10,ROCM_SMI,GPU_3,1474.1,144.0,100.0
1781847910.10,ROCM_SMI,GPU_4,1474.1,144.0,100.0
1781847910.10,ROCM_SMI,GPU_5,1474.1,141.0,100.0
1781847910.10,ROCM_SMI,GPU_6,1474.1,144.0,100.0
1781847910.10,ROCM_SMI,GPU_7,1474.1,138.0,100.0
1781847912.30,ROCM_SMI,GPU_0,1474.1,150.0,100.0
1781847912.30,ROCM_SMI,GPU_1,1474.1,140.0,100.0
1781847912.30,ROCM_SMI,GPU_2,1474.1,142.0,100.0
1781847912.30,ROCM_SMI,GPU_3,1474.1,145.0,100.0
1781847912.30,ROCM_SMI,GPU_4,1474.1,141.0,100.0
1781847912.30,ROCM_SMI,GPU_5,1474.1,138.0,100.0
1781847912.30,ROCM_SMI,GPU_6,1474.1,144.0,100.0
1781847912.30,ROCM_SMI,GPU_7,1474.1,140.0,100.0
1781847914.49,ROCM_SMI,GPU_0,1474.1,146.0,100.0
1781847914.49,ROCM_SMI,GPU_1,1474.1,143.0,100.0
1781847914.49,ROCM_SMI,GPU_2,1474.1,147.0,100.0
1781847914.49,ROCM_SMI,GPU_3,1474.1,147.0,100.0
1781847914.49,ROCM_SMI,GPU_4,1474.1,142.0,100.0
1781847914.49,ROCM_SMI,GPU_5,1474.1,142.0,100.0
1781847914.49,ROCM_SMI,GPU_6,1474.1,140.0,100.0
1781847914.49,ROCM_SMI,GPU_7,1474.1,137.0,100.0
1781847916.68,ROCM_SMI,GPU_0,1474.1,147.0,83.0
1781847916.68,ROCM_SMI,GPU_1,1474.1,140.0,100.0
1781847916.68,ROCM_SMI,GPU_2,1474.1,143.0,100.0
1781847916.68,ROCM_SMI,GPU_3,1474.1,145.0,100.0
1781847916.68,ROCM_SMI,GPU_4,1474.1,144.0,100.0
1781847916.68,ROCM_SMI,GPU_5,1474.1,141.0,100.0
1781847916.68,ROCM_SMI,GPU_6,1474.1,144.0,100.0
1781847916.68,ROCM_SMI,GPU_7,1474.1,140.0,100.0
1781847918.87,ROCM_SMI,GPU_0,1474.1,145.0,89.0
1781847918.87,ROCM_SMI,GPU_1,1474.1,137.0,100.0
1781847918.87,ROCM_SMI,GPU_2,1474.1,144.0,100.0
1781847918.87,ROCM_SMI,GPU_3,1474.1,147.0,100.0
1781847918.87,ROCM_SMI,GPU_4,1474.1,140.0,100.0
1781847918.87,ROCM_SMI,GPU_5,1474.1,138.0,100.0
1781847918.87,ROCM_SMI,GPU_6,1474.1,141.0,100.0
1781847918.87,ROCM_SMI,GPU_7,1474.1,139.0,100.0
1781847921.06,ROCM_SMI,GPU_0,1474.1,144.0,100.0
1781847921.06,ROCM_SMI,GPU_1,1474.1,139.0,88.0
1781847921.06,ROCM_SMI,GPU_2,1474.1,145.0,100.0
1781847921.06,ROCM_SMI,GPU_3,1474.1,148.0,100.0
1781847921.06,ROCM_SMI,GPU_4,1474.1,141.0,100.0
1781847921.06,ROCM_SMI,GPU_5,1474.1,142.0,100.0
1781847921.06,ROCM_SMI,GPU_6,1474.1,140.0,100.0
1781847921.06,ROCM_SMI,GPU_7,1474.1,137.0,100.0
1781847923.26,ROCM_SMI,GPU_0,1474.1,148.0,100.0
1781847923.26,ROCM_SMI,GPU_1,1474.1,140.0,82.0
1781847923.26,ROCM_SMI,GPU_2,1474.1,144.0,100.0
1781847923.26,ROCM_SMI,GPU_3,1474.1,145.0,100.0
1781847923.26,ROCM_SMI,GPU_4,1474.1,145.0,100.0
1781847923.26,ROCM_SMI,GPU_5,1474.1,142.0,100.0
1781847923.26,ROCM_SMI,GPU_6,1474.1,144.0,100.0
1781847923.26,ROCM_SMI,GPU_7,1474.1,141.0,100.0
1781847925.45,ROCM_SMI,GPU_0,1474.1,149.0,100.0
1781847925.45,ROCM_SMI,GPU_1,1474.1,140.0,100.0
1781847925.45,ROCM_SMI,GPU_2,1474.1,140.0,84.0
1781847925.45,ROCM_SMI,GPU_3,1474.1,145.0,100.0
1781847925.45,ROCM_SMI,GPU_4,1474.1,140.0,100.0
1781847925.45,ROCM_SMI,GPU_5,1474.1,138.0,100.0
1781847925.45,ROCM_SMI,GPU_6,1474.1,143.0,100.0
1781847925.45,ROCM_SMI,GPU_7,1474.1,139.0,100.0
1781847927.64,ROCM_SMI,GPU_0,1474.1,146.0,100.0
1781847927.64,ROCM_SMI,GPU_1,1474.1,140.0,100.0
1781847927.64,ROCM_SMI,GPU_2,1474.1,145.0,100.0
1781847927.64,ROCM_SMI,GPU_3,1474.1,146.0,82.0
1781847927.64,ROCM_SMI,GPU_4,1474.1,138.0,100.0
1781847927.64,ROCM_SMI,GPU_5,1474.1,138.0,100.0
1781847927.64,ROCM_SMI,GPU_6,1474.1,140.0,100.0
1781847927.64,ROCM_SMI,GPU_7,1474.1,139.0,100.0
1781847929.83,ROCM_SMI,GPU_0,1474.1,147.0,100.0
1781847929.83,ROCM_SMI,GPU_1,1474.1,139.0,100.0
1781847929.83,ROCM_SMI,GPU_2,1474.1,145.0,100.0
1781847929.83,ROCM_SMI,GPU_3,1474.1,147.0,100.0
1781847929.83,ROCM_SMI,GPU_4,1474.1,141.0,100.0
1781847929.83,ROCM_SMI,GPU_5,1474.1,138.0,87.0
1781847929.83,ROCM_SMI,GPU_6,1474.1,140.0,100.0
1781847929.83,ROCM_SMI,GPU_7,1474.1,139.0,100.0
1781847932.03,ROCM_SMI,GPU_0,1474.1,145.0,100.0
1781847932.03,ROCM_SMI,GPU_1,1474.1,140.0,100.0
1781847932.03,ROCM_SMI,GPU_2,1474.1,149.0,100.0
1781847932.03,ROCM_SMI,GPU_3,1474.1,146.0,100.0
1781847932.03,ROCM_SMI,GPU_4,1474.1,144.0,100.0
1781847932.03,ROCM_SMI,GPU_5,1474.1,143.0,88.0
1781847932.03,ROCM_SMI,GPU_6,1474.1,138.0,100.0
1781847932.03,ROCM_SMI,GPU_7,1474.1,140.0,100.0
1781847934.23,ROCM_SMI,GPU_0,1474.1,148.0,100.0
1781847934.23,ROCM_SMI,GPU_1,1474.1,138.0,100.0
1781847934.23,ROCM_SMI,GPU_2,1474.1,140.0,100.0
1781847934.23,ROCM_SMI,GPU_3,1474.1,142.0,100.0
1781847934.23,ROCM_SMI,GPU_4,1474.1,137.0,100.0
1781847934.23,ROCM_SMI,GPU_5,1474.1,135.0,81.0
1781847934.23,ROCM_SMI,GPU_6,1474.1,136.0,100.0
1781847934.23,ROCM_SMI,GPU_7,1474.1,147.0,100.0
1781847936.42,ROCM_SMI,GPU_0,1474.1,163.0,100.0
1781847936.42,ROCM_SMI,GPU_1,1474.1,152.0,100.0
1781847936.42,ROCM_SMI,GPU_2,1474.1,142.0,100.0
1781847936.42,ROCM_SMI,GPU_3,1474.1,142.0,100.0
1781847936.42,ROCM_SMI,GPU_4,1474.1,138.0,100.0
1781847936.42,ROCM_SMI,GPU_5,1474.1,134.0,82.0
1781847936.42,ROCM_SMI,GPU_6,1474.1,134.0,100.0
1781847936.42,ROCM_SMI,GPU_7,1474.1,140.0,100.0
1781847938.61,ROCM_SMI,GPU_0,1474.1,148.0,100.0
1781847938.61,ROCM_SMI,GPU_1,1474.1,142.0,100.0
1781847938.61,ROCM_SMI,GPU_2,1474.1,146.0,100.0
1781847938.61,ROCM_SMI,GPU_3,1474.1,145.0,100.0
1781847938.61,ROCM_SMI,GPU_4,1474.1,144.0,100.0
1781847938.61,ROCM_SMI,GPU_5,1474.1,143.0,100.0
1781847938.61,ROCM_SMI,GPU_6,1474.1,141.0,100.0
1781847938.61,ROCM_SMI,GPU_7,1474.1,140.0,81.0
1781847940.81,ROCM_SMI,GPU_0,1474.1,151.0,100.0
1781847940.81,ROCM_SMI,GPU_1,1474.1,142.0,100.0
1781847940.81,ROCM_SMI,GPU_2,1474.1,142.0,100.0
1781847940.81,ROCM_SMI,GPU_3,1474.1,144.0,100.0
1781847940.81,ROCM_SMI,GPU_4,1474.1,143.0,100.0
1781847940.81,ROCM_SMI,GPU_5,1474.1,140.0,100.0
1781847940.81,ROCM_SMI,GPU_6,1474.1,145.0,100.0
1781847940.81,ROCM_SMI,GPU_7,1474.1,139.0,100.0
1781847943.00,ROCM_SMI,GPU_0,1474.1,150.0,100.0
1781847943.00,ROCM_SMI,GPU_1,1474.1,141.0,100.0
1781847943.00,ROCM_SMI,GPU_2,1474.1,143.0,100.0
1781847943.00,ROCM_SMI,GPU_3,1474.1,145.0,100.0
1781847943.00,ROCM_SMI,GPU_4,1474.1,141.0,100.0
1781847943.00,ROCM_SMI,GPU_5,1474.1,138.0,100.0
1781847943.00,ROCM_SMI,GPU_6,1474.1,144.0,100.0
1781847943.00,ROCM_SMI,GPU_7,1474.1,139.0,100.0
1781847945.19,ROCM_SMI,GPU_0,1474.1,146.0,100.0
1781847945.19,ROCM_SMI,GPU_1,1474.1,139.0,100.0
1781847945.19,ROCM_SMI,GPU_2,1474.1,147.0,100.0
1781847945.19,ROCM_SMI,GPU_3,1474.1,147.0,100.0
1781847945.19,ROCM_SMI,GPU_4,1474.1,140.0,100.0
1781847945.19,ROCM_SMI,GPU_5,1474.1,140.0,100.0
1781847945.19,ROCM_SMI,GPU_6,1474.1,139.0,100.0
1781847945.19,ROCM_SMI,GPU_7,1474.1,138.0,100.0
1781847947.38,ROCM_SMI,GPU_0,1474.1,144.0,85.0
1781847947.38,ROCM_SMI,GPU_1,1474.1,139.0,100.0
1781847947.38,ROCM_SMI,GPU_2,1474.1,147.0,100.0
1781847947.38,ROCM_SMI,GPU_3,1474.1,146.0,100.0
1781847947.38,ROCM_SMI,GPU_4,1474.1,145.0,100.0
1781847947.38,ROCM_SMI,GPU_5,1474.1,144.0,100.0
1781847947.38,ROCM_SMI,GPU_6,1474.1,141.0,100.0
1781847947.38,ROCM_SMI,GPU_7,1474.1,137.0,100.0
1781847949.57,ROCM_SMI,GPU_0,1474.1,146.0,100.0
1781847949.57,ROCM_SMI,GPU_1,1474.1,138.0,83.0
1781847949.57,ROCM_SMI,GPU_2,1474.1,140.0,100.0
1781847949.57,ROCM_SMI,GPU_3,1474.1,144.0,100.0
1781847949.57,ROCM_SMI,GPU_4,1474.1,144.0,100.0
1781847949.57,ROCM_SMI,GPU_5,1474.1,143.0,100.0
1781847949.57,ROCM_SMI,GPU_6,1474.1,146.0,100.0
1781847949.57,ROCM_SMI,GPU_7,1474.1,140.0,100.0
1781847951.76,ROCM_SMI,GPU_0,1474.1,149.0,100.0
1781847951.76,ROCM_SMI,GPU_1,1474.1,141.0,100.0
1781847951.76,ROCM_SMI,GPU_2,1474.1,141.0,100.0
1781847951.76,ROCM_SMI,GPU_3,1474.1,143.0,81.0
1781847951.76,ROCM_SMI,GPU_4,1474.1,142.0,100.0
1781847951.76,ROCM_SMI,GPU_5,1474.1,140.0,100.0
1781847951.76,ROCM_SMI,GPU_6,1474.1,144.0,100.0
1781847951.76,ROCM_SMI,GPU_7,1474.1,140.0,100.0
1781847953.95,ROCM_SMI,GPU_0,1474.1,147.0,100.0
1781847953.95,ROCM_SMI,GPU_1,1474.1,141.0,100.0
1781847953.95,ROCM_SMI,GPU_2,1474.1,145.0,100.0
1781847953.95,ROCM_SMI,GPU_3,1474.1,148.0,100.0
1781847953.95,ROCM_SMI,GPU_4,1474.1,138.0,80.0
1781847953.95,ROCM_SMI,GPU_5,1474.1,138.0,100.0
1781847953.95,ROCM_SMI,GPU_6,1474.1,140.0,100.0
1781847953.95,ROCM_SMI,GPU_7,1474.1,138.0,100.0
1781847956.15,ROCM_SMI,GPU_0,1474.1,144.0,100.0
1781847956.15,ROCM_SMI,GPU_1,1474.1,143.0,100.0
1781847956.15,ROCM_SMI,GPU_2,1474.1,148.0,100.0
1781847956.15,ROCM_SMI,GPU_3,1474.1,147.0,100.0
1781847956.15,ROCM_SMI,GPU_4,1474.1,143.0,98.0
1781847956.15,ROCM_SMI,GPU_5,1474.1,141.0,100.0
1781847956.15,ROCM_SMI,GPU_6,1474.1,141.0,100.0
1781847956.15,ROCM_SMI,GPU_7,1474.1,138.0,100.0
1781847958.34,ROCM_SMI,GPU_0,1474.1,150.0,100.0
1781847958.34,ROCM_SMI,GPU_1,1474.1,142.0,100.0
1781847958.34,ROCM_SMI,GPU_2,1474.1,144.0,100.0
1781847958.34,ROCM_SMI,GPU_3,1474.1,145.0,100.0
1781847958.34,ROCM_SMI,GPU_4,1474.1,145.0,100.0
1781847958.34,ROCM_SMI,GPU_5,1474.1,142.0,100.0
1781847958.34,ROCM_SMI,GPU_6,1474.1,144.0,85.0
1781847958.34,ROCM_SMI,GPU_7,1474.1,138.0,100.0
1781847960.53,ROCM_SMI,GPU_0,1474.1,143.0,100.0
1781847960.53,ROCM_SMI,GPU_1,1474.1,142.0,100.0
1781847960.53,ROCM_SMI,GPU_2,1474.1,148.0,100.0
1781847960.53,ROCM_SMI,GPU_3,1474.1,148.0,100.0
1781847960.53,ROCM_SMI,GPU_4,1474.1,141.0,100.0
1781847960.53,ROCM_SMI,GPU_5,1474.1,141.0,100.0
1781847960.53,ROCM_SMI,GPU_6,1474.1,137.0,100.0
1781847960.53,ROCM_SMI,GPU_7,1474.1,137.0,100.0
1781847962.72,ROCM_SMI,GPU_0,1474.1,145.0,100.0
1781847962.72,ROCM_SMI,GPU_1,1474.1,140.0,100.0
1781847962.72,ROCM_SMI,GPU_2,1474.1,146.0,100.0
1781847962.72,ROCM_SMI,GPU_3,1474.1,147.0,100.0
1781847962.72,ROCM_SMI,GPU_4,1474.1,140.0,100.0
1781847962.72,ROCM_SMI,GPU_5,1474.1,139.0,100.0
1781847962.72,ROCM_SMI,GPU_6,1474.1,139.0,100.0
1781847962.72,ROCM_SMI,GPU_7,1474.1,140.0,100.0
1781847964.92,ROCM_SMI,GPU_0,1474.1,147.0,100.0
1781847964.92,ROCM_SMI,GPU_1,1474.1,138.0,88.0
1781847964.92,ROCM_SMI,GPU_2,1474.1,143.0,100.0
1781847964.92,ROCM_SMI,GPU_3,1474.1,148.0,100.0
1781847964.92,ROCM_SMI,GPU_4,1474.1,140.0,100.0
1781847964.92,ROCM_SMI,GPU_5,1474.1,137.0,100.0
1781847964.92,ROCM_SMI,GPU_6,1474.1,142.0,100.0
1781847964.92,ROCM_SMI,GPU_7,1474.1,139.0,100.0
1781847967.11,ROCM_SMI,GPU_0,1474.1,145.0,100.0
1781847967.11,ROCM_SMI,GPU_1,1474.1,138.0,100.0
1781847967.11,ROCM_SMI,GPU_2,1474.1,145.0,85.0
1781847967.11,ROCM_SMI,GPU_3,1474.1,146.0,100.0
1781847967.11,ROCM_SMI,GPU_4,1474.1,140.0,100.0
1781847967.11,ROCM_SMI,GPU_5,1474.1,139.0,100.0
1781847967.11,ROCM_SMI,GPU_6,1474.1,139.0,100.0
1781847967.11,ROCM_SMI,GPU_7,1474.1,139.0,100.0
1781847969.30,ROCM_SMI,GPU_0,1474.1,147.0,100.0
1781847969.30,ROCM_SMI,GPU_1,1474.1,139.0,100.0
1781847969.30,ROCM_SMI,GPU_2,1474.1,147.0,100.0
1781847969.30,ROCM_SMI,GPU_3,1474.1,145.0,88.0
1781847969.30,ROCM_SMI,GPU_4,1474.1,142.0,100.0
1781847969.30,ROCM_SMI,GPU_5,1474.1,142.0,100.0
1781847969.30,ROCM_SMI,GPU_6,1474.1,140.0,100.0
1781847969.30,ROCM_SMI,GPU_7,1474.1,138.0,100.0
1781847971.49,ROCM_SMI,GPU_0,1474.1,150.0,100.0
1781847971.49,ROCM_SMI,GPU_1,1474.1,142.0,100.0
1781847971.49,ROCM_SMI,GPU_2,1474.1,143.0,100.0
1781847971.49,ROCM_SMI,GPU_3,1474.1,145.0,100.0
1781847971.49,ROCM_SMI,GPU_4,1474.1,144.0,87.0
1781847971.49,ROCM_SMI,GPU_5,1474.1,141.0,100.0
1781847971.49,ROCM_SMI,GPU_6,1474.1,142.0,100.0
1781847971.49,ROCM_SMI,GPU_7,1474.1,137.0,100.0
1781847973.69,ROCM_SMI,GPU_0,1474.1,150.0,100.0
1781847973.69,ROCM_SMI,GPU_1,1474.1,142.0,100.0
1781847973.69,ROCM_SMI,GPU_2,1474.1,143.0,100.0
1781847973.69,ROCM_SMI,GPU_3,1474.1,146.0,100.0
1781847973.69,ROCM_SMI,GPU_4,1474.1,143.0,81.0
1781847973.69,ROCM_SMI,GPU_5,1474.1,140.0,100.0
1781847973.69,ROCM_SMI,GPU_6,1474.1,145.0,100.0
1781847973.69,ROCM_SMI,GPU_7,1474.1,140.0,100.0
1781847975.89,ROCM_SMI,GPU_0,1474.1,143.0,100.0
1781847975.89,ROCM_SMI,GPU_1,1474.1,144.0,100.0
1781847975.89,ROCM_SMI,GPU_2,1474.1,153.0,100.0
1781847975.89,ROCM_SMI,GPU_3,1474.1,139.0,100.0
1781847975.89,ROCM_SMI,GPU_4,1474.1,134.0,89.0
1781847975.89,ROCM_SMI,GPU_5,1474.1,136.0,100.0
1781847975.89,ROCM_SMI,GPU_6,1474.1,136.0,100.0
1781847975.89,ROCM_SMI,GPU_7,1474.1,138.0,100.0
1781847978.09,ROCM_SMI,GPU_0,1474.1,146.0,100.0
1781847978.09,ROCM_SMI,GPU_1,1474.1,142.0,100.0
1781847978.09,ROCM_SMI,GPU_2,1474.1,148.0,100.0
1781847978.09,ROCM_SMI,GPU_3,1474.1,146.0,88.0
1781847978.09,ROCM_SMI,GPU_4,1474.1,142.0,100.0
1781847978.09,ROCM_SMI,GPU_5,1474.1,143.0,100.0
1781847978.09,ROCM_SMI,GPU_6,1474.1,139.0,100.0
1781847978.09,ROCM_SMI,GPU_7,1474.1,138.0,100.0
1781847980.28,ROCM_SMI,GPU_0,1474.1,146.0,100.0
1781847980.28,ROCM_SMI,GPU_1,1474.1,140.0,100.0
1781847980.28,ROCM_SMI,GPU_2,1474.1,146.0,100.0
1781847980.28,ROCM_SMI,GPU_3,1474.1,144.0,88.0
1781847980.28,ROCM_SMI,GPU_4,1474.1,143.0,100.0
1781847980.28,ROCM_SMI,GPU_5,1474.1,143.0,100.0
1781847980.28,ROCM_SMI,GPU_6,1474.1,141.0,100.0
1781847980.28,ROCM_SMI,GPU_7,1474.1,140.0,100.0
1781847982.47,ROCM_SMI,GPU_0,1474.1,149.0,100.0
1781847982.47,ROCM_SMI,GPU_1,1474.1,143.0,100.0
1781847982.47,ROCM_SMI,GPU_2,1474.1,145.0,100.0
1781847982.47,ROCM_SMI,GPU_3,1474.1,145.0,100.0
1781847982.47,ROCM_SMI,GPU_4,1474.1,145.0,80.0
1781847982.47,ROCM_SMI,GPU_5,1474.1,143.0,100.0
1781847982.47,ROCM_SMI,GPU_6,1474.1,144.0,100.0
1781847982.47,ROCM_SMI,GPU_7,1474.1,142.0,100.0
1781847984.67,ROCM_SMI,GPU_0,1474.1,151.0,100.0
1781847984.67,ROCM_SMI,GPU_1,1474.1,143.0,100.0
1781847984.67,ROCM_SMI,GPU_2,1474.1,144.0,100.0
1781847984.67,ROCM_SMI,GPU_3,1474.1,146.0,100.0
1781847984.67,ROCM_SMI,GPU_4,1474.1,145.0,100.0
1781847984.67,ROCM_SMI,GPU_5,1474.1,141.0,80.0
1781847984.67,ROCM_SMI,GPU_6,1474.1,144.0,100.0
1781847984.67,ROCM_SMI,GPU_7,1474.1,142.0,100.0
1781847986.86,ROCM_SMI,GPU_0,1474.1,151.0,100.0
1781847986.86,ROCM_SMI,GPU_1,1474.1,142.0,100.0
1781847986.86,ROCM_SMI,GPU_2,1474.1,143.0,100.0
1781847986.86,ROCM_SMI,GPU_3,1474.1,145.0,100.0
1781847986.86,ROCM_SMI,GPU_4,1474.1,145.0,100.0
1781847986.86,ROCM_SMI,GPU_5,1474.1,141.0,100.0
1781847986.86,ROCM_SMI,GPU_6,1474.1,144.0,100.0
1781847986.86,ROCM_SMI,GPU_7,1474.1,138.0,96.0
1781847989.05,ROCM_SMI,GPU_0,1474.1,148.0,100.0
1781847989.05,ROCM_SMI,GPU_1,1474.1,142.0,100.0
1781847989.05,ROCM_SMI,GPU_2,1474.1,144.0,100.0
1781847989.05,ROCM_SMI,GPU_3,1474.1,145.0,100.0
1781847989.05,ROCM_SMI,GPU_4,1474.1,146.0,100.0
1781847989.05,ROCM_SMI,GPU_5,1474.1,142.0,100.0
1781847989.05,ROCM_SMI,GPU_6,1474.1,142.0,100.0
1781847989.05,ROCM_SMI,GPU_7,1474.1,139.0,100.0
1781847991.24,ROCM_SMI,GPU_0,1474.1,142.0,100.0
1781847991.24,ROCM_SMI,GPU_1,1474.1,141.0,100.0
1781847991.24,ROCM_SMI,GPU_2,1474.1,145.0,100.0
1781847991.24,ROCM_SMI,GPU_3,1474.1,144.0,100.0
1781847991.24,ROCM_SMI,GPU_4,1474.1,149.0,100.0
1781847991.24,ROCM_SMI,GPU_5,1474.1,143.0,100.0
1781847991.24,ROCM_SMI,GPU_6,1474.1,146.0,100.0
1781847991.24,ROCM_SMI,GPU_7,1474.1,145.0,100.0
1781847993.43,ROCM_SMI,GPU_0,1474.1,145.0,100.0
1781847993.43,ROCM_SMI,GPU_1,1474.1,139.0,88.0
1781847993.43,ROCM_SMI,GPU_2,1474.1,145.0,100.0
1781847993.43,ROCM_SMI,GPU_3,1474.1,146.0,100.0
1781847993.43,ROCM_SMI,GPU_4,1474.1,143.0,100.0
1781847993.43,ROCM_SMI,GPU_5,1474.1,142.0,100.0
1781847993.43,ROCM_SMI,GPU_6,1474.1,139.0,100.0
1781847993.43,ROCM_SMI,GPU_7,1474.1,138.0,100.0
1781847995.63,ROCM_SMI,GPU_0,1474.1,144.0,100.0
1781847995.63,ROCM_SMI,GPU_1,1474.1,141.0,100.0
1781847995.63,ROCM_SMI,GPU_2,1474.1,147.0,100.0
1781847995.63,ROCM_SMI,GPU_3,1474.1,145.0,79.0
1781847995.63,ROCM_SMI,GPU_4,1474.1,142.0,100.0
1781847995.63,ROCM_SMI,GPU_5,1474.1,142.0,100.0
1781847995.63,ROCM_SMI,GPU_6,1474.1,140.0,100.0
1781847995.63,ROCM_SMI,GPU_7,1474.1,137.0,100.0
1781847997.82,ROCM_SMI,GPU_0,1474.1,146.0,100.0
1781847997.82,ROCM_SMI,GPU_1,1474.1,141.0,100.0
1781847997.82,ROCM_SMI,GPU_2,1474.1,149.0,100.0
1781847997.82,ROCM_SMI,GPU_3,1474.1,147.0,100.0
1781847997.82,ROCM_SMI,GPU_4,1474.1,143.0,100.0
1781847997.82,ROCM_SMI,GPU_5,1474.1,143.0,88.0
1781847997.82,ROCM_SMI,GPU_6,1474.1,140.0,100.0
1781847997.82,ROCM_SMI,GPU_7,1474.1,139.0,100.0
1781848000.01,ROCM_SMI,GPU_0,1474.1,145.0,100.0
1781848000.01,ROCM_SMI,GPU_1,1474.1,143.0,100.0
1781848000.01,ROCM_SMI,GPU_2,1474.1,147.0,100.0
1781848000.01,ROCM_SMI,GPU_3,1474.1,146.0,100.0
1781848000.01,ROCM_SMI,GPU_4,1474.1,143.0,100.0
1781848000.01,ROCM_SMI,GPU_5,1474.1,143.0,100.0
1781848000.01,ROCM_SMI,GPU_6,1474.1,140.0,100.0
1781848000.01,ROCM_SMI,GPU_7,1474.1,137.0,90.0
1781848002.20,ROCM_SMI,GPU_0,1474.1,150.0,100.0
1781848002.20,ROCM_SMI,GPU_1,1474.1,141.0,100.0
1781848002.20,ROCM_SMI,GPU_2,1474.1,142.0,100.0
1781848002.20,ROCM_SMI,GPU_3,1474.1,146.0,100.0
1781848002.20,ROCM_SMI,GPU_4,1474.1,144.0,100.0
1781848002.20,ROCM_SMI,GPU_5,1474.1,141.0,100.0
1781848002.20,ROCM_SMI,GPU_6,1474.1,144.0,100.0
1781848002.20,ROCM_SMI,GPU_7,1474.1,140.0,81.0
1781848004.40,ROCM_SMI,GPU_0,1474.1,144.0,100.0
1781848004.40,ROCM_SMI,GPU_1,1474.1,139.0,100.0
1781848004.40,ROCM_SMI,GPU_2,1474.1,139.0,100.0
1781848004.40,ROCM_SMI,GPU_3,1474.1,142.0,100.0
1781848004.40,ROCM_SMI,GPU_4,1474.1,140.0,100.0
1781848004.40,ROCM_SMI,GPU_5,1474.1,135.0,100.0
1781848004.40,ROCM_SMI,GPU_6,1474.1,132.0,96.0
1781848004.40,ROCM_SMI,GPU_7,1474.1,127.0,100.0
1781848006.59,ROCM_SMI,GPU_0,1474.1,147.0,100.0
1781848006.59,ROCM_SMI,GPU_1,1474.1,139.0,100.0
1781848006.59,ROCM_SMI,GPU_2,1474.1,146.0,100.0
1781848006.59,ROCM_SMI,GPU_3,1474.1,148.0,100.0
1781848006.59,ROCM_SMI,GPU_4,1474.1,140.0,100.0
1781848006.59,ROCM_SMI,GPU_5,1474.1,138.0,100.0
1781848006.59,ROCM_SMI,GPU_6,1474.1,141.0,100.0
1781848006.59,ROCM_SMI,GPU_7,1474.1,140.0,100.0
1781848008.80,ROCM_SMI,GPU_0,1474.1,146.0,100.0
1781848008.80,ROCM_SMI,GPU_1,1474.1,140.0,100.0
1781848008.80,ROCM_SMI,GPU_2,1474.1,147.0,100.0
1781848008.80,ROCM_SMI,GPU_3,1474.1,146.0,100.0
1781848008.80,ROCM_SMI,GPU_4,1474.1,139.0,100.0
1781848008.80,ROCM_SMI,GPU_5,1474.1,139.0,77.0
1781848008.80,ROCM_SMI,GPU_6,1474.1,139.0,100.0
1781848008.80,ROCM_SMI,GPU_7,1474.1,139.0,100.0
1781848010.99,ROCM_SMI,GPU_0,1474.1,144.0,100.0
1781848010.99,ROCM_SMI,GPU_1,1474.1,139.0,100.0
1781848010.99,ROCM_SMI,GPU_2,1474.1,148.0,100.0
1781848010.99,ROCM_SMI,GPU_3,1474.1,148.0,100.0
1781848010.99,ROCM_SMI,GPU_4,1474.1,141.0,100.0
1781848010.99,ROCM_SMI,GPU_5,1474.1,141.0,100.0
1781848010.99,ROCM_SMI,GPU_6,1474.1,137.0,100.0
1781848010.99,ROCM_SMI,GPU_7,1474.1,138.0,87.0
1781848013.19,ROCM_SMI,GPU_0,1474.1,146.0,100.0
1781848013.19,ROCM_SMI,GPU_1,1474.1,140.0,100.0
1781848013.19,ROCM_SMI,GPU_2,1474.1,146.0,100.0
1781848013.19,ROCM_SMI,GPU_3,1474.1,147.0,100.0
1781848013.19,ROCM_SMI,GPU_4,1474.1,140.0,100.0
1781848013.19,ROCM_SMI,GPU_5,1474.1,140.0,100.0
1781848013.19,ROCM_SMI,GPU_6,1474.1,139.0,100.0
1781848013.19,ROCM_SMI,GPU_7,1474.1,138.0,100.0
1781848015.38,ROCM_SMI,GPU_0,1474.1,143.0,100.0
1781848015.38,ROCM_SMI,GPU_1,1474.1,140.0,100.0
1781848015.38,ROCM_SMI,GPU_2,1474.1,148.0,100.0
1781848015.38,ROCM_SMI,GPU_3,1474.1,146.0,100.0
1781848015.38,ROCM_SMI,GPU_4,1474.1,141.0,100.0
1781848015.38,ROCM_SMI,GPU_5,1474.1,140.0,100.0
1781848015.38,ROCM_SMI,GPU_6,1474.1,137.0,100.0
1781848015.38,ROCM_SMI,GPU_7,1474.1,137.0,100.0
1781848017.57,ROCM_SMI,GPU_0,1474.1,143.0,100.0
1781848017.57,ROCM_SMI,GPU_1,1474.1,140.0,100.0
1781848017.57,ROCM_SMI,GPU_2,1474.1,149.0,100.0
1781848017.57,ROCM_SMI,GPU_3,1474.1,148.0,100.0
1781848017.57,ROCM_SMI,GPU_4,1474.1,143.0,100.0
1781848017.57,ROCM_SMI,GPU_5,1474.1,144.0,100.0
1781848017.57,ROCM_SMI,GPU_6,1474.1,139.0,100.0
1781848017.57,ROCM_SMI,GPU_7,1474.1,141.0,100.0
1781848019.77,ROCM_SMI,GPU_0,1474.1,145.0,84.0
1781848019.77,ROCM_SMI,GPU_1,1474.1,143.0,100.0
1781848019.77,ROCM_SMI,GPU_2,1474.1,149.0,100.0
1781848019.77,ROCM_SMI,GPU_3,1474.1,148.0,100.0
1781848019.77,ROCM_SMI,GPU_4,1474.1,142.0,100.0
1781848019.77,ROCM_SMI,GPU_5,1474.1,143.0,100.0
1781848019.77,ROCM_SMI,GPU_6,1474.1,139.0,100.0
1781848019.77,ROCM_SMI,GPU_7,1474.1,138.0,100.0
1781848021.96,ROCM_SMI,GPU_0,1474.1,148.0,90.0
1781848021.96,ROCM_SMI,GPU_1,1474.1,141.0,100.0
1781848021.96,ROCM_SMI,GPU_2,1474.1,142.0,100.0
1781848021.96,ROCM_SMI,GPU_3,1474.1,144.0,100.0
1781848021.96,ROCM_SMI,GPU_4,1474.1,144.0,100.0
1781848021.96,ROCM_SMI,GPU_5,1474.1,141.0,100.0
1781848021.96,ROCM_SMI,GPU_6,1474.1,144.0,100.0
1781848021.96,ROCM_SMI,GPU_7,1474.1,139.0,100.0
1781848024.17,ROCM_SMI,GPU_0,1474.1,150.0,100.0
1781848024.17,ROCM_SMI,GPU_1,1474.1,142.0,100.0
1781848024.17,ROCM_SMI,GPU_2,1474.1,141.0,100.0
1781848024.17,ROCM_SMI,GPU_3,1474.1,145.0,100.0
1781848024.17,ROCM_SMI,GPU_4,1474.1,142.0,100.0
1781848024.17,ROCM_SMI,GPU_5,1474.1,139.0,100.0
1781848024.17,ROCM_SMI,GPU_6,1474.1,144.0,100.0
1781848024.17,ROCM_SMI,GPU_7,1474.1,139.0,100.0
1781848026.36,ROCM_SMI,GPU_0,1474.1,146.0,100.0
1781848026.36,ROCM_SMI,GPU_1,1474.1,139.0,100.0
1781848026.36,ROCM_SMI,GPU_2,1474.1,145.0,100.0
1781848026.36,ROCM_SMI,GPU_3,1474.1,146.0,100.0
1781848026.36,ROCM_SMI,GPU_4,1474.1,138.0,100.0
1781848026.36,ROCM_SMI,GPU_5,1474.1,138.0,100.0
1781848026.36,ROCM_SMI,GPU_6,1474.1,140.0,100.0
1781848026.36,ROCM_SMI,GPU_7,1474.1,139.0,100.0
1781848028.55,ROCM_SMI,GPU_0,1474.1,145.0,85.0
1781848028.55,ROCM_SMI,GPU_1,1474.1,139.0,100.0
1781848028.55,ROCM_SMI,GPU_2,1474.1,147.0,100.0
1781848028.55,ROCM_SMI,GPU_3,1474.1,147.0,100.0
1781848028.55,ROCM_SMI,GPU_4,1474.1,141.0,100.0
1781848028.55,ROCM_SMI,GPU_5,1474.1,141.0,100.0
1781848028.55,ROCM_SMI,GPU_6,1474.1,139.0,100.0
1781848028.55,ROCM_SMI,GPU_7,1474.1,138.0,100.0
1781848030.74,ROCM_SMI,GPU_0,1474.1,145.0,89.0
1781848030.74,ROCM_SMI,GPU_1,1474.1,140.0,90.0
1781848030.74,ROCM_SMI,GPU_2,1474.1,147.0,100.0
1781848030.74,ROCM_SMI,GPU_3,1474.1,146.0,100.0
1781848030.74,ROCM_SMI,GPU_4,1474.1,144.0,100.0
1781848030.74,ROCM_SMI,GPU_5,1474.1,142.0,100.0
1781848030.74,ROCM_SMI,GPU_6,1474.1,140.0,100.0
1781848030.74,ROCM_SMI,GPU_7,1474.1,138.0,100.0
1781848032.94,ROCM_SMI,GPU_0,1474.1,148.0,100.0
1781848032.94,ROCM_SMI,GPU_1,1474.1,138.0,90.0
1781848032.94,ROCM_SMI,GPU_2,1474.1,140.0,100.0
1781848032.94,ROCM_SMI,GPU_3,1474.1,148.0,100.0
1781848032.94,ROCM_SMI,GPU_4,1474.1,144.0,100.0
1781848032.94,ROCM_SMI,GPU_5,1474.1,138.0,100.0
1781848032.94,ROCM_SMI,GPU_6,1474.1,146.0,100.0
1781848032.94,ROCM_SMI,GPU_7,1474.1,143.0,100.0
1781848035.14,ROCM_SMI,GPU_0,1474.1,147.0,84.0
1781848035.14,ROCM_SMI,GPU_1,1474.1,140.0,100.0
1781848035.14,ROCM_SMI,GPU_2,1474.1,144.0,100.0
1781848035.14,ROCM_SMI,GPU_3,1474.1,148.0,100.0
1781848035.14,ROCM_SMI,GPU_4,1474.1,139.0,100.0
1781848035.14,ROCM_SMI,GPU_5,1474.1,137.0,100.0
1781848035.14,ROCM_SMI,GPU_6,1474.1,142.0,100.0
1781848035.14,ROCM_SMI,GPU_7,1474.1,139.0,100.0
1781848037.33,ROCM_SMI,GPU_0,1474.1,147.0,100.0
1781848037.33,ROCM_SMI,GPU_1,1474.1,139.0,100.0
1781848037.33,ROCM_SMI,GPU_2,1474.1,144.0,85.0
1781848037.33,ROCM_SMI,GPU_3,1474.1,146.0,100.0
1781848037.33,ROCM_SMI,GPU_4,1474.1,140.0,100.0
1781848037.33,ROCM_SMI,GPU_5,1474.1,139.0,100.0
1781848037.33,ROCM_SMI,GPU_6,1474.1,140.0,100.0
1781848037.33,ROCM_SMI,GPU_7,1474.1,139.0,100.0
1781848039.52,ROCM_SMI,GPU_0,1474.1,144.0,100.0
1781848039.52,ROCM_SMI,GPU_1,1474.1,139.0,100.0
1781848039.52,ROCM_SMI,GPU_2,1474.1,146.0,100.0
1781848039.52,ROCM_SMI,GPU_3,1474.1,145.0,83.0
1781848039.52,ROCM_SMI,GPU_4,1474.1,142.0,100.0
1781848039.52,ROCM_SMI,GPU_5,1474.1,142.0,100.0
1781848039.52,ROCM_SMI,GPU_6,1474.1,140.0,100.0
1781848039.52,ROCM_SMI,GPU_7,1474.1,138.0,100.0
1781848041.72,ROCM_SMI,GPU_0,1474.1,146.0,100.0
1781848041.72,ROCM_SMI,GPU_1,1474.1,142.0,100.0
1781848041.72,ROCM_SMI,GPU_2,1474.1,147.0,100.0
1781848041.72,ROCM_SMI,GPU_3,1474.1,145.0,81.0
1781848041.72,ROCM_SMI,GPU_4,1474.1,144.0,100.0
1781848041.72,ROCM_SMI,GPU_5,1474.1,144.0,100.0
1781848041.72,ROCM_SMI,GPU_6,1474.1,140.0,100.0
1781848041.72,ROCM_SMI,GPU_7,1474.1,138.0,100.0
1781848043.91,ROCM_SMI,GPU_0,1474.1,148.0,100.0
1781848043.91,ROCM_SMI,GPU_1,1474.1,143.0,100.0
1781848043.91,ROCM_SMI,GPU_2,1474.1,144.0,100.0
1781848043.91,ROCM_SMI,GPU_3,1474.1,145.0,100.0
1781848043.91,ROCM_SMI,GPU_4,1474.1,144.0,87.0
1781848043.91,ROCM_SMI,GPU_5,1474.1,142.0,100.0
1781848043.91,ROCM_SMI,GPU_6,1474.1,143.0,100.0
1781848043.91,ROCM_SMI,GPU_7,1474.1,139.0,100.0
1781848046.10,ROCM_SMI,GPU_0,1474.1,151.0,100.0
1781848046.10,ROCM_SMI,GPU_1,1474.1,140.0,100.0
1781848046.10,ROCM_SMI,GPU_2,1474.1,139.0,100.0
1781848046.10,ROCM_SMI,GPU_3,1474.1,143.0,100.0
1781848046.10,ROCM_SMI,GPU_4,1474.1,141.0,100.0
1781848046.10,ROCM_SMI,GPU_5,1474.1,136.0,81.0
1781848046.10,ROCM_SMI,GPU_6,1474.1,142.0,100.0
1781848046.10,ROCM_SMI,GPU_7,1474.1,141.0,100.0
1781848048.29,ROCM_SMI,GPU_0,1474.1,152.0,100.0
1781848048.29,ROCM_SMI,GPU_1,1474.1,141.0,100.0
1781848048.29,ROCM_SMI,GPU_2,1474.1,142.0,100.0
1781848048.29,ROCM_SMI,GPU_3,1474.1,146.0,100.0
1781848048.29,ROCM_SMI,GPU_4,1474.1,143.0,100.0
1781848048.29,ROCM_SMI,GPU_5,1474.1,139.0,100.0
1781848048.29,ROCM_SMI,GPU_6,1474.1,144.0,100.0
1781848048.29,ROCM_SMI,GPU_7,1474.1,139.0,91.0
1781848050.49,ROCM_SMI,GPU_0,1474.1,149.0,100.0
1781848050.49,ROCM_SMI,GPU_1,1474.1,139.0,100.0
1781848050.49,ROCM_SMI,GPU_2,1474.1,144.0,100.0
1781848050.49,ROCM_SMI,GPU_3,1474.1,147.0,100.0
1781848050.49,ROCM_SMI,GPU_4,1474.1,139.0,100.0
1781848050.49,ROCM_SMI,GPU_5,1474.1,137.0,100.0
1781848050.49,ROCM_SMI,GPU_6,1474.1,143.0,100.0
1781848050.49,ROCM_SMI,GPU_7,1474.1,139.0,100.0
1781848052.68,ROCM_SMI,GPU_0,1474.1,144.0,100.0
1781848052.68,ROCM_SMI,GPU_1,1474.1,139.0,100.0
1781848052.68,ROCM_SMI,GPU_2,1474.1,147.0,100.0
1781848052.68,ROCM_SMI,GPU_3,1474.1,148.0,100.0
1781848052.68,ROCM_SMI,GPU_4,1474.1,140.0,100.0
1781848052.68,ROCM_SMI,GPU_5,1474.1,140.0,100.0
1781848052.68,ROCM_SMI,GPU_6,1474.1,139.0,100.0
1781848052.68,ROCM_SMI,GPU_7,1474.1,138.0,100.0
1781848054.87,ROCM_SMI,GPU_0,1474.1,145.0,100.0
1781848054.87,ROCM_SMI,GPU_1,1474.1,141.0,100.0
1781848054.87,ROCM_SMI,GPU_2,1474.1,148.0,100.0
1781848054.87,ROCM_SMI,GPU_3,1474.1,147.0,100.0
1781848054.87,ROCM_SMI,GPU_4,1474.1,143.0,100.0
1781848054.87,ROCM_SMI,GPU_5,1474.1,143.0,100.0
1781848054.87,ROCM_SMI,GPU_6,1474.1,140.0,100.0
1781848054.87,ROCM_SMI,GPU_7,1474.1,138.0,100.0
1781848057.07,ROCM_SMI,GPU_0,1474.1,144.0,85.0
1781848057.07,ROCM_SMI,GPU_1,1474.1,139.0,100.0
1781848057.07,ROCM_SMI,GPU_2,1474.1,147.0,100.0
1781848057.07,ROCM_SMI,GPU_3,1474.1,147.0,100.0
1781848057.07,ROCM_SMI,GPU_4,1474.1,143.0,100.0
1781848057.07,ROCM_SMI,GPU_5,1474.1,143.0,100.0
1781848057.07,ROCM_SMI,GPU_6,1474.1,139.0,100.0
1781848057.07,ROCM_SMI,GPU_7,1474.1,137.0,100.0
1781848059.26,ROCM_SMI,GPU_0,1474.1,146.0,100.0
1781848059.26,ROCM_SMI,GPU_1,1474.1,142.0,87.0
1781848059.26,ROCM_SMI,GPU_2,1474.1,145.0,100.0
1781848059.26,ROCM_SMI,GPU_3,1474.1,146.0,100.0
1781848059.26,ROCM_SMI,GPU_4,1474.1,144.0,100.0
1781848059.26,ROCM_SMI,GPU_5,1474.1,143.0,100.0
1781848059.26,ROCM_SMI,GPU_6,1474.1,142.0,100.0
1781848059.26,ROCM_SMI,GPU_7,1474.1,139.0,100.0
1781848061.46,ROCM_SMI,GPU_0,1474.1,142.0,100.0
1781848061.46,ROCM_SMI,GPU_1,1474.1,132.0,88.0
1781848061.46,ROCM_SMI,GPU_2,1474.1,133.0,100.0
1781848061.46,ROCM_SMI,GPU_3,1474.1,157.0,100.0
1781848061.46,ROCM_SMI,GPU_4,1474.1,152.0,100.0
1781848061.46,ROCM_SMI,GPU_5,1474.1,147.0,100.0
1781848061.46,ROCM_SMI,GPU_6,1474.1,149.0,100.0
1781848061.46,ROCM_SMI,GPU_7,1474.1,136.0,100.0
1781848063.65,ROCM_SMI,GPU_0,1474.1,148.0,100.0
1781848063.65,ROCM_SMI,GPU_1,1474.1,140.0,100.0
1781848063.65,ROCM_SMI,GPU_2,1474.1,140.0,91.0
1781848063.65,ROCM_SMI,GPU_3,1474.1,144.0,100.0
1781848063.65,ROCM_SMI,GPU_4,1474.1,143.0,100.0
1781848063.65,ROCM_SMI,GPU_5,1474.1,140.0,100.0
1781848063.65,ROCM_SMI,GPU_6,1474.1,144.0,100.0
1781848063.65,ROCM_SMI,GPU_7,1474.1,139.0,100.0
1781848065.84,ROCM_SMI,GPU_0,1474.1,149.0,100.0
1781848065.84,ROCM_SMI,GPU_1,1474.1,141.0,100.0
1781848065.84,ROCM_SMI,GPU_2,1474.1,141.0,100.0
1781848065.84,ROCM_SMI,GPU_3,1474.1,145.0,88.0
1781848065.84,ROCM_SMI,GPU_4,1474.1,142.0,100.0
1781848065.84,ROCM_SMI,GPU_5,1474.1,139.0,100.0
1781848065.84,ROCM_SMI,GPU_6,1474.1,144.0,100.0
1781848065.84,ROCM_SMI,GPU_7,1474.1,141.0,100.0
1781848068.03,ROCM_SMI,GPU_0,1474.1,150.0,100.0
1781848068.03,ROCM_SMI,GPU_1,1474.1,143.0,100.0
1781848068.03,ROCM_SMI,GPU_2,1474.1,143.0,100.0
1781848068.03,ROCM_SMI,GPU_3,1474.1,145.0,100.0
1781848068.03,ROCM_SMI,GPU_4,1474.1,145.0,100.0
1781848068.03,ROCM_SMI,GPU_5,1474.1,141.0,87.0
1781848068.03,ROCM_SMI,GPU_6,1474.1,144.0,100.0
1781848068.03,ROCM_SMI,GPU_7,1474.1,141.0,100.0
1781848070.22,ROCM_SMI,GPU_0,1474.1,150.0,100.0
1781848070.22,ROCM_SMI,GPU_1,1474.1,142.0,100.0
1781848070.22,ROCM_SMI,GPU_2,1474.1,143.0,100.0
1781848070.22,ROCM_SMI,GPU_3,1474.1,144.0,100.0
1781848070.22,ROCM_SMI,GPU_4,1474.1,145.0,100.0
1781848070.22,ROCM_SMI,GPU_5,1474.1,142.0,100.0
1781848070.22,ROCM_SMI,GPU_6,1474.1,144.0,100.0
1781848070.22,ROCM_SMI,GPU_7,1474.1,138.0,77.0
1781848072.42,ROCM_SMI,GPU_0,1474.1,151.0,100.0
1781848072.42,ROCM_SMI,GPU_1,1474.1,142.0,100.0
1781848072.42,ROCM_SMI,GPU_2,1474.1,142.0,100.0
1781848072.42,ROCM_SMI,GPU_3,1474.1,146.0,100.0
1781848072.42,ROCM_SMI,GPU_4,1474.1,144.0,100.0
1781848072.42,ROCM_SMI,GPU_5,1474.1,141.0,100.0
1781848072.42,ROCM_SMI,GPU_6,1474.1,144.0,100.0
1781848072.42,ROCM_SMI,GPU_7,1474.1,140.0,100.0
1781848074.62,ROCM_SMI,GPU_0,1474.1,165.0,100.0
1781848074.62,ROCM_SMI,GPU_1,1474.1,139.0,100.0
1781848074.62,ROCM_SMI,GPU_2,1474.1,143.0,100.0
1781848074.62,ROCM_SMI,GPU_3,1474.1,143.0,100.0
1781848074.62,ROCM_SMI,GPU_4,1474.1,141.0,100.0
1781848074.62,ROCM_SMI,GPU_5,1474.1,138.0,100.0
1781848074.62,ROCM_SMI,GPU_6,1474.1,135.0,100.0
1781848074.62,ROCM_SMI,GPU_7,1474.1,130.0,100.0
1781848076.81,ROCM_SMI,GPU_0,1474.1,144.0,100.0
1781848076.81,ROCM_SMI,GPU_1,1474.1,139.0,100.0
1781848076.81,ROCM_SMI,GPU_2,1474.1,148.0,100.0
1781848076.81,ROCM_SMI,GPU_3,1474.1,147.0,100.0
1781848076.81,ROCM_SMI,GPU_4,1474.1,140.0,100.0
1781848076.81,ROCM_SMI,GPU_5,1474.1,139.0,100.0
1781848076.81,ROCM_SMI,GPU_6,1474.1,139.0,100.0
1781848076.81,ROCM_SMI,GPU_7,1474.1,136.0,100.0
1781848079.00,ROCM_SMI,GPU_0,1474.1,145.0,100.0
1781848079.00,ROCM_SMI,GPU_1,1474.1,142.0,100.0
1781848079.00,ROCM_SMI,GPU_2,1474.1,147.0,100.0
1781848079.00,ROCM_SMI,GPU_3,1474.1,147.0,100.0
1781848079.00,ROCM_SMI,GPU_4,1474.1,142.0,100.0
1781848079.00,ROCM_SMI,GPU_5,1474.1,142.0,100.0
1781848079.00,ROCM_SMI,GPU_6,1474.1,139.0,100.0
1781848079.00,ROCM_SMI,GPU_7,1474.1,137.0,100.0
1781848081.19,ROCM_SMI,GPU_0,1474.1,144.0,98.0
1781848081.19,ROCM_SMI,GPU_1,1474.1,139.0,100.0
1781848081.19,ROCM_SMI,GPU_2,1474.1,147.0,100.0
1781848081.19,ROCM_SMI,GPU_3,1474.1,148.0,100.0
1781848081.19,ROCM_SMI,GPU_4,1474.1,142.0,100.0
1781848081.19,ROCM_SMI,GPU_5,1474.1,142.0,100.0
1781848081.19,ROCM_SMI,GPU_6,1474.1,139.0,100.0
1781848081.19,ROCM_SMI,GPU_7,1474.1,137.0,100.0
1781848083.39,ROCM_SMI,GPU_0,1474.1,146.0,100.0
1781848083.39,ROCM_SMI,GPU_1,1474.1,138.0,88.0
1781848083.39,ROCM_SMI,GPU_2,1474.1,145.0,100.0
1781848083.39,ROCM_SMI,GPU_3,1474.1,148.0,100.0
1781848083.39,ROCM_SMI,GPU_4,1474.1,140.0,100.0
1781848083.39,ROCM_SMI,GPU_5,1474.1,140.0,100.0
1781848083.39,ROCM_SMI,GPU_6,1474.1,140.0,100.0
1781848083.39,ROCM_SMI,GPU_7,1474.1,138.0,100.0
1781848085.58,ROCM_SMI,GPU_0,1474.1,143.0,100.0
1781848085.58,ROCM_SMI,GPU_1,1474.1,140.0,100.0
1781848085.58,ROCM_SMI,GPU_2,1474.1,146.0,100.0
1781848085.58,ROCM_SMI,GPU_3,1474.1,145.0,81.0
1781848085.58,ROCM_SMI,GPU_4,1474.1,139.0,100.0
1781848085.58,ROCM_SMI,GPU_5,1474.1,140.0,100.0
1781848085.58,ROCM_SMI,GPU_6,1474.1,139.0,100.0
1781848085.58,ROCM_SMI,GPU_7,1474.1,137.0,100.0
1781848087.77,ROCM_SMI,GPU_0,1474.1,145.0,100.0
1781848087.77,ROCM_SMI,GPU_1,1474.1,140.0,100.0
1781848087.77,ROCM_SMI,GPU_2,1474.1,146.0,100.0
1781848087.77,ROCM_SMI,GPU_3,1474.1,144.0,100.0
1781848087.77,ROCM_SMI,GPU_4,1474.1,141.0,94.0
1781848087.77,ROCM_SMI,GPU_5,1474.1,140.0,100.0
1781848087.77,ROCM_SMI,GPU_6,1474.1,140.0,100.0
1781848087.77,ROCM_SMI,GPU_7,1474.1,137.0,100.0
