Time,Backend,GPU_ID,VRAM_MB,Power_W,GPU_Util
1781677709.99,ROCM_SMI,GPU_0,0.0,12.0,0.0
1781677712.18,ROCM_SMI,GPU_0,7861.8,203.0,100.0
1781677714.37,ROCM_SMI,GPU_0,7861.8,205.0,100.0
1781677716.57,ROCM_SMI,GPU_0,7861.8,206.0,100.0
1781677718.76,ROCM_SMI,GPU_0,7861.8,207.0,100.0
1781677720.95,ROCM_SMI,GPU_0,7861.8,208.0,100.0
1781677723.15,ROCM_SMI,GPU_0,7861.8,210.0,100.0
1781677725.34,ROCM_SMI,GPU_0,7861.8,210.0,100.0
1781677727.53,ROCM_SMI,GPU_0,7861.8,211.0,100.0
1781677729.72,ROCM_SMI,GPU_0,7861.8,211.0,100.0
1781677731.92,ROCM_SMI,GPU_0,7861.8,211.0,100.0
1781677734.10,ROCM_SMI,GPU_0,7861.8,208.0,100.0
1781677736.30,ROCM_SMI,GPU_0,7861.8,212.0,100.0
1781677738.49,ROCM_SMI,GPU_0,7861.8,210.0,100.0
1781677740.68,ROCM_SMI,GPU_0,7861.8,215.0,100.0
1781677742.87,ROCM_SMI,GPU_0,7861.8,214.0,100.0
1781677745.06,ROCM_SMI,GPU_0,7861.8,214.0,100.0
1781677747.24,ROCM_SMI,GPU_0,7861.8,214.0,100.0
1781677749.44,ROCM_SMI,GPU_0,7861.8,214.0,100.0
1781677751.62,ROCM_SMI,GPU_0,7861.8,218.0,100.0
1781677753.81,ROCM_SMI,GPU_0,7861.8,218.0,100.0
1781677756.00,ROCM_SMI,GPU_0,7861.8,216.0,100.0
1781677758.19,ROCM_SMI,GPU_0,7861.8,215.0,100.0
1781677760.38,ROCM_SMI,GPU_0,7861.8,214.0,100.0
1781677762.58,ROCM_SMI,GPU_0,7861.8,213.0,100.0
1781677764.76,ROCM_SMI,GPU_0,7861.8,217.0,100.0
1781677766.95,ROCM_SMI,GPU_0,7861.8,216.0,100.0
1781677769.14,ROCM_SMI,GPU_0,7861.8,217.0,100.0
1781677771.33,ROCM_SMI,GPU_0,7861.8,216.0,97.0
1781677773.52,ROCM_SMI,GPU_0,7861.8,219.0,100.0
1781677775.71,ROCM_SMI,GPU_0,7861.8,218.0,100.0
1781677777.90,ROCM_SMI,GPU_0,7861.8,216.0,100.0
1781677780.10,ROCM_SMI,GPU_0,7861.8,215.0,100.0
1781677782.29,ROCM_SMI,GPU_0,7861.8,213.0,100.0
1781677784.48,ROCM_SMI,GPU_0,7861.8,214.0,100.0
1781677786.67,ROCM_SMI,GPU_0,7861.8,216.0,100.0
1781677788.86,ROCM_SMI,GPU_0,7861.8,219.0,100.0
1781677791.05,ROCM_SMI,GPU_0,7861.8,217.0,100.0
1781677793.24,ROCM_SMI,GPU_0,7861.8,215.0,100.0
1781677795.43,ROCM_SMI,GPU_0,7861.8,218.0,100.0
1781677797.62,ROCM_SMI,GPU_0,7861.8,218.0,100.0
1781677799.81,ROCM_SMI,GPU_0,7861.8,221.0,100.0
1781677802.00,ROCM_SMI,GPU_0,7861.8,216.0,100.0
1781677804.19,ROCM_SMI,GPU_0,7861.8,215.0,100.0
1781677806.38,ROCM_SMI,GPU_0,7861.8,215.0,100.0
1781677808.57,ROCM_SMI,GPU_0,7861.8,215.0,100.0
1781677810.76,ROCM_SMI,GPU_0,7861.8,216.0,100.0
1781677812.95,ROCM_SMI,GPU_0,7861.8,214.0,100.0
1781677815.14,ROCM_SMI,GPU_0,7861.8,213.0,100.0
1781677817.33,ROCM_SMI,GPU_0,7861.8,214.0,89.0
1781677819.52,ROCM_SMI,GPU_0,7861.8,220.0,100.0
1781677821.71,ROCM_SMI,GPU_0,7861.8,220.0,100.0
1781677823.90,ROCM_SMI,GPU_0,7861.8,216.0,100.0
1781677826.09,ROCM_SMI,GPU_0,7861.8,217.0,100.0
1781677828.28,ROCM_SMI,GPU_0,7861.8,216.0,100.0
1781677830.47,ROCM_SMI,GPU_0,7861.8,219.0,100.0
1781677832.66,ROCM_SMI,GPU_0,7861.8,216.0,100.0
1781677834.85,ROCM_SMI,GPU_0,7861.8,215.0,100.0
1781677837.04,ROCM_SMI,GPU_0,7861.8,213.0,100.0
1781677839.23,ROCM_SMI,GPU_0,7861.8,216.0,100.0
1781677841.42,ROCM_SMI,GPU_0,7861.8,220.0,100.0
1781677843.61,ROCM_SMI,GPU_0,7861.8,223.0,100.0
1781677845.80,ROCM_SMI,GPU_0,7861.8,220.0,100.0
1781677848.00,ROCM_SMI,GPU_0,7861.8,216.0,100.0
1781677850.19,ROCM_SMI,GPU_0,7861.8,214.0,100.0
1781677852.38,ROCM_SMI,GPU_0,7861.8,215.0,100.0
1781677854.57,ROCM_SMI,GPU_0,7861.8,214.0,100.0
1781677856.76,ROCM_SMI,GPU_0,7861.8,219.0,100.0
1781677858.95,ROCM_SMI,GPU_0,7861.8,217.0,100.0
1781677861.14,ROCM_SMI,GPU_0,7861.8,217.0,100.0
1781677863.33,ROCM_SMI,GPU_0,7861.8,219.0,100.0
1781677865.52,ROCM_SMI,GPU_0,7861.8,227.0,100.0
1781677867.71,ROCM_SMI,GPU_0,7861.8,221.0,100.0
1781677869.90,ROCM_SMI,GPU_0,7861.8,219.0,100.0
1781677872.09,ROCM_SMI,GPU_0,7861.8,221.0,100.0
1781677874.28,ROCM_SMI,GPU_0,7861.8,222.0,100.0
1781677876.47,ROCM_SMI,GPU_0,7861.8,219.0,100.0
1781677878.66,ROCM_SMI,GPU_0,7861.8,217.0,100.0
1781677880.85,ROCM_SMI,GPU_0,7861.8,223.0,100.0
1781677883.04,ROCM_SMI,GPU_0,7861.8,215.0,100.0
1781677885.24,ROCM_SMI,GPU_0,7861.8,206.0,100.0
1781677887.43,ROCM_SMI,GPU_0,7861.8,222.0,100.0
1781677889.62,ROCM_SMI,GPU_0,7861.8,220.0,100.0
1781677891.81,ROCM_SMI,GPU_0,7861.8,217.0,100.0
1781677894.00,ROCM_SMI,GPU_0,7861.8,220.0,100.0
1781677896.19,ROCM_SMI,GPU_0,7861.8,216.0,100.0
1781677932.52,ROCM_SMI,GPU_0,0.0,15.0,0.0
1781677934.72,ROCM_SMI,GPU_0,7861.8,206.0,100.0
1781677936.92,ROCM_SMI,GPU_0,7861.8,211.0,100.0
1781677939.11,ROCM_SMI,GPU_0,7861.8,210.0,100.0
1781677941.31,ROCM_SMI,GPU_0,7861.8,209.0,100.0
1781677943.50,ROCM_SMI,GPU_0,7861.8,209.0,100.0
1781677945.70,ROCM_SMI,GPU_0,7861.8,211.0,100.0
1781677947.89,ROCM_SMI,GPU_0,7861.8,213.0,100.0
1781677950.08,ROCM_SMI,GPU_0,7861.8,213.0,100.0
1781677952.28,ROCM_SMI,GPU_0,7861.8,215.0,100.0
1781677954.48,ROCM_SMI,GPU_0,7861.8,211.0,100.0
1781677956.67,ROCM_SMI,GPU_0,7861.8,216.0,100.0
1781677958.87,ROCM_SMI,GPU_0,7861.8,211.0,100.0
1781677961.06,ROCM_SMI,GPU_0,7861.8,210.0,100.0
1781677963.26,ROCM_SMI,GPU_0,7861.8,215.0,100.0
1781677965.45,ROCM_SMI,GPU_0,7861.8,212.0,100.0
1781677967.65,ROCM_SMI,GPU_0,7861.8,222.0,100.0
1781677969.85,ROCM_SMI,GPU_0,7861.8,216.0,100.0
1781677972.04,ROCM_SMI,GPU_0,7861.8,213.0,100.0
1781677974.23,ROCM_SMI,GPU_0,7861.8,217.0,100.0
1781677976.43,ROCM_SMI,GPU_0,7861.8,218.0,100.0
1781677978.62,ROCM_SMI,GPU_0,7861.8,215.0,100.0
1781677980.82,ROCM_SMI,GPU_0,7861.8,207.0,100.0
1781677983.01,ROCM_SMI,GPU_0,7861.8,217.0,81.0
1781677985.21,ROCM_SMI,GPU_0,7861.8,214.0,100.0
1781677987.40,ROCM_SMI,GPU_0,7861.8,217.0,100.0
1781677989.60,ROCM_SMI,GPU_0,7861.8,220.0,100.0
1781677991.79,ROCM_SMI,GPU_0,7861.8,218.0,100.0
1781677993.98,ROCM_SMI,GPU_0,7861.8,218.0,100.0
1781677996.18,ROCM_SMI,GPU_0,7861.8,215.0,100.0
1781677998.37,ROCM_SMI,GPU_0,7861.8,213.0,100.0
1781678000.57,ROCM_SMI,GPU_0,7861.8,213.0,100.0
1781678002.76,ROCM_SMI,GPU_0,7861.8,216.0,100.0
1781678004.96,ROCM_SMI,GPU_0,7861.8,215.0,100.0
1781678007.15,ROCM_SMI,GPU_0,7861.8,215.0,100.0
1781678009.35,ROCM_SMI,GPU_0,7861.8,211.0,100.0
1781678011.54,ROCM_SMI,GPU_0,7861.8,215.0,100.0
1781678013.73,ROCM_SMI,GPU_0,7861.8,217.0,100.0
1781678015.92,ROCM_SMI,GPU_0,7861.8,216.0,100.0
1781678018.11,ROCM_SMI,GPU_0,7861.8,220.0,100.0
1781678020.30,ROCM_SMI,GPU_0,7861.8,220.0,100.0
1781678022.49,ROCM_SMI,GPU_0,7861.8,217.0,100.0
1781678024.69,ROCM_SMI,GPU_0,7861.8,219.0,100.0
1781678026.88,ROCM_SMI,GPU_0,7861.8,221.0,100.0
1781678029.07,ROCM_SMI,GPU_0,7861.8,219.0,100.0
1781678031.26,ROCM_SMI,GPU_0,7861.8,214.0,100.0
1781678033.45,ROCM_SMI,GPU_0,7861.8,218.0,100.0
1781678035.64,ROCM_SMI,GPU_0,7861.8,214.0,100.0
1781678037.83,ROCM_SMI,GPU_0,7861.8,211.0,100.0
1781678040.03,ROCM_SMI,GPU_0,7861.8,212.0,100.0
1781678042.22,ROCM_SMI,GPU_0,7861.8,217.0,100.0
1781678044.42,ROCM_SMI,GPU_0,7861.8,217.0,100.0
1781678046.61,ROCM_SMI,GPU_0,7861.8,221.0,100.0
1781678048.80,ROCM_SMI,GPU_0,7861.8,225.0,100.0
1781678050.99,ROCM_SMI,GPU_0,7861.8,218.0,100.0
1781678053.18,ROCM_SMI,GPU_0,7861.8,214.0,100.0
1781678055.37,ROCM_SMI,GPU_0,7861.8,215.0,100.0
1781678057.56,ROCM_SMI,GPU_0,7861.8,212.0,100.0
1781678059.75,ROCM_SMI,GPU_0,7861.8,214.0,100.0
1781678061.94,ROCM_SMI,GPU_0,7861.8,213.0,100.0
1781678064.14,ROCM_SMI,GPU_0,7861.8,215.0,100.0
1781678066.33,ROCM_SMI,GPU_0,7861.8,213.0,100.0
1781678068.52,ROCM_SMI,GPU_0,7861.8,219.0,100.0
1781678070.71,ROCM_SMI,GPU_0,7861.8,218.0,100.0
1781678072.90,ROCM_SMI,GPU_0,7861.8,217.0,100.0
1781678075.09,ROCM_SMI,GPU_0,7861.8,215.0,100.0
1781678077.28,ROCM_SMI,GPU_0,7861.8,214.0,100.0
1781678079.47,ROCM_SMI,GPU_0,7861.8,214.0,100.0
1781678081.66,ROCM_SMI,GPU_0,7861.8,217.0,100.0
1781678083.86,ROCM_SMI,GPU_0,7861.8,218.0,100.0
1781678086.05,ROCM_SMI,GPU_0,7861.8,215.0,100.0
1781678088.24,ROCM_SMI,GPU_0,7861.8,214.0,100.0
1781678090.43,ROCM_SMI,GPU_0,7861.8,217.0,100.0
1781678092.62,ROCM_SMI,GPU_0,7861.8,221.0,83.0
1781678094.81,ROCM_SMI,GPU_0,7861.8,217.0,100.0
1781678097.00,ROCM_SMI,GPU_0,7861.8,220.0,100.0
1781678099.19,ROCM_SMI,GPU_0,7861.8,217.0,100.0
1781678101.38,ROCM_SMI,GPU_0,7861.8,216.0,100.0
1781678103.58,ROCM_SMI,GPU_0,7861.8,218.0,100.0
1781678105.77,ROCM_SMI,GPU_0,7861.8,219.0,100.0
1781678107.96,ROCM_SMI,GPU_0,7861.8,222.0,100.0
1781678110.15,ROCM_SMI,GPU_0,7861.8,220.0,100.0
1781678112.34,ROCM_SMI,GPU_0,7861.8,221.0,100.0
1781678114.53,ROCM_SMI,GPU_0,7861.8,221.0,100.0
1781678116.73,ROCM_SMI,GPU_0,7861.8,196.0,100.0
1781678118.92,ROCM_SMI,GPU_0,7861.8,215.0,90.0
1781678121.11,ROCM_SMI,GPU_0,7861.8,219.0,100.0
1781678123.31,ROCM_SMI,GPU_0,7861.8,220.0,100.0
1781678125.50,ROCM_SMI,GPU_0,7861.8,223.0,100.0
1781678127.69,ROCM_SMI,GPU_0,7861.8,220.0,100.0
1781678129.88,ROCM_SMI,GPU_0,7861.8,217.0,100.0
1781678132.07,ROCM_SMI,GPU_0,7861.8,217.0,100.0
1781678134.26,ROCM_SMI,GPU_0,7861.8,217.0,100.0
1781678136.45,ROCM_SMI,GPU_0,7861.8,212.0,100.0
1781678138.64,ROCM_SMI,GPU_0,7861.8,217.0,100.0
1781678140.83,ROCM_SMI,GPU_0,7861.8,219.0,100.0
1781678143.02,ROCM_SMI,GPU_0,7861.8,211.0,100.0
1781678145.21,ROCM_SMI,GPU_0,7861.8,218.0,100.0
1781678147.41,ROCM_SMI,GPU_0,7861.8,221.0,100.0
1781678149.60,ROCM_SMI,GPU_0,7861.8,222.0,100.0
1781678151.79,ROCM_SMI,GPU_0,7861.8,220.0,100.0
1781678153.98,ROCM_SMI,GPU_0,7861.8,218.0,100.0
1781678156.17,ROCM_SMI,GPU_0,7861.8,219.0,100.0
1781678158.36,ROCM_SMI,GPU_0,7861.8,216.0,100.0
1781678160.55,ROCM_SMI,GPU_0,7861.8,217.0,100.0
1781678162.74,ROCM_SMI,GPU_0,7861.8,218.0,100.0
1781678164.93,ROCM_SMI,GPU_0,7861.8,219.0,100.0
1781678167.12,ROCM_SMI,GPU_0,7861.8,218.0,100.0
1781678169.31,ROCM_SMI,GPU_0,7861.8,217.0,100.0
1781678171.50,ROCM_SMI,GPU_0,7861.8,219.0,100.0
1781678173.69,ROCM_SMI,GPU_0,7861.8,223.0,100.0
1781678175.88,ROCM_SMI,GPU_0,7861.8,224.0,100.0
1781678178.07,ROCM_SMI,GPU_0,7861.8,220.0,100.0
1781678180.26,ROCM_SMI,GPU_0,7861.8,218.0,100.0
1781678182.45,ROCM_SMI,GPU_0,7861.8,220.0,100.0
1781678184.65,ROCM_SMI,GPU_0,7861.8,217.0,100.0
1781678186.84,ROCM_SMI,GPU_0,7861.8,217.0,100.0
1781678189.03,ROCM_SMI,GPU_0,7861.8,219.0,100.0
1781678191.23,ROCM_SMI,GPU_0,7861.8,216.0,100.0
1781678193.41,ROCM_SMI,GPU_0,7861.8,213.0,100.0
1781678195.61,ROCM_SMI,GPU_0,7861.8,214.0,100.0
1781678197.80,ROCM_SMI,GPU_0,7861.8,213.0,100.0
1781678199.99,ROCM_SMI,GPU_0,7861.8,220.0,100.0
1781678202.18,ROCM_SMI,GPU_0,7861.8,222.0,100.0
1781678204.37,ROCM_SMI,GPU_0,7861.8,217.0,100.0
1781678206.57,ROCM_SMI,GPU_0,7861.8,217.0,100.0
1781678208.76,ROCM_SMI,GPU_0,7861.8,216.0,100.0
1781678210.95,ROCM_SMI,GPU_0,7861.8,221.0,100.0
1781678213.14,ROCM_SMI,GPU_0,7861.8,215.0,100.0
1781678215.33,ROCM_SMI,GPU_0,7861.8,218.0,100.0
1781678217.52,ROCM_SMI,GPU_0,7861.8,218.0,100.0
1781678219.71,ROCM_SMI,GPU_0,7861.8,209.0,100.0
1781678221.90,ROCM_SMI,GPU_0,7861.8,217.0,100.0
1781678224.09,ROCM_SMI,GPU_0,7861.8,218.0,100.0
1781678226.28,ROCM_SMI,GPU_0,7861.8,220.0,100.0
1781678228.47,ROCM_SMI,GPU_0,7861.8,220.0,100.0
1781678230.66,ROCM_SMI,GPU_0,7861.8,218.0,100.0
1781678232.85,ROCM_SMI,GPU_0,7861.8,217.0,100.0
1781678235.04,ROCM_SMI,GPU_0,7861.8,220.0,100.0
1781678237.23,ROCM_SMI,GPU_0,7861.8,222.0,100.0
1781678239.42,ROCM_SMI,GPU_0,7861.8,219.0,100.0
1781678241.61,ROCM_SMI,GPU_0,7861.8,220.0,100.0
1781678243.80,ROCM_SMI,GPU_0,7861.8,219.0,100.0
1781678245.99,ROCM_SMI,GPU_0,7861.8,215.0,100.0
1781678248.18,ROCM_SMI,GPU_0,7861.8,217.0,100.0
1781678250.38,ROCM_SMI,GPU_0,7861.8,219.0,100.0
1781678252.57,ROCM_SMI,GPU_0,7861.8,219.0,100.0
1781678254.76,ROCM_SMI,GPU_0,7861.8,220.0,100.0
1781678256.95,ROCM_SMI,GPU_0,7861.8,222.0,100.0
1781678259.14,ROCM_SMI,GPU_0,7861.8,223.0,100.0
1781678261.33,ROCM_SMI,GPU_0,7861.8,219.0,100.0
1781678263.52,ROCM_SMI,GPU_0,7861.8,217.0,100.0
1781678265.71,ROCM_SMI,GPU_0,7861.8,218.0,100.0
1781678267.90,ROCM_SMI,GPU_0,7861.8,216.0,100.0
1781678270.10,ROCM_SMI,GPU_0,7861.8,214.0,100.0
1781678272.29,ROCM_SMI,GPU_0,7861.8,217.0,100.0
1781678274.48,ROCM_SMI,GPU_0,7861.8,220.0,100.0
1781678276.67,ROCM_SMI,GPU_0,7861.8,223.0,100.0
1781678278.86,ROCM_SMI,GPU_0,7861.8,222.0,100.0
1781678281.06,ROCM_SMI,GPU_0,7861.8,217.0,100.0
1781678283.25,ROCM_SMI,GPU_0,7861.8,214.0,100.0
1781678285.44,ROCM_SMI,GPU_0,7861.8,217.0,100.0
1781678287.63,ROCM_SMI,GPU_0,7861.8,213.0,100.0
1781678289.83,ROCM_SMI,GPU_0,7861.8,218.0,100.0
1781678292.02,ROCM_SMI,GPU_0,7861.8,224.0,100.0
1781678294.21,ROCM_SMI,GPU_0,7861.8,220.0,100.0
1781678296.40,ROCM_SMI,GPU_0,7861.8,216.0,100.0
1781678298.59,ROCM_SMI,GPU_0,7861.8,215.0,100.0
1781678300.78,ROCM_SMI,GPU_0,7861.8,221.0,100.0
1781678302.97,ROCM_SMI,GPU_0,7861.8,221.0,100.0
1781678305.16,ROCM_SMI,GPU_0,7861.8,220.0,100.0
1781678307.35,ROCM_SMI,GPU_0,7861.8,216.0,100.0
1781678309.56,ROCM_SMI,GPU_0,7861.8,215.0,100.0
1781678311.75,ROCM_SMI,GPU_0,7861.8,217.0,100.0
1781678313.94,ROCM_SMI,GPU_0,7861.8,216.0,100.0
1781678316.13,ROCM_SMI,GPU_0,7861.8,218.0,100.0
1781678318.32,ROCM_SMI,GPU_0,7861.8,219.0,100.0
1781678320.51,ROCM_SMI,GPU_0,7861.8,217.0,100.0
1781678322.70,ROCM_SMI,GPU_0,7861.8,216.0,100.0
1781678324.89,ROCM_SMI,GPU_0,7861.8,216.0,100.0
1781678327.08,ROCM_SMI,GPU_0,7861.8,219.0,100.0
1781678329.27,ROCM_SMI,GPU_0,7861.8,221.0,100.0
1781678331.46,ROCM_SMI,GPU_0,7861.8,215.0,100.0
1781678333.66,ROCM_SMI,GPU_0,7861.8,215.0,100.0
1781678335.85,ROCM_SMI,GPU_0,7861.8,218.0,100.0
1781678338.04,ROCM_SMI,GPU_0,7861.8,218.0,100.0
1781678340.23,ROCM_SMI,GPU_0,7861.8,220.0,100.0
1781678342.42,ROCM_SMI,GPU_0,7861.8,221.0,100.0
1781678344.61,ROCM_SMI,GPU_0,7861.8,215.0,100.0
1781678346.80,ROCM_SMI,GPU_0,7861.8,231.0,100.0
1781678349.00,ROCM_SMI,GPU_0,7861.8,219.0,100.0
1781678351.19,ROCM_SMI,GPU_0,7861.8,218.0,100.0
1781678353.38,ROCM_SMI,GPU_0,7861.8,220.0,100.0
1781678355.57,ROCM_SMI,GPU_0,7861.8,218.0,100.0
1781678357.76,ROCM_SMI,GPU_0,7861.8,219.0,100.0
1781678359.96,ROCM_SMI,GPU_0,7861.8,222.0,100.0
1781678362.15,ROCM_SMI,GPU_0,7861.8,218.0,100.0
1781678364.34,ROCM_SMI,GPU_0,7861.8,222.0,100.0
1781678366.53,ROCM_SMI,GPU_0,7861.8,217.0,100.0
1781678368.72,ROCM_SMI,GPU_0,7861.8,219.0,100.0
1781678370.91,ROCM_SMI,GPU_0,7861.8,215.0,100.0
1781678373.10,ROCM_SMI,GPU_0,7861.8,211.0,100.0
1781678375.29,ROCM_SMI,GPU_0,7861.8,219.0,100.0
1781678377.48,ROCM_SMI,GPU_0,7861.8,218.0,100.0
1781678379.67,ROCM_SMI,GPU_0,7861.8,219.0,100.0
1781678381.87,ROCM_SMI,GPU_0,7861.8,222.0,100.0
1781678384.06,ROCM_SMI,GPU_0,7861.8,214.0,100.0
1781678386.25,ROCM_SMI,GPU_0,7861.8,219.0,100.0
1781678388.44,ROCM_SMI,GPU_0,7861.8,215.0,100.0
1781678390.64,ROCM_SMI,GPU_0,7861.8,217.0,100.0
1781678392.83,ROCM_SMI,GPU_0,7861.8,217.0,100.0
1781678395.02,ROCM_SMI,GPU_0,7861.8,216.0,100.0
1781678397.21,ROCM_SMI,GPU_0,7861.8,220.0,100.0
1781678399.40,ROCM_SMI,GPU_0,7861.8,217.0,100.0
1781678401.60,ROCM_SMI,GPU_0,7861.8,219.0,100.0
1781678403.79,ROCM_SMI,GPU_0,7861.8,221.0,100.0
1781678405.98,ROCM_SMI,GPU_0,7861.8,219.0,100.0
1781678408.17,ROCM_SMI,GPU_0,7861.8,221.0,100.0
1781678410.36,ROCM_SMI,GPU_0,7861.8,216.0,100.0
1781678412.55,ROCM_SMI,GPU_0,7861.8,220.0,100.0
1781678414.74,ROCM_SMI,GPU_0,7861.8,219.0,100.0
1781678416.93,ROCM_SMI,GPU_0,7861.8,220.0,100.0
1781678419.12,ROCM_SMI,GPU_0,7861.8,225.0,100.0
1781678421.31,ROCM_SMI,GPU_0,7861.8,219.0,100.0
1781678423.50,ROCM_SMI,GPU_0,7861.8,221.0,100.0
1781678425.70,ROCM_SMI,GPU_0,7861.8,217.0,100.0
1781678427.89,ROCM_SMI,GPU_0,7861.8,199.0,100.0
1781678430.08,ROCM_SMI,GPU_0,7861.8,219.0,100.0
1781678432.27,ROCM_SMI,GPU_0,7861.8,222.0,100.0
1781678434.46,ROCM_SMI,GPU_0,7861.8,224.0,100.0
1781678436.66,ROCM_SMI,GPU_0,7861.8,217.0,100.0
1781678438.85,ROCM_SMI,GPU_0,7861.8,218.0,100.0
1781678441.04,ROCM_SMI,GPU_0,7861.8,223.0,100.0
1781678443.23,ROCM_SMI,GPU_0,7861.8,216.0,100.0
1781678445.43,ROCM_SMI,GPU_0,7861.8,217.0,100.0
1781678447.62,ROCM_SMI,GPU_0,7861.8,220.0,100.0
1781678449.81,ROCM_SMI,GPU_0,7861.8,218.0,100.0
1781678452.00,ROCM_SMI,GPU_0,7861.8,215.0,100.0
1781678454.19,ROCM_SMI,GPU_0,7861.8,210.0,100.0
1781678456.38,ROCM_SMI,GPU_0,7861.8,219.0,100.0
1781678458.57,ROCM_SMI,GPU_0,7861.8,218.0,100.0
1781678460.76,ROCM_SMI,GPU_0,7861.8,219.0,100.0
1781678462.95,ROCM_SMI,GPU_0,7861.8,218.0,100.0
1781678465.14,ROCM_SMI,GPU_0,7861.8,219.0,100.0
1781678467.33,ROCM_SMI,GPU_0,7861.8,224.0,100.0
1781678469.53,ROCM_SMI,GPU_0,7861.8,226.0,100.0
1781678471.72,ROCM_SMI,GPU_0,7861.8,221.0,100.0
1781678473.91,ROCM_SMI,GPU_0,7861.8,220.0,100.0
1781678476.10,ROCM_SMI,GPU_0,7861.8,217.0,100.0
1781678478.29,ROCM_SMI,GPU_0,7861.8,214.0,100.0
1781678480.48,ROCM_SMI,GPU_0,7861.8,219.0,100.0
1781678482.67,ROCM_SMI,GPU_0,7861.8,223.0,100.0
1781678484.86,ROCM_SMI,GPU_0,7861.8,222.0,100.0
1781678487.05,ROCM_SMI,GPU_0,7861.8,219.0,100.0
1781678489.24,ROCM_SMI,GPU_0,7861.8,220.0,100.0
1781678491.43,ROCM_SMI,GPU_0,7861.8,219.0,100.0
1781678493.62,ROCM_SMI,GPU_0,7861.8,217.0,100.0
1781678495.81,ROCM_SMI,GPU_0,7861.8,217.0,100.0
1781678498.01,ROCM_SMI,GPU_0,7861.8,216.0,100.0
1781678500.20,ROCM_SMI,GPU_0,7861.8,214.0,100.0
1781678502.39,ROCM_SMI,GPU_0,7861.8,214.0,100.0
1781678504.58,ROCM_SMI,GPU_0,7861.8,216.0,81.0
1781678506.77,ROCM_SMI,GPU_0,7861.8,221.0,100.0
1781678508.97,ROCM_SMI,GPU_0,7861.8,222.0,100.0
1781678511.15,ROCM_SMI,GPU_0,7861.8,219.0,100.0
1781678513.34,ROCM_SMI,GPU_0,7861.8,219.0,100.0
1781678515.54,ROCM_SMI,GPU_0,7861.8,219.0,100.0
1781678517.73,ROCM_SMI,GPU_0,7861.8,216.0,100.0
1781678519.92,ROCM_SMI,GPU_0,7861.8,217.0,100.0
1781678522.11,ROCM_SMI,GPU_0,7861.8,228.0,100.0
1781678524.30,ROCM_SMI,GPU_0,7861.8,217.0,100.0
1781678526.50,ROCM_SMI,GPU_0,7861.8,220.0,100.0
1781678528.69,ROCM_SMI,GPU_0,7861.8,220.0,100.0
1781678530.88,ROCM_SMI,GPU_0,7861.8,219.0,77.0
1781678533.07,ROCM_SMI,GPU_0,7861.8,219.0,100.0
1781678535.26,ROCM_SMI,GPU_0,7861.8,218.0,100.0
1781678537.45,ROCM_SMI,GPU_0,7861.8,218.0,100.0
1781678539.64,ROCM_SMI,GPU_0,7861.8,218.0,100.0
1781678541.83,ROCM_SMI,GPU_0,7861.8,217.0,100.0
1781678544.02,ROCM_SMI,GPU_0,7861.8,217.0,100.0
1781678546.21,ROCM_SMI,GPU_0,7861.8,219.0,100.0
1781678548.40,ROCM_SMI,GPU_0,7861.8,218.0,100.0
1781678550.60,ROCM_SMI,GPU_0,7861.8,221.0,100.0
1781678552.78,ROCM_SMI,GPU_0,7861.8,218.0,100.0
1781678554.98,ROCM_SMI,GPU_0,7861.8,217.0,100.0
1781678557.17,ROCM_SMI,GPU_0,7861.8,218.0,100.0
1781678559.36,ROCM_SMI,GPU_0,7861.8,221.0,100.0
1781678561.55,ROCM_SMI,GPU_0,7861.8,222.0,100.0
1781678563.74,ROCM_SMI,GPU_0,7861.8,219.0,100.0
1781678565.93,ROCM_SMI,GPU_0,7861.8,220.0,100.0
1781678568.13,ROCM_SMI,GPU_0,7861.8,221.0,100.0
1781678570.32,ROCM_SMI,GPU_0,7861.8,222.0,100.0
1781678572.51,ROCM_SMI,GPU_0,7861.8,221.0,100.0
1781678574.70,ROCM_SMI,GPU_0,7861.8,221.0,100.0
1781678576.89,ROCM_SMI,GPU_0,7861.8,220.0,100.0
1781678579.08,ROCM_SMI,GPU_0,7861.8,216.0,100.0
1781678581.27,ROCM_SMI,GPU_0,7861.8,219.0,81.0
1781678583.46,ROCM_SMI,GPU_0,7861.8,217.0,100.0
1781678585.65,ROCM_SMI,GPU_0,7861.8,219.0,100.0
1781678587.84,ROCM_SMI,GPU_0,7861.8,223.0,100.0
1781678590.04,ROCM_SMI,GPU_0,7861.8,221.0,100.0
1781678592.23,ROCM_SMI,GPU_0,7861.8,216.0,100.0
1781678594.42,ROCM_SMI,GPU_0,7861.8,217.0,100.0
1781678596.61,ROCM_SMI,GPU_0,7861.8,217.0,100.0
1781678598.80,ROCM_SMI,GPU_0,7861.8,216.0,100.0
1781678600.99,ROCM_SMI,GPU_0,7861.8,214.0,100.0
1781678603.19,ROCM_SMI,GPU_0,7861.8,210.0,100.0
1781678605.38,ROCM_SMI,GPU_0,7861.8,217.0,100.0
1781678607.57,ROCM_SMI,GPU_0,7861.8,217.0,95.0
1781678609.76,ROCM_SMI,GPU_0,7861.8,218.0,100.0
1781678611.95,ROCM_SMI,GPU_0,7861.8,221.0,100.0
1781678614.14,ROCM_SMI,GPU_0,7861.8,221.0,100.0
1781678616.33,ROCM_SMI,GPU_0,7861.8,224.0,100.0
1781678618.53,ROCM_SMI,GPU_0,7861.8,214.0,100.0
1781678620.72,ROCM_SMI,GPU_0,7861.8,215.0,100.0
1781678622.91,ROCM_SMI,GPU_0,7861.8,218.0,100.0
1781678625.10,ROCM_SMI,GPU_0,7861.8,216.0,100.0
1781678627.29,ROCM_SMI,GPU_0,7861.8,218.0,100.0
1781678629.48,ROCM_SMI,GPU_0,7861.8,213.0,100.0
1781678631.67,ROCM_SMI,GPU_0,7861.8,218.0,100.0
1781678633.86,ROCM_SMI,GPU_0,7861.8,218.0,100.0
1781678636.05,ROCM_SMI,GPU_0,7861.8,218.0,100.0
1781678638.24,ROCM_SMI,GPU_0,7861.8,224.0,100.0
1781678640.43,ROCM_SMI,GPU_0,7861.8,219.0,100.0
1781678642.62,ROCM_SMI,GPU_0,7861.8,220.0,100.0
1781678644.81,ROCM_SMI,GPU_0,7861.8,219.0,100.0
1781678647.00,ROCM_SMI,GPU_0,7861.8,215.0,100.0
1781678649.19,ROCM_SMI,GPU_0,7861.8,221.0,100.0
1781678651.39,ROCM_SMI,GPU_0,7861.8,220.0,100.0
1781678653.58,ROCM_SMI,GPU_0,7861.8,218.0,100.0
1781678655.77,ROCM_SMI,GPU_0,7861.8,217.0,100.0
1781678657.97,ROCM_SMI,GPU_0,7861.8,216.0,100.0
1781678660.16,ROCM_SMI,GPU_0,7861.8,218.0,100.0
1781678662.35,ROCM_SMI,GPU_0,7861.8,220.0,100.0
1781678664.54,ROCM_SMI,GPU_0,7861.8,220.0,100.0
1781678666.73,ROCM_SMI,GPU_0,7861.8,221.0,100.0
1781678668.92,ROCM_SMI,GPU_0,7861.8,221.0,100.0
1781678671.11,ROCM_SMI,GPU_0,7861.8,220.0,100.0
1781678673.31,ROCM_SMI,GPU_0,7861.8,221.0,100.0
1781678675.50,ROCM_SMI,GPU_0,7861.8,224.0,100.0
1781678677.69,ROCM_SMI,GPU_0,7861.8,217.0,100.0
1781678679.88,ROCM_SMI,GPU_0,7861.8,221.0,100.0
1781678682.07,ROCM_SMI,GPU_0,7861.8,216.0,100.0
1781678684.26,ROCM_SMI,GPU_0,7861.8,210.0,100.0
1781678686.45,ROCM_SMI,GPU_0,7861.8,222.0,100.0
1781678688.64,ROCM_SMI,GPU_0,7861.8,219.0,100.0
1781678690.83,ROCM_SMI,GPU_0,7861.8,219.0,100.0
1781678693.02,ROCM_SMI,GPU_0,7861.8,221.0,100.0
1781678695.21,ROCM_SMI,GPU_0,7861.8,217.0,100.0
1781678697.41,ROCM_SMI,GPU_0,7861.8,217.0,100.0
1781678699.60,ROCM_SMI,GPU_0,7861.8,215.0,100.0
1781678701.79,ROCM_SMI,GPU_0,7861.8,216.0,100.0
1781678703.98,ROCM_SMI,GPU_0,7861.8,215.0,100.0
1781678706.17,ROCM_SMI,GPU_0,7861.8,214.0,100.0
1781678708.36,ROCM_SMI,GPU_0,7861.8,218.0,93.0
1781678710.55,ROCM_SMI,GPU_0,7861.8,220.0,100.0
1781678712.75,ROCM_SMI,GPU_0,7861.8,223.0,100.0
1781678714.94,ROCM_SMI,GPU_0,7861.8,220.0,100.0
1781678717.13,ROCM_SMI,GPU_0,7861.8,216.0,100.0
1781678719.32,ROCM_SMI,GPU_0,7861.8,215.0,100.0
1781678721.51,ROCM_SMI,GPU_0,7861.8,217.0,100.0
1781678723.70,ROCM_SMI,GPU_0,7861.8,215.0,100.0
1781678725.89,ROCM_SMI,GPU_0,7861.8,219.0,100.0
1781678728.08,ROCM_SMI,GPU_0,7861.8,219.0,100.0
1781678730.27,ROCM_SMI,GPU_0,7861.8,216.0,100.0
1781678732.46,ROCM_SMI,GPU_0,7861.8,215.0,100.0
1781678734.65,ROCM_SMI,GPU_0,7861.8,220.0,100.0
1781678736.84,ROCM_SMI,GPU_0,7861.8,220.0,100.0
1781678739.04,ROCM_SMI,GPU_0,7861.8,221.0,100.0
1781678741.23,ROCM_SMI,GPU_0,7861.8,217.0,100.0
1781678743.42,ROCM_SMI,GPU_0,7861.8,219.0,100.0
1781678745.61,ROCM_SMI,GPU_0,7861.8,220.0,100.0
1781678747.80,ROCM_SMI,GPU_0,7861.8,217.0,100.0
1781678749.99,ROCM_SMI,GPU_0,7861.8,220.0,100.0
1781678752.18,ROCM_SMI,GPU_0,7861.8,233.0,100.0
1781678754.38,ROCM_SMI,GPU_0,7861.8,218.0,100.0
1781678756.57,ROCM_SMI,GPU_0,7861.8,219.0,100.0
1781678758.76,ROCM_SMI,GPU_0,7861.8,216.0,100.0
1781678760.95,ROCM_SMI,GPU_0,7861.8,219.0,100.0
1781678763.14,ROCM_SMI,GPU_0,7861.8,218.0,100.0
1781678765.33,ROCM_SMI,GPU_0,7861.8,224.0,100.0
1781678767.52,ROCM_SMI,GPU_0,7861.8,219.0,100.0
1781678769.71,ROCM_SMI,GPU_0,7861.8,219.0,100.0
1781678771.91,ROCM_SMI,GPU_0,7861.8,222.0,100.0
1781678774.10,ROCM_SMI,GPU_0,7861.8,222.0,100.0
1781678776.29,ROCM_SMI,GPU_0,7861.8,218.0,100.0
1781678778.48,ROCM_SMI,GPU_0,7861.8,216.0,100.0
1781678780.67,ROCM_SMI,GPU_0,7861.8,214.0,100.0
1781678782.86,ROCM_SMI,GPU_0,7861.8,216.0,100.0
1781678785.05,ROCM_SMI,GPU_0,7861.8,215.0,100.0
1781678787.24,ROCM_SMI,GPU_0,7861.8,220.0,100.0
1781678789.43,ROCM_SMI,GPU_0,7861.8,223.0,100.0
1781678791.62,ROCM_SMI,GPU_0,7861.8,221.0,100.0
1781678793.81,ROCM_SMI,GPU_0,7861.8,220.0,100.0
1781678796.00,ROCM_SMI,GPU_0,7861.8,224.0,100.0
1781678798.19,ROCM_SMI,GPU_0,7861.8,221.0,100.0
1781678800.38,ROCM_SMI,GPU_0,7861.8,219.0,100.0
1781678802.58,ROCM_SMI,GPU_0,7861.8,220.0,100.0
1781678804.77,ROCM_SMI,GPU_0,7861.8,220.0,100.0
1781678806.96,ROCM_SMI,GPU_0,7861.8,215.0,100.0
1781678809.15,ROCM_SMI,GPU_0,7861.8,215.0,84.0
1781678811.34,ROCM_SMI,GPU_0,7861.8,219.0,100.0
1781678813.53,ROCM_SMI,GPU_0,7861.8,221.0,100.0
1781678815.72,ROCM_SMI,GPU_0,7861.8,217.0,100.0
1781678817.92,ROCM_SMI,GPU_0,7861.8,220.0,100.0
1781678820.12,ROCM_SMI,GPU_0,7861.8,235.0,100.0
1781678822.31,ROCM_SMI,GPU_0,7861.8,221.0,100.0
1781678824.50,ROCM_SMI,GPU_0,7861.8,222.0,100.0
1781678826.69,ROCM_SMI,GPU_0,7861.8,221.0,100.0
1781678828.88,ROCM_SMI,GPU_0,7861.8,220.0,100.0
1781678831.07,ROCM_SMI,GPU_0,7861.8,218.0,100.0
1781678833.26,ROCM_SMI,GPU_0,7861.8,209.0,100.0
1781678835.45,ROCM_SMI,GPU_0,7861.8,217.0,87.0
1781678837.65,ROCM_SMI,GPU_0,7861.8,217.0,100.0
1781678839.84,ROCM_SMI,GPU_0,7861.8,221.0,100.0
1781678842.03,ROCM_SMI,GPU_0,7861.8,223.0,100.0
1781678844.22,ROCM_SMI,GPU_0,7861.8,222.0,100.0
1781678846.41,ROCM_SMI,GPU_0,7861.8,220.0,100.0
1781678848.60,ROCM_SMI,GPU_0,7861.8,221.0,100.0
1781678850.79,ROCM_SMI,GPU_0,7861.8,218.0,100.0
1781678852.98,ROCM_SMI,GPU_0,7861.8,217.0,100.0
1781678855.17,ROCM_SMI,GPU_0,7861.8,213.0,100.0
1781678857.36,ROCM_SMI,GPU_0,7861.8,212.0,100.0
1781678859.55,ROCM_SMI,GPU_0,7861.8,214.0,88.0
1781678861.74,ROCM_SMI,GPU_0,7861.8,216.0,100.0
1781678863.93,ROCM_SMI,GPU_0,7861.8,224.0,100.0
1781678866.12,ROCM_SMI,GPU_0,7861.8,221.0,100.0
1781678868.31,ROCM_SMI,GPU_0,7861.8,220.0,100.0
1781678870.50,ROCM_SMI,GPU_0,7861.8,218.0,100.0
1781678872.69,ROCM_SMI,GPU_0,7861.8,214.0,100.0
1781678874.89,ROCM_SMI,GPU_0,7861.8,214.0,100.0
1781678877.07,ROCM_SMI,GPU_0,7861.8,218.0,100.0
1781678879.26,ROCM_SMI,GPU_0,7861.8,218.0,100.0
1781678881.45,ROCM_SMI,GPU_0,7861.8,218.0,100.0
1781678883.65,ROCM_SMI,GPU_0,7861.8,217.0,100.0
1781678885.84,ROCM_SMI,GPU_0,7861.8,216.0,100.0
1781678888.03,ROCM_SMI,GPU_0,7861.8,218.0,100.0
1781678890.22,ROCM_SMI,GPU_0,7861.8,219.0,100.0
1781678892.41,ROCM_SMI,GPU_0,7861.8,217.0,100.0
1781678894.61,ROCM_SMI,GPU_0,7861.8,216.0,100.0
1781678896.80,ROCM_SMI,GPU_0,7861.8,221.0,100.0
1781678898.99,ROCM_SMI,GPU_0,7861.8,216.0,100.0
1781678901.18,ROCM_SMI,GPU_0,7861.8,225.0,100.0
1781678903.37,ROCM_SMI,GPU_0,7861.8,224.0,100.0
1781678905.56,ROCM_SMI,GPU_0,7861.8,222.0,100.0
1781678907.75,ROCM_SMI,GPU_0,7861.8,217.0,100.0
1781678909.95,ROCM_SMI,GPU_0,7861.8,219.0,100.0
1781678912.14,ROCM_SMI,GPU_0,7861.8,217.0,100.0
1781678914.34,ROCM_SMI,GPU_0,7861.8,214.0,100.0
1781678916.53,ROCM_SMI,GPU_0,7861.8,221.0,100.0
1781678918.72,ROCM_SMI,GPU_0,7861.8,220.0,100.0
1781678920.91,ROCM_SMI,GPU_0,7861.8,217.0,100.0
1781678923.10,ROCM_SMI,GPU_0,7861.8,217.0,100.0
1781678925.29,ROCM_SMI,GPU_0,7861.8,217.0,100.0
1781678927.48,ROCM_SMI,GPU_0,7861.8,214.0,100.0
1781678929.67,ROCM_SMI,GPU_0,7861.8,215.0,100.0
1781678931.86,ROCM_SMI,GPU_0,7861.8,220.0,100.0
1781678934.05,ROCM_SMI,GPU_0,7861.8,219.0,100.0
1781678936.24,ROCM_SMI,GPU_0,7861.8,217.0,100.0
1781678938.43,ROCM_SMI,GPU_0,7861.8,217.0,100.0
1781678940.63,ROCM_SMI,GPU_0,7861.8,220.0,100.0
1781678942.82,ROCM_SMI,GPU_0,7861.8,219.0,100.0
1781678945.01,ROCM_SMI,GPU_0,7861.8,216.0,100.0
1781678947.20,ROCM_SMI,GPU_0,7861.8,216.0,100.0
1781678949.39,ROCM_SMI,GPU_0,7861.8,217.0,100.0
1781678951.58,ROCM_SMI,GPU_0,7861.8,218.0,100.0
1781678953.77,ROCM_SMI,GPU_0,7861.8,217.0,100.0
1781678955.97,ROCM_SMI,GPU_0,7861.8,217.0,100.0
1781678958.16,ROCM_SMI,GPU_0,7861.8,215.0,100.0
1781678960.35,ROCM_SMI,GPU_0,7861.8,219.0,100.0
1781678962.54,ROCM_SMI,GPU_0,7861.8,219.0,100.0
1781678964.73,ROCM_SMI,GPU_0,7861.8,221.0,100.0
1781678966.92,ROCM_SMI,GPU_0,7861.8,219.0,100.0
1781678969.12,ROCM_SMI,GPU_0,7861.8,217.0,100.0
1781678971.31,ROCM_SMI,GPU_0,7861.8,219.0,100.0
1781678973.50,ROCM_SMI,GPU_0,7861.8,220.0,100.0
1781678975.69,ROCM_SMI,GPU_0,7861.8,223.0,100.0
1781678977.88,ROCM_SMI,GPU_0,7861.8,219.0,100.0
1781678980.08,ROCM_SMI,GPU_0,7861.8,216.0,100.0
1781678982.27,ROCM_SMI,GPU_0,7861.8,220.0,100.0
1781678984.46,ROCM_SMI,GPU_0,7861.8,216.0,100.0
1781678986.65,ROCM_SMI,GPU_0,7861.8,215.0,100.0
1781678988.84,ROCM_SMI,GPU_0,7861.8,214.0,100.0
1781678991.03,ROCM_SMI,GPU_0,7861.8,216.0,100.0
1781678993.22,ROCM_SMI,GPU_0,7861.8,219.0,100.0
1781678995.42,ROCM_SMI,GPU_0,7861.8,221.0,100.0
1781678997.61,ROCM_SMI,GPU_0,7861.8,220.0,100.0
1781678999.80,ROCM_SMI,GPU_0,7861.8,218.0,100.0
1781679001.99,ROCM_SMI,GPU_0,7861.8,218.0,100.0
1781679004.18,ROCM_SMI,GPU_0,7861.8,216.0,100.0
1781679006.37,ROCM_SMI,GPU_0,7861.8,214.0,100.0
1781679008.56,ROCM_SMI,GPU_0,7861.8,216.0,100.0
1781679010.75,ROCM_SMI,GPU_0,7861.8,217.0,100.0
1781679012.94,ROCM_SMI,GPU_0,7861.8,215.0,100.0
1781679015.14,ROCM_SMI,GPU_0,7861.8,219.0,100.0
1781679017.33,ROCM_SMI,GPU_0,7861.8,220.0,100.0
1781679019.52,ROCM_SMI,GPU_0,7861.8,219.0,100.0
1781679021.71,ROCM_SMI,GPU_0,7861.8,219.0,100.0
1781679023.90,ROCM_SMI,GPU_0,7861.8,217.0,100.0
1781679026.09,ROCM_SMI,GPU_0,7861.8,217.0,100.0
1781679028.28,ROCM_SMI,GPU_0,7861.8,213.0,100.0
1781679030.47,ROCM_SMI,GPU_0,7861.8,217.0,100.0
1781679032.66,ROCM_SMI,GPU_0,7861.8,219.0,100.0
1781679034.86,ROCM_SMI,GPU_0,7861.8,217.0,100.0
1781679037.05,ROCM_SMI,GPU_0,7861.8,214.0,100.0
1781679039.25,ROCM_SMI,GPU_0,7861.8,220.0,100.0
1781679041.44,ROCM_SMI,GPU_0,7861.8,219.0,100.0
1781679043.63,ROCM_SMI,GPU_0,7861.8,219.0,100.0
1781679045.82,ROCM_SMI,GPU_0,7861.8,219.0,100.0
1781679048.01,ROCM_SMI,GPU_0,7861.8,221.0,100.0
1781679050.20,ROCM_SMI,GPU_0,7861.8,226.0,100.0
1781679052.39,ROCM_SMI,GPU_0,7861.8,217.0,100.0
1781679054.59,ROCM_SMI,GPU_0,7861.8,219.0,100.0
1781679056.78,ROCM_SMI,GPU_0,7861.8,222.0,100.0
1781679058.97,ROCM_SMI,GPU_0,7861.8,223.0,100.0
1781679061.16,ROCM_SMI,GPU_0,7861.8,221.0,100.0
1781679063.36,ROCM_SMI,GPU_0,7861.8,218.0,100.0
1781679065.55,ROCM_SMI,GPU_0,7861.8,212.0,100.0
1781679067.74,ROCM_SMI,GPU_0,7861.8,215.0,100.0
1781679069.93,ROCM_SMI,GPU_0,7861.8,220.0,100.0
1781679072.12,ROCM_SMI,GPU_0,7861.8,223.0,100.0
1781679074.31,ROCM_SMI,GPU_0,7861.8,224.0,100.0
1781679076.50,ROCM_SMI,GPU_0,7861.8,220.0,100.0
1781679078.69,ROCM_SMI,GPU_0,7861.8,216.0,100.0
1781679080.88,ROCM_SMI,GPU_0,7861.8,216.0,100.0
1781679083.07,ROCM_SMI,GPU_0,7861.8,215.0,100.0
1781679085.26,ROCM_SMI,GPU_0,7861.8,219.0,100.0
1781679087.45,ROCM_SMI,GPU_0,7861.8,216.0,100.0
1781679089.64,ROCM_SMI,GPU_0,7861.8,207.0,100.0
1781679091.83,ROCM_SMI,GPU_0,7861.8,220.0,100.0
1781679094.02,ROCM_SMI,GPU_0,7861.8,218.0,100.0
1781679096.22,ROCM_SMI,GPU_0,7861.8,218.0,100.0
1781679098.42,ROCM_SMI,GPU_0,7861.8,221.0,100.0
1781679100.61,ROCM_SMI,GPU_0,7861.8,219.0,100.0
1781679102.79,ROCM_SMI,GPU_0,7861.8,214.0,100.0
1781679104.99,ROCM_SMI,GPU_0,7861.8,216.0,100.0
1781679107.18,ROCM_SMI,GPU_0,7861.8,219.0,100.0
1781679109.37,ROCM_SMI,GPU_0,7861.8,217.0,100.0
1781679111.56,ROCM_SMI,GPU_0,7861.8,216.0,100.0
1781679113.75,ROCM_SMI,GPU_0,7861.8,219.0,100.0
1781679115.94,ROCM_SMI,GPU_0,7861.8,215.0,100.0
1781679118.13,ROCM_SMI,GPU_0,7861.8,219.0,100.0
1781679120.32,ROCM_SMI,GPU_0,7861.8,220.0,100.0
1781679122.52,ROCM_SMI,GPU_0,7861.8,221.0,100.0
1781679124.71,ROCM_SMI,GPU_0,7861.8,215.0,100.0
1781679126.90,ROCM_SMI,GPU_0,7861.8,215.0,100.0
1781679129.09,ROCM_SMI,GPU_0,7861.8,217.0,100.0
1781679131.29,ROCM_SMI,GPU_0,7861.8,217.0,100.0
1781679133.48,ROCM_SMI,GPU_0,7861.8,216.0,100.0
1781679135.67,ROCM_SMI,GPU_0,7861.8,217.0,100.0
1781679137.86,ROCM_SMI,GPU_0,7861.8,216.0,100.0
1781679140.05,ROCM_SMI,GPU_0,7861.8,218.0,100.0
1781679142.24,ROCM_SMI,GPU_0,7861.8,218.0,100.0
1781679144.43,ROCM_SMI,GPU_0,7861.8,221.0,100.0
1781679146.62,ROCM_SMI,GPU_0,7861.8,220.0,100.0
1781679148.81,ROCM_SMI,GPU_0,7861.8,221.0,100.0
1781679151.01,ROCM_SMI,GPU_0,7861.8,220.0,100.0
1781679153.20,ROCM_SMI,GPU_0,7861.8,219.0,100.0
1781679155.39,ROCM_SMI,GPU_0,7861.8,219.0,100.0
1781679157.58,ROCM_SMI,GPU_0,7861.8,223.0,100.0
1781679159.77,ROCM_SMI,GPU_0,7861.8,221.0,100.0
1781679161.96,ROCM_SMI,GPU_0,7861.8,220.0,100.0
1781679164.15,ROCM_SMI,GPU_0,7861.8,220.0,100.0
1781679166.35,ROCM_SMI,GPU_0,7861.8,217.0,100.0
1781679168.54,ROCM_SMI,GPU_0,7861.8,219.0,100.0
1781679170.73,ROCM_SMI,GPU_0,7861.8,218.0,100.0
1781679172.92,ROCM_SMI,GPU_0,7861.8,218.0,100.0
1781679175.11,ROCM_SMI,GPU_0,7861.8,222.0,100.0
1781679177.30,ROCM_SMI,GPU_0,7861.8,220.0,100.0
1781679179.49,ROCM_SMI,GPU_0,7861.8,222.0,100.0
1781679181.68,ROCM_SMI,GPU_0,7861.8,215.0,100.0
1781679183.87,ROCM_SMI,GPU_0,7861.8,215.0,100.0
1781679186.06,ROCM_SMI,GPU_0,7861.8,218.0,100.0
1781679188.25,ROCM_SMI,GPU_0,7861.8,218.0,100.0
1781679190.44,ROCM_SMI,GPU_0,7861.8,220.0,100.0
1781679192.63,ROCM_SMI,GPU_0,7861.8,216.0,100.0
1781679194.83,ROCM_SMI,GPU_0,7861.8,216.0,100.0
1781679197.02,ROCM_SMI,GPU_0,7861.8,219.0,100.0
1781679199.21,ROCM_SMI,GPU_0,7861.8,220.0,100.0
1781679201.40,ROCM_SMI,GPU_0,7861.8,219.0,100.0
1781679203.59,ROCM_SMI,GPU_0,7861.8,218.0,100.0
1781679205.79,ROCM_SMI,GPU_0,7861.8,217.0,100.0
1781679207.98,ROCM_SMI,GPU_0,7861.8,214.0,100.0
1781679210.17,ROCM_SMI,GPU_0,7861.8,217.0,100.0
1781679212.36,ROCM_SMI,GPU_0,7861.8,218.0,100.0
1781679214.55,ROCM_SMI,GPU_0,7861.8,218.0,100.0
1781679216.74,ROCM_SMI,GPU_0,7861.8,214.0,100.0
1781679218.93,ROCM_SMI,GPU_0,7861.8,216.0,100.0
1781679221.12,ROCM_SMI,GPU_0,7861.8,219.0,100.0
1781679223.32,ROCM_SMI,GPU_0,7861.8,219.0,100.0
1781679225.51,ROCM_SMI,GPU_0,7861.8,226.0,100.0
1781679227.70,ROCM_SMI,GPU_0,7861.8,218.0,100.0
1781679229.89,ROCM_SMI,GPU_0,7861.8,217.0,100.0
1781679232.08,ROCM_SMI,GPU_0,7861.8,218.0,100.0
1781679234.27,ROCM_SMI,GPU_0,7861.8,218.0,100.0
1781679236.47,ROCM_SMI,GPU_0,7861.8,222.0,100.0
1781679238.66,ROCM_SMI,GPU_0,7861.8,223.0,100.0
1781679240.85,ROCM_SMI,GPU_0,7861.8,222.0,100.0
1781679243.04,ROCM_SMI,GPU_0,7861.8,218.0,100.0
1781679245.24,ROCM_SMI,GPU_0,7861.8,220.0,100.0
1781679247.43,ROCM_SMI,GPU_0,7861.8,220.0,100.0
1781679249.62,ROCM_SMI,GPU_0,7861.8,220.0,100.0
1781679251.81,ROCM_SMI,GPU_0,7861.8,220.0,100.0
1781679254.00,ROCM_SMI,GPU_0,7861.8,220.0,100.0
1781679256.19,ROCM_SMI,GPU_0,7861.8,221.0,100.0
1781679258.38,ROCM_SMI,GPU_0,7861.8,218.0,100.0
1781679260.57,ROCM_SMI,GPU_0,7861.8,217.0,100.0
1781679262.76,ROCM_SMI,GPU_0,7861.8,215.0,100.0
1781679264.95,ROCM_SMI,GPU_0,7861.8,214.0,100.0
1781679267.15,ROCM_SMI,GPU_0,7861.8,218.0,100.0
1781679269.34,ROCM_SMI,GPU_0,7861.8,218.0,100.0
1781679271.53,ROCM_SMI,GPU_0,7861.8,219.0,100.0
1781679273.72,ROCM_SMI,GPU_0,7861.8,215.0,100.0
1781679275.91,ROCM_SMI,GPU_0,7861.8,218.0,100.0
1781679278.10,ROCM_SMI,GPU_0,7861.8,218.0,100.0
1781679280.30,ROCM_SMI,GPU_0,7861.8,219.0,100.0
1781679282.50,ROCM_SMI,GPU_0,7861.8,218.0,100.0
1781679284.68,ROCM_SMI,GPU_0,7861.8,213.0,100.0
1781679286.88,ROCM_SMI,GPU_0,7861.8,216.0,100.0
1781679289.07,ROCM_SMI,GPU_0,7861.8,220.0,100.0
1781679291.26,ROCM_SMI,GPU_0,7861.8,214.0,100.0
1781679293.45,ROCM_SMI,GPU_0,7861.8,222.0,100.0
1781679295.64,ROCM_SMI,GPU_0,7861.8,220.0,100.0
1781679297.83,ROCM_SMI,GPU_0,7861.8,217.0,100.0
1781679300.02,ROCM_SMI,GPU_0,7861.8,219.0,100.0
1781679302.21,ROCM_SMI,GPU_0,7861.8,218.0,100.0
1781679304.41,ROCM_SMI,GPU_0,7861.8,221.0,100.0
1781679306.60,ROCM_SMI,GPU_0,7861.8,222.0,100.0
1781679308.79,ROCM_SMI,GPU_0,7861.8,217.0,100.0
1781679310.98,ROCM_SMI,GPU_0,7861.8,219.0,100.0
1781679313.17,ROCM_SMI,GPU_0,7861.8,223.0,100.0
1781679315.36,ROCM_SMI,GPU_0,7861.8,220.0,100.0
1781679317.55,ROCM_SMI,GPU_0,7861.8,218.0,100.0
1781679319.74,ROCM_SMI,GPU_0,7861.8,215.0,100.0
1781679321.94,ROCM_SMI,GPU_0,7861.8,217.0,100.0
1781679324.13,ROCM_SMI,GPU_0,7861.8,212.0,87.0
1781679326.32,ROCM_SMI,GPU_0,7861.8,218.0,100.0
1781679328.51,ROCM_SMI,GPU_0,7861.8,225.0,100.0
1781679330.70,ROCM_SMI,GPU_0,7861.8,220.0,100.0
1781679332.89,ROCM_SMI,GPU_0,7861.8,216.0,100.0
1781679335.08,ROCM_SMI,GPU_0,7861.8,218.0,100.0
1781679337.27,ROCM_SMI,GPU_0,7861.8,215.0,100.0
1781679339.46,ROCM_SMI,GPU_0,7861.8,217.0,100.0
1781679341.65,ROCM_SMI,GPU_0,7861.8,216.0,100.0
1781679343.85,ROCM_SMI,GPU_0,7861.8,215.0,100.0
1781679346.04,ROCM_SMI,GPU_0,7861.8,216.0,100.0
1781679348.24,ROCM_SMI,GPU_0,7861.8,218.0,100.0
1781679350.43,ROCM_SMI,GPU_0,7861.8,218.0,100.0
1781679352.62,ROCM_SMI,GPU_0,7861.8,218.0,100.0
1781679354.81,ROCM_SMI,GPU_0,7861.8,221.0,100.0
1781679357.00,ROCM_SMI,GPU_0,7861.8,225.0,100.0
1781679359.19,ROCM_SMI,GPU_0,7861.8,216.0,100.0
1781679361.39,ROCM_SMI,GPU_0,7861.8,211.0,100.0
1781679363.58,ROCM_SMI,GPU_0,7861.8,222.0,100.0
1781679365.77,ROCM_SMI,GPU_0,7861.8,220.0,100.0
1781679367.96,ROCM_SMI,GPU_0,7861.8,218.0,100.0
1781679370.15,ROCM_SMI,GPU_0,7861.8,221.0,100.0
1781679372.34,ROCM_SMI,GPU_0,7861.8,216.0,100.0
1781679374.53,ROCM_SMI,GPU_0,7861.8,210.0,100.0
1781679376.72,ROCM_SMI,GPU_0,7861.8,218.0,82.0
1781679378.91,ROCM_SMI,GPU_0,7861.8,218.0,100.0
1781679381.10,ROCM_SMI,GPU_0,7861.8,219.0,100.0
1781679383.29,ROCM_SMI,GPU_0,7861.8,218.0,100.0
1781679385.48,ROCM_SMI,GPU_0,7861.8,216.0,100.0
1781679387.67,ROCM_SMI,GPU_0,7861.8,220.0,100.0
1781679389.86,ROCM_SMI,GPU_0,7861.8,216.0,100.0
1781679392.06,ROCM_SMI,GPU_0,7861.8,217.0,100.0
1781679394.25,ROCM_SMI,GPU_0,7861.8,215.0,100.0
1781679396.44,ROCM_SMI,GPU_0,7861.8,217.0,100.0
1781679398.63,ROCM_SMI,GPU_0,7861.8,216.0,100.0
1781679400.82,ROCM_SMI,GPU_0,7861.8,215.0,100.0
1781679403.01,ROCM_SMI,GPU_0,7861.8,219.0,100.0
1781679405.20,ROCM_SMI,GPU_0,7861.8,223.0,100.0
1781679407.39,ROCM_SMI,GPU_0,7861.8,219.0,100.0
1781679409.58,ROCM_SMI,GPU_0,7861.8,216.0,100.0
1781679411.77,ROCM_SMI,GPU_0,7861.8,216.0,100.0
1781679413.97,ROCM_SMI,GPU_0,7861.8,217.0,100.0
1781679416.16,ROCM_SMI,GPU_0,7861.8,217.0,100.0
1781679418.35,ROCM_SMI,GPU_0,7861.8,217.0,100.0
1781679420.54,ROCM_SMI,GPU_0,7861.8,220.0,100.0
1781679422.73,ROCM_SMI,GPU_0,7861.8,217.0,100.0
1781679424.92,ROCM_SMI,GPU_0,7861.8,219.0,100.0
1781679427.11,ROCM_SMI,GPU_0,7861.8,222.0,100.0
1781679429.30,ROCM_SMI,GPU_0,7861.8,216.0,100.0
1781679431.49,ROCM_SMI,GPU_0,7861.8,220.0,100.0
1781679433.70,ROCM_SMI,GPU_0,7861.8,222.0,100.0
1781679435.89,ROCM_SMI,GPU_0,7861.8,219.0,100.0
1781679438.08,ROCM_SMI,GPU_0,7861.8,216.0,100.0
1781679440.27,ROCM_SMI,GPU_0,7861.8,214.0,100.0
1781679442.47,ROCM_SMI,GPU_0,7861.8,215.0,100.0
1781679444.66,ROCM_SMI,GPU_0,7861.8,217.0,100.0
1781679446.85,ROCM_SMI,GPU_0,7861.8,219.0,100.0
1781679449.04,ROCM_SMI,GPU_0,7861.8,217.0,100.0
1781679451.23,ROCM_SMI,GPU_0,7861.8,215.0,100.0
1781679453.42,ROCM_SMI,GPU_0,7861.8,216.0,100.0
1781679455.62,ROCM_SMI,GPU_0,7861.8,217.0,100.0
1781679457.81,ROCM_SMI,GPU_0,7861.8,217.0,100.0
1781679460.00,ROCM_SMI,GPU_0,7861.8,220.0,100.0
1781679462.19,ROCM_SMI,GPU_0,7861.8,223.0,100.0
1781679464.38,ROCM_SMI,GPU_0,7861.8,220.0,100.0
1781679466.58,ROCM_SMI,GPU_0,7861.8,218.0,100.0
1781679468.77,ROCM_SMI,GPU_0,7861.8,225.0,100.0
1781679470.96,ROCM_SMI,GPU_0,7861.8,221.0,100.0
1781679473.15,ROCM_SMI,GPU_0,7861.8,215.0,100.0
1781679475.34,ROCM_SMI,GPU_0,7861.8,216.0,100.0
1781679477.53,ROCM_SMI,GPU_0,7861.8,215.0,100.0
1781679479.72,ROCM_SMI,GPU_0,7861.8,212.0,100.0
1781679481.91,ROCM_SMI,GPU_0,7861.8,218.0,100.0
1781679484.10,ROCM_SMI,GPU_0,7861.8,221.0,100.0
1781679486.29,ROCM_SMI,GPU_0,7861.8,218.0,100.0
1781679488.48,ROCM_SMI,GPU_0,7861.8,219.0,100.0
1781679490.67,ROCM_SMI,GPU_0,7861.8,216.0,100.0
1781679492.86,ROCM_SMI,GPU_0,7861.8,216.0,100.0
1781679495.05,ROCM_SMI,GPU_0,7861.8,217.0,100.0
1781679497.25,ROCM_SMI,GPU_0,7861.8,218.0,100.0
1781679499.44,ROCM_SMI,GPU_0,7861.8,220.0,100.0
1781679501.63,ROCM_SMI,GPU_0,7861.8,214.0,100.0
1781679503.82,ROCM_SMI,GPU_0,7861.8,218.0,100.0
1781679506.01,ROCM_SMI,GPU_0,7861.8,216.0,82.0
1781679508.20,ROCM_SMI,GPU_0,7861.8,221.0,100.0
1781679510.39,ROCM_SMI,GPU_0,7861.8,221.0,100.0
1781679512.58,ROCM_SMI,GPU_0,7861.8,223.0,100.0
1781679514.77,ROCM_SMI,GPU_0,7861.8,221.0,100.0
1781679516.96,ROCM_SMI,GPU_0,7861.8,219.0,100.0
1781679519.15,ROCM_SMI,GPU_0,7861.8,217.0,100.0
1781679521.35,ROCM_SMI,GPU_0,7861.8,216.0,100.0
1781679523.54,ROCM_SMI,GPU_0,7861.8,218.0,100.0
1781679525.73,ROCM_SMI,GPU_0,7861.8,221.0,100.0
1781679527.92,ROCM_SMI,GPU_0,7861.8,220.0,100.0
1781679530.11,ROCM_SMI,GPU_0,7861.8,217.0,100.0
1781679532.30,ROCM_SMI,GPU_0,7861.8,217.0,100.0
1781679534.49,ROCM_SMI,GPU_0,7861.8,220.0,100.0
1781679536.69,ROCM_SMI,GPU_0,7861.8,216.0,100.0
1781679538.88,ROCM_SMI,GPU_0,7861.8,219.0,100.0
1781679541.07,ROCM_SMI,GPU_0,7861.8,216.0,100.0
1781679543.26,ROCM_SMI,GPU_0,7861.8,217.0,100.0
1781679545.45,ROCM_SMI,GPU_0,7861.8,218.0,100.0
1781679547.64,ROCM_SMI,GPU_0,7861.8,218.0,100.0
1781679549.83,ROCM_SMI,GPU_0,7861.8,218.0,100.0
1781679552.02,ROCM_SMI,GPU_0,7861.8,220.0,100.0
1781679554.21,ROCM_SMI,GPU_0,7861.8,219.0,100.0
1781679556.41,ROCM_SMI,GPU_0,7861.8,217.0,93.0
1781679558.60,ROCM_SMI,GPU_0,7861.8,221.0,100.0
1781679560.79,ROCM_SMI,GPU_0,7861.8,223.0,100.0
1781679562.98,ROCM_SMI,GPU_0,7861.8,222.0,100.0
1781679565.17,ROCM_SMI,GPU_0,7861.8,220.0,100.0
1781679567.36,ROCM_SMI,GPU_0,7861.8,222.0,100.0
1781679569.55,ROCM_SMI,GPU_0,7861.8,218.0,100.0
1781679571.74,ROCM_SMI,GPU_0,7861.8,216.0,100.0
1781679573.93,ROCM_SMI,GPU_0,7861.8,218.0,100.0
1781679576.12,ROCM_SMI,GPU_0,7861.8,216.0,100.0
1781679578.31,ROCM_SMI,GPU_0,7861.8,215.0,100.0
1781679580.50,ROCM_SMI,GPU_0,7861.8,219.0,100.0
1781679582.69,ROCM_SMI,GPU_0,7861.8,218.0,100.0
1781679584.88,ROCM_SMI,GPU_0,7861.8,217.0,100.0
1781679587.07,ROCM_SMI,GPU_0,7861.8,221.0,100.0
1781679589.26,ROCM_SMI,GPU_0,7861.8,215.0,100.0
1781679591.45,ROCM_SMI,GPU_0,7861.8,217.0,100.0
1781679593.64,ROCM_SMI,GPU_0,7861.8,218.0,100.0
1781679595.83,ROCM_SMI,GPU_0,7861.8,219.0,100.0
1781679598.03,ROCM_SMI,GPU_0,7861.8,221.0,100.0
1781679600.21,ROCM_SMI,GPU_0,7861.8,218.0,100.0
1781679602.41,ROCM_SMI,GPU_0,7861.8,220.0,100.0
1781679604.60,ROCM_SMI,GPU_0,7861.8,215.0,100.0
1781679606.79,ROCM_SMI,GPU_0,7861.8,216.0,89.0
1781679608.98,ROCM_SMI,GPU_0,7861.8,220.0,100.0
1781679611.17,ROCM_SMI,GPU_0,7861.8,222.0,100.0
1781679613.36,ROCM_SMI,GPU_0,7861.8,216.0,100.0
1781679615.55,ROCM_SMI,GPU_0,7861.8,218.0,100.0
1781679617.75,ROCM_SMI,GPU_0,7861.8,209.0,100.0
1781679619.94,ROCM_SMI,GPU_0,7861.8,216.0,100.0
1781679622.13,ROCM_SMI,GPU_0,7861.8,217.0,100.0
1781679624.32,ROCM_SMI,GPU_0,7861.8,215.0,100.0
1781679626.51,ROCM_SMI,GPU_0,7861.8,218.0,100.0
1781679628.71,ROCM_SMI,GPU_0,7861.8,220.0,100.0
1781679630.90,ROCM_SMI,GPU_0,7861.8,209.0,100.0
1781679633.09,ROCM_SMI,GPU_0,7861.8,217.0,100.0
1781679635.28,ROCM_SMI,GPU_0,7861.8,220.0,100.0
1781679637.47,ROCM_SMI,GPU_0,7861.8,219.0,100.0
1781679639.66,ROCM_SMI,GPU_0,7861.8,218.0,100.0
1781679641.85,ROCM_SMI,GPU_0,7861.8,221.0,100.0
1781679644.05,ROCM_SMI,GPU_0,7861.8,217.0,100.0
1781679646.24,ROCM_SMI,GPU_0,7861.8,214.0,100.0
1781679648.44,ROCM_SMI,GPU_0,7861.8,218.0,100.0
1781679650.63,ROCM_SMI,GPU_0,7861.8,216.0,100.0
1781679652.82,ROCM_SMI,GPU_0,7861.8,217.0,100.0
1781679655.00,ROCM_SMI,GPU_0,7861.8,214.0,100.0
1781679657.19,ROCM_SMI,GPU_0,7861.8,213.0,100.0
1781679659.38,ROCM_SMI,GPU_0,7861.8,216.0,80.0
1781679661.58,ROCM_SMI,GPU_0,7861.8,218.0,100.0
1781679663.77,ROCM_SMI,GPU_0,7861.8,220.0,100.0
1781679665.96,ROCM_SMI,GPU_0,7861.8,218.0,100.0
1781679668.15,ROCM_SMI,GPU_0,7861.8,221.0,100.0
1781679670.34,ROCM_SMI,GPU_0,7861.8,220.0,100.0
1781679672.53,ROCM_SMI,GPU_0,7861.8,215.0,100.0
1781679674.73,ROCM_SMI,GPU_0,7861.8,221.0,100.0
1781679676.92,ROCM_SMI,GPU_0,7861.8,221.0,100.0
1781679679.11,ROCM_SMI,GPU_0,7861.8,220.0,100.0
1781679681.30,ROCM_SMI,GPU_0,7861.8,219.0,100.0
1781679683.49,ROCM_SMI,GPU_0,7861.8,216.0,100.0
1781679685.69,ROCM_SMI,GPU_0,7861.8,215.0,89.0
1781679687.87,ROCM_SMI,GPU_0,7861.8,218.0,100.0
1781679690.06,ROCM_SMI,GPU_0,7861.8,223.0,100.0
1781679692.26,ROCM_SMI,GPU_0,7861.8,218.0,100.0
1781679694.45,ROCM_SMI,GPU_0,7861.8,218.0,100.0
1781679696.64,ROCM_SMI,GPU_0,7861.8,216.0,100.0
1781679698.85,ROCM_SMI,GPU_0,7861.8,216.0,100.0
1781679701.04,ROCM_SMI,GPU_0,7861.8,214.0,100.0
1781679703.23,ROCM_SMI,GPU_0,7861.8,218.0,100.0
1781679705.43,ROCM_SMI,GPU_0,7861.8,216.0,100.0
1781679707.62,ROCM_SMI,GPU_0,7861.8,216.0,100.0
1781679709.81,ROCM_SMI,GPU_0,7861.8,221.0,100.0
1781679712.01,ROCM_SMI,GPU_0,7861.8,217.0,100.0
1781679714.20,ROCM_SMI,GPU_0,7861.8,220.0,100.0
1781679716.39,ROCM_SMI,GPU_0,7861.8,218.0,100.0
1781679718.58,ROCM_SMI,GPU_0,7861.8,219.0,100.0
1781679720.77,ROCM_SMI,GPU_0,7861.8,221.0,100.0
1781679722.96,ROCM_SMI,GPU_0,7861.8,220.0,100.0
1781679725.17,ROCM_SMI,GPU_0,7861.8,218.0,100.0
1781679727.36,ROCM_SMI,GPU_0,7861.8,216.0,100.0
1781679729.55,ROCM_SMI,GPU_0,7861.8,217.0,100.0
1781679731.74,ROCM_SMI,GPU_0,7861.8,215.0,100.0
1781679733.93,ROCM_SMI,GPU_0,7861.8,218.0,100.0
1781679736.12,ROCM_SMI,GPU_0,7861.8,216.0,100.0
1781679738.31,ROCM_SMI,GPU_0,7861.8,213.0,100.0
1781679740.50,ROCM_SMI,GPU_0,7861.8,217.0,100.0
1781679742.69,ROCM_SMI,GPU_0,7861.8,218.0,91.0
1781679744.88,ROCM_SMI,GPU_0,7861.8,219.0,100.0
1781679747.08,ROCM_SMI,GPU_0,7861.8,224.0,100.0
1781679749.27,ROCM_SMI,GPU_0,7861.8,223.0,100.0
1781679751.46,ROCM_SMI,GPU_0,7861.8,219.0,100.0
1781679753.65,ROCM_SMI,GPU_0,7861.8,218.0,100.0
1781679755.84,ROCM_SMI,GPU_0,7861.8,221.0,100.0
1781679758.03,ROCM_SMI,GPU_0,7861.8,218.0,100.0
1781679760.23,ROCM_SMI,GPU_0,7861.8,218.0,100.0
1781679762.42,ROCM_SMI,GPU_0,7861.8,217.0,100.0
1781679764.61,ROCM_SMI,GPU_0,7861.8,214.0,100.0
1781679766.80,ROCM_SMI,GPU_0,7861.8,215.0,100.0
1781679768.99,ROCM_SMI,GPU_0,7861.8,219.0,86.0
1781679771.18,ROCM_SMI,GPU_0,7861.8,216.0,100.0
1781679773.37,ROCM_SMI,GPU_0,7861.8,220.0,100.0
1781679775.56,ROCM_SMI,GPU_0,7861.8,220.0,100.0
1781679777.75,ROCM_SMI,GPU_0,7861.8,216.0,100.0
1781679779.95,ROCM_SMI,GPU_0,7861.8,231.0,100.0
1781679782.14,ROCM_SMI,GPU_0,7861.8,216.0,100.0
1781679784.33,ROCM_SMI,GPU_0,7861.8,219.0,100.0
1781679786.52,ROCM_SMI,GPU_0,7861.8,217.0,100.0
1781679788.71,ROCM_SMI,GPU_0,7861.8,217.0,100.0
1781679790.90,ROCM_SMI,GPU_0,7861.8,216.0,100.0
1781679793.09,ROCM_SMI,GPU_0,7861.8,210.0,100.0
1781679795.28,ROCM_SMI,GPU_0,7861.8,218.0,100.0
1781679797.47,ROCM_SMI,GPU_0,7861.8,218.0,100.0
1781679799.66,ROCM_SMI,GPU_0,7861.8,222.0,100.0
1781679801.85,ROCM_SMI,GPU_0,7861.8,221.0,100.0
1781679804.04,ROCM_SMI,GPU_0,7861.8,219.0,100.0
1781679806.24,ROCM_SMI,GPU_0,7861.8,223.0,100.0
1781679808.43,ROCM_SMI,GPU_0,7861.8,223.0,100.0
1781679810.62,ROCM_SMI,GPU_0,7861.8,220.0,100.0
1781679812.81,ROCM_SMI,GPU_0,7861.8,220.0,100.0
1781679815.00,ROCM_SMI,GPU_0,7861.8,215.0,100.0
1781679817.19,ROCM_SMI,GPU_0,7861.8,217.0,100.0
1781679819.38,ROCM_SMI,GPU_0,7861.8,215.0,100.0
1781679821.57,ROCM_SMI,GPU_0,7861.8,217.0,100.0
1781679823.76,ROCM_SMI,GPU_0,7861.8,220.0,100.0
1781679825.96,ROCM_SMI,GPU_0,7861.8,221.0,100.0
1781679828.15,ROCM_SMI,GPU_0,7861.8,220.0,100.0
1781679830.34,ROCM_SMI,GPU_0,7861.8,216.0,100.0
1781679832.53,ROCM_SMI,GPU_0,7861.8,216.0,100.0
1781679834.73,ROCM_SMI,GPU_0,7861.8,217.0,100.0
1781679836.92,ROCM_SMI,GPU_0,7861.8,217.0,100.0
1781679839.11,ROCM_SMI,GPU_0,7861.8,217.0,100.0
1781679841.30,ROCM_SMI,GPU_0,7861.8,217.0,100.0
1781679843.49,ROCM_SMI,GPU_0,7861.8,216.0,100.0
1781679845.68,ROCM_SMI,GPU_0,7861.8,217.0,82.0
1781679847.88,ROCM_SMI,GPU_0,7861.8,217.0,100.0
1781679850.07,ROCM_SMI,GPU_0,7861.8,218.0,100.0
1781679852.26,ROCM_SMI,GPU_0,7861.8,221.0,100.0
1781679854.45,ROCM_SMI,GPU_0,7861.8,214.0,100.0
1781679856.64,ROCM_SMI,GPU_0,7861.8,217.0,100.0
1781679858.83,ROCM_SMI,GPU_0,7861.8,217.0,100.0
1781679861.03,ROCM_SMI,GPU_0,7861.8,214.0,100.0
1781679863.22,ROCM_SMI,GPU_0,7861.8,216.0,100.0
1781679865.41,ROCM_SMI,GPU_0,7861.8,219.0,100.0
1781679867.60,ROCM_SMI,GPU_0,7861.8,222.0,100.0
1781679869.79,ROCM_SMI,GPU_0,7861.8,216.0,100.0
1781679871.98,ROCM_SMI,GPU_0,7861.8,218.0,100.0
1781679874.17,ROCM_SMI,GPU_0,7861.8,221.0,100.0
1781679876.36,ROCM_SMI,GPU_0,7861.8,222.0,100.0
1781679878.55,ROCM_SMI,GPU_0,7861.8,220.0,100.0
1781679880.74,ROCM_SMI,GPU_0,7861.8,219.0,100.0
1781679882.93,ROCM_SMI,GPU_0,7861.8,219.0,100.0
1781679885.13,ROCM_SMI,GPU_0,7861.8,221.0,100.0
1781679887.32,ROCM_SMI,GPU_0,7861.8,223.0,100.0
1781679889.52,ROCM_SMI,GPU_0,7861.8,219.0,100.0
1781679891.71,ROCM_SMI,GPU_0,7861.8,219.0,100.0
1781679893.90,ROCM_SMI,GPU_0,7861.8,219.0,100.0
1781679896.09,ROCM_SMI,GPU_0,7861.8,218.0,100.0
1781679898.28,ROCM_SMI,GPU_0,7861.8,219.0,100.0
1781679900.47,ROCM_SMI,GPU_0,7861.8,216.0,100.0
1781679902.66,ROCM_SMI,GPU_0,7861.8,219.0,100.0
1781679904.85,ROCM_SMI,GPU_0,7861.8,218.0,100.0
1781679907.04,ROCM_SMI,GPU_0,7861.8,221.0,100.0
1781679909.23,ROCM_SMI,GPU_0,7861.8,221.0,100.0
1781679911.42,ROCM_SMI,GPU_0,7861.8,216.0,100.0
1781679913.61,ROCM_SMI,GPU_0,7861.8,217.0,100.0
1781679915.81,ROCM_SMI,GPU_0,7861.8,218.0,100.0
1781679918.00,ROCM_SMI,GPU_0,7861.8,214.0,100.0
1781679920.19,ROCM_SMI,GPU_0,7861.8,218.0,100.0
1781679922.38,ROCM_SMI,GPU_0,7861.8,216.0,100.0
1781679924.57,ROCM_SMI,GPU_0,7861.8,217.0,100.0
1781679926.76,ROCM_SMI,GPU_0,7861.8,220.0,100.0
1781679928.96,ROCM_SMI,GPU_0,7861.8,231.0,100.0
1781679931.15,ROCM_SMI,GPU_0,7861.8,216.0,100.0
1781679933.34,ROCM_SMI,GPU_0,7861.8,218.0,100.0
1781679935.53,ROCM_SMI,GPU_0,7861.8,223.0,100.0
1781679937.72,ROCM_SMI,GPU_0,7861.8,217.0,100.0
1781679939.91,ROCM_SMI,GPU_0,7861.8,216.0,100.0
1781679942.11,ROCM_SMI,GPU_0,7861.8,225.0,100.0
1781679944.30,ROCM_SMI,GPU_0,7861.8,220.0,100.0
1781679946.49,ROCM_SMI,GPU_0,7861.8,218.0,100.0
1781679948.68,ROCM_SMI,GPU_0,7861.8,219.0,100.0
1781679950.87,ROCM_SMI,GPU_0,7861.8,219.0,100.0
1781679953.06,ROCM_SMI,GPU_0,7861.8,220.0,100.0
1781679955.25,ROCM_SMI,GPU_0,7861.8,221.0,100.0
1781679957.44,ROCM_SMI,GPU_0,7861.8,219.0,100.0
1781679959.63,ROCM_SMI,GPU_0,7861.8,212.0,100.0
1781679961.82,ROCM_SMI,GPU_0,7861.8,220.0,100.0
1781679964.01,ROCM_SMI,GPU_0,7861.8,224.0,100.0
1781679966.21,ROCM_SMI,GPU_0,7861.8,222.0,100.0
1781679968.40,ROCM_SMI,GPU_0,7861.8,220.0,100.0
1781679970.59,ROCM_SMI,GPU_0,7861.8,221.0,100.0
1781679972.78,ROCM_SMI,GPU_0,7861.8,218.0,100.0
1781679974.98,ROCM_SMI,GPU_0,7861.8,221.0,89.0
1781679977.17,ROCM_SMI,GPU_0,7861.8,221.0,100.0
1781679979.36,ROCM_SMI,GPU_0,7861.8,223.0,100.0
1781679981.55,ROCM_SMI,GPU_0,7861.8,218.0,100.0
1781679983.74,ROCM_SMI,GPU_0,7861.8,218.0,100.0
1781679985.94,ROCM_SMI,GPU_0,7861.8,218.0,100.0
1781679988.13,ROCM_SMI,GPU_0,7861.8,219.0,100.0
1781679990.32,ROCM_SMI,GPU_0,7861.8,220.0,100.0
1781679992.51,ROCM_SMI,GPU_0,7861.8,221.0,100.0
1781679994.70,ROCM_SMI,GPU_0,7861.8,219.0,100.0
1781679996.89,ROCM_SMI,GPU_0,7861.8,216.0,100.0
1781679999.08,ROCM_SMI,GPU_0,7861.8,217.0,100.0
1781680001.27,ROCM_SMI,GPU_0,7861.8,217.0,100.0
1781680003.46,ROCM_SMI,GPU_0,7861.8,220.0,100.0
1781680005.66,ROCM_SMI,GPU_0,7861.8,223.0,100.0
1781680007.85,ROCM_SMI,GPU_0,7861.8,223.0,100.0
1781680010.04,ROCM_SMI,GPU_0,7861.8,215.0,100.0
1781680012.23,ROCM_SMI,GPU_0,7861.8,217.0,100.0
1781680014.42,ROCM_SMI,GPU_0,7861.8,215.0,100.0
1781680016.61,ROCM_SMI,GPU_0,7861.8,215.0,100.0
1781680018.80,ROCM_SMI,GPU_0,7861.8,218.0,100.0
1781680021.00,ROCM_SMI,GPU_0,7861.8,219.0,100.0
1781680023.19,ROCM_SMI,GPU_0,7861.8,210.0,100.0
1781680025.38,ROCM_SMI,GPU_0,7861.8,214.0,100.0
1781680027.57,ROCM_SMI,GPU_0,7861.8,217.0,100.0
1781680029.76,ROCM_SMI,GPU_0,7861.8,222.0,100.0
1781680031.95,ROCM_SMI,GPU_0,7861.8,222.0,100.0
1781680034.14,ROCM_SMI,GPU_0,7861.8,218.0,100.0
1781680036.33,ROCM_SMI,GPU_0,7861.8,216.0,100.0
1781680038.52,ROCM_SMI,GPU_0,7861.8,217.0,100.0
1781680040.71,ROCM_SMI,GPU_0,7861.8,215.0,100.0
1781680042.91,ROCM_SMI,GPU_0,7861.8,218.0,100.0
1781680045.10,ROCM_SMI,GPU_0,7861.8,218.0,100.0
1781680047.29,ROCM_SMI,GPU_0,7861.8,218.0,100.0
1781680049.48,ROCM_SMI,GPU_0,7861.8,213.0,100.0
1781680051.67,ROCM_SMI,GPU_0,7861.8,215.0,100.0
1781680053.86,ROCM_SMI,GPU_0,7861.8,223.0,100.0
1781680056.06,ROCM_SMI,GPU_0,7861.8,221.0,100.0
1781680058.25,ROCM_SMI,GPU_0,7861.8,218.0,100.0
1781680060.44,ROCM_SMI,GPU_0,7861.8,216.0,100.0
1781680062.63,ROCM_SMI,GPU_0,7861.8,214.0,100.0
1781680064.82,ROCM_SMI,GPU_0,7861.8,217.0,100.0
1781680067.01,ROCM_SMI,GPU_0,7861.8,217.0,100.0
1781680069.20,ROCM_SMI,GPU_0,7861.8,217.0,100.0
1781680071.39,ROCM_SMI,GPU_0,7861.8,217.0,100.0
1781680073.58,ROCM_SMI,GPU_0,7861.8,215.0,100.0
1781680075.77,ROCM_SMI,GPU_0,7861.8,218.0,100.0
1781680077.97,ROCM_SMI,GPU_0,7861.8,216.0,100.0
1781680080.16,ROCM_SMI,GPU_0,7861.8,223.0,100.0
1781680082.36,ROCM_SMI,GPU_0,7861.8,220.0,100.0
1781680084.55,ROCM_SMI,GPU_0,7861.8,217.0,100.0
1781680086.74,ROCM_SMI,GPU_0,7861.8,215.0,100.0
1781680088.93,ROCM_SMI,GPU_0,7861.8,214.0,100.0
1781680091.12,ROCM_SMI,GPU_0,7861.8,224.0,100.0
1781680093.31,ROCM_SMI,GPU_0,7861.8,217.0,100.0
1781680095.51,ROCM_SMI,GPU_0,7861.8,216.0,100.0
1781680097.70,ROCM_SMI,GPU_0,7861.8,219.0,100.0
1781680099.89,ROCM_SMI,GPU_0,7861.8,219.0,100.0
1781680102.08,ROCM_SMI,GPU_0,7861.8,220.0,100.0
1781680104.27,ROCM_SMI,GPU_0,7861.8,216.0,100.0
1781680106.47,ROCM_SMI,GPU_0,7861.8,221.0,100.0
1781680108.66,ROCM_SMI,GPU_0,7861.8,219.0,100.0
1781680110.85,ROCM_SMI,GPU_0,7861.8,215.0,100.0
1781680113.04,ROCM_SMI,GPU_0,7861.8,216.0,100.0
1781680115.23,ROCM_SMI,GPU_0,7861.8,217.0,100.0
1781680117.42,ROCM_SMI,GPU_0,7861.8,222.0,100.0
1781680119.61,ROCM_SMI,GPU_0,7861.8,215.0,100.0
1781680121.80,ROCM_SMI,GPU_0,7861.8,217.0,100.0
1781680123.99,ROCM_SMI,GPU_0,7861.8,219.0,100.0
1781680126.18,ROCM_SMI,GPU_0,7861.8,218.0,100.0
1781680128.37,ROCM_SMI,GPU_0,7861.8,217.0,100.0
1781680130.56,ROCM_SMI,GPU_0,7861.8,218.0,100.0
1781680132.75,ROCM_SMI,GPU_0,7861.8,219.0,100.0
1781680134.95,ROCM_SMI,GPU_0,7861.8,219.0,100.0
1781680137.14,ROCM_SMI,GPU_0,7861.8,218.0,100.0
1781680139.33,ROCM_SMI,GPU_0,7861.8,219.0,100.0
1781680141.52,ROCM_SMI,GPU_0,7861.8,221.0,100.0
1781680143.71,ROCM_SMI,GPU_0,7861.8,223.0,100.0
1781680145.90,ROCM_SMI,GPU_0,7861.8,220.0,100.0
1781680148.09,ROCM_SMI,GPU_0,7861.8,218.0,100.0
1781680150.28,ROCM_SMI,GPU_0,7861.8,215.0,100.0
1781680152.47,ROCM_SMI,GPU_0,7861.8,221.0,82.0
1781680154.66,ROCM_SMI,GPU_0,7861.8,218.0,100.0
1781680156.85,ROCM_SMI,GPU_0,7861.8,221.0,100.0
1781680159.04,ROCM_SMI,GPU_0,7861.8,220.0,100.0
1781680161.23,ROCM_SMI,GPU_0,7861.8,222.0,100.0
1781680163.42,ROCM_SMI,GPU_0,7861.8,216.0,100.0
1781680165.61,ROCM_SMI,GPU_0,7861.8,217.0,100.0
1781680167.80,ROCM_SMI,GPU_0,7861.8,217.0,100.0
1781680169.99,ROCM_SMI,GPU_0,7861.8,214.0,100.0
1781680172.19,ROCM_SMI,GPU_0,7861.8,215.0,100.0
1781680174.38,ROCM_SMI,GPU_0,7861.8,217.0,100.0
1781680176.57,ROCM_SMI,GPU_0,7861.8,218.0,100.0
1781680178.76,ROCM_SMI,GPU_0,7861.8,218.0,100.0
1781680180.95,ROCM_SMI,GPU_0,7861.8,216.0,100.0
1781680183.15,ROCM_SMI,GPU_0,7861.8,222.0,100.0
1781680185.34,ROCM_SMI,GPU_0,7861.8,227.0,100.0
1781680187.53,ROCM_SMI,GPU_0,7861.8,216.0,100.0
1781680189.72,ROCM_SMI,GPU_0,7861.8,215.0,100.0
1781680191.91,ROCM_SMI,GPU_0,7861.8,218.0,100.0
1781680194.10,ROCM_SMI,GPU_0,7861.8,217.0,100.0
1781680196.29,ROCM_SMI,GPU_0,7861.8,218.0,100.0
1781680198.49,ROCM_SMI,GPU_0,7861.8,216.0,100.0
1781680200.68,ROCM_SMI,GPU_0,7861.8,219.0,100.0
1781680202.87,ROCM_SMI,GPU_0,7861.8,218.0,100.0
1781680205.06,ROCM_SMI,GPU_0,7861.8,219.0,100.0
1781680207.25,ROCM_SMI,GPU_0,7861.8,221.0,100.0
1781680209.44,ROCM_SMI,GPU_0,7861.8,224.0,100.0
1781680211.63,ROCM_SMI,GPU_0,7861.8,220.0,100.0
1781680213.83,ROCM_SMI,GPU_0,7861.8,223.0,100.0
1781680216.02,ROCM_SMI,GPU_0,7861.8,215.0,100.0
1781680218.21,ROCM_SMI,GPU_0,7861.8,216.0,100.0
1781680220.40,ROCM_SMI,GPU_0,7861.8,214.0,100.0
1781680222.59,ROCM_SMI,GPU_0,7861.8,213.0,100.0
1781680224.78,ROCM_SMI,GPU_0,7861.8,219.0,100.0
1781680226.97,ROCM_SMI,GPU_0,7861.8,216.0,100.0
1781680229.16,ROCM_SMI,GPU_0,7861.8,216.0,100.0
1781680231.35,ROCM_SMI,GPU_0,7861.8,217.0,100.0
1781680233.54,ROCM_SMI,GPU_0,7861.8,220.0,100.0
1781680235.73,ROCM_SMI,GPU_0,7861.8,218.0,100.0
1781680237.92,ROCM_SMI,GPU_0,7861.8,216.0,100.0
1781680240.11,ROCM_SMI,GPU_0,7861.8,218.0,100.0
1781680242.30,ROCM_SMI,GPU_0,7861.8,216.0,100.0
1781680244.50,ROCM_SMI,GPU_0,7861.8,221.0,100.0
1781680246.69,ROCM_SMI,GPU_0,7861.8,222.0,100.0
1781680248.88,ROCM_SMI,GPU_0,7861.8,223.0,100.0
1781680251.07,ROCM_SMI,GPU_0,7861.8,216.0,100.0
1781680253.27,ROCM_SMI,GPU_0,7861.8,193.0,100.0
1781680255.46,ROCM_SMI,GPU_0,7861.8,218.0,87.0
1781680257.65,ROCM_SMI,GPU_0,7861.8,220.0,100.0
1781680259.84,ROCM_SMI,GPU_0,7861.8,218.0,100.0
1781680262.03,ROCM_SMI,GPU_0,7861.8,224.0,100.0
1781680264.22,ROCM_SMI,GPU_0,7861.8,220.0,100.0
1781680266.41,ROCM_SMI,GPU_0,7861.8,212.0,100.0
1781680268.61,ROCM_SMI,GPU_0,7861.8,218.0,100.0
1781680270.80,ROCM_SMI,GPU_0,7861.8,218.0,100.0
1781680272.99,ROCM_SMI,GPU_0,7861.8,218.0,100.0
1781680275.18,ROCM_SMI,GPU_0,7861.8,217.0,100.0
1781680277.37,ROCM_SMI,GPU_0,7861.8,214.0,100.0
1781680279.56,ROCM_SMI,GPU_0,7861.8,208.0,100.0
1781680281.75,ROCM_SMI,GPU_0,7861.8,217.0,100.0
1781680283.94,ROCM_SMI,GPU_0,7861.8,219.0,100.0
1781680286.13,ROCM_SMI,GPU_0,7861.8,224.0,100.0
1781680288.33,ROCM_SMI,GPU_0,7861.8,221.0,100.0
1781680290.52,ROCM_SMI,GPU_0,7861.8,219.0,100.0
1781680292.70,ROCM_SMI,GPU_0,7861.8,219.0,100.0
1781680294.90,ROCM_SMI,GPU_0,7861.8,215.0,100.0
1781680297.09,ROCM_SMI,GPU_0,7861.8,216.0,100.0
1781680299.28,ROCM_SMI,GPU_0,7861.8,220.0,100.0
1781680301.47,ROCM_SMI,GPU_0,7861.8,217.0,100.0
1781680303.66,ROCM_SMI,GPU_0,7861.8,213.0,100.0
1781680305.85,ROCM_SMI,GPU_0,7861.8,218.0,100.0
1781680308.04,ROCM_SMI,GPU_0,7861.8,221.0,100.0
1781680310.23,ROCM_SMI,GPU_0,7861.8,215.0,100.0
1781680312.42,ROCM_SMI,GPU_0,7861.8,222.0,100.0
1781680314.61,ROCM_SMI,GPU_0,7861.8,224.0,100.0
1781680316.80,ROCM_SMI,GPU_0,7861.8,218.0,100.0
1781680318.99,ROCM_SMI,GPU_0,7861.8,220.0,100.0
1781680321.19,ROCM_SMI,GPU_0,7861.8,223.0,100.0
1781680323.38,ROCM_SMI,GPU_0,7861.8,225.0,100.0
1781680325.57,ROCM_SMI,GPU_0,7861.8,216.0,100.0
1781680327.76,ROCM_SMI,GPU_0,7861.8,216.0,100.0
1781680329.95,ROCM_SMI,GPU_0,7861.8,215.0,100.0
1781680332.14,ROCM_SMI,GPU_0,7861.8,216.0,100.0
1781680334.34,ROCM_SMI,GPU_0,7861.8,212.0,100.0
1781680336.53,ROCM_SMI,GPU_0,7861.8,215.0,100.0
1781680338.72,ROCM_SMI,GPU_0,7861.8,223.0,100.0
1781680340.91,ROCM_SMI,GPU_0,7861.8,221.0,100.0
1781680343.10,ROCM_SMI,GPU_0,7861.8,218.0,100.0
1781680345.30,ROCM_SMI,GPU_0,7861.8,217.0,100.0
1781680347.49,ROCM_SMI,GPU_0,7861.8,222.0,100.0
1781680349.68,ROCM_SMI,GPU_0,7861.8,218.0,100.0
1781680351.87,ROCM_SMI,GPU_0,7861.8,214.0,100.0
1781680354.06,ROCM_SMI,GPU_0,7861.8,214.0,100.0
1781680356.25,ROCM_SMI,GPU_0,7861.8,216.0,100.0
1781680358.44,ROCM_SMI,GPU_0,7861.8,219.0,100.0
1781680360.63,ROCM_SMI,GPU_0,7861.8,214.0,100.0
1781680362.82,ROCM_SMI,GPU_0,7861.8,218.0,100.0
1781680365.01,ROCM_SMI,GPU_0,7861.8,217.0,100.0
1781680367.21,ROCM_SMI,GPU_0,7861.8,219.0,100.0
1781680369.40,ROCM_SMI,GPU_0,7861.8,221.0,100.0
1781680371.59,ROCM_SMI,GPU_0,7861.8,223.0,100.0
1781680373.78,ROCM_SMI,GPU_0,7861.8,218.0,100.0
1781680375.97,ROCM_SMI,GPU_0,7861.8,219.0,100.0
1781680378.16,ROCM_SMI,GPU_0,7861.8,218.0,100.0
1781680380.36,ROCM_SMI,GPU_0,7861.8,218.0,100.0
1781680382.55,ROCM_SMI,GPU_0,7861.8,219.0,100.0
1781680384.74,ROCM_SMI,GPU_0,7861.8,217.0,100.0
1781680386.93,ROCM_SMI,GPU_0,7861.8,218.0,100.0
1781680389.13,ROCM_SMI,GPU_0,7861.8,223.0,100.0
1781680391.32,ROCM_SMI,GPU_0,7861.8,215.0,100.0
1781680393.51,ROCM_SMI,GPU_0,7861.8,217.0,100.0
1781680395.70,ROCM_SMI,GPU_0,7861.8,223.0,100.0
1781680397.89,ROCM_SMI,GPU_0,7861.8,223.0,100.0
1781680400.08,ROCM_SMI,GPU_0,7861.8,226.0,100.0
1781680402.28,ROCM_SMI,GPU_0,7861.8,216.0,100.0
1781680404.47,ROCM_SMI,GPU_0,7861.8,219.0,100.0
1781680406.66,ROCM_SMI,GPU_0,7861.8,213.0,100.0
1781680408.86,ROCM_SMI,GPU_0,7861.8,209.0,100.0
1781680411.05,ROCM_SMI,GPU_0,7861.8,210.0,100.0
1781680413.25,ROCM_SMI,GPU_0,7861.8,219.0,100.0
1781680415.44,ROCM_SMI,GPU_0,7861.8,223.0,100.0
1781680417.63,ROCM_SMI,GPU_0,7861.8,218.0,100.0
1781680419.82,ROCM_SMI,GPU_0,7861.8,215.0,100.0
1781680422.01,ROCM_SMI,GPU_0,7861.8,218.0,100.0
1781680424.21,ROCM_SMI,GPU_0,7861.8,220.0,100.0
1781680426.40,ROCM_SMI,GPU_0,7861.8,220.0,100.0
1781680428.59,ROCM_SMI,GPU_0,7861.8,223.0,100.0
1781680430.78,ROCM_SMI,GPU_0,7861.8,216.0,100.0
1781680432.98,ROCM_SMI,GPU_0,7861.8,214.0,100.0
1781680435.17,ROCM_SMI,GPU_0,7861.8,211.0,100.0
1781680437.36,ROCM_SMI,GPU_0,7861.8,212.0,100.0
1781680439.55,ROCM_SMI,GPU_0,7861.8,218.0,100.0
1781680441.74,ROCM_SMI,GPU_0,7861.8,217.0,100.0
1781680443.94,ROCM_SMI,GPU_0,7861.8,216.0,100.0
1781680446.13,ROCM_SMI,GPU_0,7861.8,221.0,100.0
1781680448.32,ROCM_SMI,GPU_0,7861.8,217.0,100.0
1781680450.51,ROCM_SMI,GPU_0,7861.8,214.0,100.0
1781680452.70,ROCM_SMI,GPU_0,7861.8,218.0,100.0
1781680454.90,ROCM_SMI,GPU_0,7861.8,219.0,100.0
1781680457.09,ROCM_SMI,GPU_0,7861.8,214.0,100.0
1781680459.28,ROCM_SMI,GPU_0,7861.8,215.0,100.0
1781680461.48,ROCM_SMI,GPU_0,7861.8,213.0,100.0
1781680463.67,ROCM_SMI,GPU_0,7861.8,210.0,100.0
1781680465.86,ROCM_SMI,GPU_0,7861.8,217.0,100.0
1781680468.05,ROCM_SMI,GPU_0,7861.8,219.0,100.0
1781680470.25,ROCM_SMI,GPU_0,7861.8,214.0,100.0
1781680472.44,ROCM_SMI,GPU_0,7861.8,219.0,100.0
1781680474.63,ROCM_SMI,GPU_0,7861.8,226.0,100.0
1781680476.82,ROCM_SMI,GPU_0,7861.8,218.0,100.0
1781680479.01,ROCM_SMI,GPU_0,7861.8,213.0,100.0
1781680481.20,ROCM_SMI,GPU_0,7861.8,222.0,100.0
1781680483.40,ROCM_SMI,GPU_0,7861.8,224.0,100.0
1781680485.59,ROCM_SMI,GPU_0,7861.8,219.0,100.0
1781680487.78,ROCM_SMI,GPU_0,7861.8,213.0,100.0
1781680489.98,ROCM_SMI,GPU_0,7861.8,210.0,100.0
1781680492.17,ROCM_SMI,GPU_0,7861.8,217.0,100.0
1781680494.37,ROCM_SMI,GPU_0,7861.8,221.0,100.0
1781680496.56,ROCM_SMI,GPU_0,7861.8,217.0,100.0
1781680498.75,ROCM_SMI,GPU_0,7861.8,222.0,100.0
1781680500.95,ROCM_SMI,GPU_0,7861.8,215.0,100.0
1781680503.14,ROCM_SMI,GPU_0,7861.8,225.0,100.0
1781680505.33,ROCM_SMI,GPU_0,7861.8,217.0,100.0
1781680507.52,ROCM_SMI,GPU_0,7861.8,220.0,100.0
1781680509.71,ROCM_SMI,GPU_0,7861.8,227.0,100.0
1781680511.92,ROCM_SMI,GPU_0,7861.8,235.0,100.0
1781680514.11,ROCM_SMI,GPU_0,7861.8,225.0,100.0
1781680516.30,ROCM_SMI,GPU_0,7861.8,219.0,100.0
1781680518.49,ROCM_SMI,GPU_0,7861.8,214.0,100.0
1781680520.69,ROCM_SMI,GPU_0,7861.8,206.0,100.0
1781680522.88,ROCM_SMI,GPU_0,7861.8,211.0,100.0
1781680525.07,ROCM_SMI,GPU_0,7861.8,218.0,100.0
1781680527.27,ROCM_SMI,GPU_0,7861.8,221.0,100.0
1781680529.46,ROCM_SMI,GPU_0,7861.8,227.0,100.0
1781680531.65,ROCM_SMI,GPU_0,7861.8,219.0,100.0
1781680533.84,ROCM_SMI,GPU_0,7861.8,214.0,100.0
1781680536.04,ROCM_SMI,GPU_0,7861.8,222.0,100.0
1781680538.23,ROCM_SMI,GPU_0,7861.8,219.0,100.0
1781680540.42,ROCM_SMI,GPU_0,7861.8,218.0,100.0
1781680542.62,ROCM_SMI,GPU_0,7861.8,222.0,100.0
1781680544.81,ROCM_SMI,GPU_0,7861.8,219.0,100.0
1781680547.00,ROCM_SMI,GPU_0,7861.8,214.0,100.0
1781680549.20,ROCM_SMI,GPU_0,7861.8,207.0,100.0
1781680551.39,ROCM_SMI,GPU_0,7861.8,218.0,100.0
1781680553.58,ROCM_SMI,GPU_0,7861.8,223.0,100.0
1781680555.77,ROCM_SMI,GPU_0,7861.8,219.0,100.0
1781680557.97,ROCM_SMI,GPU_0,7861.8,226.0,100.0
1781680560.16,ROCM_SMI,GPU_0,7861.8,219.0,100.0
1781680562.36,ROCM_SMI,GPU_0,7861.8,214.0,100.0
1781680564.55,ROCM_SMI,GPU_0,7861.8,216.0,100.0
1781680566.75,ROCM_SMI,GPU_0,7861.8,212.0,100.0
1781680568.94,ROCM_SMI,GPU_0,7861.8,212.0,100.0
1781680571.14,ROCM_SMI,GPU_0,7861.8,213.0,100.0
1781680573.33,ROCM_SMI,GPU_0,7861.8,216.0,100.0
1781680575.54,ROCM_SMI,GPU_0,7861.8,221.0,100.0
1781680577.73,ROCM_SMI,GPU_0,7861.8,215.0,100.0
1781680579.92,ROCM_SMI,GPU_0,7861.8,209.0,100.0
1781680582.12,ROCM_SMI,GPU_0,7861.8,206.0,100.0
1781680584.31,ROCM_SMI,GPU_0,7861.8,214.0,100.0
1781680586.50,ROCM_SMI,GPU_0,7861.8,217.0,100.0
1781680588.70,ROCM_SMI,GPU_0,7861.8,209.0,100.0
1781680590.89,ROCM_SMI,GPU_0,7861.8,221.0,100.0
1781680593.09,ROCM_SMI,GPU_0,7861.8,215.0,100.0
1781680595.28,ROCM_SMI,GPU_0,7861.8,223.0,100.0
1781680597.47,ROCM_SMI,GPU_0,7861.8,223.0,100.0
1781680599.67,ROCM_SMI,GPU_0,7861.8,219.0,100.0
1781680601.86,ROCM_SMI,GPU_0,7861.8,220.0,100.0
1781680604.06,ROCM_SMI,GPU_0,7861.8,226.0,100.0
1781680606.25,ROCM_SMI,GPU_0,7861.8,230.0,100.0
1781680608.45,ROCM_SMI,GPU_0,7861.8,224.0,100.0
1781680610.64,ROCM_SMI,GPU_0,7861.8,204.0,100.0
1781680612.83,ROCM_SMI,GPU_0,7861.8,204.0,100.0
1781680615.03,ROCM_SMI,GPU_0,7861.8,213.0,100.0
1781680617.22,ROCM_SMI,GPU_0,7861.8,215.0,100.0
1781680619.41,ROCM_SMI,GPU_0,7861.8,220.0,100.0
1781680621.62,ROCM_SMI,GPU_0,7861.8,224.0,100.0
1781680623.81,ROCM_SMI,GPU_0,7861.8,214.0,100.0
1781680626.01,ROCM_SMI,GPU_0,7861.8,217.0,100.0
1781680628.20,ROCM_SMI,GPU_0,7861.8,220.0,100.0
1781680630.39,ROCM_SMI,GPU_0,7861.8,214.0,100.0
1781680632.59,ROCM_SMI,GPU_0,7861.8,220.0,100.0
1781680634.78,ROCM_SMI,GPU_0,7861.8,217.0,100.0
1781680636.97,ROCM_SMI,GPU_0,7861.8,222.0,100.0
1781680639.17,ROCM_SMI,GPU_0,7861.8,232.0,100.0
1781680641.36,ROCM_SMI,GPU_0,7861.8,230.0,100.0
1781680643.56,ROCM_SMI,GPU_0,7861.8,210.0,100.0
1781680645.76,ROCM_SMI,GPU_0,7861.8,209.0,100.0
1781680647.95,ROCM_SMI,GPU_0,7861.8,206.0,100.0
1781680650.15,ROCM_SMI,GPU_0,7861.8,212.0,100.0
1781680652.34,ROCM_SMI,GPU_0,7861.8,212.0,100.0
1781680654.53,ROCM_SMI,GPU_0,7861.8,208.0,100.0
1781680656.73,ROCM_SMI,GPU_0,7861.8,223.0,100.0
1781680658.93,ROCM_SMI,GPU_0,7861.8,216.0,100.0
1781680661.12,ROCM_SMI,GPU_0,7861.8,232.0,100.0
1781680663.31,ROCM_SMI,GPU_0,7861.8,216.0,100.0
1781680665.51,ROCM_SMI,GPU_0,7861.8,220.0,100.0
1781680667.70,ROCM_SMI,GPU_0,7861.8,221.0,100.0
1781680669.90,ROCM_SMI,GPU_0,7861.8,225.0,100.0
1781680672.09,ROCM_SMI,GPU_0,7861.8,227.0,100.0
1781680674.28,ROCM_SMI,GPU_0,7861.8,217.0,100.0
1781680676.48,ROCM_SMI,GPU_0,7861.8,228.0,100.0
1781680678.68,ROCM_SMI,GPU_0,7861.8,202.0,100.0
1781680680.87,ROCM_SMI,GPU_0,7861.8,214.0,100.0
1781680683.06,ROCM_SMI,GPU_0,7861.8,215.0,100.0
1781680685.26,ROCM_SMI,GPU_0,7861.8,216.0,100.0
1781680687.45,ROCM_SMI,GPU_0,7861.8,222.0,100.0
1781680689.65,ROCM_SMI,GPU_0,7861.8,215.0,100.0
1781680691.85,ROCM_SMI,GPU_0,7861.8,225.0,100.0
1781680694.04,ROCM_SMI,GPU_0,7861.8,210.0,100.0
1781680696.24,ROCM_SMI,GPU_0,7861.8,222.0,100.0
1781680698.43,ROCM_SMI,GPU_0,7861.8,220.0,100.0
1781680700.62,ROCM_SMI,GPU_0,7861.8,216.0,100.0
1781680702.82,ROCM_SMI,GPU_0,7861.8,212.0,100.0
1781680705.01,ROCM_SMI,GPU_0,7861.8,223.0,100.0
1781680707.21,ROCM_SMI,GPU_0,7861.8,224.0,100.0
1781680709.40,ROCM_SMI,GPU_0,7861.8,209.0,100.0
1781680711.60,ROCM_SMI,GPU_0,7861.8,202.0,100.0
1781680713.79,ROCM_SMI,GPU_0,7861.8,214.0,100.0
1781680715.98,ROCM_SMI,GPU_0,7861.8,210.0,100.0
1781680718.19,ROCM_SMI,GPU_0,7861.8,221.0,100.0
1781680720.39,ROCM_SMI,GPU_0,7861.8,228.0,100.0
1781680722.58,ROCM_SMI,GPU_0,7861.8,220.0,100.0
1781680724.77,ROCM_SMI,GPU_0,7861.8,222.0,100.0
1781680726.96,ROCM_SMI,GPU_0,7861.8,215.0,100.0
1781680729.16,ROCM_SMI,GPU_0,7861.8,219.0,100.0
1781680731.35,ROCM_SMI,GPU_0,7861.8,223.0,100.0
1781680733.54,ROCM_SMI,GPU_0,7861.8,209.0,100.0
1781680735.74,ROCM_SMI,GPU_0,7861.8,215.0,100.0
1781680737.94,ROCM_SMI,GPU_0,7861.8,225.0,100.0
1781680740.13,ROCM_SMI,GPU_0,7861.8,220.0,100.0
1781680742.32,ROCM_SMI,GPU_0,7861.8,209.0,100.0
1781680744.51,ROCM_SMI,GPU_0,7861.8,206.0,100.0
1781680746.71,ROCM_SMI,GPU_0,7861.8,214.0,100.0
1781680748.91,ROCM_SMI,GPU_0,7861.8,218.0,100.0
1781680751.10,ROCM_SMI,GPU_0,7861.8,235.0,100.0
1781680753.30,ROCM_SMI,GPU_0,7861.8,219.0,100.0
1781680755.49,ROCM_SMI,GPU_0,7861.8,213.0,100.0
1781680757.68,ROCM_SMI,GPU_0,7861.8,218.0,100.0
1781680759.88,ROCM_SMI,GPU_0,7861.8,220.0,100.0
1781680762.07,ROCM_SMI,GPU_0,7861.8,220.0,100.0
1781680764.26,ROCM_SMI,GPU_0,7861.8,220.0,100.0
1781680766.45,ROCM_SMI,GPU_0,7861.8,225.0,100.0
1781680768.64,ROCM_SMI,GPU_0,7861.8,224.0,100.0
1781680770.84,ROCM_SMI,GPU_0,7861.8,213.0,100.0
1781680773.05,ROCM_SMI,GPU_0,7861.8,208.0,100.0
1781680775.25,ROCM_SMI,GPU_0,7861.8,215.0,100.0
1781680777.44,ROCM_SMI,GPU_0,7861.8,213.0,100.0
1781680779.63,ROCM_SMI,GPU_0,7861.8,217.0,100.0
1781680781.82,ROCM_SMI,GPU_0,7861.8,217.0,100.0
1781680784.02,ROCM_SMI,GPU_0,7861.8,218.0,100.0
1781680786.21,ROCM_SMI,GPU_0,7861.8,219.0,100.0
1781680788.41,ROCM_SMI,GPU_0,7861.8,220.0,100.0
1781680790.60,ROCM_SMI,GPU_0,7861.8,222.0,100.0
1781680792.79,ROCM_SMI,GPU_0,7861.8,217.0,100.0
1781680794.99,ROCM_SMI,GPU_0,7861.8,213.0,100.0
1781680797.18,ROCM_SMI,GPU_0,7861.8,216.0,100.0
1781680799.37,ROCM_SMI,GPU_0,7861.8,227.0,100.0
1781680801.57,ROCM_SMI,GPU_0,7861.8,227.0,100.0
1781680803.76,ROCM_SMI,GPU_0,7861.8,210.0,100.0
1781680805.96,ROCM_SMI,GPU_0,7861.8,204.0,100.0
1781680808.15,ROCM_SMI,GPU_0,7861.8,214.0,100.0
1781680810.34,ROCM_SMI,GPU_0,7861.8,215.0,100.0
1781680812.54,ROCM_SMI,GPU_0,7861.8,216.0,100.0
1781680814.73,ROCM_SMI,GPU_0,7861.8,212.0,100.0
1781680816.93,ROCM_SMI,GPU_0,7861.8,222.0,100.0
1781680819.12,ROCM_SMI,GPU_0,7861.8,217.0,100.0
1781680821.31,ROCM_SMI,GPU_0,7861.8,218.0,100.0
1781680823.50,ROCM_SMI,GPU_0,7861.8,207.0,100.0
1781680825.70,ROCM_SMI,GPU_0,7861.8,208.0,100.0
1781680827.90,ROCM_SMI,GPU_0,7861.8,221.0,100.0
1781680830.09,ROCM_SMI,GPU_0,7861.8,232.0,100.0
1781680832.29,ROCM_SMI,GPU_0,7861.8,228.0,100.0
1781680834.49,ROCM_SMI,GPU_0,7861.8,214.0,100.0
1781680836.68,ROCM_SMI,GPU_0,7861.8,210.0,100.0
1781680838.88,ROCM_SMI,GPU_0,7861.8,214.0,100.0
1781680841.07,ROCM_SMI,GPU_0,7861.8,217.0,100.0
1781680843.27,ROCM_SMI,GPU_0,7861.8,212.0,100.0
1781680845.46,ROCM_SMI,GPU_0,7861.8,205.0,100.0
1781680847.66,ROCM_SMI,GPU_0,7861.8,228.0,100.0
1781680849.85,ROCM_SMI,GPU_0,7861.8,227.0,100.0
1781680852.05,ROCM_SMI,GPU_0,7861.8,229.0,100.0
1781680854.25,ROCM_SMI,GPU_0,7861.8,177.0,100.0
1781680856.45,ROCM_SMI,GPU_0,7861.8,215.0,100.0
1781680858.64,ROCM_SMI,GPU_0,7861.8,239.0,100.0
1781680860.84,ROCM_SMI,GPU_0,7861.8,225.0,100.0
1781680863.04,ROCM_SMI,GPU_0,7861.8,243.0,100.0
1781680865.24,ROCM_SMI,GPU_0,7861.8,163.0,100.0
1781680867.44,ROCM_SMI,GPU_0,7861.8,225.0,100.0
1781680869.64,ROCM_SMI,GPU_0,7861.8,223.0,100.0
1781680871.83,ROCM_SMI,GPU_0,7861.8,216.0,100.0
1781680874.03,ROCM_SMI,GPU_0,7861.8,218.0,100.0
1781680876.23,ROCM_SMI,GPU_0,7861.8,215.0,100.0
1781680878.42,ROCM_SMI,GPU_0,7861.8,218.0,100.0
1781680880.62,ROCM_SMI,GPU_0,7861.8,221.0,100.0
1781680882.82,ROCM_SMI,GPU_0,7861.8,226.0,100.0
1781680885.02,ROCM_SMI,GPU_0,7861.8,221.0,100.0
1781680887.22,ROCM_SMI,GPU_0,7861.8,218.0,100.0
1781680889.41,ROCM_SMI,GPU_0,7861.8,217.0,100.0
1781680891.60,ROCM_SMI,GPU_0,7861.8,216.0,100.0
1781680893.79,ROCM_SMI,GPU_0,7861.8,215.0,100.0
1781680895.98,ROCM_SMI,GPU_0,7861.8,215.0,100.0
1781680898.18,ROCM_SMI,GPU_0,7861.8,213.0,100.0
1781680900.37,ROCM_SMI,GPU_0,7861.8,215.0,100.0
1781680902.56,ROCM_SMI,GPU_0,7861.8,216.0,100.0
1781680904.75,ROCM_SMI,GPU_0,7861.8,216.0,100.0
1781680906.94,ROCM_SMI,GPU_0,7861.8,220.0,100.0
1781680909.13,ROCM_SMI,GPU_0,7861.8,218.0,100.0
1781680911.33,ROCM_SMI,GPU_0,7861.8,223.0,100.0
1781680913.52,ROCM_SMI,GPU_0,7861.8,218.0,100.0
1781680915.71,ROCM_SMI,GPU_0,7861.8,217.0,100.0
1781680917.90,ROCM_SMI,GPU_0,7861.8,217.0,100.0
1781680920.09,ROCM_SMI,GPU_0,7861.8,215.0,100.0
1781680922.28,ROCM_SMI,GPU_0,7861.8,216.0,100.0
1781680924.48,ROCM_SMI,GPU_0,7861.8,215.0,100.0
1781680926.67,ROCM_SMI,GPU_0,7861.8,218.0,100.0
1781680928.86,ROCM_SMI,GPU_0,7861.8,217.0,100.0
1781680931.05,ROCM_SMI,GPU_0,7861.8,215.0,100.0
1781680933.24,ROCM_SMI,GPU_0,7861.8,216.0,100.0
1781680935.43,ROCM_SMI,GPU_0,7861.8,220.0,100.0
1781680937.63,ROCM_SMI,GPU_0,7861.8,219.0,100.0
1781680939.82,ROCM_SMI,GPU_0,7861.8,218.0,100.0
1781680942.01,ROCM_SMI,GPU_0,7861.8,217.0,100.0
1781680944.20,ROCM_SMI,GPU_0,7861.8,214.0,100.0
1781680946.39,ROCM_SMI,GPU_0,7861.8,215.0,100.0
1781680948.59,ROCM_SMI,GPU_0,7861.8,219.0,100.0
1781680950.78,ROCM_SMI,GPU_0,7861.8,218.0,100.0
1781680952.97,ROCM_SMI,GPU_0,7861.8,218.0,100.0
1781680955.17,ROCM_SMI,GPU_0,7861.8,221.0,100.0
1781680957.36,ROCM_SMI,GPU_0,7861.8,217.0,100.0
1781680959.55,ROCM_SMI,GPU_0,7861.8,221.0,100.0
1781680961.74,ROCM_SMI,GPU_0,7861.8,223.0,100.0
1781680963.93,ROCM_SMI,GPU_0,7861.8,221.0,100.0
1781680966.12,ROCM_SMI,GPU_0,7861.8,221.0,100.0
1781680968.31,ROCM_SMI,GPU_0,7861.8,219.0,100.0
1781680970.50,ROCM_SMI,GPU_0,7861.8,217.0,100.0
1781680972.69,ROCM_SMI,GPU_0,7861.8,222.0,100.0
1781680974.88,ROCM_SMI,GPU_0,7861.8,221.0,100.0
1781680977.08,ROCM_SMI,GPU_0,7861.8,216.0,100.0
1781680979.27,ROCM_SMI,GPU_0,7861.8,219.0,100.0
1781680981.46,ROCM_SMI,GPU_0,7861.8,218.0,100.0
1781680983.65,ROCM_SMI,GPU_0,7861.8,214.0,100.0
1781680985.84,ROCM_SMI,GPU_0,7861.8,217.0,100.0
1781680988.03,ROCM_SMI,GPU_0,7861.8,221.0,100.0
1781680990.23,ROCM_SMI,GPU_0,7861.8,221.0,100.0
1781680992.42,ROCM_SMI,GPU_0,7861.8,218.0,100.0
1781680994.61,ROCM_SMI,GPU_0,7861.8,219.0,100.0
1781680996.80,ROCM_SMI,GPU_0,7861.8,221.0,100.0
1781680998.99,ROCM_SMI,GPU_0,7861.8,218.0,100.0
1781681001.18,ROCM_SMI,GPU_0,7861.8,217.0,100.0
1781681003.37,ROCM_SMI,GPU_0,7861.8,217.0,100.0
1781681005.56,ROCM_SMI,GPU_0,7861.8,227.0,100.0
1781681007.76,ROCM_SMI,GPU_0,7861.8,216.0,100.0
1781681009.95,ROCM_SMI,GPU_0,7861.8,216.0,88.0
1781681012.14,ROCM_SMI,GPU_0,7861.8,219.0,100.0
1781681014.33,ROCM_SMI,GPU_0,7861.8,223.0,100.0
1781681016.52,ROCM_SMI,GPU_0,7861.8,218.0,100.0
1781681018.71,ROCM_SMI,GPU_0,7861.8,217.0,100.0
1781681020.92,ROCM_SMI,GPU_0,7861.8,214.0,100.0
1781681023.11,ROCM_SMI,GPU_0,7861.8,216.0,100.0
1781681025.31,ROCM_SMI,GPU_0,7861.8,216.0,100.0
1781681027.50,ROCM_SMI,GPU_0,7861.8,215.0,100.0
1781681029.69,ROCM_SMI,GPU_0,7861.8,217.0,100.0
1781681031.88,ROCM_SMI,GPU_0,7861.8,216.0,100.0
1781681034.07,ROCM_SMI,GPU_0,7861.8,217.0,100.0
1781681036.26,ROCM_SMI,GPU_0,7861.8,216.0,100.0
1781681038.45,ROCM_SMI,GPU_0,7861.8,219.0,100.0
1781681040.64,ROCM_SMI,GPU_0,7861.8,221.0,100.0
1781681042.83,ROCM_SMI,GPU_0,7861.8,220.0,100.0
1781681045.03,ROCM_SMI,GPU_0,7861.8,217.0,100.0
1781681047.22,ROCM_SMI,GPU_0,7861.8,218.0,100.0
1781681049.41,ROCM_SMI,GPU_0,7861.8,219.0,100.0
1781681051.60,ROCM_SMI,GPU_0,7861.8,217.0,100.0
1781681053.79,ROCM_SMI,GPU_0,7861.8,218.0,100.0
1781681055.98,ROCM_SMI,GPU_0,7861.8,221.0,100.0
1781681058.17,ROCM_SMI,GPU_0,7861.8,219.0,100.0
1781681060.37,ROCM_SMI,GPU_0,7861.8,228.0,100.0
1781681062.56,ROCM_SMI,GPU_0,7861.8,212.0,100.0
1781681064.75,ROCM_SMI,GPU_0,7861.8,213.0,100.0
1781681066.94,ROCM_SMI,GPU_0,7861.8,223.0,100.0
1781681069.13,ROCM_SMI,GPU_0,7861.8,222.0,100.0
1781681071.32,ROCM_SMI,GPU_0,7861.8,221.0,100.0
1781681073.51,ROCM_SMI,GPU_0,7861.8,222.0,100.0
1781681075.70,ROCM_SMI,GPU_0,7861.8,216.0,100.0
1781681077.90,ROCM_SMI,GPU_0,7861.8,216.0,100.0
1781681080.09,ROCM_SMI,GPU_0,7861.8,216.0,100.0
1781681082.28,ROCM_SMI,GPU_0,7861.8,213.0,100.0
1781681084.47,ROCM_SMI,GPU_0,7861.8,217.0,100.0
1781681086.66,ROCM_SMI,GPU_0,7861.8,214.0,100.0
1781681088.85,ROCM_SMI,GPU_0,7861.8,213.0,84.0
1781681091.04,ROCM_SMI,GPU_0,7861.8,217.0,100.0
1781681093.23,ROCM_SMI,GPU_0,7861.8,222.0,100.0
1781681095.42,ROCM_SMI,GPU_0,7861.8,216.0,100.0
1781681097.61,ROCM_SMI,GPU_0,7861.8,215.0,100.0
1781681099.80,ROCM_SMI,GPU_0,7861.8,222.0,100.0
1781681101.99,ROCM_SMI,GPU_0,7861.8,217.0,100.0
1781681104.18,ROCM_SMI,GPU_0,7861.8,217.0,100.0
1781681106.38,ROCM_SMI,GPU_0,7861.8,216.0,100.0
1781681108.57,ROCM_SMI,GPU_0,7861.8,220.0,100.0
1781681110.76,ROCM_SMI,GPU_0,7861.8,216.0,100.0
1781681112.95,ROCM_SMI,GPU_0,7861.8,219.0,100.0
1781681115.14,ROCM_SMI,GPU_0,7861.8,221.0,100.0
1781681117.33,ROCM_SMI,GPU_0,7861.8,220.0,100.0
1781681119.52,ROCM_SMI,GPU_0,7861.8,219.0,100.0
1781681121.71,ROCM_SMI,GPU_0,7861.8,215.0,100.0
1781681123.91,ROCM_SMI,GPU_0,7861.8,220.0,100.0
1781681126.10,ROCM_SMI,GPU_0,7861.8,217.0,100.0
1781681128.29,ROCM_SMI,GPU_0,7861.8,215.0,100.0
1781681130.48,ROCM_SMI,GPU_0,7861.8,217.0,100.0
1781681132.67,ROCM_SMI,GPU_0,7861.8,223.0,100.0
1781681134.86,ROCM_SMI,GPU_0,7861.8,220.0,100.0
1781681137.06,ROCM_SMI,GPU_0,7861.8,219.0,100.0
1781681139.25,ROCM_SMI,GPU_0,7861.8,220.0,88.0
1781681141.44,ROCM_SMI,GPU_0,7861.8,219.0,100.0
1781681143.63,ROCM_SMI,GPU_0,7861.8,222.0,100.0
1781681145.82,ROCM_SMI,GPU_0,7861.8,223.0,100.0
1781681148.01,ROCM_SMI,GPU_0,7861.8,219.0,100.0
1781681150.20,ROCM_SMI,GPU_0,7861.8,214.0,100.0
1781681152.39,ROCM_SMI,GPU_0,7861.8,217.0,100.0
1781681154.58,ROCM_SMI,GPU_0,7861.8,226.0,100.0
1781681156.78,ROCM_SMI,GPU_0,7861.8,217.0,100.0
1781681158.97,ROCM_SMI,GPU_0,7861.8,214.0,100.0
1781681161.16,ROCM_SMI,GPU_0,7861.8,220.0,100.0
1781681163.35,ROCM_SMI,GPU_0,7861.8,219.0,100.0
1781681165.54,ROCM_SMI,GPU_0,7861.8,216.0,100.0
1781681167.73,ROCM_SMI,GPU_0,7861.8,220.0,100.0
1781681169.92,ROCM_SMI,GPU_0,7861.8,220.0,100.0
1781681172.11,ROCM_SMI,GPU_0,7861.8,215.0,100.0
1781681174.30,ROCM_SMI,GPU_0,7861.8,216.0,100.0
1781681176.49,ROCM_SMI,GPU_0,7861.8,220.0,100.0
1781681178.68,ROCM_SMI,GPU_0,7861.8,219.0,100.0
1781681180.87,ROCM_SMI,GPU_0,7861.8,217.0,100.0
1781681183.07,ROCM_SMI,GPU_0,7861.8,218.0,100.0
1781681185.26,ROCM_SMI,GPU_0,7861.8,216.0,100.0
1781681187.45,ROCM_SMI,GPU_0,7861.8,220.0,100.0
1781681189.64,ROCM_SMI,GPU_0,7861.8,220.0,100.0
1781681191.83,ROCM_SMI,GPU_0,7861.8,219.0,100.0
1781681194.02,ROCM_SMI,GPU_0,7861.8,222.0,100.0
1781681196.21,ROCM_SMI,GPU_0,7861.8,218.0,100.0
1781681198.40,ROCM_SMI,GPU_0,7861.8,220.0,100.0
1781681200.59,ROCM_SMI,GPU_0,7861.8,219.0,100.0
1781681202.79,ROCM_SMI,GPU_0,7861.8,218.0,100.0
1781681204.97,ROCM_SMI,GPU_0,7861.8,218.0,100.0
1781681207.17,ROCM_SMI,GPU_0,7861.8,222.0,100.0
1781681209.37,ROCM_SMI,GPU_0,7861.8,220.0,100.0
1781681211.56,ROCM_SMI,GPU_0,7861.8,219.0,100.0
1781681213.75,ROCM_SMI,GPU_0,7861.8,220.0,100.0
1781681215.94,ROCM_SMI,GPU_0,7861.8,220.0,100.0
1781681218.14,ROCM_SMI,GPU_0,7861.8,221.0,100.0
1781681220.33,ROCM_SMI,GPU_0,7861.8,221.0,100.0
1781681222.52,ROCM_SMI,GPU_0,7861.8,235.0,100.0
1781681224.71,ROCM_SMI,GPU_0,7861.8,222.0,100.0
1781681226.90,ROCM_SMI,GPU_0,7861.8,220.0,100.0
1781681229.09,ROCM_SMI,GPU_0,7861.8,218.0,100.0
1781681231.28,ROCM_SMI,GPU_0,7861.8,216.0,100.0
1781681233.47,ROCM_SMI,GPU_0,7861.8,218.0,100.0
1781681235.67,ROCM_SMI,GPU_0,7861.8,227.0,100.0
1781681237.86,ROCM_SMI,GPU_0,7861.8,218.0,100.0
1781681240.05,ROCM_SMI,GPU_0,7861.8,217.0,100.0
1781681242.24,ROCM_SMI,GPU_0,7861.8,218.0,100.0
1781681244.43,ROCM_SMI,GPU_0,7861.8,217.0,100.0
1781681246.62,ROCM_SMI,GPU_0,7861.8,220.0,100.0
1781681248.81,ROCM_SMI,GPU_0,7861.8,220.0,100.0
1781681251.00,ROCM_SMI,GPU_0,7861.8,218.0,100.0
1781681253.19,ROCM_SMI,GPU_0,7861.8,216.0,100.0
1781681255.39,ROCM_SMI,GPU_0,7861.8,216.0,100.0
1781681257.58,ROCM_SMI,GPU_0,7861.8,219.0,100.0
1781681259.77,ROCM_SMI,GPU_0,7861.8,219.0,100.0
1781681261.96,ROCM_SMI,GPU_0,7861.8,215.0,100.0
1781681264.15,ROCM_SMI,GPU_0,7861.8,218.0,100.0
1781681266.34,ROCM_SMI,GPU_0,7861.8,218.0,100.0
1781681268.53,ROCM_SMI,GPU_0,7861.8,223.0,100.0
1781681270.72,ROCM_SMI,GPU_0,7861.8,219.0,100.0
1781681272.91,ROCM_SMI,GPU_0,7861.8,220.0,100.0
1781681275.10,ROCM_SMI,GPU_0,7861.8,221.0,100.0
1781681277.29,ROCM_SMI,GPU_0,7861.8,219.0,100.0
1781681279.48,ROCM_SMI,GPU_0,7861.8,221.0,100.0
1781681281.68,ROCM_SMI,GPU_0,7861.8,223.0,100.0
1781681283.87,ROCM_SMI,GPU_0,7861.8,220.0,100.0
1781681286.06,ROCM_SMI,GPU_0,7861.8,220.0,100.0
1781681288.25,ROCM_SMI,GPU_0,7861.8,216.0,100.0
1781681290.45,ROCM_SMI,GPU_0,7861.8,218.0,100.0
1781681292.63,ROCM_SMI,GPU_0,7861.8,218.0,100.0
1781681294.83,ROCM_SMI,GPU_0,7861.8,219.0,100.0
1781681297.01,ROCM_SMI,GPU_0,7861.8,223.0,100.0
1781681299.21,ROCM_SMI,GPU_0,7861.8,218.0,100.0
1781681301.40,ROCM_SMI,GPU_0,7861.8,220.0,100.0
1781681303.59,ROCM_SMI,GPU_0,7861.8,223.0,100.0
1781681305.78,ROCM_SMI,GPU_0,7861.8,217.0,100.0
1781681307.97,ROCM_SMI,GPU_0,7861.8,217.0,100.0
1781681310.16,ROCM_SMI,GPU_0,7861.8,218.0,100.0
1781681312.35,ROCM_SMI,GPU_0,7861.8,217.0,100.0
1781681314.54,ROCM_SMI,GPU_0,7861.8,213.0,100.0
1781681316.74,ROCM_SMI,GPU_0,7861.8,215.0,89.0
1781681318.93,ROCM_SMI,GPU_0,7861.8,220.0,100.0
1781681321.12,ROCM_SMI,GPU_0,7861.8,218.0,100.0
1781681323.31,ROCM_SMI,GPU_0,7861.8,219.0,100.0
1781681325.50,ROCM_SMI,GPU_0,7861.8,216.0,100.0
1781681327.69,ROCM_SMI,GPU_0,7861.8,214.0,100.0
1781681329.88,ROCM_SMI,GPU_0,7861.8,223.0,100.0
1781681332.08,ROCM_SMI,GPU_0,7861.8,217.0,100.0
1781681334.27,ROCM_SMI,GPU_0,7861.8,220.0,100.0
1781681336.46,ROCM_SMI,GPU_0,7861.8,219.0,100.0
1781681338.65,ROCM_SMI,GPU_0,7861.8,220.0,100.0
1781681340.84,ROCM_SMI,GPU_0,7861.8,218.0,100.0
1781681343.03,ROCM_SMI,GPU_0,7861.8,216.0,100.0
1781681345.22,ROCM_SMI,GPU_0,7861.8,222.0,100.0
1781681347.41,ROCM_SMI,GPU_0,7861.8,223.0,100.0
1781681349.60,ROCM_SMI,GPU_0,7861.8,221.0,100.0
1781681351.79,ROCM_SMI,GPU_0,7861.8,220.0,100.0
1781681353.98,ROCM_SMI,GPU_0,7861.8,214.0,100.0
1781681356.17,ROCM_SMI,GPU_0,7861.8,219.0,100.0
1781681358.36,ROCM_SMI,GPU_0,7861.8,216.0,100.0
1781681360.55,ROCM_SMI,GPU_0,7861.8,218.0,100.0
1781681362.74,ROCM_SMI,GPU_0,7861.8,218.0,100.0
1781681364.93,ROCM_SMI,GPU_0,7861.8,215.0,100.0
1781681367.12,ROCM_SMI,GPU_0,7861.8,215.0,91.0
1781681369.31,ROCM_SMI,GPU_0,7861.8,220.0,100.0
1781681371.51,ROCM_SMI,GPU_0,7861.8,217.0,100.0
1781681373.70,ROCM_SMI,GPU_0,7861.8,221.0,100.0
1781681375.89,ROCM_SMI,GPU_0,7861.8,220.0,100.0
1781681378.08,ROCM_SMI,GPU_0,7861.8,218.0,100.0
1781681380.28,ROCM_SMI,GPU_0,7861.8,219.0,100.0
1781681382.47,ROCM_SMI,GPU_0,7861.8,221.0,100.0
1781681384.67,ROCM_SMI,GPU_0,7861.8,222.0,100.0
1781681386.86,ROCM_SMI,GPU_0,7861.8,219.0,100.0
1781681389.05,ROCM_SMI,GPU_0,7861.8,219.0,100.0
1781681391.24,ROCM_SMI,GPU_0,7861.8,216.0,100.0
1781681393.43,ROCM_SMI,GPU_0,7861.8,214.0,100.0
1781681395.62,ROCM_SMI,GPU_0,7861.8,220.0,100.0
1781681397.82,ROCM_SMI,GPU_0,7861.8,219.0,100.0
1781681400.01,ROCM_SMI,GPU_0,7861.8,222.0,100.0
1781681402.20,ROCM_SMI,GPU_0,7861.8,217.0,100.0
1781681404.39,ROCM_SMI,GPU_0,7861.8,215.0,100.0
1781681406.58,ROCM_SMI,GPU_0,7861.8,214.0,100.0
1781681408.77,ROCM_SMI,GPU_0,7861.8,214.0,100.0
1781681410.98,ROCM_SMI,GPU_0,7861.8,219.0,100.0
1781681413.17,ROCM_SMI,GPU_0,7861.8,216.0,100.0
1781681415.36,ROCM_SMI,GPU_0,7861.8,215.0,100.0
1781681417.56,ROCM_SMI,GPU_0,7861.8,218.0,100.0
1781681419.75,ROCM_SMI,GPU_0,7861.8,218.0,100.0
1781681421.94,ROCM_SMI,GPU_0,7861.8,217.0,100.0
1781681424.13,ROCM_SMI,GPU_0,7861.8,217.0,100.0
1781681426.32,ROCM_SMI,GPU_0,7861.8,221.0,100.0
1781681428.51,ROCM_SMI,GPU_0,7861.8,219.0,100.0
1781681430.70,ROCM_SMI,GPU_0,7861.8,215.0,100.0
1781681432.89,ROCM_SMI,GPU_0,7861.8,218.0,100.0
1781681435.08,ROCM_SMI,GPU_0,7861.8,219.0,100.0
1781681437.27,ROCM_SMI,GPU_0,7861.8,216.0,100.0
1781681439.46,ROCM_SMI,GPU_0,7861.8,215.0,100.0
1781681441.65,ROCM_SMI,GPU_0,7861.8,218.0,100.0
1781681443.84,ROCM_SMI,GPU_0,7861.8,213.0,100.0
1781681446.03,ROCM_SMI,GPU_0,7861.8,212.0,100.0
1781681448.22,ROCM_SMI,GPU_0,7861.8,219.0,100.0
1781681450.42,ROCM_SMI,GPU_0,7861.8,216.0,100.0
1781681452.61,ROCM_SMI,GPU_0,7861.8,218.0,100.0
1781681454.80,ROCM_SMI,GPU_0,7861.8,218.0,100.0
1781681456.99,ROCM_SMI,GPU_0,7861.8,215.0,100.0
1781681459.18,ROCM_SMI,GPU_0,7861.8,215.0,100.0
1781681461.37,ROCM_SMI,GPU_0,7861.8,218.0,100.0
1781681463.56,ROCM_SMI,GPU_0,7861.8,216.0,100.0
1781681465.76,ROCM_SMI,GPU_0,7861.8,215.0,100.0
1781681467.95,ROCM_SMI,GPU_0,7861.8,217.0,100.0
1781681470.15,ROCM_SMI,GPU_0,7861.8,216.0,100.0
1781681472.34,ROCM_SMI,GPU_0,7861.8,216.0,100.0
1781681474.53,ROCM_SMI,GPU_0,7861.8,215.0,100.0
1781681476.72,ROCM_SMI,GPU_0,7861.8,217.0,100.0
1781681478.92,ROCM_SMI,GPU_0,7861.8,212.0,100.0
1781681481.11,ROCM_SMI,GPU_0,7861.8,219.0,100.0
1781681483.30,ROCM_SMI,GPU_0,7861.8,213.0,100.0
1781681485.49,ROCM_SMI,GPU_0,7861.8,214.0,100.0
1781681487.68,ROCM_SMI,GPU_0,7861.8,217.0,100.0
1781681489.87,ROCM_SMI,GPU_0,7861.8,217.0,100.0
1781681492.07,ROCM_SMI,GPU_0,7861.8,223.0,100.0
1781681494.26,ROCM_SMI,GPU_0,7861.8,214.0,100.0
1781681496.45,ROCM_SMI,GPU_0,7861.8,215.0,100.0
1781681498.65,ROCM_SMI,GPU_0,7861.8,214.0,100.0
1781681500.83,ROCM_SMI,GPU_0,7861.8,214.0,100.0
1781681503.03,ROCM_SMI,GPU_0,7861.8,218.0,100.0
1781681505.22,ROCM_SMI,GPU_0,7861.8,218.0,100.0
1781681507.41,ROCM_SMI,GPU_0,7861.8,216.0,100.0
1781681509.60,ROCM_SMI,GPU_0,7861.8,215.0,100.0
1781681511.79,ROCM_SMI,GPU_0,7861.8,215.0,100.0
1781681513.98,ROCM_SMI,GPU_0,7861.8,214.0,100.0
1781681516.17,ROCM_SMI,GPU_0,7861.8,213.0,100.0
1781681518.36,ROCM_SMI,GPU_0,7861.8,214.0,100.0
1781681520.55,ROCM_SMI,GPU_0,7861.8,218.0,100.0
1781681522.74,ROCM_SMI,GPU_0,7861.8,217.0,100.0
1781681524.93,ROCM_SMI,GPU_0,7861.8,215.0,81.0
1781681527.13,ROCM_SMI,GPU_0,7861.8,215.0,100.0
1781681529.32,ROCM_SMI,GPU_0,7861.8,220.0,100.0
1781681531.51,ROCM_SMI,GPU_0,7861.8,220.0,100.0
1781681533.70,ROCM_SMI,GPU_0,7861.8,215.0,100.0
1781681535.89,ROCM_SMI,GPU_0,7861.8,212.0,100.0
1781681538.08,ROCM_SMI,GPU_0,7861.8,214.0,100.0
1781681540.27,ROCM_SMI,GPU_0,7861.8,217.0,100.0
1781681542.46,ROCM_SMI,GPU_0,7861.8,215.0,100.0
1781681544.65,ROCM_SMI,GPU_0,7861.8,215.0,100.0
1781681546.84,ROCM_SMI,GPU_0,7861.8,215.0,100.0
1781681549.03,ROCM_SMI,GPU_0,7861.8,219.0,100.0
1781681551.22,ROCM_SMI,GPU_0,7861.8,217.0,100.0
1781681553.41,ROCM_SMI,GPU_0,7861.8,217.0,100.0
1781681555.60,ROCM_SMI,GPU_0,7861.8,221.0,100.0
1781681557.80,ROCM_SMI,GPU_0,7861.8,219.0,100.0
1781681559.99,ROCM_SMI,GPU_0,7861.8,217.0,100.0
1781681562.18,ROCM_SMI,GPU_0,7861.8,215.0,100.0
1781681564.37,ROCM_SMI,GPU_0,7861.8,218.0,100.0
1781681566.56,ROCM_SMI,GPU_0,7861.8,220.0,100.0
1781681568.77,ROCM_SMI,GPU_0,7861.8,217.0,100.0
1781681570.96,ROCM_SMI,GPU_0,7861.8,217.0,100.0
1781681573.16,ROCM_SMI,GPU_0,7861.8,226.0,100.0
1781681575.35,ROCM_SMI,GPU_0,7861.8,212.0,100.0
1781681577.54,ROCM_SMI,GPU_0,7861.8,213.0,94.0
1781681579.73,ROCM_SMI,GPU_0,7861.8,213.0,100.0
1781681581.92,ROCM_SMI,GPU_0,7861.8,222.0,100.0
1781681584.11,ROCM_SMI,GPU_0,7861.8,222.0,100.0
1781681586.30,ROCM_SMI,GPU_0,7861.8,219.0,100.0
1781681588.49,ROCM_SMI,GPU_0,7861.8,213.0,100.0
1781681590.68,ROCM_SMI,GPU_0,7861.8,210.0,100.0
1781681592.89,ROCM_SMI,GPU_0,7861.8,215.0,100.0
1781681595.08,ROCM_SMI,GPU_0,7861.8,217.0,100.0
1781681597.27,ROCM_SMI,GPU_0,7861.8,216.0,100.0
1781681599.46,ROCM_SMI,GPU_0,7861.8,214.0,100.0
1781681601.65,ROCM_SMI,GPU_0,7861.8,215.0,100.0
1781681603.84,ROCM_SMI,GPU_0,7861.8,217.0,100.0
1781681606.03,ROCM_SMI,GPU_0,7861.8,217.0,100.0
1781681608.22,ROCM_SMI,GPU_0,7861.8,218.0,100.0
1781681610.41,ROCM_SMI,GPU_0,7861.8,217.0,100.0
1781681612.60,ROCM_SMI,GPU_0,7861.8,218.0,100.0
1781681614.79,ROCM_SMI,GPU_0,7861.8,218.0,100.0
1781681616.99,ROCM_SMI,GPU_0,7861.8,216.0,100.0
1781681619.18,ROCM_SMI,GPU_0,7861.8,220.0,100.0
1781681621.37,ROCM_SMI,GPU_0,7861.8,222.0,100.0
1781681623.56,ROCM_SMI,GPU_0,7861.8,219.0,100.0
1781681625.76,ROCM_SMI,GPU_0,7861.8,217.0,100.0
1781681627.95,ROCM_SMI,GPU_0,7861.8,215.0,100.0
1781681630.14,ROCM_SMI,GPU_0,7861.8,216.0,100.0
1781681632.33,ROCM_SMI,GPU_0,7861.8,216.0,100.0
1781681634.52,ROCM_SMI,GPU_0,7861.8,219.0,100.0
1781681636.71,ROCM_SMI,GPU_0,7861.8,220.0,100.0
1781681638.90,ROCM_SMI,GPU_0,7861.8,218.0,100.0
1781681641.10,ROCM_SMI,GPU_0,7861.8,222.0,100.0
1781681643.29,ROCM_SMI,GPU_0,7861.8,219.0,100.0
1781681645.48,ROCM_SMI,GPU_0,7861.8,221.0,100.0
1781681647.67,ROCM_SMI,GPU_0,7861.8,219.0,100.0
1781681649.86,ROCM_SMI,GPU_0,7861.8,218.0,100.0
1781681652.05,ROCM_SMI,GPU_0,7861.8,215.0,100.0
1781681654.24,ROCM_SMI,GPU_0,7861.8,207.0,100.0
1781681656.43,ROCM_SMI,GPU_0,7861.8,219.0,100.0
1781681658.62,ROCM_SMI,GPU_0,7861.8,221.0,100.0
1781681660.81,ROCM_SMI,GPU_0,7861.8,223.0,100.0
1781681663.01,ROCM_SMI,GPU_0,7861.8,217.0,100.0
1781681665.20,ROCM_SMI,GPU_0,7861.8,217.0,100.0
1781681667.39,ROCM_SMI,GPU_0,7861.8,224.0,100.0
1781681669.58,ROCM_SMI,GPU_0,7861.8,221.0,100.0
1781681671.77,ROCM_SMI,GPU_0,7861.8,218.0,100.0
1781681673.96,ROCM_SMI,GPU_0,7861.8,218.0,100.0
1781681676.15,ROCM_SMI,GPU_0,7861.8,216.0,100.0
1781681678.34,ROCM_SMI,GPU_0,7861.8,217.0,100.0
1781681680.53,ROCM_SMI,GPU_0,7861.8,217.0,100.0
1781681682.72,ROCM_SMI,GPU_0,7861.8,219.0,100.0
1781681684.91,ROCM_SMI,GPU_0,7861.8,222.0,100.0
1781681687.10,ROCM_SMI,GPU_0,7861.8,220.0,100.0
1781681689.29,ROCM_SMI,GPU_0,7861.8,218.0,100.0
1781681691.49,ROCM_SMI,GPU_0,7861.8,220.0,100.0
1781681693.68,ROCM_SMI,GPU_0,7861.8,222.0,100.0
1781681695.87,ROCM_SMI,GPU_0,7861.8,218.0,100.0
1781681698.06,ROCM_SMI,GPU_0,7861.8,218.0,100.0
1781681700.25,ROCM_SMI,GPU_0,7861.8,219.0,100.0
1781681702.44,ROCM_SMI,GPU_0,7861.8,214.0,100.0
1781681704.63,ROCM_SMI,GPU_0,7861.8,214.0,100.0
1781681706.82,ROCM_SMI,GPU_0,7861.8,218.0,100.0
1781681709.01,ROCM_SMI,GPU_0,7861.8,221.0,100.0
1781681711.20,ROCM_SMI,GPU_0,7861.8,219.0,100.0
1781681713.39,ROCM_SMI,GPU_0,7861.8,221.0,100.0
1781681715.58,ROCM_SMI,GPU_0,7861.8,221.0,100.0
1781681717.77,ROCM_SMI,GPU_0,7861.8,216.0,100.0
1781681719.96,ROCM_SMI,GPU_0,7861.8,213.0,100.0
1781681722.16,ROCM_SMI,GPU_0,7861.8,214.0,100.0
1781681724.35,ROCM_SMI,GPU_0,7861.8,213.0,100.0
1781681726.54,ROCM_SMI,GPU_0,7861.8,211.0,100.0
1781681728.73,ROCM_SMI,GPU_0,7861.8,215.0,100.0
1781681730.92,ROCM_SMI,GPU_0,7861.8,220.0,100.0
1781681733.11,ROCM_SMI,GPU_0,7861.8,224.0,100.0
1781681735.31,ROCM_SMI,GPU_0,7861.8,230.0,100.0
1781681737.50,ROCM_SMI,GPU_0,7861.8,216.0,100.0
1781681739.69,ROCM_SMI,GPU_0,7861.8,216.0,100.0
1781681741.88,ROCM_SMI,GPU_0,7861.8,215.0,100.0
1781681744.07,ROCM_SMI,GPU_0,7861.8,214.0,100.0
1781681746.26,ROCM_SMI,GPU_0,7861.8,217.0,100.0
1781681748.45,ROCM_SMI,GPU_0,7861.8,220.0,100.0
1781681750.65,ROCM_SMI,GPU_0,7861.8,216.0,100.0
1781681752.83,ROCM_SMI,GPU_0,7861.8,217.0,100.0
1781681755.03,ROCM_SMI,GPU_0,7861.8,218.0,86.0
1781681757.22,ROCM_SMI,GPU_0,7861.8,218.0,100.0
1781681759.41,ROCM_SMI,GPU_0,7861.8,218.0,100.0
1781681761.60,ROCM_SMI,GPU_0,7861.8,221.0,100.0
1781681763.79,ROCM_SMI,GPU_0,7861.8,221.0,100.0
1781681765.98,ROCM_SMI,GPU_0,7861.8,219.0,100.0
1781681768.17,ROCM_SMI,GPU_0,7861.8,217.0,100.0
1781681770.36,ROCM_SMI,GPU_0,7861.8,218.0,100.0
1781681772.55,ROCM_SMI,GPU_0,7861.8,223.0,100.0
1781681774.74,ROCM_SMI,GPU_0,7861.8,215.0,100.0
1781681776.93,ROCM_SMI,GPU_0,7861.8,216.0,100.0
1781681779.12,ROCM_SMI,GPU_0,7861.8,217.0,83.0
1781681781.31,ROCM_SMI,GPU_0,7861.8,218.0,100.0
1781681783.50,ROCM_SMI,GPU_0,7861.8,222.0,100.0
1781681785.69,ROCM_SMI,GPU_0,7861.8,217.0,100.0
1781681787.88,ROCM_SMI,GPU_0,7861.8,222.0,100.0
1781681790.07,ROCM_SMI,GPU_0,7861.8,217.0,100.0
1781681792.26,ROCM_SMI,GPU_0,7861.8,222.0,100.0
1781681794.45,ROCM_SMI,GPU_0,7861.8,220.0,100.0
1781681796.64,ROCM_SMI,GPU_0,7861.8,222.0,100.0
1781681798.83,ROCM_SMI,GPU_0,7861.8,216.0,100.0
1781681801.02,ROCM_SMI,GPU_0,7861.8,218.0,100.0
1781681803.22,ROCM_SMI,GPU_0,7861.8,219.0,82.0
1781681805.41,ROCM_SMI,GPU_0,7861.8,222.0,100.0
1781681807.60,ROCM_SMI,GPU_0,7861.8,222.0,100.0
1781681809.79,ROCM_SMI,GPU_0,7861.8,221.0,100.0
1781681811.98,ROCM_SMI,GPU_0,7861.8,218.0,100.0
1781681814.17,ROCM_SMI,GPU_0,7861.8,219.0,100.0
1781681816.36,ROCM_SMI,GPU_0,7861.8,221.0,100.0
1781681818.55,ROCM_SMI,GPU_0,7861.8,222.0,100.0
1781681820.74,ROCM_SMI,GPU_0,7861.8,219.0,100.0
1781681822.94,ROCM_SMI,GPU_0,7861.8,218.0,100.0
1781681825.13,ROCM_SMI,GPU_0,7861.8,216.0,100.0
1781681827.32,ROCM_SMI,GPU_0,7861.8,212.0,100.0
1781681829.51,ROCM_SMI,GPU_0,7861.8,214.0,100.0
1781681831.70,ROCM_SMI,GPU_0,7861.8,220.0,100.0
1781681833.89,ROCM_SMI,GPU_0,7861.8,221.0,100.0
1781681836.08,ROCM_SMI,GPU_0,7861.8,216.0,100.0
1781681838.28,ROCM_SMI,GPU_0,7861.8,219.0,100.0
1781681840.47,ROCM_SMI,GPU_0,7861.8,218.0,100.0
1781681842.66,ROCM_SMI,GPU_0,7861.8,215.0,100.0
1781681844.85,ROCM_SMI,GPU_0,7861.8,218.0,100.0
1781681847.04,ROCM_SMI,GPU_0,7861.8,220.0,100.0
1781681849.23,ROCM_SMI,GPU_0,7861.8,217.0,100.0
1781681851.42,ROCM_SMI,GPU_0,7861.8,216.0,100.0
1781681853.61,ROCM_SMI,GPU_0,7861.8,214.0,91.0
1781681855.80,ROCM_SMI,GPU_0,7861.8,221.0,100.0
1781681857.99,ROCM_SMI,GPU_0,7861.8,220.0,100.0
1781681860.18,ROCM_SMI,GPU_0,7861.8,216.0,100.0
1781681862.37,ROCM_SMI,GPU_0,7861.8,217.0,100.0
1781681864.56,ROCM_SMI,GPU_0,7861.8,221.0,100.0
1781681866.75,ROCM_SMI,GPU_0,7861.8,219.0,100.0
1781681868.94,ROCM_SMI,GPU_0,7861.8,224.0,100.0
1781681871.13,ROCM_SMI,GPU_0,7861.8,220.0,100.0
1781681873.32,ROCM_SMI,GPU_0,7861.8,221.0,100.0
1781681875.52,ROCM_SMI,GPU_0,7861.8,218.0,100.0
1781681877.71,ROCM_SMI,GPU_0,7861.8,219.0,100.0
1781681879.90,ROCM_SMI,GPU_0,7861.8,218.0,100.0
1781681882.10,ROCM_SMI,GPU_0,7861.8,220.0,100.0
1781681884.29,ROCM_SMI,GPU_0,7861.8,229.0,100.0
1781681886.48,ROCM_SMI,GPU_0,7861.8,224.0,100.0
1781681888.67,ROCM_SMI,GPU_0,7861.8,219.0,100.0
1781681890.87,ROCM_SMI,GPU_0,7861.8,219.0,100.0
1781681893.05,ROCM_SMI,GPU_0,7861.8,216.0,100.0
1781681895.25,ROCM_SMI,GPU_0,7861.8,216.0,100.0
1781681897.44,ROCM_SMI,GPU_0,7861.8,220.0,100.0
1781681899.63,ROCM_SMI,GPU_0,7861.8,219.0,100.0
1781681901.82,ROCM_SMI,GPU_0,7861.8,216.0,100.0
1781681904.01,ROCM_SMI,GPU_0,7861.8,217.0,100.0
1781681906.21,ROCM_SMI,GPU_0,7861.8,217.0,100.0
1781681908.40,ROCM_SMI,GPU_0,7861.8,221.0,100.0
1781681910.59,ROCM_SMI,GPU_0,7861.8,222.0,100.0
1781681912.78,ROCM_SMI,GPU_0,7861.8,219.0,100.0
1781681914.97,ROCM_SMI,GPU_0,7861.8,217.0,100.0
1781681917.16,ROCM_SMI,GPU_0,7861.8,217.0,100.0
1781681919.35,ROCM_SMI,GPU_0,7861.8,220.0,100.0
1781681921.55,ROCM_SMI,GPU_0,7861.8,221.0,100.0
1781681923.74,ROCM_SMI,GPU_0,7861.8,219.0,100.0
1781681925.93,ROCM_SMI,GPU_0,7861.8,216.0,100.0
1781681928.12,ROCM_SMI,GPU_0,7861.8,218.0,100.0
1781681930.31,ROCM_SMI,GPU_0,7861.8,220.0,100.0
1781681932.50,ROCM_SMI,GPU_0,7861.8,220.0,100.0
1781777260.43,ROCM_SMI,GPU_0,0.0,11.0,0.0
1781777262.74,ROCM_SMI,GPU_0,7861.8,112.0,100.0
1781777265.05,ROCM_SMI,GPU_0,7861.8,202.0,100.0
1781777267.37,ROCM_SMI,GPU_0,7861.8,204.0,100.0
1781777269.69,ROCM_SMI,GPU_0,7861.8,204.0,100.0
1781777272.01,ROCM_SMI,GPU_0,7861.8,203.0,100.0
1781777274.31,ROCM_SMI,GPU_0,7861.8,203.0,100.0
1781777276.54,ROCM_SMI,GPU_0,7861.8,202.0,100.0
1781777278.83,ROCM_SMI,GPU_0,7861.8,207.0,100.0
1781777281.14,ROCM_SMI,GPU_0,7861.8,203.0,100.0
1781777283.46,ROCM_SMI,GPU_0,7861.8,209.0,100.0
1781777285.78,ROCM_SMI,GPU_0,7861.8,205.0,100.0
1781777288.08,ROCM_SMI,GPU_0,7861.8,206.0,100.0
1781777290.37,ROCM_SMI,GPU_0,7861.8,214.0,100.0
1781777292.68,ROCM_SMI,GPU_0,7861.8,208.0,100.0
1781777294.99,ROCM_SMI,GPU_0,7861.8,207.0,100.0
1781777297.30,ROCM_SMI,GPU_0,7861.8,207.0,100.0
1781777299.62,ROCM_SMI,GPU_0,7861.8,214.0,100.0
1781777301.92,ROCM_SMI,GPU_0,7861.8,206.0,100.0
1781777304.23,ROCM_SMI,GPU_0,7861.8,214.0,100.0
1781777306.54,ROCM_SMI,GPU_0,7861.8,208.0,100.0
1781777308.78,ROCM_SMI,GPU_0,7861.8,218.0,100.0
1781777311.09,ROCM_SMI,GPU_0,7861.8,208.0,100.0
1781777313.40,ROCM_SMI,GPU_0,7861.8,219.0,100.0
1781777315.71,ROCM_SMI,GPU_0,7861.8,216.0,100.0
1781777318.03,ROCM_SMI,GPU_0,7861.8,220.0,100.0
1781777320.31,ROCM_SMI,GPU_0,7861.8,199.0,100.0
1781777322.63,ROCM_SMI,GPU_0,7861.8,225.0,100.0
1781777324.95,ROCM_SMI,GPU_0,7861.8,213.0,100.0
1781777327.28,ROCM_SMI,GPU_0,7861.8,212.0,100.0
1781777329.60,ROCM_SMI,GPU_0,7861.8,195.0,100.0
1781777331.92,ROCM_SMI,GPU_0,7861.8,211.0,100.0
1781777334.23,ROCM_SMI,GPU_0,7861.8,215.0,100.0
1781777336.56,ROCM_SMI,GPU_0,7861.8,212.0,100.0
1781777338.87,ROCM_SMI,GPU_0,7861.8,209.0,100.0
1781777341.18,ROCM_SMI,GPU_0,7861.8,215.0,100.0
1781777343.50,ROCM_SMI,GPU_0,7861.8,211.0,100.0
1781777345.80,ROCM_SMI,GPU_0,7861.8,219.0,100.0
1781777348.10,ROCM_SMI,GPU_0,7861.8,209.0,100.0
1781777350.42,ROCM_SMI,GPU_0,7861.8,217.0,100.0
1781777352.74,ROCM_SMI,GPU_0,7861.8,217.0,100.0
1781777355.05,ROCM_SMI,GPU_0,7861.8,214.0,100.0
1781777357.36,ROCM_SMI,GPU_0,7861.8,219.0,100.0
1781777359.66,ROCM_SMI,GPU_0,7861.8,207.0,100.0
1781777361.97,ROCM_SMI,GPU_0,7861.8,218.0,100.0
1781777364.28,ROCM_SMI,GPU_0,7861.8,207.0,100.0
1781777366.58,ROCM_SMI,GPU_0,7861.8,212.0,100.0
1781777368.90,ROCM_SMI,GPU_0,7861.8,206.0,100.0
1781777371.22,ROCM_SMI,GPU_0,7861.8,212.0,100.0
1781777373.54,ROCM_SMI,GPU_0,7861.8,206.0,100.0
1781777375.86,ROCM_SMI,GPU_0,7861.8,212.0,100.0
1781777378.17,ROCM_SMI,GPU_0,7861.8,206.0,100.0
1781777380.48,ROCM_SMI,GPU_0,7861.8,220.0,100.0
1781777382.79,ROCM_SMI,GPU_0,7861.8,199.0,100.0
1781777385.10,ROCM_SMI,GPU_0,7861.8,214.0,100.0
1781777387.42,ROCM_SMI,GPU_0,7861.8,207.0,100.0
1781777389.72,ROCM_SMI,GPU_0,7861.8,217.0,100.0
1781777392.04,ROCM_SMI,GPU_0,7861.8,195.0,100.0
1781777394.34,ROCM_SMI,GPU_0,7861.8,219.0,100.0
1781777396.62,ROCM_SMI,GPU_0,7861.8,214.0,100.0
1781777398.93,ROCM_SMI,GPU_0,7861.8,208.0,100.0
1781777401.24,ROCM_SMI,GPU_0,7861.8,214.0,100.0
1781777403.54,ROCM_SMI,GPU_0,7861.8,214.0,100.0
1781777405.85,ROCM_SMI,GPU_0,7861.8,216.0,100.0
1781777408.17,ROCM_SMI,GPU_0,7861.8,215.0,100.0
1781777410.48,ROCM_SMI,GPU_0,7861.8,211.0,100.0
1781777412.71,ROCM_SMI,GPU_0,7861.8,213.0,100.0
1781777415.02,ROCM_SMI,GPU_0,7861.8,211.0,100.0
1781777417.33,ROCM_SMI,GPU_0,7861.8,213.0,100.0
1781777419.63,ROCM_SMI,GPU_0,7861.8,209.0,100.0
1781777421.95,ROCM_SMI,GPU_0,7861.8,214.0,100.0
1781777424.26,ROCM_SMI,GPU_0,7861.8,211.0,100.0
1781777426.56,ROCM_SMI,GPU_0,7861.8,215.0,100.0
1781777428.87,ROCM_SMI,GPU_0,7861.8,212.0,100.0
1781777431.19,ROCM_SMI,GPU_0,7861.8,221.0,100.0
1781777433.51,ROCM_SMI,GPU_0,7861.8,214.0,100.0
1781777435.82,ROCM_SMI,GPU_0,7861.8,214.0,100.0
1781777438.13,ROCM_SMI,GPU_0,7861.8,212.0,100.0
1781777440.43,ROCM_SMI,GPU_0,7861.8,210.0,100.0
1781777442.74,ROCM_SMI,GPU_0,7861.8,211.0,100.0
1781777445.05,ROCM_SMI,GPU_0,7861.8,219.0,100.0
1781777447.35,ROCM_SMI,GPU_0,7861.8,214.0,100.0
1781777449.67,ROCM_SMI,GPU_0,7861.8,217.0,100.0
1781777451.98,ROCM_SMI,GPU_0,7861.8,211.0,100.0
1781777454.28,ROCM_SMI,GPU_0,7861.8,215.0,100.0
1781777456.60,ROCM_SMI,GPU_0,7861.8,207.0,81.0
1781777458.91,ROCM_SMI,GPU_0,7861.8,217.0,100.0
1781777461.23,ROCM_SMI,GPU_0,7861.8,215.0,72.0
1781777463.54,ROCM_SMI,GPU_0,7861.8,217.0,100.0
1781777465.84,ROCM_SMI,GPU_0,7861.8,210.0,100.0
1781777468.16,ROCM_SMI,GPU_0,7861.8,218.0,100.0
1781777470.48,ROCM_SMI,GPU_0,7861.8,217.0,100.0
1781777472.79,ROCM_SMI,GPU_0,7861.8,215.0,100.0
1781777475.09,ROCM_SMI,GPU_0,7861.8,215.0,100.0
1781777477.40,ROCM_SMI,GPU_0,7861.8,210.0,100.0
1781777479.71,ROCM_SMI,GPU_0,7861.8,217.0,100.0
1781777482.02,ROCM_SMI,GPU_0,7861.8,211.0,100.0
1781777484.32,ROCM_SMI,GPU_0,7861.8,218.0,100.0
1781777486.63,ROCM_SMI,GPU_0,7861.8,212.0,100.0
1781777488.93,ROCM_SMI,GPU_0,7861.8,219.0,100.0
1781777491.25,ROCM_SMI,GPU_0,7861.8,210.0,100.0
1781777493.56,ROCM_SMI,GPU_0,7861.8,215.0,100.0
1781777495.87,ROCM_SMI,GPU_0,7861.8,218.0,100.0
1781777498.18,ROCM_SMI,GPU_0,7861.8,213.0,100.0
1781777500.41,ROCM_SMI,GPU_0,7861.8,214.0,100.0
1781777502.72,ROCM_SMI,GPU_0,7861.8,218.0,100.0
1781777505.03,ROCM_SMI,GPU_0,7861.8,218.0,100.0
1781777507.35,ROCM_SMI,GPU_0,7861.8,210.0,100.0
1781777509.66,ROCM_SMI,GPU_0,7861.8,213.0,100.0
1781777511.94,ROCM_SMI,GPU_0,7861.8,212.0,100.0
1781777514.26,ROCM_SMI,GPU_0,7861.8,224.0,100.0
1781777516.59,ROCM_SMI,GPU_0,7861.8,212.0,100.0
1781777518.90,ROCM_SMI,GPU_0,7861.8,217.0,100.0
1781777521.22,ROCM_SMI,GPU_0,7861.8,207.0,100.0
1781777523.53,ROCM_SMI,GPU_0,7861.8,223.0,100.0
1781777525.84,ROCM_SMI,GPU_0,7861.8,208.0,100.0
1781777528.15,ROCM_SMI,GPU_0,7861.8,223.0,100.0
1781777530.47,ROCM_SMI,GPU_0,7861.8,207.0,100.0
1781777532.75,ROCM_SMI,GPU_0,7861.8,211.0,100.0
1781777535.07,ROCM_SMI,GPU_0,7861.8,213.0,100.0
1781777537.37,ROCM_SMI,GPU_0,7861.8,219.0,100.0
1781777539.62,ROCM_SMI,GPU_0,7861.8,198.0,100.0
1781777541.94,ROCM_SMI,GPU_0,7861.8,225.0,100.0
1781777544.27,ROCM_SMI,GPU_0,7861.8,216.0,100.0
1781777546.58,ROCM_SMI,GPU_0,7861.8,216.0,100.0
1781777548.89,ROCM_SMI,GPU_0,7861.8,218.0,100.0
1781777551.20,ROCM_SMI,GPU_0,7861.8,226.0,100.0
1781777553.52,ROCM_SMI,GPU_0,7861.8,211.0,100.0
1781777555.84,ROCM_SMI,GPU_0,7861.8,227.0,100.0
1781777558.15,ROCM_SMI,GPU_0,7861.8,215.0,100.0
1781777560.47,ROCM_SMI,GPU_0,7861.8,231.0,100.0
1781777562.77,ROCM_SMI,GPU_0,7861.8,215.0,100.0
1781777565.09,ROCM_SMI,GPU_0,7861.8,219.0,100.0
1781777567.40,ROCM_SMI,GPU_0,7861.8,215.0,100.0
1781777569.71,ROCM_SMI,GPU_0,7861.8,215.0,100.0
1781777572.03,ROCM_SMI,GPU_0,7861.8,211.0,100.0
1781777574.33,ROCM_SMI,GPU_0,7861.8,216.0,100.0
1781777576.65,ROCM_SMI,GPU_0,7861.8,210.0,100.0
1781777578.96,ROCM_SMI,GPU_0,7861.8,221.0,100.0
1781777581.28,ROCM_SMI,GPU_0,7861.8,212.0,100.0
1781777583.58,ROCM_SMI,GPU_0,7861.8,223.0,100.0
1781777585.89,ROCM_SMI,GPU_0,7861.8,203.0,100.0
1781777588.22,ROCM_SMI,GPU_0,7861.8,226.0,100.0
1781777590.53,ROCM_SMI,GPU_0,7861.8,213.0,100.0
1781777592.85,ROCM_SMI,GPU_0,7861.8,217.0,100.0
1781777595.16,ROCM_SMI,GPU_0,7861.8,219.0,100.0
1781777597.48,ROCM_SMI,GPU_0,7861.8,216.0,100.0
1781777599.80,ROCM_SMI,GPU_0,7861.8,216.0,100.0
1781777602.04,ROCM_SMI,GPU_0,7861.8,196.0,100.0
1781777604.35,ROCM_SMI,GPU_0,7861.8,194.0,100.0
1781777606.67,ROCM_SMI,GPU_0,7861.8,222.0,100.0
1781777609.00,ROCM_SMI,GPU_0,7861.8,209.0,100.0
1781777611.32,ROCM_SMI,GPU_0,7861.8,203.0,100.0
1781777613.63,ROCM_SMI,GPU_0,7861.8,220.0,100.0
1781777615.94,ROCM_SMI,GPU_0,7861.8,203.0,100.0
1781777618.26,ROCM_SMI,GPU_0,7861.8,217.0,100.0
1781777620.56,ROCM_SMI,GPU_0,7861.8,204.0,100.0
1781777622.89,ROCM_SMI,GPU_0,7861.8,220.0,100.0
1781777625.12,ROCM_SMI,GPU_0,7861.8,221.0,100.0
1781777627.43,ROCM_SMI,GPU_0,7861.8,214.0,100.0
1781777629.75,ROCM_SMI,GPU_0,7861.8,214.0,100.0
1781777632.07,ROCM_SMI,GPU_0,7861.8,222.0,100.0
1781777634.39,ROCM_SMI,GPU_0,7861.8,213.0,100.0
1781777636.68,ROCM_SMI,GPU_0,7861.8,215.0,100.0
1781777639.00,ROCM_SMI,GPU_0,7861.8,216.0,100.0
1781777641.31,ROCM_SMI,GPU_0,7861.8,212.0,100.0
1781777643.60,ROCM_SMI,GPU_0,7861.8,214.0,100.0
1781777645.91,ROCM_SMI,GPU_0,7861.8,217.0,100.0
1781777648.21,ROCM_SMI,GPU_0,7861.8,217.0,100.0
1781777650.49,ROCM_SMI,GPU_0,7861.8,214.0,100.0
1781777652.72,ROCM_SMI,GPU_0,7861.8,215.0,100.0
1781777655.03,ROCM_SMI,GPU_0,7861.8,217.0,100.0
1781777657.34,ROCM_SMI,GPU_0,7861.8,212.0,100.0
1781777659.65,ROCM_SMI,GPU_0,7861.8,217.0,100.0
1781777661.96,ROCM_SMI,GPU_0,7861.8,216.0,100.0
1781777664.28,ROCM_SMI,GPU_0,7861.8,215.0,100.0
1781777666.58,ROCM_SMI,GPU_0,7861.8,215.0,100.0
1781777668.90,ROCM_SMI,GPU_0,7861.8,215.0,100.0
1781777671.21,ROCM_SMI,GPU_0,7861.8,215.0,100.0
1781777673.52,ROCM_SMI,GPU_0,7861.8,218.0,100.0
1781777675.81,ROCM_SMI,GPU_0,7861.8,216.0,100.0
1781777678.03,ROCM_SMI,GPU_0,7861.8,219.0,100.0
1781777680.34,ROCM_SMI,GPU_0,7861.8,212.0,100.0
1781777682.58,ROCM_SMI,GPU_0,7861.8,215.0,100.0
1781777684.89,ROCM_SMI,GPU_0,7861.8,218.0,100.0
1781777687.20,ROCM_SMI,GPU_0,7861.8,213.0,100.0
1781777689.43,ROCM_SMI,GPU_0,7861.8,215.0,100.0
1781777691.74,ROCM_SMI,GPU_0,7861.8,217.0,100.0
1781777694.05,ROCM_SMI,GPU_0,7861.8,214.0,100.0
1781777696.36,ROCM_SMI,GPU_0,7861.8,218.0,100.0
1781777698.66,ROCM_SMI,GPU_0,7861.8,212.0,100.0
1781777700.97,ROCM_SMI,GPU_0,7861.8,217.0,100.0
1781777703.27,ROCM_SMI,GPU_0,7861.8,218.0,100.0
1781777705.59,ROCM_SMI,GPU_0,7861.8,215.0,100.0
1781777707.90,ROCM_SMI,GPU_0,7861.8,216.0,100.0
1781777710.21,ROCM_SMI,GPU_0,7861.8,217.0,100.0
1781777712.53,ROCM_SMI,GPU_0,7861.8,215.0,100.0
1781777714.85,ROCM_SMI,GPU_0,7861.8,217.0,100.0
1781777717.15,ROCM_SMI,GPU_0,7861.8,217.0,100.0
1781777719.47,ROCM_SMI,GPU_0,7861.8,214.0,100.0
1781777721.77,ROCM_SMI,GPU_0,7861.8,217.0,100.0
1781777724.10,ROCM_SMI,GPU_0,7861.8,219.0,100.0
1781777726.41,ROCM_SMI,GPU_0,7861.8,216.0,100.0
1781777728.71,ROCM_SMI,GPU_0,7861.8,217.0,100.0
1781777731.02,ROCM_SMI,GPU_0,7861.8,218.0,100.0
1781777733.34,ROCM_SMI,GPU_0,7861.8,218.0,100.0
1781777735.65,ROCM_SMI,GPU_0,7861.8,215.0,100.0
1781777737.97,ROCM_SMI,GPU_0,7861.8,214.0,100.0
1781777740.26,ROCM_SMI,GPU_0,7861.8,217.0,100.0
1781777742.57,ROCM_SMI,GPU_0,7861.8,217.0,100.0
1781777744.87,ROCM_SMI,GPU_0,7861.8,215.0,100.0
1781777747.19,ROCM_SMI,GPU_0,7861.8,214.0,100.0
1781777749.48,ROCM_SMI,GPU_0,7861.8,217.0,100.0
1781777751.79,ROCM_SMI,GPU_0,7861.8,217.0,100.0
1781777754.09,ROCM_SMI,GPU_0,7861.8,218.0,100.0
1781777756.40,ROCM_SMI,GPU_0,7861.8,215.0,100.0
1781777758.70,ROCM_SMI,GPU_0,7861.8,215.0,100.0
1781777761.01,ROCM_SMI,GPU_0,7861.8,216.0,100.0
1781777763.32,ROCM_SMI,GPU_0,7861.8,214.0,100.0
1781777765.63,ROCM_SMI,GPU_0,7861.8,214.0,100.0
1781777767.93,ROCM_SMI,GPU_0,7861.8,218.0,100.0
1781777770.23,ROCM_SMI,GPU_0,7861.8,217.0,100.0
1781777772.52,ROCM_SMI,GPU_0,7861.8,216.0,100.0
1781777774.83,ROCM_SMI,GPU_0,7861.8,214.0,100.0
1781777777.15,ROCM_SMI,GPU_0,7861.8,215.0,100.0
1781777779.47,ROCM_SMI,GPU_0,7861.8,213.0,100.0
1781777781.78,ROCM_SMI,GPU_0,7861.8,215.0,100.0
1781777784.09,ROCM_SMI,GPU_0,7861.8,214.0,100.0
1781777786.41,ROCM_SMI,GPU_0,7861.8,229.0,100.0
1781777788.66,ROCM_SMI,GPU_0,7861.8,214.0,100.0
1781777790.98,ROCM_SMI,GPU_0,7861.8,218.0,100.0
1781777793.29,ROCM_SMI,GPU_0,7861.8,216.0,100.0
1781777795.61,ROCM_SMI,GPU_0,7861.8,217.0,100.0
1781777797.92,ROCM_SMI,GPU_0,7861.8,216.0,100.0
1781777800.21,ROCM_SMI,GPU_0,7861.8,218.0,100.0
1781777802.53,ROCM_SMI,GPU_0,7861.8,216.0,100.0
1781777804.84,ROCM_SMI,GPU_0,7861.8,218.0,100.0
1781777807.14,ROCM_SMI,GPU_0,7861.8,217.0,100.0
1781777809.44,ROCM_SMI,GPU_0,7861.8,215.0,100.0
1781777811.74,ROCM_SMI,GPU_0,7861.8,215.0,100.0
1781777814.05,ROCM_SMI,GPU_0,7861.8,214.0,100.0
1781777816.36,ROCM_SMI,GPU_0,7861.8,215.0,100.0
1781777818.65,ROCM_SMI,GPU_0,7861.8,217.0,100.0
1781777820.96,ROCM_SMI,GPU_0,7861.8,215.0,100.0
1781777823.27,ROCM_SMI,GPU_0,7861.8,215.0,100.0
1781777825.56,ROCM_SMI,GPU_0,7861.8,216.0,100.0
1781777827.80,ROCM_SMI,GPU_0,7861.8,217.0,100.0
1781777830.12,ROCM_SMI,GPU_0,7861.8,213.0,100.0
1781777832.42,ROCM_SMI,GPU_0,7861.8,217.0,100.0
1781777834.73,ROCM_SMI,GPU_0,7861.8,217.0,100.0
1781777837.05,ROCM_SMI,GPU_0,7861.8,218.0,100.0
1781777839.35,ROCM_SMI,GPU_0,7861.8,215.0,100.0
1781777841.67,ROCM_SMI,GPU_0,7861.8,215.0,100.0
1781777843.96,ROCM_SMI,GPU_0,7861.8,218.0,100.0
1781777846.28,ROCM_SMI,GPU_0,7861.8,219.0,100.0
1781777848.60,ROCM_SMI,GPU_0,7861.8,215.0,100.0
1781777850.84,ROCM_SMI,GPU_0,7861.8,217.0,100.0
1781777853.14,ROCM_SMI,GPU_0,7861.8,217.0,100.0
1781777855.44,ROCM_SMI,GPU_0,7861.8,216.0,100.0
1781777857.74,ROCM_SMI,GPU_0,7861.8,213.0,100.0
1781777860.04,ROCM_SMI,GPU_0,7861.8,216.0,100.0
1781777862.36,ROCM_SMI,GPU_0,7861.8,217.0,100.0
1781777864.64,ROCM_SMI,GPU_0,7861.8,216.0,100.0
1781777866.95,ROCM_SMI,GPU_0,7861.8,213.0,100.0
1781777869.26,ROCM_SMI,GPU_0,7861.8,216.0,100.0
1781777871.55,ROCM_SMI,GPU_0,7861.8,215.0,100.0
1781777873.84,ROCM_SMI,GPU_0,7861.8,214.0,100.0
1781777876.15,ROCM_SMI,GPU_0,7861.8,215.0,100.0
1781777878.46,ROCM_SMI,GPU_0,7861.8,212.0,100.0
1781777880.78,ROCM_SMI,GPU_0,7861.8,215.0,100.0
1781777883.09,ROCM_SMI,GPU_0,7861.8,217.0,100.0
1781777885.39,ROCM_SMI,GPU_0,7861.8,216.0,100.0
1781777887.69,ROCM_SMI,GPU_0,7861.8,214.0,100.0
1781777890.00,ROCM_SMI,GPU_0,7861.8,214.0,100.0
1781777892.31,ROCM_SMI,GPU_0,7861.8,218.0,100.0
1781777894.55,ROCM_SMI,GPU_0,7861.8,213.0,100.0
1781777896.82,ROCM_SMI,GPU_0,7861.8,217.0,100.0
1781777899.13,ROCM_SMI,GPU_0,7861.8,218.0,98.0
1781777901.45,ROCM_SMI,GPU_0,7861.8,218.0,100.0
1781777903.76,ROCM_SMI,GPU_0,7861.8,212.0,100.0
1781777906.05,ROCM_SMI,GPU_0,7861.8,213.0,100.0
1781777908.35,ROCM_SMI,GPU_0,7861.8,215.0,100.0
1781777910.66,ROCM_SMI,GPU_0,7861.8,215.0,100.0
1781777912.95,ROCM_SMI,GPU_0,7861.8,214.0,100.0
1781777915.26,ROCM_SMI,GPU_0,7861.8,214.0,100.0
1781777917.56,ROCM_SMI,GPU_0,7861.8,214.0,100.0
1781777919.86,ROCM_SMI,GPU_0,7861.8,213.0,100.0
1781777922.15,ROCM_SMI,GPU_0,7861.8,216.0,100.0
1781777924.46,ROCM_SMI,GPU_0,7861.8,213.0,100.0
1781777926.78,ROCM_SMI,GPU_0,7861.8,216.0,100.0
1781777929.00,ROCM_SMI,GPU_0,7861.8,217.0,100.0
1781777931.29,ROCM_SMI,GPU_0,7861.8,214.0,100.0
1781777933.60,ROCM_SMI,GPU_0,7861.8,216.0,100.0
1781777935.89,ROCM_SMI,GPU_0,7861.8,214.0,100.0
1781777938.19,ROCM_SMI,GPU_0,7861.8,217.0,100.0
1781777940.42,ROCM_SMI,GPU_0,7861.8,213.0,100.0
1781777942.69,ROCM_SMI,GPU_0,7861.8,218.0,100.0
1781777944.99,ROCM_SMI,GPU_0,7861.8,215.0,100.0
1781777947.29,ROCM_SMI,GPU_0,7861.8,214.0,100.0
1781777949.58,ROCM_SMI,GPU_0,7861.8,215.0,88.0
1781777951.90,ROCM_SMI,GPU_0,7861.8,216.0,100.0
1781777954.21,ROCM_SMI,GPU_0,7861.8,219.0,100.0
1781777956.53,ROCM_SMI,GPU_0,7861.8,218.0,100.0
1781777958.82,ROCM_SMI,GPU_0,7861.8,214.0,86.0
1781777961.14,ROCM_SMI,GPU_0,7861.8,217.0,100.0
1781777963.45,ROCM_SMI,GPU_0,7861.8,214.0,86.0
1781777965.77,ROCM_SMI,GPU_0,7861.8,224.0,100.0
1781777968.09,ROCM_SMI,GPU_0,7861.8,212.0,100.0
1781777970.40,ROCM_SMI,GPU_0,7861.8,217.0,100.0
1781777972.71,ROCM_SMI,GPU_0,7861.8,212.0,100.0
1781777975.02,ROCM_SMI,GPU_0,7861.8,214.0,100.0
1781777977.36,ROCM_SMI,GPU_0,7861.8,213.0,100.0
1781777979.68,ROCM_SMI,GPU_0,7861.8,213.0,100.0
1781777981.99,ROCM_SMI,GPU_0,7861.8,215.0,100.0
1781777984.31,ROCM_SMI,GPU_0,7861.8,215.0,100.0
1781777986.62,ROCM_SMI,GPU_0,7861.8,214.0,100.0
1781777988.94,ROCM_SMI,GPU_0,7861.8,216.0,100.0
1781777991.26,ROCM_SMI,GPU_0,7861.8,216.0,100.0
1781777993.55,ROCM_SMI,GPU_0,7861.8,215.0,100.0
1781777995.86,ROCM_SMI,GPU_0,7861.8,218.0,100.0
1781777998.16,ROCM_SMI,GPU_0,7861.8,219.0,100.0
1781778000.48,ROCM_SMI,GPU_0,7861.8,213.0,100.0
1781778002.79,ROCM_SMI,GPU_0,7861.8,216.0,100.0
1781778005.11,ROCM_SMI,GPU_0,7861.8,215.0,100.0
1781778007.42,ROCM_SMI,GPU_0,7861.8,216.0,100.0
1781778009.74,ROCM_SMI,GPU_0,7861.8,221.0,100.0
1781778012.05,ROCM_SMI,GPU_0,7861.8,218.0,100.0
1781778014.36,ROCM_SMI,GPU_0,7861.8,218.0,100.0
1781778016.67,ROCM_SMI,GPU_0,7861.8,218.0,100.0
1781778018.98,ROCM_SMI,GPU_0,7861.8,214.0,100.0
1781778021.28,ROCM_SMI,GPU_0,7861.8,216.0,100.0
1781778023.59,ROCM_SMI,GPU_0,7861.8,215.0,100.0
1781778025.90,ROCM_SMI,GPU_0,7861.8,219.0,100.0
1781778028.14,ROCM_SMI,GPU_0,7861.8,216.0,100.0
1781778030.37,ROCM_SMI,GPU_0,7861.8,219.0,100.0
1781778032.68,ROCM_SMI,GPU_0,7861.8,217.0,100.0
1781778034.96,ROCM_SMI,GPU_0,7861.8,216.0,100.0
1781778037.24,ROCM_SMI,GPU_0,7861.8,211.0,100.0
1781778039.53,ROCM_SMI,GPU_0,7861.8,224.0,100.0
1781778041.84,ROCM_SMI,GPU_0,7861.8,216.0,100.0
1781778044.15,ROCM_SMI,GPU_0,7861.8,215.0,100.0
1781778046.46,ROCM_SMI,GPU_0,7861.8,214.0,100.0
1781778048.77,ROCM_SMI,GPU_0,7861.8,215.0,100.0
1781778051.00,ROCM_SMI,GPU_0,7861.8,215.0,100.0
1781778053.31,ROCM_SMI,GPU_0,7861.8,214.0,100.0
1781778055.61,ROCM_SMI,GPU_0,7861.8,217.0,100.0
1781778057.93,ROCM_SMI,GPU_0,7861.8,213.0,100.0
1781778060.22,ROCM_SMI,GPU_0,7861.8,216.0,100.0
1781778062.46,ROCM_SMI,GPU_0,7861.8,215.0,100.0
1781778064.75,ROCM_SMI,GPU_0,7861.8,219.0,100.0
1781778066.98,ROCM_SMI,GPU_0,7861.8,216.0,100.0
1781778069.29,ROCM_SMI,GPU_0,7861.8,217.0,100.0
1781778071.61,ROCM_SMI,GPU_0,7861.8,216.0,100.0
1781778073.92,ROCM_SMI,GPU_0,7861.8,218.0,100.0
1781778076.23,ROCM_SMI,GPU_0,7861.8,217.0,100.0
1781778078.54,ROCM_SMI,GPU_0,7861.8,217.0,100.0
1781778080.84,ROCM_SMI,GPU_0,7861.8,218.0,100.0
1781778083.16,ROCM_SMI,GPU_0,7861.8,214.0,100.0
1781778085.47,ROCM_SMI,GPU_0,7861.8,211.0,100.0
1781778087.77,ROCM_SMI,GPU_0,7861.8,217.0,100.0
1781778090.08,ROCM_SMI,GPU_0,7861.8,218.0,100.0
1781778092.39,ROCM_SMI,GPU_0,7861.8,219.0,100.0
1781778094.70,ROCM_SMI,GPU_0,7861.8,216.0,100.0
1781778097.00,ROCM_SMI,GPU_0,7861.8,215.0,100.0
1781778099.28,ROCM_SMI,GPU_0,7861.8,221.0,100.0
1781778101.60,ROCM_SMI,GPU_0,7861.8,216.0,90.0
1781778103.90,ROCM_SMI,GPU_0,7861.8,217.0,100.0
1781778106.21,ROCM_SMI,GPU_0,7861.8,215.0,100.0
1781778108.51,ROCM_SMI,GPU_0,7861.8,213.0,100.0
1781778110.82,ROCM_SMI,GPU_0,7861.8,215.0,100.0
1781778113.12,ROCM_SMI,GPU_0,7861.8,216.0,100.0
1781778115.44,ROCM_SMI,GPU_0,7861.8,217.0,100.0
1781778117.74,ROCM_SMI,GPU_0,7861.8,213.0,100.0
1781778120.05,ROCM_SMI,GPU_0,7861.8,214.0,100.0
1781778122.36,ROCM_SMI,GPU_0,7861.8,215.0,100.0
1781778124.66,ROCM_SMI,GPU_0,7861.8,213.0,100.0
1781778126.97,ROCM_SMI,GPU_0,7861.8,213.0,100.0
1781778129.27,ROCM_SMI,GPU_0,7861.8,213.0,100.0
1781778131.58,ROCM_SMI,GPU_0,7861.8,215.0,100.0
1781778133.89,ROCM_SMI,GPU_0,7861.8,215.0,100.0
1781778136.19,ROCM_SMI,GPU_0,7861.8,214.0,86.0
1781778138.51,ROCM_SMI,GPU_0,7861.8,213.0,100.0
1781778140.81,ROCM_SMI,GPU_0,7861.8,217.0,100.0
1781778143.12,ROCM_SMI,GPU_0,7861.8,214.0,100.0
1781778145.43,ROCM_SMI,GPU_0,7861.8,216.0,100.0
1781778147.74,ROCM_SMI,GPU_0,7861.8,214.0,100.0
1781778150.08,ROCM_SMI,GPU_0,7861.8,215.0,100.0
1781778152.40,ROCM_SMI,GPU_0,7861.8,216.0,100.0
1781778154.71,ROCM_SMI,GPU_0,7861.8,213.0,100.0
1781778157.02,ROCM_SMI,GPU_0,7861.8,218.0,100.0
1781778159.30,ROCM_SMI,GPU_0,7861.8,221.0,80.0
1781778161.61,ROCM_SMI,GPU_0,7861.8,217.0,100.0
1781778163.82,ROCM_SMI,GPU_0,7861.8,214.0,100.0
1781778166.14,ROCM_SMI,GPU_0,7861.8,215.0,100.0
1781778168.46,ROCM_SMI,GPU_0,7861.8,213.0,100.0
1781778170.77,ROCM_SMI,GPU_0,7861.8,212.0,83.0
1781778173.08,ROCM_SMI,GPU_0,7861.8,216.0,100.0
1781778175.39,ROCM_SMI,GPU_0,7861.8,219.0,89.0
1781778177.71,ROCM_SMI,GPU_0,7861.8,217.0,100.0
1781778180.02,ROCM_SMI,GPU_0,7861.8,221.0,100.0
1781778182.34,ROCM_SMI,GPU_0,7861.8,214.0,100.0
1781778184.58,ROCM_SMI,GPU_0,7861.8,212.0,100.0
1781778186.89,ROCM_SMI,GPU_0,7861.8,212.0,100.0
1781778189.21,ROCM_SMI,GPU_0,7861.8,218.0,100.0
1781778191.52,ROCM_SMI,GPU_0,7861.8,214.0,100.0
1781778193.82,ROCM_SMI,GPU_0,7861.8,214.0,100.0
1781778196.14,ROCM_SMI,GPU_0,7861.8,215.0,100.0
1781778198.44,ROCM_SMI,GPU_0,7861.8,214.0,100.0
1781778200.75,ROCM_SMI,GPU_0,7861.8,207.0,93.0
1781778203.05,ROCM_SMI,GPU_0,7861.8,217.0,100.0
1781778205.37,ROCM_SMI,GPU_0,7861.8,217.0,100.0
1781778207.66,ROCM_SMI,GPU_0,7861.8,214.0,100.0
1781778209.98,ROCM_SMI,GPU_0,7861.8,215.0,100.0
1781778212.26,ROCM_SMI,GPU_0,7861.8,214.0,100.0
1781778214.57,ROCM_SMI,GPU_0,7861.8,218.0,100.0
1781778216.89,ROCM_SMI,GPU_0,7861.8,213.0,100.0
1781778219.18,ROCM_SMI,GPU_0,7861.8,219.0,100.0
1781778221.50,ROCM_SMI,GPU_0,7861.8,216.0,100.0
1781778223.78,ROCM_SMI,GPU_0,7861.8,215.0,100.0
1781778226.09,ROCM_SMI,GPU_0,7861.8,215.0,100.0
1781778228.41,ROCM_SMI,GPU_0,7861.8,214.0,100.0
1781778230.70,ROCM_SMI,GPU_0,7861.8,212.0,100.0
1781778233.00,ROCM_SMI,GPU_0,7861.8,217.0,100.0
1781778235.31,ROCM_SMI,GPU_0,7861.8,216.0,100.0
1781778237.55,ROCM_SMI,GPU_0,7861.8,214.0,100.0
1781778239.86,ROCM_SMI,GPU_0,7861.8,215.0,100.0
1781778242.18,ROCM_SMI,GPU_0,7861.8,215.0,100.0
1781778244.48,ROCM_SMI,GPU_0,7861.8,218.0,100.0
1781778246.79,ROCM_SMI,GPU_0,7861.8,217.0,100.0
1781778249.11,ROCM_SMI,GPU_0,7861.8,217.0,100.0
1781778251.43,ROCM_SMI,GPU_0,7861.8,215.0,100.0
1781778253.74,ROCM_SMI,GPU_0,7861.8,215.0,100.0
1781778256.06,ROCM_SMI,GPU_0,7861.8,217.0,100.0
1781778258.37,ROCM_SMI,GPU_0,7861.8,215.0,100.0
1781778260.63,ROCM_SMI,GPU_0,7861.8,216.0,100.0
1781778262.92,ROCM_SMI,GPU_0,7861.8,212.0,100.0
1781778265.20,ROCM_SMI,GPU_0,7861.8,215.0,100.0
1781778267.51,ROCM_SMI,GPU_0,7861.8,220.0,100.0
1781778269.82,ROCM_SMI,GPU_0,7861.8,217.0,100.0
1781778272.12,ROCM_SMI,GPU_0,7861.8,215.0,100.0
1781778274.43,ROCM_SMI,GPU_0,7861.8,215.0,100.0
1781778276.74,ROCM_SMI,GPU_0,7861.8,216.0,100.0
1781778279.06,ROCM_SMI,GPU_0,7861.8,218.0,100.0
1781778281.36,ROCM_SMI,GPU_0,7861.8,215.0,100.0
1781778283.67,ROCM_SMI,GPU_0,7861.8,213.0,100.0
1781778285.98,ROCM_SMI,GPU_0,7861.8,214.0,100.0
1781778288.29,ROCM_SMI,GPU_0,7861.8,209.0,100.0
1781778290.53,ROCM_SMI,GPU_0,7861.8,218.0,100.0
1781778292.84,ROCM_SMI,GPU_0,7861.8,215.0,100.0
1781778295.14,ROCM_SMI,GPU_0,7861.8,214.0,100.0
1781778297.46,ROCM_SMI,GPU_0,7861.8,216.0,100.0
1781778299.76,ROCM_SMI,GPU_0,7861.8,205.0,100.0
1781778302.08,ROCM_SMI,GPU_0,7861.8,218.0,100.0
1781778304.39,ROCM_SMI,GPU_0,7861.8,213.0,100.0
1781778306.69,ROCM_SMI,GPU_0,7861.8,213.0,100.0
1781778308.99,ROCM_SMI,GPU_0,7861.8,214.0,100.0
1781778311.24,ROCM_SMI,GPU_0,7861.8,212.0,100.0
1781778313.54,ROCM_SMI,GPU_0,7861.8,215.0,100.0
1781778315.77,ROCM_SMI,GPU_0,7861.8,217.0,100.0
1781778318.09,ROCM_SMI,GPU_0,7861.8,216.0,100.0
1781778320.40,ROCM_SMI,GPU_0,7861.8,211.0,100.0
1781778322.71,ROCM_SMI,GPU_0,7861.8,215.0,100.0
1781778325.01,ROCM_SMI,GPU_0,7861.8,216.0,100.0
1781778327.32,ROCM_SMI,GPU_0,7861.8,215.0,100.0
1781778329.63,ROCM_SMI,GPU_0,7861.8,216.0,100.0
1781778331.91,ROCM_SMI,GPU_0,7861.8,219.0,100.0
1781778334.22,ROCM_SMI,GPU_0,7861.8,218.0,100.0
1781778336.53,ROCM_SMI,GPU_0,7861.8,215.0,100.0
1781778338.83,ROCM_SMI,GPU_0,7861.8,216.0,100.0
1781778341.08,ROCM_SMI,GPU_0,7861.8,214.0,100.0
1781778343.39,ROCM_SMI,GPU_0,7861.8,215.0,100.0
1781778345.71,ROCM_SMI,GPU_0,7861.8,216.0,100.0
1781778348.02,ROCM_SMI,GPU_0,7861.8,217.0,100.0
1781778350.32,ROCM_SMI,GPU_0,7861.8,214.0,100.0
1781778352.64,ROCM_SMI,GPU_0,7861.8,218.0,100.0
1781778354.94,ROCM_SMI,GPU_0,7861.8,217.0,100.0
1781778357.24,ROCM_SMI,GPU_0,7861.8,218.0,100.0
1781778359.54,ROCM_SMI,GPU_0,7861.8,218.0,100.0
1781778361.86,ROCM_SMI,GPU_0,7861.8,216.0,100.0
1781778364.16,ROCM_SMI,GPU_0,7861.8,216.0,100.0
1781778366.46,ROCM_SMI,GPU_0,7861.8,217.0,100.0
1781778368.78,ROCM_SMI,GPU_0,7861.8,217.0,100.0
1781778371.08,ROCM_SMI,GPU_0,7861.8,215.0,100.0
1781778373.39,ROCM_SMI,GPU_0,7861.8,215.0,100.0
1781778375.70,ROCM_SMI,GPU_0,7861.8,217.0,100.0
1781778378.01,ROCM_SMI,GPU_0,7861.8,213.0,100.0
1781778380.32,ROCM_SMI,GPU_0,7861.8,215.0,100.0
1781778382.63,ROCM_SMI,GPU_0,7861.8,211.0,100.0
1781778384.95,ROCM_SMI,GPU_0,7861.8,215.0,100.0
1781778387.26,ROCM_SMI,GPU_0,7861.8,216.0,100.0
1781778389.58,ROCM_SMI,GPU_0,7861.8,218.0,100.0
1781778391.89,ROCM_SMI,GPU_0,7861.8,215.0,100.0
1781778394.20,ROCM_SMI,GPU_0,7861.8,217.0,100.0
1781778396.48,ROCM_SMI,GPU_0,7861.8,215.0,100.0
1781778398.79,ROCM_SMI,GPU_0,7861.8,213.0,100.0
1781778401.02,ROCM_SMI,GPU_0,7861.8,212.0,100.0
1781778403.33,ROCM_SMI,GPU_0,7861.8,207.0,100.0
1781778405.64,ROCM_SMI,GPU_0,7861.8,217.0,100.0
1781778407.95,ROCM_SMI,GPU_0,7861.8,214.0,100.0
1781778410.26,ROCM_SMI,GPU_0,7861.8,215.0,100.0
1781778412.57,ROCM_SMI,GPU_0,7861.8,214.0,100.0
1781778414.86,ROCM_SMI,GPU_0,7861.8,214.0,100.0
1781778417.17,ROCM_SMI,GPU_0,7861.8,213.0,100.0
1781778419.48,ROCM_SMI,GPU_0,7861.8,214.0,100.0
1781778421.79,ROCM_SMI,GPU_0,7861.8,215.0,100.0
1781778424.10,ROCM_SMI,GPU_0,7861.8,219.0,100.0
1781778426.39,ROCM_SMI,GPU_0,7861.8,216.0,100.0
1781778428.70,ROCM_SMI,GPU_0,7861.8,217.0,100.0
1781778430.98,ROCM_SMI,GPU_0,7861.8,214.0,100.0
1781778433.29,ROCM_SMI,GPU_0,7861.8,226.0,100.0
1781778435.59,ROCM_SMI,GPU_0,7861.8,216.0,100.0
1781778437.91,ROCM_SMI,GPU_0,7861.8,218.0,100.0
1781778440.21,ROCM_SMI,GPU_0,7861.8,215.0,100.0
1781778442.51,ROCM_SMI,GPU_0,7861.8,213.0,100.0
1781778444.81,ROCM_SMI,GPU_0,7861.8,218.0,100.0
1781778447.12,ROCM_SMI,GPU_0,7861.8,215.0,100.0
1781778449.43,ROCM_SMI,GPU_0,7861.8,218.0,100.0
1781778451.71,ROCM_SMI,GPU_0,7861.8,216.0,100.0
1781778454.04,ROCM_SMI,GPU_0,7861.8,198.0,100.0
1781778456.34,ROCM_SMI,GPU_0,7861.8,217.0,100.0
1781778458.66,ROCM_SMI,GPU_0,7861.8,216.0,100.0
1781778460.98,ROCM_SMI,GPU_0,7861.8,215.0,100.0
1781778463.29,ROCM_SMI,GPU_0,7861.8,220.0,100.0
1781778465.60,ROCM_SMI,GPU_0,7861.8,218.0,100.0
1781778467.92,ROCM_SMI,GPU_0,7861.8,214.0,100.0
1781778470.16,ROCM_SMI,GPU_0,7861.8,215.0,100.0
1781778472.47,ROCM_SMI,GPU_0,7861.8,215.0,100.0
1781778474.75,ROCM_SMI,GPU_0,7861.8,215.0,100.0
1781778477.07,ROCM_SMI,GPU_0,7861.8,214.0,100.0
1781778479.38,ROCM_SMI,GPU_0,7861.8,212.0,100.0
1781778481.69,ROCM_SMI,GPU_0,7861.8,214.0,100.0
1781778483.98,ROCM_SMI,GPU_0,7861.8,212.0,100.0
1781778486.30,ROCM_SMI,GPU_0,7861.8,219.0,100.0
1781778488.60,ROCM_SMI,GPU_0,7861.8,213.0,100.0
1781778490.90,ROCM_SMI,GPU_0,7861.8,217.0,100.0
1781778493.22,ROCM_SMI,GPU_0,7861.8,219.0,100.0
1781778495.52,ROCM_SMI,GPU_0,7861.8,217.0,100.0
1781778497.84,ROCM_SMI,GPU_0,7861.8,215.0,100.0
1781778500.15,ROCM_SMI,GPU_0,7861.8,214.0,100.0
1781778502.45,ROCM_SMI,GPU_0,7861.8,216.0,100.0
1781778504.76,ROCM_SMI,GPU_0,7861.8,217.0,100.0
1781778507.08,ROCM_SMI,GPU_0,7861.8,216.0,100.0
1781778509.38,ROCM_SMI,GPU_0,7861.8,218.0,100.0
1781778511.69,ROCM_SMI,GPU_0,7861.8,217.0,100.0
1781778514.00,ROCM_SMI,GPU_0,7861.8,218.0,100.0
1781778516.28,ROCM_SMI,GPU_0,7861.8,215.0,100.0
1781778518.60,ROCM_SMI,GPU_0,7861.8,214.0,100.0
1781778520.83,ROCM_SMI,GPU_0,7861.8,217.0,100.0
1781778523.15,ROCM_SMI,GPU_0,7861.8,218.0,100.0
1781778525.47,ROCM_SMI,GPU_0,7861.8,215.0,100.0
1781778527.78,ROCM_SMI,GPU_0,7861.8,213.0,100.0
1781778530.07,ROCM_SMI,GPU_0,7861.8,218.0,100.0
1781778532.38,ROCM_SMI,GPU_0,7861.8,215.0,100.0
1781778534.69,ROCM_SMI,GPU_0,7861.8,218.0,100.0
1781778536.93,ROCM_SMI,GPU_0,7861.8,214.0,100.0
1781778539.26,ROCM_SMI,GPU_0,7861.8,216.0,100.0
1781778541.57,ROCM_SMI,GPU_0,7861.8,215.0,100.0
1781778543.88,ROCM_SMI,GPU_0,7861.8,215.0,100.0
1781778546.19,ROCM_SMI,GPU_0,7861.8,215.0,100.0
1781778548.50,ROCM_SMI,GPU_0,7861.8,216.0,100.0
1781778550.81,ROCM_SMI,GPU_0,7861.8,213.0,100.0
1781778553.13,ROCM_SMI,GPU_0,7861.8,218.0,100.0
1781778555.41,ROCM_SMI,GPU_0,7861.8,222.0,100.0
1781778557.73,ROCM_SMI,GPU_0,7861.8,215.0,100.0
1781778560.05,ROCM_SMI,GPU_0,7861.8,216.0,100.0
1781778562.36,ROCM_SMI,GPU_0,7861.8,216.0,100.0
1781778564.66,ROCM_SMI,GPU_0,7861.8,215.0,100.0
1781778566.98,ROCM_SMI,GPU_0,7861.8,229.0,100.0
1781778569.28,ROCM_SMI,GPU_0,7861.8,216.0,100.0
1781778571.60,ROCM_SMI,GPU_0,7861.8,216.0,100.0
1781778573.89,ROCM_SMI,GPU_0,7861.8,216.0,100.0
1781778576.20,ROCM_SMI,GPU_0,7861.8,213.0,100.0
1781778578.50,ROCM_SMI,GPU_0,7861.8,218.0,100.0
1781778580.80,ROCM_SMI,GPU_0,7861.8,215.0,88.0
1781778583.11,ROCM_SMI,GPU_0,7861.8,219.0,100.0
1781778585.42,ROCM_SMI,GPU_0,7861.8,216.0,87.0
1781778587.75,ROCM_SMI,GPU_0,7861.8,218.0,100.0
1781778590.05,ROCM_SMI,GPU_0,7861.8,213.0,100.0
1781778592.36,ROCM_SMI,GPU_0,7861.8,214.0,100.0
1781778594.67,ROCM_SMI,GPU_0,7861.8,215.0,100.0
1781778596.97,ROCM_SMI,GPU_0,7861.8,218.0,100.0
1781778599.30,ROCM_SMI,GPU_0,7861.8,212.0,100.0
1781778601.60,ROCM_SMI,GPU_0,7861.8,216.0,100.0
1781778603.92,ROCM_SMI,GPU_0,7861.8,212.0,100.0
1781778606.22,ROCM_SMI,GPU_0,7861.8,216.0,100.0
1781778608.52,ROCM_SMI,GPU_0,7861.8,216.0,100.0
1781778610.83,ROCM_SMI,GPU_0,7861.8,216.0,100.0
1781778613.14,ROCM_SMI,GPU_0,7861.8,214.0,100.0
1781778615.46,ROCM_SMI,GPU_0,7861.8,214.0,100.0
1781778617.76,ROCM_SMI,GPU_0,7861.8,217.0,100.0
1781778620.07,ROCM_SMI,GPU_0,7861.8,214.0,100.0
1781778622.37,ROCM_SMI,GPU_0,7861.8,217.0,100.0
1781778624.68,ROCM_SMI,GPU_0,7861.8,215.0,100.0
1781778626.99,ROCM_SMI,GPU_0,7861.8,217.0,100.0
1781778629.24,ROCM_SMI,GPU_0,7861.8,215.0,100.0
1781778631.54,ROCM_SMI,GPU_0,7861.8,218.0,100.0
1781778633.84,ROCM_SMI,GPU_0,7861.8,218.0,100.0
1781778636.16,ROCM_SMI,GPU_0,7861.8,215.0,100.0
1781778638.47,ROCM_SMI,GPU_0,7861.8,213.0,100.0
1781778640.78,ROCM_SMI,GPU_0,7861.8,216.0,100.0
1781778643.08,ROCM_SMI,GPU_0,7861.8,213.0,100.0
1781778645.41,ROCM_SMI,GPU_0,7861.8,215.0,100.0
1781778647.64,ROCM_SMI,GPU_0,7861.8,211.0,100.0
1781778649.93,ROCM_SMI,GPU_0,7861.8,214.0,100.0
1781778652.24,ROCM_SMI,GPU_0,7861.8,214.0,100.0
1781778654.55,ROCM_SMI,GPU_0,7861.8,216.0,100.0
1781778656.85,ROCM_SMI,GPU_0,7861.8,216.0,100.0
1781778659.16,ROCM_SMI,GPU_0,7861.8,217.0,100.0
1781778661.48,ROCM_SMI,GPU_0,7861.8,217.0,100.0
1781778663.80,ROCM_SMI,GPU_0,7861.8,213.0,100.0
1781778666.05,ROCM_SMI,GPU_0,7861.8,214.0,100.0
1781778668.37,ROCM_SMI,GPU_0,7861.8,217.0,100.0
1781778670.62,ROCM_SMI,GPU_0,7861.8,216.0,100.0
1781778672.91,ROCM_SMI,GPU_0,7861.8,217.0,100.0
1781778675.14,ROCM_SMI,GPU_0,7861.8,218.0,100.0
1781778677.45,ROCM_SMI,GPU_0,7861.8,216.0,100.0
1781778679.77,ROCM_SMI,GPU_0,7861.8,217.0,100.0
1781778682.09,ROCM_SMI,GPU_0,7861.8,211.0,100.0
1781778684.38,ROCM_SMI,GPU_0,7861.8,216.0,100.0
1781778686.70,ROCM_SMI,GPU_0,7861.8,217.0,100.0
1781778688.99,ROCM_SMI,GPU_0,7861.8,216.0,100.0
1781778691.31,ROCM_SMI,GPU_0,7861.8,215.0,100.0
1781778693.62,ROCM_SMI,GPU_0,7861.8,218.0,100.0
1781778695.94,ROCM_SMI,GPU_0,7861.8,218.0,100.0
1781778698.22,ROCM_SMI,GPU_0,7861.8,216.0,100.0
1781778700.53,ROCM_SMI,GPU_0,7861.8,216.0,100.0
1781778702.83,ROCM_SMI,GPU_0,7861.8,218.0,100.0
1781778705.14,ROCM_SMI,GPU_0,7861.8,214.0,100.0
1781778707.45,ROCM_SMI,GPU_0,7861.8,214.0,100.0
1781778709.76,ROCM_SMI,GPU_0,7861.8,217.0,100.0
1781778712.00,ROCM_SMI,GPU_0,7861.8,214.0,100.0
1781778714.31,ROCM_SMI,GPU_0,7861.8,217.0,100.0
1781778716.62,ROCM_SMI,GPU_0,7861.8,214.0,100.0
1781778718.94,ROCM_SMI,GPU_0,7861.8,218.0,100.0
1781778721.27,ROCM_SMI,GPU_0,7861.8,215.0,100.0
1781778723.58,ROCM_SMI,GPU_0,7861.8,214.0,100.0
1781778725.90,ROCM_SMI,GPU_0,7861.8,216.0,100.0
1781778728.18,ROCM_SMI,GPU_0,7861.8,217.0,100.0
1781778730.50,ROCM_SMI,GPU_0,7861.8,214.0,100.0
1781778732.79,ROCM_SMI,GPU_0,7861.8,217.0,100.0
1781778735.11,ROCM_SMI,GPU_0,7861.8,218.0,100.0
1781778737.39,ROCM_SMI,GPU_0,7861.8,217.0,100.0
1781778739.70,ROCM_SMI,GPU_0,7861.8,219.0,100.0
1781778741.98,ROCM_SMI,GPU_0,7861.8,216.0,100.0
1781778744.30,ROCM_SMI,GPU_0,7861.8,218.0,100.0
1781778746.61,ROCM_SMI,GPU_0,7861.8,215.0,100.0
1781778748.93,ROCM_SMI,GPU_0,7861.8,216.0,100.0
1781778751.21,ROCM_SMI,GPU_0,7861.8,212.0,100.0
1781778753.52,ROCM_SMI,GPU_0,7861.8,216.0,100.0
1781778755.80,ROCM_SMI,GPU_0,7861.8,214.0,100.0
1781778758.12,ROCM_SMI,GPU_0,7861.8,214.0,100.0
1781778760.44,ROCM_SMI,GPU_0,7861.8,217.0,100.0
1781778762.75,ROCM_SMI,GPU_0,7861.8,218.0,100.0
1781778764.99,ROCM_SMI,GPU_0,7861.8,217.0,100.0
1781778767.30,ROCM_SMI,GPU_0,7861.8,213.0,100.0
1781778769.60,ROCM_SMI,GPU_0,7861.8,215.0,100.0
1781778771.92,ROCM_SMI,GPU_0,7861.8,216.0,100.0
1781778774.24,ROCM_SMI,GPU_0,7861.8,219.0,100.0
1781778776.54,ROCM_SMI,GPU_0,7861.8,218.0,100.0
1781778778.85,ROCM_SMI,GPU_0,7861.8,217.0,100.0
1781778781.17,ROCM_SMI,GPU_0,7861.8,217.0,100.0
1781778783.47,ROCM_SMI,GPU_0,7861.8,218.0,100.0
1781778785.78,ROCM_SMI,GPU_0,7861.8,214.0,100.0
1781778788.09,ROCM_SMI,GPU_0,7861.8,214.0,100.0
1781778790.39,ROCM_SMI,GPU_0,7861.8,214.0,100.0
1781778792.72,ROCM_SMI,GPU_0,7861.8,212.0,100.0
1781778795.01,ROCM_SMI,GPU_0,7861.8,219.0,100.0
1781778797.25,ROCM_SMI,GPU_0,7861.8,213.0,100.0
1781778799.57,ROCM_SMI,GPU_0,7861.8,216.0,100.0
1781778801.85,ROCM_SMI,GPU_0,7861.8,216.0,100.0
1781778804.17,ROCM_SMI,GPU_0,7861.8,212.0,100.0
1781778806.45,ROCM_SMI,GPU_0,7861.8,219.0,100.0
1781778808.74,ROCM_SMI,GPU_0,7861.8,216.0,100.0
1781778811.06,ROCM_SMI,GPU_0,7861.8,217.0,100.0
1781778813.36,ROCM_SMI,GPU_0,7861.8,216.0,100.0
1781778815.64,ROCM_SMI,GPU_0,7861.8,218.0,100.0
1781778817.97,ROCM_SMI,GPU_0,7861.8,215.0,100.0
1781778820.27,ROCM_SMI,GPU_0,7861.8,216.0,100.0
1781778822.60,ROCM_SMI,GPU_0,7861.8,218.0,100.0
1781778824.91,ROCM_SMI,GPU_0,7861.8,216.0,100.0
1781778827.23,ROCM_SMI,GPU_0,7861.8,215.0,100.0
1781778829.54,ROCM_SMI,GPU_0,7861.8,216.0,100.0
1781778831.83,ROCM_SMI,GPU_0,7861.8,217.0,100.0
1781778834.14,ROCM_SMI,GPU_0,7861.8,223.0,100.0
1781778836.44,ROCM_SMI,GPU_0,7861.8,215.0,100.0
1781778838.73,ROCM_SMI,GPU_0,7861.8,216.0,100.0
1781778841.04,ROCM_SMI,GPU_0,7861.8,215.0,100.0
1781778843.33,ROCM_SMI,GPU_0,7861.8,218.0,100.0
1781778845.62,ROCM_SMI,GPU_0,7861.8,217.0,100.0
1781778847.93,ROCM_SMI,GPU_0,7861.8,216.0,100.0
1781778850.21,ROCM_SMI,GPU_0,7861.8,219.0,100.0
1781778852.52,ROCM_SMI,GPU_0,7861.8,218.0,100.0
1781778854.84,ROCM_SMI,GPU_0,7861.8,211.0,100.0
1781778857.06,ROCM_SMI,GPU_0,7861.8,212.0,100.0
1781778859.37,ROCM_SMI,GPU_0,7861.8,214.0,100.0
1781778861.69,ROCM_SMI,GPU_0,7861.8,216.0,100.0
1781778864.00,ROCM_SMI,GPU_0,7861.8,218.0,100.0
1781778866.32,ROCM_SMI,GPU_0,7861.8,220.0,100.0
1781778868.62,ROCM_SMI,GPU_0,7861.8,214.0,100.0
1781778870.93,ROCM_SMI,GPU_0,7861.8,217.0,100.0
1781778873.25,ROCM_SMI,GPU_0,7861.8,213.0,100.0
1781778875.56,ROCM_SMI,GPU_0,7861.8,216.0,100.0
1781778877.87,ROCM_SMI,GPU_0,7861.8,215.0,100.0
1781778880.18,ROCM_SMI,GPU_0,7861.8,216.0,100.0
1781778882.50,ROCM_SMI,GPU_0,7861.8,214.0,100.0
1781778884.81,ROCM_SMI,GPU_0,7861.8,215.0,100.0
1781778887.12,ROCM_SMI,GPU_0,7861.8,217.0,100.0
1781778889.43,ROCM_SMI,GPU_0,7861.8,217.0,100.0
1781778891.74,ROCM_SMI,GPU_0,7861.8,217.0,100.0
1781778894.03,ROCM_SMI,GPU_0,7861.8,217.0,100.0
1781778896.34,ROCM_SMI,GPU_0,7861.8,215.0,100.0
1781778898.63,ROCM_SMI,GPU_0,7861.8,213.0,100.0
1781778900.94,ROCM_SMI,GPU_0,7861.8,216.0,100.0
1781778903.25,ROCM_SMI,GPU_0,7861.8,212.0,100.0
1781778905.49,ROCM_SMI,GPU_0,7861.8,224.0,100.0
1781778907.79,ROCM_SMI,GPU_0,7861.8,217.0,100.0
1781778910.10,ROCM_SMI,GPU_0,7861.8,216.0,100.0
1781778912.41,ROCM_SMI,GPU_0,7861.8,213.0,100.0
1781778914.72,ROCM_SMI,GPU_0,7861.8,208.0,100.0
1781778917.03,ROCM_SMI,GPU_0,7861.8,215.0,100.0
1781778919.35,ROCM_SMI,GPU_0,7861.8,212.0,100.0
1781778921.65,ROCM_SMI,GPU_0,7861.8,216.0,100.0
1781778923.88,ROCM_SMI,GPU_0,7861.8,219.0,100.0
1781778926.19,ROCM_SMI,GPU_0,7861.8,213.0,100.0
1781778928.49,ROCM_SMI,GPU_0,7861.8,215.0,100.0
1781778930.79,ROCM_SMI,GPU_0,7861.8,214.0,100.0
1781778933.09,ROCM_SMI,GPU_0,7861.8,214.0,100.0
1781778935.40,ROCM_SMI,GPU_0,7861.8,211.0,100.0
1781778937.69,ROCM_SMI,GPU_0,7861.8,216.0,100.0
1781778940.00,ROCM_SMI,GPU_0,7861.8,216.0,100.0
1781778942.32,ROCM_SMI,GPU_0,7861.8,217.0,100.0
1781778944.63,ROCM_SMI,GPU_0,7861.8,221.0,100.0
1781778946.94,ROCM_SMI,GPU_0,7861.8,215.0,100.0
1781778949.25,ROCM_SMI,GPU_0,7861.8,214.0,100.0
1781778951.57,ROCM_SMI,GPU_0,7861.8,217.0,100.0
1781778953.89,ROCM_SMI,GPU_0,7861.8,216.0,100.0
1781778956.21,ROCM_SMI,GPU_0,7861.8,213.0,100.0
1781778958.53,ROCM_SMI,GPU_0,7861.8,212.0,100.0
1781778960.85,ROCM_SMI,GPU_0,7861.8,214.0,100.0
1781778963.16,ROCM_SMI,GPU_0,7861.8,214.0,100.0
1781778965.46,ROCM_SMI,GPU_0,7861.8,214.0,100.0
1781778967.76,ROCM_SMI,GPU_0,7861.8,217.0,100.0
1781778970.06,ROCM_SMI,GPU_0,7861.8,218.0,100.0
1781778972.36,ROCM_SMI,GPU_0,7861.8,217.0,100.0
1781778974.66,ROCM_SMI,GPU_0,7861.8,216.0,100.0
1781778976.94,ROCM_SMI,GPU_0,7861.8,219.0,100.0
1781778979.24,ROCM_SMI,GPU_0,7861.8,216.0,100.0
1781778981.55,ROCM_SMI,GPU_0,7861.8,217.0,100.0
1781778983.85,ROCM_SMI,GPU_0,7861.8,213.0,100.0
1781778986.16,ROCM_SMI,GPU_0,7861.8,225.0,100.0
1781778988.48,ROCM_SMI,GPU_0,7861.8,215.0,100.0
1781778990.70,ROCM_SMI,GPU_0,7861.8,216.0,100.0
1781778993.01,ROCM_SMI,GPU_0,7861.8,217.0,100.0
1781778995.33,ROCM_SMI,GPU_0,7861.8,215.0,100.0
1781778997.66,ROCM_SMI,GPU_0,7861.8,221.0,100.0
1781778999.94,ROCM_SMI,GPU_0,7861.8,214.0,86.0
1781779002.23,ROCM_SMI,GPU_0,7861.8,219.0,100.0
1781779004.53,ROCM_SMI,GPU_0,7861.8,217.0,100.0
1781779006.85,ROCM_SMI,GPU_0,7861.8,218.0,100.0
1781779009.16,ROCM_SMI,GPU_0,7861.8,216.0,100.0
1781779011.47,ROCM_SMI,GPU_0,7861.8,216.0,100.0
1781779013.78,ROCM_SMI,GPU_0,7861.8,217.0,100.0
1781779016.01,ROCM_SMI,GPU_0,7861.8,213.0,100.0
1781779018.32,ROCM_SMI,GPU_0,7861.8,215.0,100.0
1781779020.62,ROCM_SMI,GPU_0,7861.8,217.0,100.0
1781779022.92,ROCM_SMI,GPU_0,7861.8,214.0,100.0
1781779025.23,ROCM_SMI,GPU_0,7861.8,219.0,100.0
1781779027.53,ROCM_SMI,GPU_0,7861.8,218.0,100.0
1781779029.83,ROCM_SMI,GPU_0,7861.8,216.0,100.0
1781779032.13,ROCM_SMI,GPU_0,7861.8,215.0,100.0
1781779034.45,ROCM_SMI,GPU_0,7861.8,213.0,100.0
1781779036.73,ROCM_SMI,GPU_0,7861.8,217.0,100.0
1781779039.04,ROCM_SMI,GPU_0,7861.8,220.0,100.0
1781779041.36,ROCM_SMI,GPU_0,7861.8,215.0,100.0
1781779043.66,ROCM_SMI,GPU_0,7861.8,215.0,100.0
1781779045.91,ROCM_SMI,GPU_0,7861.8,220.0,100.0
1781779048.23,ROCM_SMI,GPU_0,7861.8,214.0,100.0
1781779050.52,ROCM_SMI,GPU_0,7861.8,216.0,100.0
1781779052.84,ROCM_SMI,GPU_0,7861.8,212.0,100.0
1781779055.15,ROCM_SMI,GPU_0,7861.8,218.0,100.0
1781779057.47,ROCM_SMI,GPU_0,7861.8,217.0,100.0
1781779059.78,ROCM_SMI,GPU_0,7861.8,214.0,100.0
1781779062.09,ROCM_SMI,GPU_0,7861.8,212.0,100.0
1781779064.40,ROCM_SMI,GPU_0,7861.8,214.0,100.0
1781779066.72,ROCM_SMI,GPU_0,7861.8,214.0,100.0
1781779069.03,ROCM_SMI,GPU_0,7861.8,215.0,100.0
1781779071.36,ROCM_SMI,GPU_0,7861.8,215.0,100.0
1781779073.67,ROCM_SMI,GPU_0,7861.8,216.0,100.0
1781779075.99,ROCM_SMI,GPU_0,7861.8,215.0,100.0
1781779078.31,ROCM_SMI,GPU_0,7861.8,212.0,100.0
1781779080.63,ROCM_SMI,GPU_0,7861.8,216.0,100.0
1781779082.93,ROCM_SMI,GPU_0,7861.8,211.0,100.0
1781779085.25,ROCM_SMI,GPU_0,7861.8,217.0,100.0
1781779087.57,ROCM_SMI,GPU_0,7861.8,214.0,100.0
1781779089.88,ROCM_SMI,GPU_0,7861.8,216.0,100.0
1781779092.13,ROCM_SMI,GPU_0,7861.8,213.0,100.0
1781779094.43,ROCM_SMI,GPU_0,7861.8,214.0,100.0
1781779096.74,ROCM_SMI,GPU_0,7861.8,217.0,100.0
1781779099.07,ROCM_SMI,GPU_0,7861.8,213.0,100.0
1781779101.38,ROCM_SMI,GPU_0,7861.8,216.0,100.0
1781779103.70,ROCM_SMI,GPU_0,7861.8,213.0,100.0
1781779106.01,ROCM_SMI,GPU_0,7861.8,216.0,100.0
1781779108.27,ROCM_SMI,GPU_0,7861.8,215.0,100.0
1781779110.55,ROCM_SMI,GPU_0,7861.8,215.0,100.0
1781779112.83,ROCM_SMI,GPU_0,7861.8,216.0,100.0
1781779115.11,ROCM_SMI,GPU_0,7861.8,216.0,100.0
1781779117.42,ROCM_SMI,GPU_0,7861.8,214.0,100.0
1781779119.73,ROCM_SMI,GPU_0,7861.8,215.0,100.0
1781779122.04,ROCM_SMI,GPU_0,7861.8,216.0,100.0
1781779124.27,ROCM_SMI,GPU_0,7861.8,215.0,100.0
1781779126.53,ROCM_SMI,GPU_0,7861.8,215.0,100.0
1781779128.76,ROCM_SMI,GPU_0,7861.8,216.0,100.0
1781779131.08,ROCM_SMI,GPU_0,7861.8,217.0,100.0
1781779133.37,ROCM_SMI,GPU_0,7861.8,217.0,100.0
1781779135.69,ROCM_SMI,GPU_0,7861.8,218.0,100.0
1781779137.99,ROCM_SMI,GPU_0,7861.8,220.0,100.0
1781779140.30,ROCM_SMI,GPU_0,7861.8,215.0,100.0
1781779142.61,ROCM_SMI,GPU_0,7861.8,216.0,100.0
1781779144.92,ROCM_SMI,GPU_0,7861.8,213.0,100.0
1781779147.23,ROCM_SMI,GPU_0,7861.8,216.0,100.0
1781779149.55,ROCM_SMI,GPU_0,7861.8,218.0,100.0
1781779151.85,ROCM_SMI,GPU_0,7861.8,215.0,100.0
1781779154.12,ROCM_SMI,GPU_0,7861.8,216.0,100.0
1781779156.35,ROCM_SMI,GPU_0,7861.8,217.0,100.0
1781779158.57,ROCM_SMI,GPU_0,7861.8,215.0,100.0
1781779160.86,ROCM_SMI,GPU_0,7861.8,217.0,100.0
1781779163.08,ROCM_SMI,GPU_0,7861.8,214.0,100.0
1781779165.41,ROCM_SMI,GPU_0,7861.8,215.0,100.0
1781779167.64,ROCM_SMI,GPU_0,7861.8,219.0,100.0
1781779169.97,ROCM_SMI,GPU_0,7861.8,216.0,100.0
1781779172.19,ROCM_SMI,GPU_0,7861.8,216.0,100.0
1781779174.51,ROCM_SMI,GPU_0,7861.8,216.0,100.0
1781779176.80,ROCM_SMI,GPU_0,7861.8,220.0,100.0
1781779179.12,ROCM_SMI,GPU_0,7861.8,212.0,100.0
1781779181.44,ROCM_SMI,GPU_0,7861.8,213.0,100.0
1781779183.76,ROCM_SMI,GPU_0,7861.8,215.0,100.0
1781779186.06,ROCM_SMI,GPU_0,7861.8,214.0,100.0
1781779188.38,ROCM_SMI,GPU_0,7861.8,217.0,100.0
1781779190.62,ROCM_SMI,GPU_0,7861.8,239.0,100.0
1781779192.93,ROCM_SMI,GPU_0,7861.8,219.0,100.0
1781779195.24,ROCM_SMI,GPU_0,7861.8,219.0,100.0
1781779197.56,ROCM_SMI,GPU_0,7861.8,214.0,100.0
1781779199.87,ROCM_SMI,GPU_0,7861.8,219.0,100.0
1781779202.19,ROCM_SMI,GPU_0,7861.8,215.0,100.0
1781779204.52,ROCM_SMI,GPU_0,7861.8,217.0,100.0
1781779206.83,ROCM_SMI,GPU_0,7861.8,217.0,100.0
1781779209.14,ROCM_SMI,GPU_0,7861.8,216.0,100.0
1781779211.46,ROCM_SMI,GPU_0,7861.8,217.0,100.0
1781779213.77,ROCM_SMI,GPU_0,7861.8,217.0,100.0
1781779216.09,ROCM_SMI,GPU_0,7861.8,218.0,100.0
1781779218.41,ROCM_SMI,GPU_0,7861.8,215.0,100.0
1781779220.65,ROCM_SMI,GPU_0,7861.8,220.0,100.0
1781779222.97,ROCM_SMI,GPU_0,7861.8,217.0,100.0
1781779225.28,ROCM_SMI,GPU_0,7861.8,215.0,100.0
1781779227.60,ROCM_SMI,GPU_0,7861.8,222.0,100.0
1781779229.91,ROCM_SMI,GPU_0,7861.8,215.0,100.0
1781779232.23,ROCM_SMI,GPU_0,7861.8,223.0,100.0
1781779234.53,ROCM_SMI,GPU_0,7861.8,213.0,100.0
1781779236.84,ROCM_SMI,GPU_0,7861.8,216.0,100.0
1781779239.16,ROCM_SMI,GPU_0,7861.8,217.0,100.0
1781779241.47,ROCM_SMI,GPU_0,7861.8,217.0,100.0
1781779243.78,ROCM_SMI,GPU_0,7861.8,216.0,100.0
1781779246.10,ROCM_SMI,GPU_0,7861.8,221.0,100.0
1781779248.41,ROCM_SMI,GPU_0,7861.8,218.0,100.0
1781779250.72,ROCM_SMI,GPU_0,7861.8,218.0,100.0
1781779253.05,ROCM_SMI,GPU_0,7861.8,217.0,100.0
1781779255.30,ROCM_SMI,GPU_0,7861.8,216.0,100.0
1781779257.53,ROCM_SMI,GPU_0,7861.8,220.0,100.0
1781779259.85,ROCM_SMI,GPU_0,7861.8,212.0,100.0
1781779262.14,ROCM_SMI,GPU_0,7861.8,220.0,100.0
1781779264.47,ROCM_SMI,GPU_0,7861.8,223.0,100.0
1781779266.79,ROCM_SMI,GPU_0,7861.8,213.0,100.0
1781779269.11,ROCM_SMI,GPU_0,7861.8,223.0,100.0
1781779271.42,ROCM_SMI,GPU_0,7861.8,205.0,100.0
1781779273.74,ROCM_SMI,GPU_0,7861.8,221.0,100.0
1781779276.06,ROCM_SMI,GPU_0,7861.8,213.0,100.0
1781779278.38,ROCM_SMI,GPU_0,7861.8,211.0,100.0
1781779280.69,ROCM_SMI,GPU_0,7861.8,215.0,100.0
1781779283.01,ROCM_SMI,GPU_0,7861.8,219.0,100.0
1781779285.33,ROCM_SMI,GPU_0,7861.8,221.0,100.0
1781779287.64,ROCM_SMI,GPU_0,7861.8,215.0,100.0
1781779289.96,ROCM_SMI,GPU_0,7861.8,215.0,100.0
1781779292.27,ROCM_SMI,GPU_0,7861.8,219.0,100.0
1781779294.58,ROCM_SMI,GPU_0,7861.8,216.0,100.0
1781779296.90,ROCM_SMI,GPU_0,7861.8,223.0,100.0
1781779299.22,ROCM_SMI,GPU_0,7861.8,209.0,87.0
1781779301.52,ROCM_SMI,GPU_0,7861.8,216.0,100.0
1781779303.80,ROCM_SMI,GPU_0,7861.8,212.0,100.0
1781779306.12,ROCM_SMI,GPU_0,7861.8,220.0,100.0
1781779308.44,ROCM_SMI,GPU_0,7861.8,215.0,100.0
1781779310.77,ROCM_SMI,GPU_0,7861.8,227.0,100.0
1781779313.09,ROCM_SMI,GPU_0,7861.8,196.0,100.0
1781779315.40,ROCM_SMI,GPU_0,7861.8,202.0,100.0
1781779317.73,ROCM_SMI,GPU_0,7861.8,234.0,100.0
1781779320.05,ROCM_SMI,GPU_0,7861.8,220.0,100.0
1781779322.36,ROCM_SMI,GPU_0,7861.8,222.0,100.0
1781779324.65,ROCM_SMI,GPU_0,7861.8,213.0,100.0
1781779326.96,ROCM_SMI,GPU_0,7861.8,209.0,100.0
1781779329.26,ROCM_SMI,GPU_0,7861.8,213.0,100.0
1781779331.58,ROCM_SMI,GPU_0,7861.8,212.0,100.0
1781779333.87,ROCM_SMI,GPU_0,7861.8,218.0,100.0
1781779336.18,ROCM_SMI,GPU_0,7861.8,216.0,100.0
1781779338.49,ROCM_SMI,GPU_0,7861.8,218.0,100.0
1781779340.79,ROCM_SMI,GPU_0,7861.8,221.0,100.0
1781779343.08,ROCM_SMI,GPU_0,7861.8,217.0,100.0
1781779345.39,ROCM_SMI,GPU_0,7861.8,217.0,100.0
1781779347.71,ROCM_SMI,GPU_0,7861.8,212.0,100.0
1781779350.04,ROCM_SMI,GPU_0,7861.8,216.0,100.0
1781779352.27,ROCM_SMI,GPU_0,7861.8,217.0,100.0
1781779354.58,ROCM_SMI,GPU_0,7861.8,217.0,100.0
1781779356.90,ROCM_SMI,GPU_0,7861.8,213.0,100.0
1781779359.21,ROCM_SMI,GPU_0,7861.8,217.0,100.0
1781779361.53,ROCM_SMI,GPU_0,7861.8,215.0,100.0
1781779363.84,ROCM_SMI,GPU_0,7861.8,216.0,100.0
1781779366.16,ROCM_SMI,GPU_0,7861.8,215.0,100.0
1781779368.49,ROCM_SMI,GPU_0,7861.8,215.0,100.0
1781779370.80,ROCM_SMI,GPU_0,7861.8,210.0,100.0
1781779373.02,ROCM_SMI,GPU_0,7861.8,211.0,100.0
1781779375.32,ROCM_SMI,GPU_0,7861.8,215.0,100.0
1781779377.63,ROCM_SMI,GPU_0,7861.8,215.0,100.0
1781779379.95,ROCM_SMI,GPU_0,7861.8,217.0,100.0
1781779382.25,ROCM_SMI,GPU_0,7861.8,218.0,100.0
1781779384.56,ROCM_SMI,GPU_0,7861.8,217.0,100.0
1781779386.88,ROCM_SMI,GPU_0,7861.8,219.0,100.0
1781779389.19,ROCM_SMI,GPU_0,7861.8,220.0,100.0
1781779391.50,ROCM_SMI,GPU_0,7861.8,213.0,100.0
1781779393.78,ROCM_SMI,GPU_0,7861.8,214.0,100.0
1781779396.09,ROCM_SMI,GPU_0,7861.8,212.0,100.0
1781779398.38,ROCM_SMI,GPU_0,7861.8,216.0,100.0
1781779400.69,ROCM_SMI,GPU_0,7861.8,216.0,87.0
1781779403.01,ROCM_SMI,GPU_0,7861.8,217.0,100.0
1781779405.32,ROCM_SMI,GPU_0,7861.8,211.0,100.0
1781779407.64,ROCM_SMI,GPU_0,7861.8,217.0,100.0
1781779409.96,ROCM_SMI,GPU_0,7861.8,215.0,100.0
1781779412.27,ROCM_SMI,GPU_0,7861.8,216.0,100.0
1781779414.58,ROCM_SMI,GPU_0,7861.8,204.0,100.0
1781779416.88,ROCM_SMI,GPU_0,7861.8,215.0,100.0
1781779419.19,ROCM_SMI,GPU_0,7861.8,216.0,100.0
1781779421.50,ROCM_SMI,GPU_0,7861.8,218.0,100.0
1781779423.81,ROCM_SMI,GPU_0,7861.8,215.0,100.0
1781779426.11,ROCM_SMI,GPU_0,7861.8,217.0,100.0
1781779428.43,ROCM_SMI,GPU_0,7861.8,217.0,100.0
1781779430.74,ROCM_SMI,GPU_0,7861.8,211.0,100.0
1781779433.05,ROCM_SMI,GPU_0,7861.8,214.0,100.0
1781779435.38,ROCM_SMI,GPU_0,7861.8,223.0,100.0
1781779437.68,ROCM_SMI,GPU_0,7861.8,213.0,100.0
1781779439.99,ROCM_SMI,GPU_0,7861.8,216.0,100.0
1781779442.30,ROCM_SMI,GPU_0,7861.8,215.0,100.0
1781779444.62,ROCM_SMI,GPU_0,7861.8,218.0,100.0
1781779446.93,ROCM_SMI,GPU_0,7861.8,212.0,100.0
1781779449.24,ROCM_SMI,GPU_0,7861.8,217.0,100.0
1781779451.54,ROCM_SMI,GPU_0,7861.8,213.0,100.0
1781779453.87,ROCM_SMI,GPU_0,7861.8,218.0,100.0
1781779456.17,ROCM_SMI,GPU_0,7861.8,212.0,100.0
1781779458.47,ROCM_SMI,GPU_0,7861.8,216.0,100.0
1781779460.78,ROCM_SMI,GPU_0,7861.8,217.0,80.0
1781779463.09,ROCM_SMI,GPU_0,7861.8,219.0,100.0
1781779465.41,ROCM_SMI,GPU_0,7861.8,216.0,100.0
1781779467.72,ROCM_SMI,GPU_0,7861.8,217.0,100.0
1781779470.03,ROCM_SMI,GPU_0,7861.8,216.0,100.0
1781779472.34,ROCM_SMI,GPU_0,7861.8,216.0,100.0
1781779474.65,ROCM_SMI,GPU_0,7861.8,216.0,86.0
1781779476.96,ROCM_SMI,GPU_0,7861.8,215.0,100.0
1781779479.28,ROCM_SMI,GPU_0,7861.8,215.0,100.0
1781779481.58,ROCM_SMI,GPU_0,7861.8,216.0,100.0
1781779483.90,ROCM_SMI,GPU_0,7861.8,216.0,100.0
1781779486.20,ROCM_SMI,GPU_0,7861.8,216.0,100.0
1781779488.52,ROCM_SMI,GPU_0,7861.8,210.0,100.0
1781779490.83,ROCM_SMI,GPU_0,7861.8,211.0,100.0
1781779493.14,ROCM_SMI,GPU_0,7861.8,215.0,100.0
1781779495.46,ROCM_SMI,GPU_0,7861.8,217.0,100.0
1781779497.78,ROCM_SMI,GPU_0,7861.8,216.0,100.0
1781779500.09,ROCM_SMI,GPU_0,7861.8,219.0,100.0
1781779502.39,ROCM_SMI,GPU_0,7861.8,213.0,100.0
1781779504.70,ROCM_SMI,GPU_0,7861.8,218.0,100.0
1781779507.02,ROCM_SMI,GPU_0,7861.8,214.0,100.0
1781779509.32,ROCM_SMI,GPU_0,7861.8,216.0,100.0
1781779511.64,ROCM_SMI,GPU_0,7861.8,215.0,100.0
1781779513.95,ROCM_SMI,GPU_0,7861.8,216.0,100.0
1781779516.27,ROCM_SMI,GPU_0,7861.8,216.0,100.0
1781779518.50,ROCM_SMI,GPU_0,7861.8,214.0,100.0
1781779520.81,ROCM_SMI,GPU_0,7861.8,216.0,100.0
1781779523.12,ROCM_SMI,GPU_0,7861.8,214.0,100.0
1781779525.43,ROCM_SMI,GPU_0,7861.8,215.0,100.0
1781779527.74,ROCM_SMI,GPU_0,7861.8,215.0,100.0
1781779530.06,ROCM_SMI,GPU_0,7861.8,217.0,100.0
1781779532.37,ROCM_SMI,GPU_0,7861.8,213.0,100.0
1781779534.67,ROCM_SMI,GPU_0,7861.8,215.0,100.0
1781779536.97,ROCM_SMI,GPU_0,7861.8,215.0,100.0
1781779539.27,ROCM_SMI,GPU_0,7861.8,215.0,100.0
1781779541.57,ROCM_SMI,GPU_0,7861.8,223.0,100.0
1781779543.89,ROCM_SMI,GPU_0,7861.8,215.0,100.0
1781779546.20,ROCM_SMI,GPU_0,7861.8,215.0,100.0
1781779548.51,ROCM_SMI,GPU_0,7861.8,214.0,100.0
1781779550.83,ROCM_SMI,GPU_0,7861.8,214.0,100.0
1781779553.15,ROCM_SMI,GPU_0,7861.8,222.0,100.0
1781779555.46,ROCM_SMI,GPU_0,7861.8,212.0,100.0
1781779557.76,ROCM_SMI,GPU_0,7861.8,215.0,100.0
1781779560.08,ROCM_SMI,GPU_0,7861.8,218.0,100.0
1781779562.40,ROCM_SMI,GPU_0,7861.8,216.0,100.0
1781779564.72,ROCM_SMI,GPU_0,7861.8,218.0,76.0
1781779567.02,ROCM_SMI,GPU_0,7861.8,216.0,100.0
1781779569.33,ROCM_SMI,GPU_0,7861.8,218.0,100.0
1781779571.64,ROCM_SMI,GPU_0,7861.8,219.0,100.0
1781779573.95,ROCM_SMI,GPU_0,7861.8,217.0,100.0
1781779576.27,ROCM_SMI,GPU_0,7861.8,218.0,100.0
1781779578.57,ROCM_SMI,GPU_0,7861.8,216.0,100.0
1781779580.88,ROCM_SMI,GPU_0,7861.8,216.0,100.0
1781779583.18,ROCM_SMI,GPU_0,7861.8,214.0,100.0
1781779585.50,ROCM_SMI,GPU_0,7861.8,213.0,100.0
1781779587.82,ROCM_SMI,GPU_0,7861.8,217.0,100.0
1781779590.13,ROCM_SMI,GPU_0,7861.8,216.0,100.0
1781779592.43,ROCM_SMI,GPU_0,7861.8,214.0,100.0
1781779594.72,ROCM_SMI,GPU_0,7861.8,218.0,100.0
1781779597.04,ROCM_SMI,GPU_0,7861.8,217.0,100.0
1781779599.34,ROCM_SMI,GPU_0,7861.8,216.0,100.0
1781779601.63,ROCM_SMI,GPU_0,7861.8,213.0,100.0
1781779603.94,ROCM_SMI,GPU_0,7861.8,215.0,100.0
1781779606.20,ROCM_SMI,GPU_0,7861.8,214.0,100.0
1781779608.48,ROCM_SMI,GPU_0,7861.8,215.0,100.0
1781779610.79,ROCM_SMI,GPU_0,7861.8,214.0,100.0
1781779613.08,ROCM_SMI,GPU_0,7861.8,216.0,100.0
1781779615.39,ROCM_SMI,GPU_0,7861.8,213.0,100.0
1781779617.70,ROCM_SMI,GPU_0,7861.8,216.0,100.0
1781779620.02,ROCM_SMI,GPU_0,7861.8,216.0,100.0
1781779622.24,ROCM_SMI,GPU_0,7861.8,217.0,100.0
1781779624.55,ROCM_SMI,GPU_0,7861.8,220.0,100.0
1781779626.78,ROCM_SMI,GPU_0,7861.8,214.0,100.0
1781779629.09,ROCM_SMI,GPU_0,7861.8,216.0,100.0
1781779631.38,ROCM_SMI,GPU_0,7861.8,215.0,100.0
1781779633.66,ROCM_SMI,GPU_0,7861.8,215.0,100.0
1781779635.98,ROCM_SMI,GPU_0,7861.8,216.0,100.0
1781779638.28,ROCM_SMI,GPU_0,7861.8,215.0,100.0
1781779640.59,ROCM_SMI,GPU_0,7861.8,215.0,100.0
1781779642.90,ROCM_SMI,GPU_0,7861.8,216.0,88.0
1781779645.21,ROCM_SMI,GPU_0,7861.8,217.0,100.0
1781779647.44,ROCM_SMI,GPU_0,7861.8,217.0,100.0
1781779649.67,ROCM_SMI,GPU_0,7861.8,215.0,100.0
1781779651.98,ROCM_SMI,GPU_0,7861.8,214.0,100.0
1781779654.29,ROCM_SMI,GPU_0,7861.8,215.0,100.0
1781779656.61,ROCM_SMI,GPU_0,7861.8,216.0,100.0
1781779658.92,ROCM_SMI,GPU_0,7861.8,216.0,100.0
1781779661.20,ROCM_SMI,GPU_0,7861.8,215.0,100.0
1781779663.48,ROCM_SMI,GPU_0,7861.8,215.0,100.0
1781779665.80,ROCM_SMI,GPU_0,7861.8,214.0,100.0
1781779668.10,ROCM_SMI,GPU_0,7861.8,219.0,100.0
1781779670.34,ROCM_SMI,GPU_0,7861.8,216.0,100.0
1781779672.62,ROCM_SMI,GPU_0,7861.8,216.0,100.0
1781779674.93,ROCM_SMI,GPU_0,7861.8,212.0,100.0
1781779677.15,ROCM_SMI,GPU_0,7861.8,216.0,100.0
1781779679.46,ROCM_SMI,GPU_0,7861.8,212.0,85.0
1781779681.77,ROCM_SMI,GPU_0,7861.8,215.0,100.0
1781779684.08,ROCM_SMI,GPU_0,7861.8,214.0,87.0
1781779686.40,ROCM_SMI,GPU_0,7861.8,220.0,100.0
1781779688.70,ROCM_SMI,GPU_0,7861.8,214.0,97.0
1781779691.02,ROCM_SMI,GPU_0,7861.8,216.0,100.0
1781779693.25,ROCM_SMI,GPU_0,7861.8,214.0,100.0
1781779695.57,ROCM_SMI,GPU_0,7861.8,214.0,100.0
1781779697.89,ROCM_SMI,GPU_0,7861.8,215.0,100.0
1781779700.19,ROCM_SMI,GPU_0,7861.8,217.0,100.0
1781779702.50,ROCM_SMI,GPU_0,7861.8,215.0,100.0
1781779704.81,ROCM_SMI,GPU_0,7861.8,213.0,100.0
1781779707.10,ROCM_SMI,GPU_0,7861.8,213.0,100.0
1781779709.41,ROCM_SMI,GPU_0,7861.8,216.0,100.0
1781779711.73,ROCM_SMI,GPU_0,7861.8,220.0,100.0
1781779714.04,ROCM_SMI,GPU_0,7861.8,211.0,100.0
1781779716.36,ROCM_SMI,GPU_0,7861.8,217.0,100.0
1781779718.67,ROCM_SMI,GPU_0,7861.8,219.0,100.0
1781779720.98,ROCM_SMI,GPU_0,7861.8,214.0,100.0
1781779723.29,ROCM_SMI,GPU_0,7861.8,213.0,100.0
1781779725.61,ROCM_SMI,GPU_0,7861.8,215.0,100.0
1781779727.93,ROCM_SMI,GPU_0,7861.8,217.0,100.0
1781779730.24,ROCM_SMI,GPU_0,7861.8,219.0,100.0
1781779732.55,ROCM_SMI,GPU_0,7861.8,214.0,100.0
1781779734.77,ROCM_SMI,GPU_0,7861.8,217.0,100.0
1781779737.10,ROCM_SMI,GPU_0,7861.8,215.0,100.0
1781779739.42,ROCM_SMI,GPU_0,7861.8,215.0,100.0
1781779741.72,ROCM_SMI,GPU_0,7861.8,217.0,100.0
1781779744.03,ROCM_SMI,GPU_0,7861.8,215.0,100.0
1781779746.35,ROCM_SMI,GPU_0,7861.8,213.0,100.0
1781779748.66,ROCM_SMI,GPU_0,7861.8,214.0,100.0
1781779750.98,ROCM_SMI,GPU_0,7861.8,216.0,100.0
1781779753.30,ROCM_SMI,GPU_0,7861.8,217.0,100.0
1781779755.60,ROCM_SMI,GPU_0,7861.8,216.0,100.0
1781779757.91,ROCM_SMI,GPU_0,7861.8,216.0,100.0
1781779760.20,ROCM_SMI,GPU_0,7861.8,212.0,100.0
1781779762.51,ROCM_SMI,GPU_0,7861.8,216.0,100.0
1781779764.78,ROCM_SMI,GPU_0,7861.8,216.0,100.0
1781779767.09,ROCM_SMI,GPU_0,7861.8,216.0,79.0
1781779769.41,ROCM_SMI,GPU_0,7861.8,219.0,100.0
1781779771.74,ROCM_SMI,GPU_0,7861.8,196.0,100.0
1781779774.05,ROCM_SMI,GPU_0,7861.8,211.0,100.0
1781779776.35,ROCM_SMI,GPU_0,7861.8,214.0,73.0
1781779778.63,ROCM_SMI,GPU_0,7861.8,213.0,100.0
1781779780.86,ROCM_SMI,GPU_0,7861.8,212.0,100.0
1781779783.17,ROCM_SMI,GPU_0,7861.8,214.0,100.0
1781779785.49,ROCM_SMI,GPU_0,7861.8,218.0,100.0
1781779787.79,ROCM_SMI,GPU_0,7861.8,213.0,100.0
1781779790.11,ROCM_SMI,GPU_0,7861.8,218.0,100.0
1781779792.41,ROCM_SMI,GPU_0,7861.8,222.0,100.0
1781779794.72,ROCM_SMI,GPU_0,7861.8,217.0,100.0
1781779797.04,ROCM_SMI,GPU_0,7861.8,214.0,100.0
1781779799.36,ROCM_SMI,GPU_0,7861.8,216.0,100.0
1781779801.67,ROCM_SMI,GPU_0,7861.8,217.0,100.0
1781779803.99,ROCM_SMI,GPU_0,7861.8,221.0,100.0
1781779806.30,ROCM_SMI,GPU_0,7861.8,215.0,100.0
1781779808.61,ROCM_SMI,GPU_0,7861.8,217.0,100.0
1781779810.94,ROCM_SMI,GPU_0,7861.8,216.0,100.0
1781779813.25,ROCM_SMI,GPU_0,7861.8,215.0,100.0
1781779815.56,ROCM_SMI,GPU_0,7861.8,215.0,100.0
1781779817.87,ROCM_SMI,GPU_0,7861.8,215.0,100.0
1781779820.18,ROCM_SMI,GPU_0,7861.8,213.0,100.0
1781779822.49,ROCM_SMI,GPU_0,7861.8,218.0,100.0
1781779824.81,ROCM_SMI,GPU_0,7861.8,213.0,100.0
1781779827.12,ROCM_SMI,GPU_0,7861.8,215.0,100.0
1781779829.43,ROCM_SMI,GPU_0,7861.8,214.0,100.0
1781779831.75,ROCM_SMI,GPU_0,7861.8,217.0,100.0
1781779834.05,ROCM_SMI,GPU_0,7861.8,217.0,100.0
1781779836.36,ROCM_SMI,GPU_0,7861.8,212.0,100.0
1781779838.66,ROCM_SMI,GPU_0,7861.8,212.0,100.0
1781779840.97,ROCM_SMI,GPU_0,7861.8,214.0,100.0
1781779843.29,ROCM_SMI,GPU_0,7861.8,215.0,100.0
1781779845.59,ROCM_SMI,GPU_0,7861.8,213.0,74.0
1781779847.81,ROCM_SMI,GPU_0,7861.8,214.0,100.0
1781779850.13,ROCM_SMI,GPU_0,7861.8,217.0,100.0
1781779852.45,ROCM_SMI,GPU_0,7861.8,216.0,100.0
1781779854.76,ROCM_SMI,GPU_0,7861.8,216.0,100.0
1781779857.07,ROCM_SMI,GPU_0,7861.8,213.0,100.0
1781779859.39,ROCM_SMI,GPU_0,7861.8,216.0,100.0
1781779861.70,ROCM_SMI,GPU_0,7861.8,217.0,100.0
1781779864.00,ROCM_SMI,GPU_0,7861.8,215.0,100.0
1781779866.30,ROCM_SMI,GPU_0,7861.8,214.0,100.0
1781779868.61,ROCM_SMI,GPU_0,7861.8,216.0,100.0
1781779870.92,ROCM_SMI,GPU_0,7861.8,215.0,100.0
1781779873.21,ROCM_SMI,GPU_0,7861.8,214.0,100.0
1781779875.52,ROCM_SMI,GPU_0,7861.8,217.0,100.0
1781779877.82,ROCM_SMI,GPU_0,7861.8,217.0,100.0
1781779880.12,ROCM_SMI,GPU_0,7861.8,217.0,100.0
1781779882.42,ROCM_SMI,GPU_0,7861.8,212.0,100.0
1781779884.73,ROCM_SMI,GPU_0,7861.8,218.0,100.0
1781779887.03,ROCM_SMI,GPU_0,7861.8,173.0,100.0
1781779889.32,ROCM_SMI,GPU_0,7861.8,217.0,100.0
1781779891.54,ROCM_SMI,GPU_0,7861.8,211.0,100.0
1781779893.86,ROCM_SMI,GPU_0,7861.8,213.0,100.0
1781779896.16,ROCM_SMI,GPU_0,7861.8,210.0,100.0
1781779898.47,ROCM_SMI,GPU_0,7861.8,213.0,100.0
1781779900.77,ROCM_SMI,GPU_0,7861.8,218.0,100.0
1781779903.05,ROCM_SMI,GPU_0,7861.8,213.0,100.0
1781779905.36,ROCM_SMI,GPU_0,7861.8,215.0,100.0
1781779907.67,ROCM_SMI,GPU_0,7861.8,216.0,100.0
1781779909.98,ROCM_SMI,GPU_0,7861.8,216.0,100.0
1781779912.29,ROCM_SMI,GPU_0,7861.8,214.0,100.0
1781779914.61,ROCM_SMI,GPU_0,7861.8,211.0,100.0
1781779916.90,ROCM_SMI,GPU_0,7861.8,215.0,100.0
1781779919.18,ROCM_SMI,GPU_0,7861.8,212.0,100.0
1781779921.49,ROCM_SMI,GPU_0,7861.8,216.0,100.0
1781779923.79,ROCM_SMI,GPU_0,7861.8,213.0,100.0
1781779926.11,ROCM_SMI,GPU_0,7861.8,213.0,100.0
1781779928.42,ROCM_SMI,GPU_0,7861.8,214.0,100.0
1781779930.73,ROCM_SMI,GPU_0,7861.8,215.0,100.0
1781779933.04,ROCM_SMI,GPU_0,7861.8,218.0,100.0
1781779935.35,ROCM_SMI,GPU_0,7861.8,218.0,100.0
1781779937.67,ROCM_SMI,GPU_0,7861.8,216.0,100.0
1781779939.98,ROCM_SMI,GPU_0,7861.8,217.0,100.0
1781779942.29,ROCM_SMI,GPU_0,7861.8,214.0,100.0
1781779944.60,ROCM_SMI,GPU_0,7861.8,214.0,100.0
1781779946.91,ROCM_SMI,GPU_0,7861.8,214.0,100.0
1781779949.23,ROCM_SMI,GPU_0,7861.8,214.0,100.0
1781779951.54,ROCM_SMI,GPU_0,7861.8,214.0,100.0
1781779953.85,ROCM_SMI,GPU_0,7861.8,212.0,100.0
1781779956.15,ROCM_SMI,GPU_0,7861.8,217.0,100.0
1781779958.46,ROCM_SMI,GPU_0,7861.8,217.0,100.0
1781779960.78,ROCM_SMI,GPU_0,7861.8,225.0,100.0
1781779963.11,ROCM_SMI,GPU_0,7861.8,215.0,100.0
1781779965.41,ROCM_SMI,GPU_0,7861.8,216.0,100.0
1781779967.71,ROCM_SMI,GPU_0,7861.8,216.0,100.0
1781779970.01,ROCM_SMI,GPU_0,7861.8,215.0,100.0
1781779972.23,ROCM_SMI,GPU_0,7861.8,212.0,100.0
1781779974.52,ROCM_SMI,GPU_0,7861.8,215.0,99.0
1781779976.81,ROCM_SMI,GPU_0,7861.8,216.0,100.0
1781779979.11,ROCM_SMI,GPU_0,7861.8,215.0,100.0
1781779981.41,ROCM_SMI,GPU_0,7861.8,216.0,100.0
1781779983.68,ROCM_SMI,GPU_0,7861.8,214.0,100.0
1781779985.95,ROCM_SMI,GPU_0,7861.8,217.0,100.0
1781779988.24,ROCM_SMI,GPU_0,7861.8,216.0,100.0
1781779990.53,ROCM_SMI,GPU_0,7861.8,214.0,100.0
1781779992.83,ROCM_SMI,GPU_0,7861.8,215.0,100.0
1781779995.12,ROCM_SMI,GPU_0,7861.8,216.0,100.0
1781779997.42,ROCM_SMI,GPU_0,7861.8,217.0,100.0
1781779999.71,ROCM_SMI,GPU_0,7861.8,216.0,100.0
1781780002.00,ROCM_SMI,GPU_0,7861.8,215.0,100.0
1781780004.27,ROCM_SMI,GPU_0,7861.8,214.0,76.0
1781780006.54,ROCM_SMI,GPU_0,7861.8,216.0,100.0
1781780008.84,ROCM_SMI,GPU_0,7861.8,217.0,100.0
1781780011.13,ROCM_SMI,GPU_0,7861.8,216.0,100.0
1781780013.43,ROCM_SMI,GPU_0,7861.8,216.0,100.0
1781780015.71,ROCM_SMI,GPU_0,7861.8,217.0,100.0
1781780018.01,ROCM_SMI,GPU_0,7861.8,217.0,100.0
1781780020.29,ROCM_SMI,GPU_0,7861.8,218.0,100.0
1781780022.58,ROCM_SMI,GPU_0,7861.8,213.0,100.0
1781780024.86,ROCM_SMI,GPU_0,7861.8,214.0,100.0
1781780027.16,ROCM_SMI,GPU_0,7861.8,213.0,100.0
1781780029.44,ROCM_SMI,GPU_0,7861.8,207.0,100.0
1781780031.73,ROCM_SMI,GPU_0,7861.8,217.0,100.0
1781780034.03,ROCM_SMI,GPU_0,7861.8,212.0,100.0
1781780036.33,ROCM_SMI,GPU_0,7861.8,214.0,100.0
1781780038.62,ROCM_SMI,GPU_0,7861.8,214.0,100.0
1781780040.90,ROCM_SMI,GPU_0,7861.8,216.0,100.0
1781780043.18,ROCM_SMI,GPU_0,7861.8,213.0,100.0
1781780045.48,ROCM_SMI,GPU_0,7861.8,217.0,100.0
1781780047.77,ROCM_SMI,GPU_0,7861.8,217.0,100.0
1781780050.08,ROCM_SMI,GPU_0,7861.8,216.0,100.0
1781780052.37,ROCM_SMI,GPU_0,7861.8,210.0,100.0
1781780054.66,ROCM_SMI,GPU_0,7861.8,215.0,100.0
1781780056.94,ROCM_SMI,GPU_0,7861.8,213.0,100.0
1781780059.24,ROCM_SMI,GPU_0,7861.8,211.0,100.0
1781780061.46,ROCM_SMI,GPU_0,7861.8,217.0,100.0
1781780063.75,ROCM_SMI,GPU_0,7861.8,215.0,100.0
1781780066.05,ROCM_SMI,GPU_0,7861.8,215.0,100.0
1781780068.34,ROCM_SMI,GPU_0,7861.8,218.0,100.0
1781780070.64,ROCM_SMI,GPU_0,7861.8,215.0,100.0
1781780072.92,ROCM_SMI,GPU_0,7861.8,216.0,100.0
1781780075.20,ROCM_SMI,GPU_0,7861.8,214.0,100.0
1781780077.43,ROCM_SMI,GPU_0,7861.8,217.0,100.0
1781780079.72,ROCM_SMI,GPU_0,7861.8,214.0,100.0
1781780082.00,ROCM_SMI,GPU_0,7861.8,219.0,100.0
1781780084.29,ROCM_SMI,GPU_0,7861.8,216.0,100.0
1781780086.57,ROCM_SMI,GPU_0,7861.8,209.0,100.0
1781780088.85,ROCM_SMI,GPU_0,7861.8,215.0,100.0
1781780091.12,ROCM_SMI,GPU_0,7861.8,212.0,100.0
1781780093.40,ROCM_SMI,GPU_0,7861.8,213.0,100.0
1781780095.69,ROCM_SMI,GPU_0,7861.8,210.0,100.0
1781780097.99,ROCM_SMI,GPU_0,7861.8,213.0,100.0
1781780100.26,ROCM_SMI,GPU_0,7861.8,218.0,100.0
1781780102.49,ROCM_SMI,GPU_0,7861.8,213.0,100.0
1781780104.72,ROCM_SMI,GPU_0,7861.8,218.0,100.0
1781780107.01,ROCM_SMI,GPU_0,7861.8,222.0,100.0
1781780109.29,ROCM_SMI,GPU_0,7861.8,215.0,100.0
1781780111.58,ROCM_SMI,GPU_0,7861.8,217.0,100.0
1781780113.87,ROCM_SMI,GPU_0,7861.8,220.0,100.0
1781780116.17,ROCM_SMI,GPU_0,7861.8,219.0,100.0
1781780118.47,ROCM_SMI,GPU_0,7861.8,223.0,100.0
1781780120.69,ROCM_SMI,GPU_0,7861.8,217.0,100.0
1781780122.92,ROCM_SMI,GPU_0,7861.8,214.0,100.0
1781780125.22,ROCM_SMI,GPU_0,7861.8,217.0,100.0
1781780127.52,ROCM_SMI,GPU_0,7861.8,220.0,100.0
1781780129.79,ROCM_SMI,GPU_0,7861.8,216.0,100.0
1781780132.09,ROCM_SMI,GPU_0,7861.8,217.0,100.0
1781780134.38,ROCM_SMI,GPU_0,7861.8,215.0,100.0
1781780136.66,ROCM_SMI,GPU_0,7861.8,214.0,100.0
1781780138.96,ROCM_SMI,GPU_0,7861.8,213.0,100.0
1781780141.26,ROCM_SMI,GPU_0,7861.8,213.0,82.0
1781780143.54,ROCM_SMI,GPU_0,7861.8,216.0,100.0
1781780145.80,ROCM_SMI,GPU_0,7861.8,213.0,100.0
1781780148.11,ROCM_SMI,GPU_0,7861.8,216.0,100.0
1781780150.39,ROCM_SMI,GPU_0,7861.8,215.0,100.0
1781780152.67,ROCM_SMI,GPU_0,7861.8,218.0,100.0
1781780154.96,ROCM_SMI,GPU_0,7861.8,215.0,100.0
1781780157.18,ROCM_SMI,GPU_0,7861.8,214.0,100.0
1781780159.44,ROCM_SMI,GPU_0,7861.8,219.0,100.0
1781780161.67,ROCM_SMI,GPU_0,7861.8,216.0,100.0
1781780163.97,ROCM_SMI,GPU_0,7861.8,214.0,100.0
1781780166.19,ROCM_SMI,GPU_0,7861.8,215.0,100.0
1781780168.47,ROCM_SMI,GPU_0,7861.8,215.0,100.0
1781780170.76,ROCM_SMI,GPU_0,7861.8,213.0,100.0
1781780173.05,ROCM_SMI,GPU_0,7861.8,213.0,100.0
1781780175.34,ROCM_SMI,GPU_0,7861.8,217.0,100.0
1781780177.64,ROCM_SMI,GPU_0,7861.8,207.0,100.0
1781780179.94,ROCM_SMI,GPU_0,7861.8,215.0,100.0
1781780182.21,ROCM_SMI,GPU_0,7861.8,215.0,100.0
1781780184.50,ROCM_SMI,GPU_0,7861.8,213.0,100.0
1781780186.80,ROCM_SMI,GPU_0,7861.8,212.0,100.0
1781780189.10,ROCM_SMI,GPU_0,7861.8,217.0,100.0
1781780191.38,ROCM_SMI,GPU_0,7861.8,216.0,100.0
1781780193.68,ROCM_SMI,GPU_0,7861.8,214.0,100.0
1781780195.90,ROCM_SMI,GPU_0,7861.8,212.0,100.0
1781780198.19,ROCM_SMI,GPU_0,7861.8,227.0,100.0
1781780200.49,ROCM_SMI,GPU_0,7861.8,215.0,100.0
1781780202.78,ROCM_SMI,GPU_0,7861.8,214.0,100.0
1781780205.01,ROCM_SMI,GPU_0,7861.8,212.0,100.0
1781780207.31,ROCM_SMI,GPU_0,7861.8,214.0,100.0
1781780209.60,ROCM_SMI,GPU_0,7861.8,213.0,100.0
1781780211.90,ROCM_SMI,GPU_0,7861.8,216.0,100.0
1781780214.18,ROCM_SMI,GPU_0,7861.8,212.0,100.0
1781780216.48,ROCM_SMI,GPU_0,7861.8,212.0,100.0
1781780218.77,ROCM_SMI,GPU_0,7861.8,212.0,100.0
1781780221.06,ROCM_SMI,GPU_0,7861.8,214.0,100.0
1781780223.28,ROCM_SMI,GPU_0,7861.8,219.0,100.0
1781780225.57,ROCM_SMI,GPU_0,7861.8,217.0,100.0
1781780227.79,ROCM_SMI,GPU_0,7861.8,216.0,100.0
1781780230.10,ROCM_SMI,GPU_0,7861.8,216.0,100.0
1781780232.39,ROCM_SMI,GPU_0,7861.8,214.0,100.0
1781780234.69,ROCM_SMI,GPU_0,7861.8,216.0,100.0
1781780236.99,ROCM_SMI,GPU_0,7861.8,216.0,100.0
1781780239.29,ROCM_SMI,GPU_0,7861.8,215.0,100.0
1781780241.57,ROCM_SMI,GPU_0,7861.8,216.0,100.0
1781780243.79,ROCM_SMI,GPU_0,7861.8,220.0,100.0
1781780246.10,ROCM_SMI,GPU_0,7861.8,227.0,100.0
1781780248.39,ROCM_SMI,GPU_0,7861.8,216.0,100.0
1781780250.68,ROCM_SMI,GPU_0,7861.8,213.0,100.0
1781780252.90,ROCM_SMI,GPU_0,7861.8,215.0,100.0
1781780255.19,ROCM_SMI,GPU_0,7861.8,212.0,100.0
1781780257.49,ROCM_SMI,GPU_0,7861.8,215.0,100.0
1781780259.78,ROCM_SMI,GPU_0,7861.8,215.0,100.0
1781780262.05,ROCM_SMI,GPU_0,7861.8,216.0,100.0
1781780264.35,ROCM_SMI,GPU_0,7861.8,215.0,100.0
1781780266.64,ROCM_SMI,GPU_0,7861.8,215.0,100.0
1781780268.93,ROCM_SMI,GPU_0,7861.8,213.0,100.0
1781780271.22,ROCM_SMI,GPU_0,7861.8,216.0,100.0
1781780273.51,ROCM_SMI,GPU_0,7861.8,214.0,100.0
1781780275.80,ROCM_SMI,GPU_0,7861.8,213.0,100.0
1781780278.09,ROCM_SMI,GPU_0,7861.8,213.0,100.0
1781780280.37,ROCM_SMI,GPU_0,7861.8,216.0,100.0
1781780282.65,ROCM_SMI,GPU_0,7861.8,215.0,100.0
1781780284.93,ROCM_SMI,GPU_0,7861.8,220.0,100.0
1781780287.23,ROCM_SMI,GPU_0,7861.8,216.0,100.0
1781780289.52,ROCM_SMI,GPU_0,7861.8,215.0,100.0
1781780291.80,ROCM_SMI,GPU_0,7861.8,214.0,100.0
1781780294.09,ROCM_SMI,GPU_0,7861.8,212.0,100.0
1781780296.37,ROCM_SMI,GPU_0,7861.8,216.0,100.0
1781780298.64,ROCM_SMI,GPU_0,7861.8,214.0,100.0
1781780300.93,ROCM_SMI,GPU_0,7861.8,215.0,100.0
1781780303.21,ROCM_SMI,GPU_0,7861.8,212.0,100.0
1781780305.50,ROCM_SMI,GPU_0,7861.8,217.0,100.0
1781780307.77,ROCM_SMI,GPU_0,7861.8,214.0,100.0
1781780310.05,ROCM_SMI,GPU_0,7861.8,216.0,100.0
1781780312.34,ROCM_SMI,GPU_0,7861.8,215.0,100.0
1781780314.63,ROCM_SMI,GPU_0,7861.8,214.0,100.0
1781780316.93,ROCM_SMI,GPU_0,7861.8,215.0,100.0
1781780319.23,ROCM_SMI,GPU_0,7861.8,215.0,85.0
1781780321.50,ROCM_SMI,GPU_0,7861.8,217.0,100.0
1781780323.78,ROCM_SMI,GPU_0,7861.8,219.0,100.0
1781780326.01,ROCM_SMI,GPU_0,7861.8,216.0,100.0
1781780328.31,ROCM_SMI,GPU_0,7861.8,214.0,100.0
1781780330.59,ROCM_SMI,GPU_0,7861.8,220.0,100.0
1781780332.82,ROCM_SMI,GPU_0,7861.8,195.0,100.0
1781780335.12,ROCM_SMI,GPU_0,7861.8,214.0,87.0
1781780337.41,ROCM_SMI,GPU_0,7861.8,217.0,100.0
1781780339.67,ROCM_SMI,GPU_0,7861.8,214.0,100.0
1781780341.95,ROCM_SMI,GPU_0,7861.8,215.0,100.0
1781780344.25,ROCM_SMI,GPU_0,7861.8,215.0,100.0
1781780346.53,ROCM_SMI,GPU_0,7861.8,217.0,100.0
1781780348.81,ROCM_SMI,GPU_0,7861.8,217.0,100.0
1781780351.10,ROCM_SMI,GPU_0,7861.8,217.0,100.0
1781780353.41,ROCM_SMI,GPU_0,7861.8,231.0,100.0
1781780355.71,ROCM_SMI,GPU_0,7861.8,218.0,100.0
1781780358.00,ROCM_SMI,GPU_0,7861.8,211.0,100.0
1781780360.30,ROCM_SMI,GPU_0,7861.8,215.0,100.0
1781780362.58,ROCM_SMI,GPU_0,7861.8,214.0,100.0
1781780364.88,ROCM_SMI,GPU_0,7861.8,212.0,85.0
1781780367.16,ROCM_SMI,GPU_0,7861.8,216.0,100.0
1781780369.45,ROCM_SMI,GPU_0,7861.8,217.0,100.0
1781780371.74,ROCM_SMI,GPU_0,7861.8,213.0,100.0
1781780374.04,ROCM_SMI,GPU_0,7861.8,214.0,100.0
1781780376.33,ROCM_SMI,GPU_0,7861.8,216.0,77.0
1781780378.63,ROCM_SMI,GPU_0,7861.8,217.0,100.0
1781780380.92,ROCM_SMI,GPU_0,7861.8,216.0,100.0
1781780383.23,ROCM_SMI,GPU_0,7861.8,215.0,100.0
1781780385.52,ROCM_SMI,GPU_0,7861.8,217.0,100.0
1781780387.82,ROCM_SMI,GPU_0,7861.8,212.0,100.0
1781780390.04,ROCM_SMI,GPU_0,7861.8,217.0,100.0
1781780392.34,ROCM_SMI,GPU_0,7861.8,215.0,100.0
1781780394.63,ROCM_SMI,GPU_0,7861.8,216.0,89.0
1781780396.85,ROCM_SMI,GPU_0,7861.8,214.0,100.0
1781780399.13,ROCM_SMI,GPU_0,7861.8,218.0,100.0
1781780401.42,ROCM_SMI,GPU_0,7861.8,215.0,100.0
1781780403.73,ROCM_SMI,GPU_0,7861.8,219.0,100.0
1781780406.02,ROCM_SMI,GPU_0,7861.8,216.0,100.0
1781780408.33,ROCM_SMI,GPU_0,7861.8,216.0,100.0
1781780410.61,ROCM_SMI,GPU_0,7861.8,216.0,100.0
1781780412.91,ROCM_SMI,GPU_0,7861.8,217.0,100.0
1781780415.21,ROCM_SMI,GPU_0,7861.8,215.0,100.0
1781780417.43,ROCM_SMI,GPU_0,7861.8,220.0,100.0
1781780419.75,ROCM_SMI,GPU_0,7861.8,215.0,100.0
1781780422.06,ROCM_SMI,GPU_0,7861.8,217.0,100.0
1781780424.37,ROCM_SMI,GPU_0,7861.8,217.0,100.0
1781780426.66,ROCM_SMI,GPU_0,7861.8,214.0,100.0
1781780428.97,ROCM_SMI,GPU_0,7861.8,218.0,100.0
1781780431.28,ROCM_SMI,GPU_0,7861.8,215.0,100.0
1781780433.59,ROCM_SMI,GPU_0,7861.8,218.0,100.0
1781780435.91,ROCM_SMI,GPU_0,7861.8,218.0,100.0
1781780438.23,ROCM_SMI,GPU_0,7861.8,218.0,100.0
1781780440.54,ROCM_SMI,GPU_0,7861.8,218.0,100.0
1781780442.85,ROCM_SMI,GPU_0,7861.8,215.0,100.0
1781780445.17,ROCM_SMI,GPU_0,7861.8,216.0,100.0
1781780447.47,ROCM_SMI,GPU_0,7861.8,215.0,100.0
1781780449.77,ROCM_SMI,GPU_0,7861.8,217.0,100.0
1781780452.08,ROCM_SMI,GPU_0,7861.8,217.0,100.0
1781780454.40,ROCM_SMI,GPU_0,7861.8,212.0,100.0
1781780456.71,ROCM_SMI,GPU_0,7861.8,215.0,100.0
1781780459.02,ROCM_SMI,GPU_0,7861.8,213.0,100.0
1781780461.34,ROCM_SMI,GPU_0,7861.8,214.0,100.0
1781780463.65,ROCM_SMI,GPU_0,7861.8,214.0,100.0
1781780465.96,ROCM_SMI,GPU_0,7861.8,214.0,100.0
1781780468.27,ROCM_SMI,GPU_0,7861.8,208.0,100.0
1781780470.58,ROCM_SMI,GPU_0,7861.8,215.0,100.0
1781780472.89,ROCM_SMI,GPU_0,7861.8,216.0,100.0
1781780475.18,ROCM_SMI,GPU_0,7861.8,217.0,100.0
1781780477.51,ROCM_SMI,GPU_0,7861.8,217.0,100.0
1781780479.82,ROCM_SMI,GPU_0,7861.8,218.0,100.0
1781780482.13,ROCM_SMI,GPU_0,7861.8,217.0,73.0
1781780484.44,ROCM_SMI,GPU_0,7861.8,216.0,100.0
1781780486.74,ROCM_SMI,GPU_0,7861.8,217.0,100.0
1781780489.05,ROCM_SMI,GPU_0,7861.8,217.0,100.0
1781780491.37,ROCM_SMI,GPU_0,7861.8,217.0,100.0
1781780493.68,ROCM_SMI,GPU_0,7861.8,214.0,100.0
1781780495.99,ROCM_SMI,GPU_0,7861.8,217.0,100.0
1781780498.30,ROCM_SMI,GPU_0,7861.8,218.0,100.0
1781780500.60,ROCM_SMI,GPU_0,7861.8,221.0,100.0
1781780502.88,ROCM_SMI,GPU_0,7861.8,216.0,100.0
1781780505.17,ROCM_SMI,GPU_0,7861.8,215.0,100.0
1781780507.45,ROCM_SMI,GPU_0,7861.8,214.0,100.0
1781780509.76,ROCM_SMI,GPU_0,7861.8,208.0,100.0
1781780512.08,ROCM_SMI,GPU_0,7861.8,215.0,100.0
1781780514.39,ROCM_SMI,GPU_0,7861.8,214.0,100.0
1781780516.70,ROCM_SMI,GPU_0,7861.8,213.0,100.0
1781780519.01,ROCM_SMI,GPU_0,7861.8,215.0,100.0
1781780521.32,ROCM_SMI,GPU_0,7861.8,214.0,100.0
1781780523.61,ROCM_SMI,GPU_0,7861.8,218.0,100.0
1781780525.92,ROCM_SMI,GPU_0,7861.8,217.0,100.0
1781780528.19,ROCM_SMI,GPU_0,7861.8,213.0,100.0
1781780530.51,ROCM_SMI,GPU_0,7861.8,217.0,100.0
1781780532.82,ROCM_SMI,GPU_0,7861.8,212.0,100.0
1781780535.13,ROCM_SMI,GPU_0,7861.8,216.0,100.0
1781780537.44,ROCM_SMI,GPU_0,7861.8,213.0,79.0
1781780539.76,ROCM_SMI,GPU_0,7861.8,216.0,100.0
1781780542.09,ROCM_SMI,GPU_0,7861.8,188.0,100.0
1781780544.40,ROCM_SMI,GPU_0,7861.8,216.0,100.0
1781780546.71,ROCM_SMI,GPU_0,7861.8,212.0,80.0
1781780549.02,ROCM_SMI,GPU_0,7861.8,214.0,100.0
1781780551.34,ROCM_SMI,GPU_0,7861.8,213.0,100.0
1781780553.65,ROCM_SMI,GPU_0,7861.8,218.0,100.0
1781780555.94,ROCM_SMI,GPU_0,7861.8,217.0,100.0
1781780558.22,ROCM_SMI,GPU_0,7861.8,215.0,100.0
1781780560.51,ROCM_SMI,GPU_0,7861.8,215.0,100.0
1781780562.80,ROCM_SMI,GPU_0,7861.8,208.0,100.0
1781780565.10,ROCM_SMI,GPU_0,7861.8,214.0,100.0
1781780567.42,ROCM_SMI,GPU_0,7861.8,213.0,94.0
1781780569.73,ROCM_SMI,GPU_0,7861.8,214.0,100.0
1781780572.05,ROCM_SMI,GPU_0,7861.8,218.0,100.0
1781780574.35,ROCM_SMI,GPU_0,7861.8,215.0,100.0
1781780576.66,ROCM_SMI,GPU_0,7861.8,214.0,88.0
1781780578.89,ROCM_SMI,GPU_0,7861.8,217.0,100.0
1781780581.19,ROCM_SMI,GPU_0,7861.8,218.0,100.0
1781780583.51,ROCM_SMI,GPU_0,7861.8,213.0,100.0
1781780585.82,ROCM_SMI,GPU_0,7861.8,217.0,100.0
1781780588.13,ROCM_SMI,GPU_0,7861.8,215.0,100.0
1781780590.42,ROCM_SMI,GPU_0,7861.8,218.0,100.0
1781780592.73,ROCM_SMI,GPU_0,7861.8,216.0,100.0
1781780595.04,ROCM_SMI,GPU_0,7861.8,215.0,100.0
1781780597.36,ROCM_SMI,GPU_0,7861.8,213.0,86.0
1781780599.68,ROCM_SMI,GPU_0,7861.8,216.0,100.0
1781780601.99,ROCM_SMI,GPU_0,7861.8,151.0,100.0
1781780604.29,ROCM_SMI,GPU_0,7861.8,215.0,100.0
1781780606.60,ROCM_SMI,GPU_0,7861.8,217.0,100.0
1781780608.90,ROCM_SMI,GPU_0,7861.8,214.0,100.0
1781780611.21,ROCM_SMI,GPU_0,7861.8,220.0,100.0
1781780613.51,ROCM_SMI,GPU_0,7861.8,214.0,100.0
1781780615.83,ROCM_SMI,GPU_0,7861.8,216.0,100.0
1781780618.13,ROCM_SMI,GPU_0,7861.8,213.0,100.0
1781780620.44,ROCM_SMI,GPU_0,7861.8,213.0,100.0
1781780622.75,ROCM_SMI,GPU_0,7861.8,215.0,100.0
1781780625.06,ROCM_SMI,GPU_0,7861.8,211.0,100.0
1781780627.37,ROCM_SMI,GPU_0,7861.8,218.0,100.0
1781780629.70,ROCM_SMI,GPU_0,7861.8,212.0,100.0
1781780631.97,ROCM_SMI,GPU_0,7861.8,214.0,100.0
1781780634.29,ROCM_SMI,GPU_0,7861.8,214.0,100.0
1781780636.60,ROCM_SMI,GPU_0,7861.8,211.0,100.0
1781780638.92,ROCM_SMI,GPU_0,7861.8,216.0,100.0
1781780641.22,ROCM_SMI,GPU_0,7861.8,217.0,100.0
1781780643.53,ROCM_SMI,GPU_0,7861.8,214.0,100.0
1781780645.85,ROCM_SMI,GPU_0,7861.8,217.0,100.0
1781780648.16,ROCM_SMI,GPU_0,7861.8,216.0,100.0
1781780650.47,ROCM_SMI,GPU_0,7861.8,220.0,100.0
1781780652.78,ROCM_SMI,GPU_0,7861.8,219.0,100.0
1781780655.09,ROCM_SMI,GPU_0,7861.8,213.0,100.0
1781780657.40,ROCM_SMI,GPU_0,7861.8,216.0,100.0
1781780659.70,ROCM_SMI,GPU_0,7861.8,218.0,100.0
1781780662.01,ROCM_SMI,GPU_0,7861.8,211.0,100.0
1781780664.32,ROCM_SMI,GPU_0,7861.8,216.0,100.0
1781780666.63,ROCM_SMI,GPU_0,7861.8,213.0,100.0
1781780668.94,ROCM_SMI,GPU_0,7861.8,216.0,100.0
1781780671.26,ROCM_SMI,GPU_0,7861.8,215.0,100.0
1781780673.56,ROCM_SMI,GPU_0,7861.8,215.0,100.0
1781780675.88,ROCM_SMI,GPU_0,7861.8,217.0,100.0
1781780678.20,ROCM_SMI,GPU_0,7861.8,215.0,100.0
1781780680.51,ROCM_SMI,GPU_0,7861.8,215.0,100.0
1781780682.81,ROCM_SMI,GPU_0,7861.8,213.0,100.0
1781780685.10,ROCM_SMI,GPU_0,7861.8,216.0,100.0
1781780687.40,ROCM_SMI,GPU_0,7861.8,215.0,100.0
1781780689.72,ROCM_SMI,GPU_0,7861.8,216.0,100.0
1781780692.03,ROCM_SMI,GPU_0,7861.8,216.0,100.0
1781780694.31,ROCM_SMI,GPU_0,7861.8,216.0,100.0
1781780696.62,ROCM_SMI,GPU_0,7861.8,215.0,100.0
1781780698.92,ROCM_SMI,GPU_0,7861.8,215.0,100.0
1781780701.23,ROCM_SMI,GPU_0,7861.8,215.0,100.0
1781780703.53,ROCM_SMI,GPU_0,7861.8,214.0,100.0
1781780705.82,ROCM_SMI,GPU_0,7861.8,218.0,100.0
1781780708.14,ROCM_SMI,GPU_0,7861.8,216.0,100.0
1781780710.43,ROCM_SMI,GPU_0,7861.8,224.0,100.0
1781780712.75,ROCM_SMI,GPU_0,7861.8,214.0,86.0
1781780715.07,ROCM_SMI,GPU_0,7861.8,218.0,100.0
1781780717.35,ROCM_SMI,GPU_0,7861.8,215.0,100.0
1781780719.66,ROCM_SMI,GPU_0,7861.8,217.0,100.0
1781780721.91,ROCM_SMI,GPU_0,7861.8,215.0,100.0
1781780724.23,ROCM_SMI,GPU_0,7861.8,214.0,100.0
1781780726.54,ROCM_SMI,GPU_0,7861.8,216.0,100.0
1781780728.85,ROCM_SMI,GPU_0,7861.8,214.0,100.0
1781780731.13,ROCM_SMI,GPU_0,7861.8,217.0,100.0
1781780733.44,ROCM_SMI,GPU_0,7861.8,214.0,100.0
1781780735.75,ROCM_SMI,GPU_0,7861.8,214.0,100.0
1781780738.05,ROCM_SMI,GPU_0,7861.8,214.0,100.0
1781780740.36,ROCM_SMI,GPU_0,7861.8,216.0,100.0
1781780742.66,ROCM_SMI,GPU_0,7861.8,217.0,100.0
1781780744.97,ROCM_SMI,GPU_0,7861.8,214.0,100.0
1781780747.28,ROCM_SMI,GPU_0,7861.8,213.0,100.0
1781780749.57,ROCM_SMI,GPU_0,7861.8,215.0,100.0
1781780751.87,ROCM_SMI,GPU_0,7861.8,219.0,100.0
1781780754.15,ROCM_SMI,GPU_0,7861.8,213.0,100.0
1781780756.45,ROCM_SMI,GPU_0,7861.8,217.0,100.0
1781780758.75,ROCM_SMI,GPU_0,7861.8,215.0,100.0
1781780761.06,ROCM_SMI,GPU_0,7861.8,216.0,100.0
1781780763.36,ROCM_SMI,GPU_0,7861.8,216.0,100.0
1781780765.68,ROCM_SMI,GPU_0,7861.8,211.0,100.0
1781780767.98,ROCM_SMI,GPU_0,7861.8,212.0,100.0
1781780770.29,ROCM_SMI,GPU_0,7861.8,216.0,88.0
1781780772.61,ROCM_SMI,GPU_0,7861.8,217.0,100.0
1781780774.91,ROCM_SMI,GPU_0,7861.8,214.0,100.0
1781780777.23,ROCM_SMI,GPU_0,7861.8,214.0,100.0
1781780779.53,ROCM_SMI,GPU_0,7861.8,215.0,100.0
1781780781.85,ROCM_SMI,GPU_0,7861.8,218.0,100.0
1781780784.17,ROCM_SMI,GPU_0,7861.8,214.0,100.0
1781780786.49,ROCM_SMI,GPU_0,7861.8,214.0,100.0
1781780788.79,ROCM_SMI,GPU_0,7861.8,214.0,100.0
1781780791.10,ROCM_SMI,GPU_0,7861.8,215.0,100.0
1781780793.41,ROCM_SMI,GPU_0,7861.8,221.0,100.0
1781780795.73,ROCM_SMI,GPU_0,7861.8,213.0,100.0
1781780798.04,ROCM_SMI,GPU_0,7861.8,216.0,100.0
1781780800.35,ROCM_SMI,GPU_0,7861.8,216.0,100.0
1781780802.66,ROCM_SMI,GPU_0,7861.8,213.0,100.0
1781780804.98,ROCM_SMI,GPU_0,7861.8,217.0,100.0
1781780807.27,ROCM_SMI,GPU_0,7861.8,217.0,100.0
1781780809.57,ROCM_SMI,GPU_0,7861.8,215.0,100.0
1781780811.88,ROCM_SMI,GPU_0,7861.8,216.0,100.0
1781780814.19,ROCM_SMI,GPU_0,7861.8,217.0,100.0
1781780816.49,ROCM_SMI,GPU_0,7861.8,219.0,100.0
1781780818.80,ROCM_SMI,GPU_0,7861.8,216.0,82.0
1781780821.12,ROCM_SMI,GPU_0,7861.8,215.0,100.0
1781780823.43,ROCM_SMI,GPU_0,7861.8,212.0,90.0
1781780825.73,ROCM_SMI,GPU_0,7861.8,216.0,100.0
1781780828.04,ROCM_SMI,GPU_0,7861.8,215.0,100.0
1781780830.35,ROCM_SMI,GPU_0,7861.8,213.0,100.0
1781780832.66,ROCM_SMI,GPU_0,7861.8,213.0,100.0
1781780834.98,ROCM_SMI,GPU_0,7861.8,217.0,100.0
1781780837.29,ROCM_SMI,GPU_0,7861.8,215.0,100.0
1781780839.61,ROCM_SMI,GPU_0,7861.8,215.0,100.0
1781780841.92,ROCM_SMI,GPU_0,7861.8,216.0,100.0
1781780844.22,ROCM_SMI,GPU_0,7861.8,217.0,100.0
1781780846.54,ROCM_SMI,GPU_0,7861.8,213.0,100.0
1781780848.84,ROCM_SMI,GPU_0,7861.8,216.0,100.0
1781780851.14,ROCM_SMI,GPU_0,7861.8,218.0,100.0
1781780853.46,ROCM_SMI,GPU_0,7861.8,214.0,100.0
1781780855.75,ROCM_SMI,GPU_0,7861.8,212.0,100.0
1781780858.07,ROCM_SMI,GPU_0,7861.8,214.0,100.0
1781780860.38,ROCM_SMI,GPU_0,7861.8,218.0,100.0
1781780862.69,ROCM_SMI,GPU_0,7861.8,212.0,100.0
1781780865.00,ROCM_SMI,GPU_0,7861.8,215.0,100.0
1781780867.32,ROCM_SMI,GPU_0,7861.8,215.0,86.0
1781780869.62,ROCM_SMI,GPU_0,7861.8,217.0,100.0
1781780871.93,ROCM_SMI,GPU_0,7861.8,214.0,100.0
1781780874.24,ROCM_SMI,GPU_0,7861.8,215.0,100.0
1781780876.55,ROCM_SMI,GPU_0,7861.8,232.0,100.0
1781780878.87,ROCM_SMI,GPU_0,7861.8,219.0,100.0
1781780881.18,ROCM_SMI,GPU_0,7861.8,214.0,100.0
1781780883.49,ROCM_SMI,GPU_0,7861.8,215.0,100.0
1781780885.80,ROCM_SMI,GPU_0,7861.8,214.0,100.0
1781780888.11,ROCM_SMI,GPU_0,7861.8,215.0,100.0
1781780890.42,ROCM_SMI,GPU_0,7861.8,215.0,100.0
1781780892.74,ROCM_SMI,GPU_0,7861.8,214.0,100.0
1781780895.04,ROCM_SMI,GPU_0,7861.8,212.0,100.0
1781780897.35,ROCM_SMI,GPU_0,7861.8,216.0,100.0
1781780899.67,ROCM_SMI,GPU_0,7861.8,215.0,100.0
1781780901.98,ROCM_SMI,GPU_0,7861.8,222.0,100.0
1781780904.30,ROCM_SMI,GPU_0,7861.8,216.0,100.0
1781780906.61,ROCM_SMI,GPU_0,7861.8,216.0,100.0
1781780908.92,ROCM_SMI,GPU_0,7861.8,213.0,100.0
1781780911.22,ROCM_SMI,GPU_0,7861.8,214.0,100.0
1781780913.53,ROCM_SMI,GPU_0,7861.8,219.0,100.0
1781780915.85,ROCM_SMI,GPU_0,7861.8,216.0,100.0
1781780918.16,ROCM_SMI,GPU_0,7861.8,214.0,100.0
1781780920.48,ROCM_SMI,GPU_0,7861.8,215.0,100.0
1781780922.79,ROCM_SMI,GPU_0,7861.8,216.0,100.0
1781780925.11,ROCM_SMI,GPU_0,7861.8,214.0,100.0
1781780927.33,ROCM_SMI,GPU_0,7861.8,214.0,100.0
1781780929.65,ROCM_SMI,GPU_0,7861.8,213.0,100.0
1781780931.96,ROCM_SMI,GPU_0,7861.8,213.0,100.0
1781780934.27,ROCM_SMI,GPU_0,7861.8,215.0,100.0
1781780936.58,ROCM_SMI,GPU_0,7861.8,215.0,100.0
1781780938.89,ROCM_SMI,GPU_0,7861.8,213.0,100.0
1781780941.19,ROCM_SMI,GPU_0,7861.8,212.0,100.0
1781780943.51,ROCM_SMI,GPU_0,7861.8,217.0,100.0
1781780945.81,ROCM_SMI,GPU_0,7861.8,217.0,81.0
1781780948.13,ROCM_SMI,GPU_0,7861.8,217.0,100.0
1781780950.44,ROCM_SMI,GPU_0,7861.8,218.0,80.0
1781780952.75,ROCM_SMI,GPU_0,7861.8,217.0,100.0
1781780955.06,ROCM_SMI,GPU_0,7861.8,215.0,100.0
1781780957.36,ROCM_SMI,GPU_0,7861.8,214.0,100.0
1781780959.68,ROCM_SMI,GPU_0,7861.8,214.0,100.0
1781780961.96,ROCM_SMI,GPU_0,7861.8,215.0,100.0
1781780964.27,ROCM_SMI,GPU_0,7861.8,214.0,100.0
1781780966.52,ROCM_SMI,GPU_0,7861.8,216.0,100.0
1781780968.83,ROCM_SMI,GPU_0,7861.8,217.0,100.0
1781780971.12,ROCM_SMI,GPU_0,7861.8,213.0,100.0
1781780973.43,ROCM_SMI,GPU_0,7861.8,216.0,100.0
1781780975.73,ROCM_SMI,GPU_0,7861.8,214.0,100.0
1781780977.97,ROCM_SMI,GPU_0,7861.8,217.0,100.0
1781780980.28,ROCM_SMI,GPU_0,7861.8,215.0,100.0
1781780982.58,ROCM_SMI,GPU_0,7861.8,213.0,100.0
1781780984.86,ROCM_SMI,GPU_0,7861.8,215.0,100.0
1781780987.15,ROCM_SMI,GPU_0,7861.8,212.0,100.0
1781780989.47,ROCM_SMI,GPU_0,7861.8,212.0,100.0
1781780991.70,ROCM_SMI,GPU_0,7861.8,215.0,100.0
1781780994.01,ROCM_SMI,GPU_0,7861.8,215.0,100.0
1781780996.33,ROCM_SMI,GPU_0,7861.8,213.0,100.0
1781780998.64,ROCM_SMI,GPU_0,7861.8,213.0,100.0
1781781000.96,ROCM_SMI,GPU_0,7861.8,215.0,100.0
1781781003.25,ROCM_SMI,GPU_0,7861.8,215.0,100.0
1781781005.56,ROCM_SMI,GPU_0,7861.8,212.0,100.0
1781781007.88,ROCM_SMI,GPU_0,7861.8,214.0,100.0
1781781010.19,ROCM_SMI,GPU_0,7861.8,208.0,100.0
1781781012.50,ROCM_SMI,GPU_0,7861.8,214.0,100.0
1781781014.73,ROCM_SMI,GPU_0,7861.8,216.0,100.0
1781781017.04,ROCM_SMI,GPU_0,7861.8,212.0,100.0
1781781019.34,ROCM_SMI,GPU_0,7861.8,212.0,100.0
1781781021.64,ROCM_SMI,GPU_0,7861.8,207.0,100.0
1781781023.96,ROCM_SMI,GPU_0,7861.8,215.0,100.0
1781781026.27,ROCM_SMI,GPU_0,7861.8,213.0,85.0
1781781028.57,ROCM_SMI,GPU_0,7861.8,215.0,100.0
1781781030.89,ROCM_SMI,GPU_0,7861.8,215.0,100.0
1781781033.21,ROCM_SMI,GPU_0,7861.8,218.0,100.0
1781781035.52,ROCM_SMI,GPU_0,7861.8,215.0,100.0
1781781037.83,ROCM_SMI,GPU_0,7861.8,215.0,100.0
1781781040.15,ROCM_SMI,GPU_0,7861.8,214.0,100.0
1781781042.46,ROCM_SMI,GPU_0,7861.8,213.0,100.0
1781781044.78,ROCM_SMI,GPU_0,7861.8,213.0,85.0
1781781047.08,ROCM_SMI,GPU_0,7861.8,219.0,100.0
1781781049.39,ROCM_SMI,GPU_0,7861.8,213.0,100.0
1781781051.69,ROCM_SMI,GPU_0,7861.8,215.0,100.0
1781781054.01,ROCM_SMI,GPU_0,7861.8,212.0,100.0
1781781056.32,ROCM_SMI,GPU_0,7861.8,209.0,100.0
1781781058.63,ROCM_SMI,GPU_0,7861.8,216.0,100.0
1781781060.94,ROCM_SMI,GPU_0,7861.8,216.0,100.0
1781781063.23,ROCM_SMI,GPU_0,7861.8,214.0,100.0
1781781065.53,ROCM_SMI,GPU_0,7861.8,211.0,100.0
1781781067.85,ROCM_SMI,GPU_0,7861.8,217.0,100.0
1781781070.14,ROCM_SMI,GPU_0,7861.8,213.0,93.0
1781781072.45,ROCM_SMI,GPU_0,7861.8,213.0,100.0
1781781074.74,ROCM_SMI,GPU_0,7861.8,213.0,100.0
1781781077.05,ROCM_SMI,GPU_0,7861.8,216.0,100.0
1781781079.37,ROCM_SMI,GPU_0,7861.8,215.0,100.0
1781781081.68,ROCM_SMI,GPU_0,7861.8,216.0,100.0
1781781083.99,ROCM_SMI,GPU_0,7861.8,219.0,100.0
1781781086.31,ROCM_SMI,GPU_0,7861.8,216.0,100.0
1781781088.62,ROCM_SMI,GPU_0,7861.8,217.0,100.0
1781781090.93,ROCM_SMI,GPU_0,7861.8,217.0,100.0
1781781093.16,ROCM_SMI,GPU_0,7861.8,215.0,100.0
1781781095.46,ROCM_SMI,GPU_0,7861.8,215.0,100.0
1781781097.77,ROCM_SMI,GPU_0,7861.8,213.0,100.0
1781781100.07,ROCM_SMI,GPU_0,7861.8,213.0,100.0
1781781102.38,ROCM_SMI,GPU_0,7861.8,212.0,100.0
1781781104.68,ROCM_SMI,GPU_0,7861.8,216.0,100.0
1781781107.00,ROCM_SMI,GPU_0,7861.8,211.0,100.0
1781781109.30,ROCM_SMI,GPU_0,7861.8,215.0,100.0
1781781111.59,ROCM_SMI,GPU_0,7861.8,213.0,73.0
1781781113.90,ROCM_SMI,GPU_0,7861.8,215.0,100.0
1781781116.19,ROCM_SMI,GPU_0,7861.8,212.0,100.0
1781781118.50,ROCM_SMI,GPU_0,7861.8,216.0,100.0
1781781120.80,ROCM_SMI,GPU_0,7861.8,216.0,100.0
1781781123.12,ROCM_SMI,GPU_0,7861.8,219.0,100.0
1781781125.43,ROCM_SMI,GPU_0,7861.8,213.0,100.0
1781781127.75,ROCM_SMI,GPU_0,7861.8,210.0,100.0
1781781130.05,ROCM_SMI,GPU_0,7861.8,217.0,100.0
1781781132.35,ROCM_SMI,GPU_0,7861.8,218.0,100.0
1781781134.66,ROCM_SMI,GPU_0,7861.8,215.0,100.0
1781781136.96,ROCM_SMI,GPU_0,7861.8,212.0,100.0
1781781139.26,ROCM_SMI,GPU_0,7861.8,212.0,100.0
1781781141.58,ROCM_SMI,GPU_0,7861.8,213.0,100.0
1781781143.88,ROCM_SMI,GPU_0,7861.8,217.0,100.0
1781781146.20,ROCM_SMI,GPU_0,7861.8,215.0,95.0
1781781148.52,ROCM_SMI,GPU_0,7861.8,225.0,100.0
1781781150.83,ROCM_SMI,GPU_0,7861.8,213.0,82.0
1781781153.14,ROCM_SMI,GPU_0,7861.8,216.0,100.0
1781781155.45,ROCM_SMI,GPU_0,7861.8,214.0,100.0
1781781157.76,ROCM_SMI,GPU_0,7861.8,212.0,100.0
1781781160.06,ROCM_SMI,GPU_0,7861.8,216.0,100.0
1781781162.36,ROCM_SMI,GPU_0,7861.8,219.0,100.0
1781781164.65,ROCM_SMI,GPU_0,7861.8,217.0,100.0
1781781166.93,ROCM_SMI,GPU_0,7861.8,215.0,100.0
1781781169.24,ROCM_SMI,GPU_0,7861.8,216.0,100.0
1781781171.48,ROCM_SMI,GPU_0,7861.8,218.0,100.0
1781781173.78,ROCM_SMI,GPU_0,7861.8,214.0,100.0
1781781176.08,ROCM_SMI,GPU_0,7861.8,215.0,100.0
1781781178.37,ROCM_SMI,GPU_0,7861.8,212.0,77.0
1781781180.61,ROCM_SMI,GPU_0,7861.8,211.0,100.0
1781781182.91,ROCM_SMI,GPU_0,7861.8,215.0,100.0
1781781185.22,ROCM_SMI,GPU_0,7861.8,214.0,100.0
1781781187.52,ROCM_SMI,GPU_0,7861.8,211.0,100.0
1781781189.83,ROCM_SMI,GPU_0,7861.8,216.0,100.0
1781781192.14,ROCM_SMI,GPU_0,7861.8,213.0,100.0
1781781194.46,ROCM_SMI,GPU_0,7861.8,213.0,100.0
1781781196.78,ROCM_SMI,GPU_0,7861.8,215.0,100.0
1781781199.09,ROCM_SMI,GPU_0,7861.8,213.0,100.0
1781781201.39,ROCM_SMI,GPU_0,7861.8,216.0,100.0
1781781203.71,ROCM_SMI,GPU_0,7861.8,216.0,100.0
1781781206.02,ROCM_SMI,GPU_0,7861.8,215.0,100.0
1781781208.34,ROCM_SMI,GPU_0,7861.8,211.0,100.0
1781781210.66,ROCM_SMI,GPU_0,7861.8,216.0,100.0
1781781212.97,ROCM_SMI,GPU_0,7861.8,214.0,100.0
1781781215.28,ROCM_SMI,GPU_0,7861.8,214.0,100.0
1781781217.59,ROCM_SMI,GPU_0,7861.8,211.0,100.0
1781781219.92,ROCM_SMI,GPU_0,7861.8,211.0,100.0
1781781222.23,ROCM_SMI,GPU_0,7861.8,215.0,100.0
1781781224.54,ROCM_SMI,GPU_0,7861.8,213.0,100.0
1781781226.85,ROCM_SMI,GPU_0,7861.8,213.0,100.0
1781781229.17,ROCM_SMI,GPU_0,7861.8,212.0,100.0
1781781231.49,ROCM_SMI,GPU_0,7861.8,215.0,100.0
1781781233.80,ROCM_SMI,GPU_0,7861.8,217.0,100.0
1781781236.11,ROCM_SMI,GPU_0,7861.8,215.0,100.0
1781781238.43,ROCM_SMI,GPU_0,7861.8,218.0,100.0
1781781240.75,ROCM_SMI,GPU_0,7861.8,204.0,100.0
1781781243.07,ROCM_SMI,GPU_0,7861.8,217.0,100.0
1781781245.29,ROCM_SMI,GPU_0,7861.8,215.0,100.0
1781781247.61,ROCM_SMI,GPU_0,7861.8,212.0,100.0
1781781249.93,ROCM_SMI,GPU_0,7861.8,217.0,100.0
1781781252.23,ROCM_SMI,GPU_0,7861.8,212.0,100.0
1781781254.54,ROCM_SMI,GPU_0,7861.8,216.0,100.0
1781781256.78,ROCM_SMI,GPU_0,7861.8,215.0,100.0
1781781259.10,ROCM_SMI,GPU_0,7861.8,211.0,100.0
1781781261.41,ROCM_SMI,GPU_0,7861.8,214.0,100.0
1781781263.72,ROCM_SMI,GPU_0,7861.8,212.0,100.0
1781781266.03,ROCM_SMI,GPU_0,7861.8,211.0,100.0
1781781268.34,ROCM_SMI,GPU_0,7861.8,215.0,100.0
1781781270.66,ROCM_SMI,GPU_0,7861.8,218.0,100.0
1781781272.97,ROCM_SMI,GPU_0,7861.8,215.0,100.0
1781781275.29,ROCM_SMI,GPU_0,7861.8,211.0,100.0
1781781277.59,ROCM_SMI,GPU_0,7861.8,214.0,100.0
1781781279.89,ROCM_SMI,GPU_0,7861.8,218.0,100.0
1781781282.18,ROCM_SMI,GPU_0,7861.8,218.0,100.0
1781781284.51,ROCM_SMI,GPU_0,7861.8,213.0,100.0
1781781286.81,ROCM_SMI,GPU_0,7861.8,215.0,100.0
1781781289.12,ROCM_SMI,GPU_0,7861.8,210.0,100.0
1781781291.43,ROCM_SMI,GPU_0,7861.8,214.0,100.0
1781781293.74,ROCM_SMI,GPU_0,7861.8,222.0,100.0
1781781296.03,ROCM_SMI,GPU_0,7861.8,218.0,100.0
1781781298.34,ROCM_SMI,GPU_0,7861.8,209.0,100.0
1781781300.66,ROCM_SMI,GPU_0,7861.8,216.0,100.0
1781781302.96,ROCM_SMI,GPU_0,7861.8,208.0,100.0
1781781305.28,ROCM_SMI,GPU_0,7861.8,213.0,100.0
1781781307.57,ROCM_SMI,GPU_0,7861.8,214.0,100.0
1781781309.89,ROCM_SMI,GPU_0,7861.8,212.0,100.0
1781781312.19,ROCM_SMI,GPU_0,7861.8,208.0,82.0
1781781314.51,ROCM_SMI,GPU_0,7861.8,213.0,100.0
1781781316.84,ROCM_SMI,GPU_0,7861.8,213.0,100.0
1781781319.15,ROCM_SMI,GPU_0,7861.8,212.0,100.0
1781781321.47,ROCM_SMI,GPU_0,7861.8,216.0,100.0
1781781323.78,ROCM_SMI,GPU_0,7861.8,211.0,100.0
1781781326.09,ROCM_SMI,GPU_0,7861.8,213.0,100.0
1781781328.39,ROCM_SMI,GPU_0,7861.8,213.0,100.0
1781781330.70,ROCM_SMI,GPU_0,7861.8,215.0,100.0
1781781333.01,ROCM_SMI,GPU_0,7861.8,216.0,100.0
1781781335.24,ROCM_SMI,GPU_0,7861.8,215.0,100.0
1781781337.55,ROCM_SMI,GPU_0,7861.8,206.0,100.0
1781781339.87,ROCM_SMI,GPU_0,7861.8,218.0,100.0
1781781342.18,ROCM_SMI,GPU_0,7861.8,209.0,100.0
1781781344.48,ROCM_SMI,GPU_0,7861.8,222.0,100.0
1781781346.80,ROCM_SMI,GPU_0,7861.8,208.0,100.0
1781781349.08,ROCM_SMI,GPU_0,7861.8,215.0,100.0
1781781351.36,ROCM_SMI,GPU_0,7861.8,218.0,100.0
1781781353.67,ROCM_SMI,GPU_0,7861.8,211.0,100.0
1781781355.97,ROCM_SMI,GPU_0,7861.8,218.0,100.0
1781781358.29,ROCM_SMI,GPU_0,7861.8,209.0,100.0
1781781360.59,ROCM_SMI,GPU_0,7861.8,212.0,100.0
1781781362.91,ROCM_SMI,GPU_0,7861.8,228.0,100.0
1781781365.23,ROCM_SMI,GPU_0,7861.8,220.0,100.0
1781781367.54,ROCM_SMI,GPU_0,7861.8,209.0,100.0
1781781369.85,ROCM_SMI,GPU_0,7861.8,223.0,100.0
1781781372.16,ROCM_SMI,GPU_0,7861.8,222.0,100.0
1781781374.48,ROCM_SMI,GPU_0,7861.8,212.0,100.0
1781781376.79,ROCM_SMI,GPU_0,7861.8,222.0,100.0
1781781379.10,ROCM_SMI,GPU_0,7861.8,215.0,100.0
1781781381.42,ROCM_SMI,GPU_0,7861.8,211.0,100.0
1781781383.74,ROCM_SMI,GPU_0,7861.8,215.0,100.0
1781781386.06,ROCM_SMI,GPU_0,7861.8,208.0,100.0
1781781388.36,ROCM_SMI,GPU_0,7861.8,216.0,100.0
1781781390.68,ROCM_SMI,GPU_0,7861.8,218.0,100.0
1781781393.00,ROCM_SMI,GPU_0,7861.8,213.0,100.0
1781781395.31,ROCM_SMI,GPU_0,7861.8,213.0,100.0
1781781397.61,ROCM_SMI,GPU_0,7861.8,215.0,100.0
1781781399.89,ROCM_SMI,GPU_0,7861.8,212.0,100.0
1781781402.20,ROCM_SMI,GPU_0,7861.8,217.0,100.0
1781781404.51,ROCM_SMI,GPU_0,7861.8,212.0,100.0
1781781406.83,ROCM_SMI,GPU_0,7861.8,221.0,100.0
1781781409.14,ROCM_SMI,GPU_0,7861.8,213.0,100.0
1781781411.44,ROCM_SMI,GPU_0,7861.8,213.0,100.0
1781781413.67,ROCM_SMI,GPU_0,7861.8,215.0,100.0
1781781415.99,ROCM_SMI,GPU_0,7861.8,213.0,100.0
1781781418.31,ROCM_SMI,GPU_0,7861.8,212.0,100.0
1781781420.62,ROCM_SMI,GPU_0,7861.8,214.0,100.0
1781781422.94,ROCM_SMI,GPU_0,7861.8,214.0,100.0
1781781425.22,ROCM_SMI,GPU_0,7861.8,214.0,100.0
1781781427.53,ROCM_SMI,GPU_0,7861.8,214.0,100.0
1781781429.85,ROCM_SMI,GPU_0,7861.8,187.0,100.0
1781781432.16,ROCM_SMI,GPU_0,7861.8,213.0,100.0
1781781434.47,ROCM_SMI,GPU_0,7861.8,215.0,100.0
1781781436.76,ROCM_SMI,GPU_0,7861.8,214.0,100.0
1781781439.08,ROCM_SMI,GPU_0,7861.8,216.0,100.0
1781781441.40,ROCM_SMI,GPU_0,7861.8,213.0,100.0
1781781443.70,ROCM_SMI,GPU_0,7861.8,217.0,100.0
1781781446.01,ROCM_SMI,GPU_0,7861.8,215.0,100.0
1781781448.23,ROCM_SMI,GPU_0,7861.8,217.0,100.0
1781781450.52,ROCM_SMI,GPU_0,7861.8,215.0,100.0
1781781452.75,ROCM_SMI,GPU_0,7861.8,213.0,100.0
1781781455.05,ROCM_SMI,GPU_0,7861.8,214.0,100.0
1781781457.36,ROCM_SMI,GPU_0,7861.8,215.0,100.0
1781781459.67,ROCM_SMI,GPU_0,7861.8,214.0,100.0
1781781461.99,ROCM_SMI,GPU_0,7861.8,214.0,100.0
1781781464.31,ROCM_SMI,GPU_0,7861.8,214.0,100.0
1781781466.59,ROCM_SMI,GPU_0,7861.8,215.0,100.0
1781781468.91,ROCM_SMI,GPU_0,7861.8,216.0,100.0
1781781471.22,ROCM_SMI,GPU_0,7861.8,216.0,100.0
1781781473.51,ROCM_SMI,GPU_0,7861.8,216.0,100.0
1781781475.80,ROCM_SMI,GPU_0,7861.8,215.0,100.0
1781781478.11,ROCM_SMI,GPU_0,7861.8,214.0,100.0
1781781480.42,ROCM_SMI,GPU_0,7861.8,214.0,100.0
1781781482.65,ROCM_SMI,GPU_0,7861.8,218.0,100.0
1781781484.97,ROCM_SMI,GPU_0,7861.8,218.0,100.0
1781781487.28,ROCM_SMI,GPU_0,7861.8,214.0,100.0
1781781489.58,ROCM_SMI,GPU_0,7861.8,216.0,100.0
1781781491.89,ROCM_SMI,GPU_0,7861.8,216.0,100.0
1781781494.21,ROCM_SMI,GPU_0,7861.8,212.0,100.0
1781781496.51,ROCM_SMI,GPU_0,7861.8,217.0,100.0
1781781498.82,ROCM_SMI,GPU_0,7861.8,214.0,75.0
1781781501.14,ROCM_SMI,GPU_0,7861.8,214.0,100.0
1781781503.42,ROCM_SMI,GPU_0,7861.8,217.0,100.0
1781781505.73,ROCM_SMI,GPU_0,7861.8,218.0,100.0
1781781508.04,ROCM_SMI,GPU_0,7861.8,216.0,100.0
1781781510.35,ROCM_SMI,GPU_0,7861.8,218.0,100.0
1781781512.67,ROCM_SMI,GPU_0,7861.8,215.0,100.0
1781781514.98,ROCM_SMI,GPU_0,7861.8,218.0,100.0
1781781517.26,ROCM_SMI,GPU_0,7861.8,215.0,100.0
1781781519.58,ROCM_SMI,GPU_0,7861.8,215.0,100.0
1781781521.88,ROCM_SMI,GPU_0,7861.8,212.0,100.0
1781781524.17,ROCM_SMI,GPU_0,7861.8,214.0,100.0
1781781526.50,ROCM_SMI,GPU_0,7861.8,197.0,100.0
1781781528.80,ROCM_SMI,GPU_0,7861.8,213.0,100.0
1781781531.03,ROCM_SMI,GPU_0,7861.8,213.0,100.0
1781781533.33,ROCM_SMI,GPU_0,7861.8,210.0,100.0
1781781535.60,ROCM_SMI,GPU_0,7861.8,211.0,100.0
1781781537.89,ROCM_SMI,GPU_0,7861.8,215.0,100.0
1781781540.22,ROCM_SMI,GPU_0,7861.8,217.0,100.0
1781781542.53,ROCM_SMI,GPU_0,7861.8,215.0,100.0
1781781544.84,ROCM_SMI,GPU_0,7861.8,219.0,100.0
1781781547.16,ROCM_SMI,GPU_0,7861.8,210.0,100.0
1781781549.47,ROCM_SMI,GPU_0,7861.8,217.0,100.0
1781781551.79,ROCM_SMI,GPU_0,7861.8,216.0,100.0
1781781554.09,ROCM_SMI,GPU_0,7861.8,219.0,100.0
1781781556.40,ROCM_SMI,GPU_0,7861.8,217.0,100.0
1781781558.71,ROCM_SMI,GPU_0,7861.8,212.0,100.0
1781781561.03,ROCM_SMI,GPU_0,7861.8,212.0,100.0
1781781563.33,ROCM_SMI,GPU_0,7861.8,212.0,100.0
1781781565.56,ROCM_SMI,GPU_0,7861.8,216.0,100.0
1781781567.84,ROCM_SMI,GPU_0,7861.8,212.0,100.0
1781781570.08,ROCM_SMI,GPU_0,7861.8,207.0,100.0
1781781572.38,ROCM_SMI,GPU_0,7861.8,220.0,100.0
1781781574.70,ROCM_SMI,GPU_0,7861.8,213.0,100.0
1781781576.98,ROCM_SMI,GPU_0,7861.8,215.0,100.0
1781781579.27,ROCM_SMI,GPU_0,7861.8,217.0,100.0
1781781581.59,ROCM_SMI,GPU_0,7861.8,218.0,100.0
1781781583.91,ROCM_SMI,GPU_0,7861.8,211.0,100.0
1781781586.23,ROCM_SMI,GPU_0,7861.8,214.0,100.0
1781781588.54,ROCM_SMI,GPU_0,7861.8,212.0,80.0
1781781590.84,ROCM_SMI,GPU_0,7861.8,209.0,100.0
1781781593.16,ROCM_SMI,GPU_0,7861.8,208.0,84.0
1781781595.48,ROCM_SMI,GPU_0,7861.8,221.0,100.0
1781781597.76,ROCM_SMI,GPU_0,7861.8,209.0,100.0
1781781600.08,ROCM_SMI,GPU_0,7861.8,218.0,100.0
1781781602.38,ROCM_SMI,GPU_0,7861.8,213.0,100.0
1781781604.70,ROCM_SMI,GPU_0,7861.8,220.0,100.0
1781781607.01,ROCM_SMI,GPU_0,7861.8,211.0,100.0
1781781609.33,ROCM_SMI,GPU_0,7861.8,222.0,100.0
1781781611.62,ROCM_SMI,GPU_0,7861.8,217.0,100.0
1781781613.92,ROCM_SMI,GPU_0,7861.8,214.0,100.0
1781781616.24,ROCM_SMI,GPU_0,7861.8,218.0,100.0
1781781618.56,ROCM_SMI,GPU_0,7861.8,206.0,100.0
1781781620.86,ROCM_SMI,GPU_0,7861.8,216.0,100.0
1781781623.18,ROCM_SMI,GPU_0,7861.8,216.0,100.0
1781781625.48,ROCM_SMI,GPU_0,7861.8,218.0,100.0
1781781627.80,ROCM_SMI,GPU_0,7861.8,221.0,100.0
1781781630.11,ROCM_SMI,GPU_0,7861.8,217.0,100.0
1781781632.41,ROCM_SMI,GPU_0,7861.8,213.0,100.0
1781781634.70,ROCM_SMI,GPU_0,7861.8,219.0,100.0
1781781636.98,ROCM_SMI,GPU_0,7861.8,213.0,100.0
1781781639.27,ROCM_SMI,GPU_0,7861.8,215.0,100.0
1781781641.58,ROCM_SMI,GPU_0,7861.8,215.0,100.0
1781781643.86,ROCM_SMI,GPU_0,7861.8,215.0,100.0
1781781646.17,ROCM_SMI,GPU_0,7861.8,214.0,100.0
1781781648.48,ROCM_SMI,GPU_0,7861.8,211.0,100.0
1781781650.70,ROCM_SMI,GPU_0,7861.8,207.0,100.0
1781781653.02,ROCM_SMI,GPU_0,7861.8,215.0,100.0
1781781655.25,ROCM_SMI,GPU_0,7861.8,216.0,100.0
1781781657.56,ROCM_SMI,GPU_0,7861.8,214.0,100.0
1781781659.81,ROCM_SMI,GPU_0,7861.8,216.0,100.0
1781781662.13,ROCM_SMI,GPU_0,7861.8,215.0,100.0
1781781664.37,ROCM_SMI,GPU_0,7861.8,211.0,100.0
1781781666.68,ROCM_SMI,GPU_0,7861.8,213.0,100.0
1781781668.92,ROCM_SMI,GPU_0,7861.8,214.0,100.0
1781781671.23,ROCM_SMI,GPU_0,7861.8,214.0,100.0
1781781673.54,ROCM_SMI,GPU_0,7861.8,215.0,100.0
1781781675.85,ROCM_SMI,GPU_0,7861.8,215.0,100.0
1781781678.14,ROCM_SMI,GPU_0,7861.8,214.0,100.0
1781781680.42,ROCM_SMI,GPU_0,7861.8,218.0,100.0
1781781682.73,ROCM_SMI,GPU_0,7861.8,213.0,100.0
1781781685.04,ROCM_SMI,GPU_0,7861.8,216.0,100.0
1781781687.34,ROCM_SMI,GPU_0,7861.8,213.0,100.0
1781781689.64,ROCM_SMI,GPU_0,7861.8,216.0,100.0
1781781691.95,ROCM_SMI,GPU_0,7861.8,214.0,100.0
1781781694.25,ROCM_SMI,GPU_0,7861.8,216.0,100.0
1781781696.55,ROCM_SMI,GPU_0,7861.8,212.0,100.0
1781781698.88,ROCM_SMI,GPU_0,7861.8,217.0,100.0
1781781701.18,ROCM_SMI,GPU_0,7861.8,214.0,100.0
1781781703.48,ROCM_SMI,GPU_0,7861.8,214.0,100.0
1781781705.78,ROCM_SMI,GPU_0,7861.8,213.0,79.0
1781781708.09,ROCM_SMI,GPU_0,7861.8,215.0,100.0
1781781710.39,ROCM_SMI,GPU_0,7861.8,217.0,100.0
1781781712.70,ROCM_SMI,GPU_0,7861.8,218.0,100.0
1781781715.01,ROCM_SMI,GPU_0,7861.8,213.0,100.0
1781781717.32,ROCM_SMI,GPU_0,7861.8,214.0,100.0
1781781719.62,ROCM_SMI,GPU_0,7861.8,212.0,100.0
1781781721.95,ROCM_SMI,GPU_0,7861.8,216.0,100.0
1781781724.26,ROCM_SMI,GPU_0,7861.8,214.0,100.0
1781781726.57,ROCM_SMI,GPU_0,7861.8,215.0,100.0
1781781728.82,ROCM_SMI,GPU_0,7861.8,214.0,100.0
1781781731.10,ROCM_SMI,GPU_0,7861.8,222.0,100.0
1781781733.41,ROCM_SMI,GPU_0,7861.8,212.0,100.0
1781781735.72,ROCM_SMI,GPU_0,7861.8,213.0,100.0
1781781738.01,ROCM_SMI,GPU_0,7861.8,217.0,100.0
1781781740.31,ROCM_SMI,GPU_0,7861.8,215.0,100.0
1781781742.63,ROCM_SMI,GPU_0,7861.8,212.0,100.0
1781781744.93,ROCM_SMI,GPU_0,7861.8,213.0,100.0
1781781747.24,ROCM_SMI,GPU_0,7861.8,212.0,100.0
1781781749.54,ROCM_SMI,GPU_0,7861.8,215.0,100.0
1781781751.85,ROCM_SMI,GPU_0,7861.8,216.0,100.0
1781781754.16,ROCM_SMI,GPU_0,7861.8,218.0,100.0
1781781756.48,ROCM_SMI,GPU_0,7861.8,212.0,100.0
1781781758.79,ROCM_SMI,GPU_0,7861.8,214.0,100.0
1781781761.10,ROCM_SMI,GPU_0,7861.8,213.0,100.0
1781781763.41,ROCM_SMI,GPU_0,7861.8,217.0,100.0
1781781765.72,ROCM_SMI,GPU_0,7861.8,210.0,100.0
1781781768.03,ROCM_SMI,GPU_0,7861.8,214.0,100.0
1781781770.34,ROCM_SMI,GPU_0,7861.8,216.0,100.0
1781781772.63,ROCM_SMI,GPU_0,7861.8,215.0,100.0
1781781774.89,ROCM_SMI,GPU_0,7861.8,213.0,100.0
1781781777.19,ROCM_SMI,GPU_0,7861.8,213.0,72.0
1781781779.50,ROCM_SMI,GPU_0,7861.8,214.0,100.0
1781781781.82,ROCM_SMI,GPU_0,7861.8,214.0,97.0
1781781784.14,ROCM_SMI,GPU_0,7861.8,214.0,100.0
1781781786.37,ROCM_SMI,GPU_0,7861.8,217.0,100.0
1781781788.70,ROCM_SMI,GPU_0,7861.8,212.0,100.0
1781781791.00,ROCM_SMI,GPU_0,7861.8,213.0,100.0
1781781793.30,ROCM_SMI,GPU_0,7861.8,214.0,100.0
1781781795.62,ROCM_SMI,GPU_0,7861.8,216.0,100.0
1781781797.94,ROCM_SMI,GPU_0,7861.8,211.0,100.0
1781781800.23,ROCM_SMI,GPU_0,7861.8,215.0,100.0
1781781802.54,ROCM_SMI,GPU_0,7861.8,212.0,100.0
1781781804.85,ROCM_SMI,GPU_0,7861.8,213.0,100.0
1781781807.17,ROCM_SMI,GPU_0,7861.8,211.0,100.0
1781781809.41,ROCM_SMI,GPU_0,7861.8,214.0,100.0
1781781811.72,ROCM_SMI,GPU_0,7861.8,217.0,100.0
1781781814.04,ROCM_SMI,GPU_0,7861.8,214.0,100.0
1781781816.35,ROCM_SMI,GPU_0,7861.8,215.0,100.0
1781781818.66,ROCM_SMI,GPU_0,7861.8,211.0,100.0
1781781820.97,ROCM_SMI,GPU_0,7861.8,217.0,100.0
1781781823.29,ROCM_SMI,GPU_0,7861.8,214.0,100.0
1781781825.59,ROCM_SMI,GPU_0,7861.8,215.0,100.0
1781781827.90,ROCM_SMI,GPU_0,7861.8,213.0,100.0
1781781830.21,ROCM_SMI,GPU_0,7861.8,217.0,100.0
1781781832.52,ROCM_SMI,GPU_0,7861.8,210.0,100.0
1781781834.83,ROCM_SMI,GPU_0,7861.8,216.0,100.0
1781781837.15,ROCM_SMI,GPU_0,7861.8,212.0,100.0
1781781839.44,ROCM_SMI,GPU_0,7861.8,214.0,100.0
1781781841.75,ROCM_SMI,GPU_0,7861.8,218.0,100.0
1781781844.00,ROCM_SMI,GPU_0,7861.8,211.0,100.0
1781781846.31,ROCM_SMI,GPU_0,7861.8,218.0,100.0
1781781848.62,ROCM_SMI,GPU_0,7861.8,211.0,100.0
1781781850.93,ROCM_SMI,GPU_0,7861.8,215.0,100.0
1781781853.25,ROCM_SMI,GPU_0,7861.8,213.0,100.0
1781781855.48,ROCM_SMI,GPU_0,7861.8,216.0,100.0
1781781857.80,ROCM_SMI,GPU_0,7861.8,213.0,100.0
1781781860.10,ROCM_SMI,GPU_0,7861.8,216.0,100.0
1781781862.42,ROCM_SMI,GPU_0,7861.8,213.0,100.0
1781781864.67,ROCM_SMI,GPU_0,7861.8,214.0,93.0
1781781866.98,ROCM_SMI,GPU_0,7861.8,216.0,100.0
1781781869.27,ROCM_SMI,GPU_0,7861.8,214.0,100.0
1781781871.57,ROCM_SMI,GPU_0,7861.8,218.0,100.0
1781781873.90,ROCM_SMI,GPU_0,7861.8,212.0,100.0
1781781876.20,ROCM_SMI,GPU_0,7861.8,215.0,100.0
1781781878.51,ROCM_SMI,GPU_0,7861.8,214.0,100.0
1781781880.81,ROCM_SMI,GPU_0,7861.8,216.0,100.0
1781781883.12,ROCM_SMI,GPU_0,7861.8,214.0,100.0
1781781885.44,ROCM_SMI,GPU_0,7861.8,212.0,100.0
1781781887.73,ROCM_SMI,GPU_0,7861.8,216.0,100.0
1781781890.02,ROCM_SMI,GPU_0,7861.8,212.0,100.0
1781781892.33,ROCM_SMI,GPU_0,7861.8,215.0,100.0
1781781894.65,ROCM_SMI,GPU_0,7861.8,215.0,86.0
1781781896.95,ROCM_SMI,GPU_0,7861.8,216.0,100.0
1781781899.27,ROCM_SMI,GPU_0,7861.8,214.0,100.0
1781781901.58,ROCM_SMI,GPU_0,7861.8,214.0,100.0
1781781903.90,ROCM_SMI,GPU_0,7861.8,215.0,100.0
1781781906.21,ROCM_SMI,GPU_0,7861.8,216.0,100.0
1781781908.53,ROCM_SMI,GPU_0,7861.8,214.0,100.0
1781781910.82,ROCM_SMI,GPU_0,7861.8,215.0,100.0
1781781913.11,ROCM_SMI,GPU_0,7861.8,213.0,100.0
1781781915.43,ROCM_SMI,GPU_0,7861.8,215.0,100.0
1781781917.74,ROCM_SMI,GPU_0,7861.8,214.0,100.0
1781781920.05,ROCM_SMI,GPU_0,7861.8,213.0,100.0
1781781922.37,ROCM_SMI,GPU_0,7861.8,215.0,100.0
1781781924.68,ROCM_SMI,GPU_0,7861.8,219.0,100.0
1781781926.98,ROCM_SMI,GPU_0,7861.8,215.0,100.0
1781781929.29,ROCM_SMI,GPU_0,7861.8,215.0,100.0
1781781931.59,ROCM_SMI,GPU_0,7861.8,218.0,100.0
1781781933.90,ROCM_SMI,GPU_0,7861.8,214.0,100.0
1781781936.18,ROCM_SMI,GPU_0,7861.8,217.0,100.0
1781781938.47,ROCM_SMI,GPU_0,7861.8,215.0,100.0
1781781940.78,ROCM_SMI,GPU_0,7861.8,219.0,100.0
1781781943.09,ROCM_SMI,GPU_0,7861.8,217.0,100.0
1781781945.40,ROCM_SMI,GPU_0,7861.8,219.0,100.0
1781781947.71,ROCM_SMI,GPU_0,7861.8,213.0,100.0
1781781950.03,ROCM_SMI,GPU_0,7861.8,217.0,100.0
1781781952.34,ROCM_SMI,GPU_0,7861.8,213.0,100.0
1781781954.66,ROCM_SMI,GPU_0,7861.8,217.0,100.0
1781781956.97,ROCM_SMI,GPU_0,7861.8,214.0,100.0
1781781959.28,ROCM_SMI,GPU_0,7861.8,215.0,100.0
1781781961.59,ROCM_SMI,GPU_0,7861.8,214.0,100.0
1781781963.91,ROCM_SMI,GPU_0,7861.8,219.0,100.0
1781781966.22,ROCM_SMI,GPU_0,7861.8,217.0,100.0
1781781968.44,ROCM_SMI,GPU_0,7861.8,215.0,100.0
1781781970.69,ROCM_SMI,GPU_0,7861.8,213.0,100.0
1781781973.00,ROCM_SMI,GPU_0,7861.8,215.0,100.0
1781781975.29,ROCM_SMI,GPU_0,7861.8,212.0,100.0
1781781977.58,ROCM_SMI,GPU_0,7861.8,213.0,100.0
1781781979.87,ROCM_SMI,GPU_0,7861.8,212.0,100.0
1781781982.17,ROCM_SMI,GPU_0,7861.8,213.0,100.0
1781781984.48,ROCM_SMI,GPU_0,7861.8,216.0,100.0
1781781986.77,ROCM_SMI,GPU_0,7861.8,211.0,100.0
1781781989.08,ROCM_SMI,GPU_0,7861.8,217.0,100.0
1781781991.37,ROCM_SMI,GPU_0,7861.8,213.0,100.0
1781781993.69,ROCM_SMI,GPU_0,7861.8,216.0,100.0
1781781995.94,ROCM_SMI,GPU_0,7861.8,212.0,100.0
1781781998.25,ROCM_SMI,GPU_0,7861.8,213.0,100.0
1781782000.56,ROCM_SMI,GPU_0,7861.8,219.0,100.0
1781782002.87,ROCM_SMI,GPU_0,7861.8,214.0,100.0
1781782005.19,ROCM_SMI,GPU_0,7861.8,213.0,100.0
1781782007.50,ROCM_SMI,GPU_0,7861.8,212.0,100.0
1781782009.83,ROCM_SMI,GPU_0,7861.8,213.0,100.0
1781782012.14,ROCM_SMI,GPU_0,7861.8,213.0,100.0
1781782014.44,ROCM_SMI,GPU_0,7861.8,214.0,100.0
1781782016.72,ROCM_SMI,GPU_0,7861.8,218.0,100.0
1781782018.97,ROCM_SMI,GPU_0,7861.8,215.0,100.0
1781782021.27,ROCM_SMI,GPU_0,7861.8,215.0,100.0
1781782023.57,ROCM_SMI,GPU_0,7861.8,216.0,100.0
1781782025.88,ROCM_SMI,GPU_0,7861.8,214.0,100.0
1781782028.19,ROCM_SMI,GPU_0,7861.8,214.0,97.0
1781782030.48,ROCM_SMI,GPU_0,7861.8,215.0,100.0
1781782032.80,ROCM_SMI,GPU_0,7861.8,212.0,100.0
1781782035.11,ROCM_SMI,GPU_0,7861.8,216.0,100.0
1781782037.43,ROCM_SMI,GPU_0,7861.8,213.0,100.0
1781782039.74,ROCM_SMI,GPU_0,7861.8,216.0,100.0
1781782042.05,ROCM_SMI,GPU_0,7861.8,220.0,100.0
1781782044.37,ROCM_SMI,GPU_0,7861.8,214.0,100.0
1781782046.68,ROCM_SMI,GPU_0,7861.8,213.0,100.0
1781782048.99,ROCM_SMI,GPU_0,7861.8,212.0,100.0
1781782051.30,ROCM_SMI,GPU_0,7861.8,216.0,100.0
1781782053.61,ROCM_SMI,GPU_0,7861.8,215.0,100.0
1781782055.93,ROCM_SMI,GPU_0,7861.8,214.0,100.0
1781782058.24,ROCM_SMI,GPU_0,7861.8,219.0,100.0
1781782060.55,ROCM_SMI,GPU_0,7861.8,214.0,100.0
1781782062.85,ROCM_SMI,GPU_0,7861.8,215.0,100.0
1781782065.15,ROCM_SMI,GPU_0,7861.8,215.0,100.0
1781782067.46,ROCM_SMI,GPU_0,7861.8,215.0,100.0
1781782069.77,ROCM_SMI,GPU_0,7861.8,216.0,100.0
1781782072.08,ROCM_SMI,GPU_0,7861.8,216.0,100.0
1781782074.39,ROCM_SMI,GPU_0,7861.8,214.0,100.0
1781782076.70,ROCM_SMI,GPU_0,7861.8,216.0,100.0
1781782079.01,ROCM_SMI,GPU_0,7861.8,216.0,100.0
1781782081.32,ROCM_SMI,GPU_0,7861.8,216.0,100.0
1781782083.63,ROCM_SMI,GPU_0,7861.8,213.0,100.0
1781782085.94,ROCM_SMI,GPU_0,7861.8,211.0,100.0
1781782088.25,ROCM_SMI,GPU_0,7861.8,215.0,100.0
1781782090.55,ROCM_SMI,GPU_0,7861.8,215.0,100.0
1781782092.86,ROCM_SMI,GPU_0,7861.8,213.0,100.0
1781782095.16,ROCM_SMI,GPU_0,7861.8,212.0,100.0
1781782097.48,ROCM_SMI,GPU_0,7861.8,215.0,100.0
1781782099.78,ROCM_SMI,GPU_0,7861.8,217.0,100.0
1781782102.10,ROCM_SMI,GPU_0,7861.8,221.0,100.0
1781782104.38,ROCM_SMI,GPU_0,7861.8,214.0,100.0
1781782106.69,ROCM_SMI,GPU_0,7861.8,216.0,100.0
1781782108.99,ROCM_SMI,GPU_0,7861.8,213.0,100.0
1781782111.28,ROCM_SMI,GPU_0,7861.8,214.0,100.0
1781782113.51,ROCM_SMI,GPU_0,7861.8,217.0,100.0
1781782115.83,ROCM_SMI,GPU_0,7861.8,215.0,100.0
1781782118.12,ROCM_SMI,GPU_0,7861.8,213.0,100.0
1781782120.42,ROCM_SMI,GPU_0,7861.8,215.0,100.0
1781782122.70,ROCM_SMI,GPU_0,7861.8,214.0,100.0
1781782124.93,ROCM_SMI,GPU_0,7861.8,211.0,100.0
1781782127.25,ROCM_SMI,GPU_0,7861.8,205.0,100.0
1781782129.53,ROCM_SMI,GPU_0,7861.8,211.0,100.0
1781782131.84,ROCM_SMI,GPU_0,7861.8,215.0,100.0
1781782134.12,ROCM_SMI,GPU_0,7861.8,212.0,100.0
1781782136.43,ROCM_SMI,GPU_0,7861.8,207.0,100.0
1781782138.71,ROCM_SMI,GPU_0,7861.8,211.0,100.0
1781782141.03,ROCM_SMI,GPU_0,7861.8,214.0,100.0
1781782143.34,ROCM_SMI,GPU_0,7861.8,216.0,100.0
1781782145.65,ROCM_SMI,GPU_0,7861.8,212.0,85.0
1781782147.97,ROCM_SMI,GPU_0,7861.8,207.0,100.0
1781782150.29,ROCM_SMI,GPU_0,7861.8,211.0,100.0
1781782152.59,ROCM_SMI,GPU_0,7861.8,216.0,100.0
1781782154.81,ROCM_SMI,GPU_0,7861.8,219.0,100.0
1781782157.13,ROCM_SMI,GPU_0,7861.8,210.0,100.0
1781782159.44,ROCM_SMI,GPU_0,7861.8,215.0,100.0
1781782161.75,ROCM_SMI,GPU_0,7861.8,209.0,100.0
1781782164.07,ROCM_SMI,GPU_0,7861.8,214.0,100.0
1781782166.36,ROCM_SMI,GPU_0,7861.8,212.0,88.0
1781782168.67,ROCM_SMI,GPU_0,7861.8,217.0,100.0
1781782170.98,ROCM_SMI,GPU_0,7861.8,212.0,100.0
1781782173.29,ROCM_SMI,GPU_0,7861.8,213.0,100.0
1781782175.59,ROCM_SMI,GPU_0,7861.8,217.0,100.0
1781782177.90,ROCM_SMI,GPU_0,7861.8,216.0,100.0
1781782180.21,ROCM_SMI,GPU_0,7861.8,213.0,100.0
1781782182.49,ROCM_SMI,GPU_0,7861.8,212.0,100.0
1781782184.80,ROCM_SMI,GPU_0,7861.8,214.0,100.0
1781782187.12,ROCM_SMI,GPU_0,7861.8,213.0,100.0
1781782189.44,ROCM_SMI,GPU_0,7861.8,218.0,100.0
1781782191.73,ROCM_SMI,GPU_0,7861.8,215.0,100.0
1781782194.05,ROCM_SMI,GPU_0,7861.8,214.0,100.0
1781782196.35,ROCM_SMI,GPU_0,7861.8,212.0,100.0
1781782198.67,ROCM_SMI,GPU_0,7861.8,215.0,100.0
1781782200.96,ROCM_SMI,GPU_0,7861.8,212.0,100.0
1781782203.28,ROCM_SMI,GPU_0,7861.8,215.0,100.0
1781782205.58,ROCM_SMI,GPU_0,7861.8,212.0,92.0
1781782207.90,ROCM_SMI,GPU_0,7861.8,214.0,100.0
1781782210.21,ROCM_SMI,GPU_0,7861.8,214.0,81.0
1781782212.52,ROCM_SMI,GPU_0,7861.8,216.0,100.0
1781782214.83,ROCM_SMI,GPU_0,7861.8,212.0,100.0
1781782217.14,ROCM_SMI,GPU_0,7861.8,213.0,100.0
1781782219.44,ROCM_SMI,GPU_0,7861.8,212.0,100.0
1781782221.76,ROCM_SMI,GPU_0,7861.8,214.0,100.0
1781782224.05,ROCM_SMI,GPU_0,7861.8,215.0,100.0
1781782226.36,ROCM_SMI,GPU_0,7861.8,215.0,100.0
1781782228.66,ROCM_SMI,GPU_0,7861.8,213.0,100.0
1781782230.98,ROCM_SMI,GPU_0,7861.8,209.0,100.0
1781782233.29,ROCM_SMI,GPU_0,7861.8,216.0,100.0
1781782235.60,ROCM_SMI,GPU_0,7861.8,212.0,100.0
1781782237.91,ROCM_SMI,GPU_0,7861.8,213.0,100.0
1781782240.22,ROCM_SMI,GPU_0,7861.8,211.0,100.0
1781782242.52,ROCM_SMI,GPU_0,7861.8,214.0,100.0
1781782244.83,ROCM_SMI,GPU_0,7861.8,214.0,100.0
1781782247.15,ROCM_SMI,GPU_0,7861.8,213.0,100.0
1781782249.46,ROCM_SMI,GPU_0,7861.8,212.0,100.0
1781782251.78,ROCM_SMI,GPU_0,7861.8,215.0,100.0
1781782254.09,ROCM_SMI,GPU_0,7861.8,213.0,100.0
1781782256.39,ROCM_SMI,GPU_0,7861.8,212.0,100.0
1781782258.70,ROCM_SMI,GPU_0,7861.8,214.0,100.0
1781782261.01,ROCM_SMI,GPU_0,7861.8,217.0,100.0
1781782263.32,ROCM_SMI,GPU_0,7861.8,215.0,100.0
1781782265.64,ROCM_SMI,GPU_0,7861.8,215.0,100.0
1781782267.94,ROCM_SMI,GPU_0,7861.8,214.0,100.0
1781782270.25,ROCM_SMI,GPU_0,7861.8,215.0,100.0
1781782272.56,ROCM_SMI,GPU_0,7861.8,216.0,100.0
1781782274.87,ROCM_SMI,GPU_0,7861.8,215.0,100.0
1781782277.17,ROCM_SMI,GPU_0,7861.8,213.0,100.0
1781782279.48,ROCM_SMI,GPU_0,7861.8,217.0,100.0
1781782281.79,ROCM_SMI,GPU_0,7861.8,216.0,100.0
1781782284.07,ROCM_SMI,GPU_0,7861.8,215.0,100.0
1781782286.39,ROCM_SMI,GPU_0,7861.8,217.0,100.0
1781782288.68,ROCM_SMI,GPU_0,7861.8,211.0,100.0
1781782290.99,ROCM_SMI,GPU_0,7861.8,215.0,100.0
1781782293.27,ROCM_SMI,GPU_0,7861.8,213.0,100.0
1781782295.56,ROCM_SMI,GPU_0,7861.8,215.0,100.0
1781782297.88,ROCM_SMI,GPU_0,7861.8,218.0,100.0
1781782300.18,ROCM_SMI,GPU_0,7861.8,215.0,100.0
1781782302.49,ROCM_SMI,GPU_0,7861.8,215.0,100.0
1781782304.80,ROCM_SMI,GPU_0,7861.8,212.0,100.0
1781782307.09,ROCM_SMI,GPU_0,7861.8,213.0,100.0
1781782309.41,ROCM_SMI,GPU_0,7861.8,204.0,100.0
1781782311.72,ROCM_SMI,GPU_0,7861.8,215.0,100.0
1781782314.03,ROCM_SMI,GPU_0,7861.8,211.0,100.0
1781782316.34,ROCM_SMI,GPU_0,7861.8,212.0,100.0
1781782318.65,ROCM_SMI,GPU_0,7861.8,211.0,80.0
1781782320.97,ROCM_SMI,GPU_0,7861.8,216.0,100.0
1781782323.27,ROCM_SMI,GPU_0,7861.8,212.0,100.0
1781782325.58,ROCM_SMI,GPU_0,7861.8,213.0,100.0
1781782327.89,ROCM_SMI,GPU_0,7861.8,216.0,100.0
1781782330.20,ROCM_SMI,GPU_0,7861.8,217.0,100.0
1781782332.51,ROCM_SMI,GPU_0,7861.8,213.0,100.0
1781782334.82,ROCM_SMI,GPU_0,7861.8,213.0,100.0
1781782337.13,ROCM_SMI,GPU_0,7861.8,215.0,100.0
1781782339.44,ROCM_SMI,GPU_0,7861.8,217.0,100.0
1781782341.74,ROCM_SMI,GPU_0,7861.8,218.0,100.0
1781782344.05,ROCM_SMI,GPU_0,7861.8,214.0,100.0
1781782346.29,ROCM_SMI,GPU_0,7861.8,213.0,100.0
1781782348.60,ROCM_SMI,GPU_0,7861.8,212.0,100.0
1781782350.89,ROCM_SMI,GPU_0,7861.8,215.0,100.0
1781782353.21,ROCM_SMI,GPU_0,7861.8,226.0,100.0
1781782355.52,ROCM_SMI,GPU_0,7861.8,214.0,100.0
1781782357.83,ROCM_SMI,GPU_0,7861.8,215.0,100.0
1781782360.13,ROCM_SMI,GPU_0,7861.8,213.0,100.0
1781782362.44,ROCM_SMI,GPU_0,7861.8,216.0,100.0
1781782364.76,ROCM_SMI,GPU_0,7861.8,213.0,100.0
1781782367.08,ROCM_SMI,GPU_0,7861.8,213.0,100.0
1781782369.39,ROCM_SMI,GPU_0,7861.8,212.0,100.0
1781782371.70,ROCM_SMI,GPU_0,7861.8,214.0,100.0
1781782374.01,ROCM_SMI,GPU_0,7861.8,214.0,100.0
1781782376.32,ROCM_SMI,GPU_0,7861.8,215.0,100.0
1781782378.63,ROCM_SMI,GPU_0,7861.8,212.0,75.0
1781782380.93,ROCM_SMI,GPU_0,7861.8,214.0,100.0
1781782383.25,ROCM_SMI,GPU_0,7861.8,213.0,100.0
1781782385.55,ROCM_SMI,GPU_0,7861.8,216.0,100.0
1781782387.86,ROCM_SMI,GPU_0,7861.8,214.0,100.0
1781782390.16,ROCM_SMI,GPU_0,7861.8,213.0,100.0
1781782392.47,ROCM_SMI,GPU_0,7861.8,216.0,100.0
1781782394.77,ROCM_SMI,GPU_0,7861.8,215.0,100.0
1781782397.08,ROCM_SMI,GPU_0,7861.8,216.0,100.0
1781782399.40,ROCM_SMI,GPU_0,7861.8,216.0,100.0
1781782401.71,ROCM_SMI,GPU_0,7861.8,215.0,100.0
1781782404.02,ROCM_SMI,GPU_0,7861.8,216.0,100.0
1781782406.33,ROCM_SMI,GPU_0,7861.8,216.0,100.0
1781782408.65,ROCM_SMI,GPU_0,7861.8,213.0,100.0
1781782410.96,ROCM_SMI,GPU_0,7861.8,213.0,100.0
1781782413.28,ROCM_SMI,GPU_0,7861.8,211.0,100.0
1781782415.58,ROCM_SMI,GPU_0,7861.8,214.0,100.0
1781782417.90,ROCM_SMI,GPU_0,7861.8,213.0,100.0
1781782420.22,ROCM_SMI,GPU_0,7861.8,215.0,100.0
1781782422.52,ROCM_SMI,GPU_0,7861.8,211.0,100.0
1781782424.82,ROCM_SMI,GPU_0,7861.8,216.0,100.0
1781782427.13,ROCM_SMI,GPU_0,7861.8,212.0,100.0
1781782429.44,ROCM_SMI,GPU_0,7861.8,214.0,100.0
1781782431.75,ROCM_SMI,GPU_0,7861.8,212.0,97.0
1781782434.06,ROCM_SMI,GPU_0,7861.8,216.0,100.0
1781782436.36,ROCM_SMI,GPU_0,7861.8,215.0,100.0
1781782438.65,ROCM_SMI,GPU_0,7861.8,213.0,100.0
1781782440.93,ROCM_SMI,GPU_0,7861.8,212.0,100.0
1781782443.22,ROCM_SMI,GPU_0,7861.8,213.0,100.0
1781782445.50,ROCM_SMI,GPU_0,7861.8,212.0,100.0
1781782447.79,ROCM_SMI,GPU_0,7861.8,212.0,100.0
1781782450.08,ROCM_SMI,GPU_0,7861.8,212.0,100.0
1781782452.37,ROCM_SMI,GPU_0,7861.8,217.0,100.0
1781782454.65,ROCM_SMI,GPU_0,7861.8,217.0,100.0
1781782456.95,ROCM_SMI,GPU_0,7861.8,215.0,100.0
1781782459.23,ROCM_SMI,GPU_0,7861.8,214.0,100.0
1781782461.52,ROCM_SMI,GPU_0,7861.8,214.0,97.0
1781782463.81,ROCM_SMI,GPU_0,7861.8,215.0,100.0
1781782466.09,ROCM_SMI,GPU_0,7861.8,215.0,100.0
1781782468.40,ROCM_SMI,GPU_0,7861.8,217.0,100.0
1781782470.69,ROCM_SMI,GPU_0,7861.8,215.0,100.0
1781782473.00,ROCM_SMI,GPU_0,7861.8,212.0,100.0
1781782475.29,ROCM_SMI,GPU_0,7861.8,217.0,100.0
1781782477.59,ROCM_SMI,GPU_0,7861.8,212.0,100.0
1781782479.89,ROCM_SMI,GPU_0,7861.8,215.0,100.0
1781782482.17,ROCM_SMI,GPU_0,7861.8,215.0,100.0
1781782484.46,ROCM_SMI,GPU_0,7861.8,213.0,82.0
1781782486.76,ROCM_SMI,GPU_0,7861.8,212.0,100.0
1781782489.03,ROCM_SMI,GPU_0,7861.8,218.0,100.0
1781782491.31,ROCM_SMI,GPU_0,7861.8,214.0,100.0
1781782493.60,ROCM_SMI,GPU_0,7861.8,213.0,100.0
1781782495.90,ROCM_SMI,GPU_0,7861.8,216.0,100.0
1781782498.19,ROCM_SMI,GPU_0,7861.8,214.0,100.0
1781782500.48,ROCM_SMI,GPU_0,7861.8,215.0,100.0
1781782502.78,ROCM_SMI,GPU_0,7861.8,203.0,81.0
1781782505.06,ROCM_SMI,GPU_0,7861.8,211.0,100.0
1781782507.36,ROCM_SMI,GPU_0,7861.8,212.0,100.0
1781782509.58,ROCM_SMI,GPU_0,7861.8,218.0,100.0
1781782511.89,ROCM_SMI,GPU_0,7861.8,213.0,100.0
1781782514.18,ROCM_SMI,GPU_0,7861.8,216.0,100.0
1781782516.47,ROCM_SMI,GPU_0,7861.8,213.0,100.0
1781782518.76,ROCM_SMI,GPU_0,7861.8,214.0,100.0
1781782521.03,ROCM_SMI,GPU_0,7861.8,211.0,100.0
1781782523.26,ROCM_SMI,GPU_0,7861.8,218.0,100.0
1781782525.55,ROCM_SMI,GPU_0,7861.8,218.0,100.0
1781782527.83,ROCM_SMI,GPU_0,7861.8,218.0,100.0
1781782530.13,ROCM_SMI,GPU_0,7861.8,211.0,83.0
1781782532.42,ROCM_SMI,GPU_0,7861.8,215.0,100.0
1781782534.72,ROCM_SMI,GPU_0,7861.8,218.0,100.0
1781782537.01,ROCM_SMI,GPU_0,7861.8,214.0,100.0
1781782539.30,ROCM_SMI,GPU_0,7861.8,209.0,100.0
1781782541.59,ROCM_SMI,GPU_0,7861.8,217.0,100.0
1781782543.88,ROCM_SMI,GPU_0,7861.8,216.0,100.0
1781782546.18,ROCM_SMI,GPU_0,7861.8,215.0,100.0
1781782548.40,ROCM_SMI,GPU_0,7861.8,213.0,100.0
1781782550.69,ROCM_SMI,GPU_0,7861.8,211.0,100.0
1781782552.98,ROCM_SMI,GPU_0,7861.8,214.0,100.0
1781782555.26,ROCM_SMI,GPU_0,7861.8,217.0,100.0
1781782557.55,ROCM_SMI,GPU_0,7861.8,217.0,100.0
1781782559.78,ROCM_SMI,GPU_0,7861.8,212.0,100.0
1781782562.08,ROCM_SMI,GPU_0,7861.8,222.0,100.0
1781782564.36,ROCM_SMI,GPU_0,7861.8,217.0,100.0
1781782566.65,ROCM_SMI,GPU_0,7861.8,217.0,100.0
1781782568.87,ROCM_SMI,GPU_0,7861.8,213.0,100.0
1781782571.16,ROCM_SMI,GPU_0,7861.8,212.0,95.0
1781782573.45,ROCM_SMI,GPU_0,7861.8,215.0,100.0
1781782575.74,ROCM_SMI,GPU_0,7861.8,214.0,100.0
1781782578.02,ROCM_SMI,GPU_0,7861.8,215.0,100.0
1781782580.30,ROCM_SMI,GPU_0,7861.8,213.0,100.0
1781782582.58,ROCM_SMI,GPU_0,7861.8,215.0,100.0
1781782584.86,ROCM_SMI,GPU_0,7861.8,212.0,100.0
1781782587.15,ROCM_SMI,GPU_0,7861.8,212.0,100.0
1781782589.45,ROCM_SMI,GPU_0,7861.8,210.0,100.0
1781782591.74,ROCM_SMI,GPU_0,7861.8,215.0,100.0
1781782593.96,ROCM_SMI,GPU_0,7861.8,216.0,100.0
1781782596.25,ROCM_SMI,GPU_0,7861.8,216.0,100.0
1781782598.53,ROCM_SMI,GPU_0,7861.8,217.0,100.0
1781782600.84,ROCM_SMI,GPU_0,7861.8,217.0,100.0
1781782603.11,ROCM_SMI,GPU_0,7861.8,212.0,100.0
1781782605.40,ROCM_SMI,GPU_0,7861.8,216.0,100.0
1781782607.68,ROCM_SMI,GPU_0,7861.8,216.0,100.0
1781782609.97,ROCM_SMI,GPU_0,7861.8,215.0,100.0
1781782612.27,ROCM_SMI,GPU_0,7861.8,214.0,100.0
1781782614.55,ROCM_SMI,GPU_0,7861.8,213.0,100.0
1781782616.85,ROCM_SMI,GPU_0,7861.8,198.0,100.0
1781782619.14,ROCM_SMI,GPU_0,7861.8,212.0,100.0
1781782621.44,ROCM_SMI,GPU_0,7861.8,214.0,100.0
1781782623.73,ROCM_SMI,GPU_0,7861.8,217.0,100.0
1781782626.02,ROCM_SMI,GPU_0,7861.8,217.0,100.0
1781782628.31,ROCM_SMI,GPU_0,7861.8,212.0,100.0
1781782630.59,ROCM_SMI,GPU_0,7861.8,213.0,100.0
1781782632.88,ROCM_SMI,GPU_0,7861.8,216.0,100.0
1781782635.17,ROCM_SMI,GPU_0,7861.8,214.0,100.0
1781782637.47,ROCM_SMI,GPU_0,7861.8,223.0,100.0
1781782639.77,ROCM_SMI,GPU_0,7861.8,215.0,83.0
1781782642.05,ROCM_SMI,GPU_0,7861.8,224.0,100.0
1781782644.32,ROCM_SMI,GPU_0,7861.8,212.0,100.0
1781782646.61,ROCM_SMI,GPU_0,7861.8,216.0,100.0
1781782648.90,ROCM_SMI,GPU_0,7861.8,212.0,100.0
1781782651.18,ROCM_SMI,GPU_0,7861.8,213.0,100.0
1781782653.48,ROCM_SMI,GPU_0,7861.8,218.0,100.0
1781782655.76,ROCM_SMI,GPU_0,7861.8,212.0,100.0
1781782658.06,ROCM_SMI,GPU_0,7861.8,216.0,100.0
1781782660.35,ROCM_SMI,GPU_0,7861.8,214.0,100.0
1781782662.64,ROCM_SMI,GPU_0,7861.8,211.0,100.0
1781782664.86,ROCM_SMI,GPU_0,7861.8,216.0,100.0
1781782667.16,ROCM_SMI,GPU_0,7861.8,213.0,100.0
1781782669.44,ROCM_SMI,GPU_0,7861.8,212.0,100.0
1781782671.74,ROCM_SMI,GPU_0,7861.8,215.0,100.0
1781782674.02,ROCM_SMI,GPU_0,7861.8,218.0,100.0
1781782676.30,ROCM_SMI,GPU_0,7861.8,213.0,100.0
1781782678.58,ROCM_SMI,GPU_0,7861.8,214.0,100.0
1781782680.88,ROCM_SMI,GPU_0,7861.8,215.0,100.0
1781782683.17,ROCM_SMI,GPU_0,7861.8,215.0,100.0
1781782685.47,ROCM_SMI,GPU_0,7861.8,216.0,100.0
1781782687.76,ROCM_SMI,GPU_0,7861.8,217.0,100.0
1781782690.05,ROCM_SMI,GPU_0,7861.8,215.0,100.0
1781782692.34,ROCM_SMI,GPU_0,7861.8,214.0,100.0
1781782694.63,ROCM_SMI,GPU_0,7861.8,215.0,100.0
1781782696.94,ROCM_SMI,GPU_0,7861.8,229.0,100.0
1781782699.23,ROCM_SMI,GPU_0,7861.8,213.0,100.0
1781782701.52,ROCM_SMI,GPU_0,7861.8,216.0,100.0
1781782703.81,ROCM_SMI,GPU_0,7861.8,212.0,100.0
1781782706.09,ROCM_SMI,GPU_0,7861.8,220.0,100.0
1781782708.39,ROCM_SMI,GPU_0,7861.8,212.0,100.0
1781782710.68,ROCM_SMI,GPU_0,7861.8,213.0,100.0
1781782712.97,ROCM_SMI,GPU_0,7861.8,212.0,100.0
1781782715.27,ROCM_SMI,GPU_0,7861.8,213.0,100.0
1781782717.57,ROCM_SMI,GPU_0,7861.8,212.0,100.0
1781782719.87,ROCM_SMI,GPU_0,7861.8,215.0,100.0
1781782722.16,ROCM_SMI,GPU_0,7861.8,214.0,100.0
1781782724.45,ROCM_SMI,GPU_0,7861.8,216.0,85.0
1781782726.74,ROCM_SMI,GPU_0,7861.8,214.0,100.0
1781782729.02,ROCM_SMI,GPU_0,7861.8,214.0,100.0
1781782731.32,ROCM_SMI,GPU_0,7861.8,217.0,100.0
1781782733.62,ROCM_SMI,GPU_0,7861.8,216.0,100.0
1781782735.91,ROCM_SMI,GPU_0,7861.8,207.0,100.0
1781782738.20,ROCM_SMI,GPU_0,7861.8,215.0,100.0
1781782740.50,ROCM_SMI,GPU_0,7861.8,215.0,100.0
1781782742.77,ROCM_SMI,GPU_0,7861.8,213.0,100.0
1781782745.05,ROCM_SMI,GPU_0,7861.8,211.0,100.0
1781782747.34,ROCM_SMI,GPU_0,7861.8,212.0,100.0
1781782749.62,ROCM_SMI,GPU_0,7861.8,216.0,100.0
1781782751.92,ROCM_SMI,GPU_0,7861.8,215.0,100.0
1781782754.20,ROCM_SMI,GPU_0,7861.8,213.0,100.0
1781782756.50,ROCM_SMI,GPU_0,7861.8,216.0,100.0
1781782758.79,ROCM_SMI,GPU_0,7861.8,213.0,100.0
1781782761.09,ROCM_SMI,GPU_0,7861.8,215.0,100.0
1781782763.37,ROCM_SMI,GPU_0,7861.8,215.0,100.0
1781782765.66,ROCM_SMI,GPU_0,7861.8,213.0,85.0
1781782767.95,ROCM_SMI,GPU_0,7861.8,215.0,100.0
1781782770.24,ROCM_SMI,GPU_0,7861.8,212.0,100.0
1781782772.53,ROCM_SMI,GPU_0,7861.8,216.0,100.0
1781782774.82,ROCM_SMI,GPU_0,7861.8,218.0,100.0
1781782777.11,ROCM_SMI,GPU_0,7861.8,214.0,100.0
1781782779.40,ROCM_SMI,GPU_0,7861.8,215.0,100.0
1781782781.68,ROCM_SMI,GPU_0,7861.8,212.0,100.0
1781782783.97,ROCM_SMI,GPU_0,7861.8,214.0,100.0
1781782786.25,ROCM_SMI,GPU_0,7861.8,213.0,100.0
1781782788.55,ROCM_SMI,GPU_0,7861.8,213.0,100.0
1781782790.85,ROCM_SMI,GPU_0,7861.8,216.0,100.0
1781782793.13,ROCM_SMI,GPU_0,7861.8,212.0,100.0
1781782795.43,ROCM_SMI,GPU_0,7861.8,212.0,100.0
1781782797.72,ROCM_SMI,GPU_0,7861.8,217.0,100.0
1781782800.02,ROCM_SMI,GPU_0,7861.8,213.0,100.0
1781782802.30,ROCM_SMI,GPU_0,7861.8,213.0,100.0
1781782804.58,ROCM_SMI,GPU_0,7861.8,215.0,100.0
1781782806.87,ROCM_SMI,GPU_0,7861.8,215.0,100.0
1781782809.16,ROCM_SMI,GPU_0,7861.8,216.0,100.0
1781782811.46,ROCM_SMI,GPU_0,7861.8,217.0,100.0
1781782813.75,ROCM_SMI,GPU_0,7861.8,213.0,100.0
1781782816.04,ROCM_SMI,GPU_0,7861.8,212.0,100.0
1781782818.32,ROCM_SMI,GPU_0,7861.8,216.0,100.0
1781782820.62,ROCM_SMI,GPU_0,7861.8,214.0,100.0
1781782822.91,ROCM_SMI,GPU_0,7861.8,209.0,100.0
1781782825.21,ROCM_SMI,GPU_0,7861.8,217.0,100.0
1781782827.50,ROCM_SMI,GPU_0,7861.8,215.0,100.0
1781782829.79,ROCM_SMI,GPU_0,7861.8,213.0,100.0
1781782832.08,ROCM_SMI,GPU_0,7861.8,215.0,100.0
1781782834.37,ROCM_SMI,GPU_0,7861.8,217.0,100.0
1781782836.65,ROCM_SMI,GPU_0,7861.8,213.0,100.0
1781782838.95,ROCM_SMI,GPU_0,7861.8,214.0,100.0
1781782841.23,ROCM_SMI,GPU_0,7861.8,216.0,100.0
1781782843.53,ROCM_SMI,GPU_0,7861.8,213.0,100.0
1781782845.82,ROCM_SMI,GPU_0,7861.8,215.0,100.0
1781782848.12,ROCM_SMI,GPU_0,7861.8,211.0,100.0
1781782850.42,ROCM_SMI,GPU_0,7861.8,215.0,100.0
1781782852.73,ROCM_SMI,GPU_0,7861.8,218.0,100.0
1781782855.03,ROCM_SMI,GPU_0,7861.8,210.0,100.0
1781782857.32,ROCM_SMI,GPU_0,7861.8,215.0,100.0
1781782859.56,ROCM_SMI,GPU_0,7861.8,212.0,100.0
1781782861.88,ROCM_SMI,GPU_0,7861.8,212.0,100.0
1781782864.19,ROCM_SMI,GPU_0,7861.8,212.0,100.0
1781782866.43,ROCM_SMI,GPU_0,7861.8,219.0,100.0
1781782868.68,ROCM_SMI,GPU_0,7861.8,213.0,100.0
1781782870.91,ROCM_SMI,GPU_0,7861.8,212.0,100.0
1781782873.23,ROCM_SMI,GPU_0,7861.8,213.0,100.0
1781782875.54,ROCM_SMI,GPU_0,7861.8,213.0,100.0
1781782877.85,ROCM_SMI,GPU_0,7861.8,213.0,100.0
1781782880.16,ROCM_SMI,GPU_0,7861.8,210.0,100.0
1781782882.48,ROCM_SMI,GPU_0,7861.8,216.0,100.0
1781782884.78,ROCM_SMI,GPU_0,7861.8,212.0,100.0
1781782887.10,ROCM_SMI,GPU_0,7861.8,212.0,100.0
1781782889.41,ROCM_SMI,GPU_0,7861.8,213.0,100.0
1781782891.71,ROCM_SMI,GPU_0,7861.8,213.0,100.0
1781782893.94,ROCM_SMI,GPU_0,7861.8,212.0,100.0
1781782896.25,ROCM_SMI,GPU_0,7861.8,211.0,100.0
1781782898.56,ROCM_SMI,GPU_0,7861.8,213.0,100.0
1781782900.87,ROCM_SMI,GPU_0,7861.8,214.0,100.0
1781782903.18,ROCM_SMI,GPU_0,7861.8,215.0,100.0
1781782905.47,ROCM_SMI,GPU_0,7861.8,214.0,100.0
1781782907.78,ROCM_SMI,GPU_0,7861.8,215.0,100.0
1781782910.09,ROCM_SMI,GPU_0,7861.8,215.0,100.0
1781782912.40,ROCM_SMI,GPU_0,7861.8,213.0,100.0
1781782914.67,ROCM_SMI,GPU_0,7861.8,214.0,100.0
1781782916.98,ROCM_SMI,GPU_0,7861.8,214.0,100.0
1781782919.29,ROCM_SMI,GPU_0,7861.8,215.0,100.0
1781782921.60,ROCM_SMI,GPU_0,7861.8,213.0,100.0
1781782923.92,ROCM_SMI,GPU_0,7861.8,216.0,100.0
1781782926.23,ROCM_SMI,GPU_0,7861.8,214.0,100.0
1781782928.50,ROCM_SMI,GPU_0,7861.8,216.0,100.0
1781782930.82,ROCM_SMI,GPU_0,7861.8,213.0,100.0
1781782933.13,ROCM_SMI,GPU_0,7861.8,222.0,100.0
1781782935.44,ROCM_SMI,GPU_0,7861.8,214.0,100.0
1781782937.75,ROCM_SMI,GPU_0,7861.8,214.0,100.0
1781782940.05,ROCM_SMI,GPU_0,7861.8,219.0,100.0
1781782942.37,ROCM_SMI,GPU_0,7861.8,211.0,100.0
1781782944.67,ROCM_SMI,GPU_0,7861.8,212.0,100.0
1781782946.99,ROCM_SMI,GPU_0,7861.8,213.0,100.0
1781782949.28,ROCM_SMI,GPU_0,7861.8,215.0,100.0
1781782951.60,ROCM_SMI,GPU_0,7861.8,216.0,100.0
1781782953.92,ROCM_SMI,GPU_0,7861.8,211.0,100.0
1781782956.23,ROCM_SMI,GPU_0,7861.8,213.0,100.0
1781782958.53,ROCM_SMI,GPU_0,7861.8,212.0,100.0
1781782960.82,ROCM_SMI,GPU_0,7861.8,215.0,100.0
1781782963.12,ROCM_SMI,GPU_0,7861.8,213.0,100.0
1781782965.44,ROCM_SMI,GPU_0,7861.8,208.0,100.0
1781782967.67,ROCM_SMI,GPU_0,7861.8,213.0,100.0
1781782969.95,ROCM_SMI,GPU_0,7861.8,213.0,100.0
1781782972.19,ROCM_SMI,GPU_0,7861.8,216.0,100.0
1781782974.44,ROCM_SMI,GPU_0,7861.8,209.0,100.0
1781782976.75,ROCM_SMI,GPU_0,7861.8,213.0,100.0
1781782979.06,ROCM_SMI,GPU_0,7861.8,216.0,100.0
1781782981.37,ROCM_SMI,GPU_0,7861.8,212.0,100.0
1781782983.69,ROCM_SMI,GPU_0,7861.8,211.0,100.0
1781782985.99,ROCM_SMI,GPU_0,7861.8,213.0,100.0
1781782988.31,ROCM_SMI,GPU_0,7861.8,210.0,100.0
1781782990.62,ROCM_SMI,GPU_0,7861.8,215.0,100.0
1781782992.91,ROCM_SMI,GPU_0,7861.8,212.0,100.0
1781782995.22,ROCM_SMI,GPU_0,7861.8,215.0,100.0
1781782997.52,ROCM_SMI,GPU_0,7861.8,213.0,100.0
1781782999.82,ROCM_SMI,GPU_0,7861.8,215.0,100.0
1781783002.13,ROCM_SMI,GPU_0,7861.8,218.0,100.0
1781783004.45,ROCM_SMI,GPU_0,7861.8,213.0,100.0
1781783006.76,ROCM_SMI,GPU_0,7861.8,220.0,100.0
1781783009.07,ROCM_SMI,GPU_0,7861.8,213.0,100.0
1781783011.38,ROCM_SMI,GPU_0,7861.8,212.0,100.0
1781783013.69,ROCM_SMI,GPU_0,7861.8,215.0,100.0
1781783016.00,ROCM_SMI,GPU_0,7861.8,212.0,100.0
1781783018.32,ROCM_SMI,GPU_0,7861.8,214.0,100.0
1781783020.63,ROCM_SMI,GPU_0,7861.8,214.0,100.0
1781783022.95,ROCM_SMI,GPU_0,7861.8,215.0,100.0
1781783025.26,ROCM_SMI,GPU_0,7861.8,213.0,100.0
1781783027.58,ROCM_SMI,GPU_0,7861.8,219.0,100.0
1781783029.89,ROCM_SMI,GPU_0,7861.8,216.0,100.0
1781783032.19,ROCM_SMI,GPU_0,7861.8,217.0,100.0
1781783034.50,ROCM_SMI,GPU_0,7861.8,215.0,100.0
1781783036.73,ROCM_SMI,GPU_0,7861.8,218.0,100.0
1781783039.04,ROCM_SMI,GPU_0,7861.8,214.0,100.0
1781783041.35,ROCM_SMI,GPU_0,7861.8,215.0,100.0
1781783043.65,ROCM_SMI,GPU_0,7861.8,213.0,100.0
1781783045.95,ROCM_SMI,GPU_0,7861.8,214.0,100.0
1781783048.26,ROCM_SMI,GPU_0,7861.8,216.0,100.0
1781783050.56,ROCM_SMI,GPU_0,7861.8,215.0,100.0
1781783052.87,ROCM_SMI,GPU_0,7861.8,214.0,100.0
1781783055.19,ROCM_SMI,GPU_0,7861.8,214.0,100.0
1781783057.49,ROCM_SMI,GPU_0,7861.8,212.0,100.0
1781783059.80,ROCM_SMI,GPU_0,7861.8,215.0,100.0
1781783062.11,ROCM_SMI,GPU_0,7861.8,213.0,100.0
1781783064.42,ROCM_SMI,GPU_0,7861.8,217.0,100.0
1781783066.73,ROCM_SMI,GPU_0,7861.8,211.0,100.0
1781783069.04,ROCM_SMI,GPU_0,7861.8,216.0,100.0
1781783071.35,ROCM_SMI,GPU_0,7861.8,211.0,100.0
1781783073.65,ROCM_SMI,GPU_0,7861.8,216.0,100.0
1781783075.96,ROCM_SMI,GPU_0,7861.8,213.0,100.0
1781783078.28,ROCM_SMI,GPU_0,7861.8,218.0,100.0
1781783080.59,ROCM_SMI,GPU_0,7861.8,212.0,100.0
1781783082.90,ROCM_SMI,GPU_0,7861.8,214.0,100.0
1781783085.22,ROCM_SMI,GPU_0,7861.8,214.0,100.0
1781783087.52,ROCM_SMI,GPU_0,7861.8,214.0,100.0
1781783089.83,ROCM_SMI,GPU_0,7861.8,211.0,89.0
1781783092.15,ROCM_SMI,GPU_0,7861.8,212.0,100.0
1781783094.46,ROCM_SMI,GPU_0,7861.8,213.0,100.0
1781783096.69,ROCM_SMI,GPU_0,7861.8,214.0,100.0
1781783099.01,ROCM_SMI,GPU_0,7861.8,210.0,100.0
1781783101.32,ROCM_SMI,GPU_0,7861.8,214.0,100.0
1781783103.63,ROCM_SMI,GPU_0,7861.8,213.0,100.0
1781783105.94,ROCM_SMI,GPU_0,7861.8,212.0,100.0
1781783108.25,ROCM_SMI,GPU_0,7861.8,215.0,100.0
1781783110.50,ROCM_SMI,GPU_0,7861.8,221.0,100.0
1781783112.80,ROCM_SMI,GPU_0,7861.8,218.0,100.0
1781783115.04,ROCM_SMI,GPU_0,7861.8,215.0,100.0
1781783117.27,ROCM_SMI,GPU_0,7861.8,215.0,100.0
1781783119.58,ROCM_SMI,GPU_0,7861.8,215.0,100.0
1781783121.88,ROCM_SMI,GPU_0,7861.8,215.0,100.0
1781783124.19,ROCM_SMI,GPU_0,7861.8,216.0,84.0
1781783126.51,ROCM_SMI,GPU_0,7861.8,217.0,100.0
1781783128.82,ROCM_SMI,GPU_0,7861.8,215.0,84.0
1781783131.13,ROCM_SMI,GPU_0,7861.8,220.0,100.0
1781783133.44,ROCM_SMI,GPU_0,7861.8,217.0,100.0
1781783135.74,ROCM_SMI,GPU_0,7861.8,218.0,100.0
1781783138.05,ROCM_SMI,GPU_0,7861.8,215.0,100.0
1781783140.36,ROCM_SMI,GPU_0,7861.8,217.0,100.0
1781783142.61,ROCM_SMI,GPU_0,7861.8,215.0,100.0
1781783144.92,ROCM_SMI,GPU_0,7861.8,213.0,100.0
1781783147.22,ROCM_SMI,GPU_0,7861.8,216.0,100.0
1781783149.53,ROCM_SMI,GPU_0,7861.8,213.0,100.0
1781783151.84,ROCM_SMI,GPU_0,7861.8,215.0,100.0
1781783154.16,ROCM_SMI,GPU_0,7861.8,211.0,100.0
1781783156.46,ROCM_SMI,GPU_0,7861.8,216.0,100.0
1781783158.77,ROCM_SMI,GPU_0,7861.8,218.0,100.0
1781783161.08,ROCM_SMI,GPU_0,7861.8,213.0,100.0
1781783163.40,ROCM_SMI,GPU_0,7861.8,215.0,100.0
1781783165.71,ROCM_SMI,GPU_0,7861.8,213.0,100.0
1781783168.02,ROCM_SMI,GPU_0,7861.8,215.0,100.0
1781783170.32,ROCM_SMI,GPU_0,7861.8,213.0,100.0
1781783172.63,ROCM_SMI,GPU_0,7861.8,211.0,100.0
1781783174.95,ROCM_SMI,GPU_0,7861.8,214.0,100.0
1781783177.27,ROCM_SMI,GPU_0,7861.8,215.0,86.0
1781783179.59,ROCM_SMI,GPU_0,7861.8,213.0,100.0
1781783181.89,ROCM_SMI,GPU_0,7861.8,213.0,100.0
1781783184.21,ROCM_SMI,GPU_0,7861.8,214.0,100.0
1781783186.53,ROCM_SMI,GPU_0,7861.8,213.0,100.0
1781783188.83,ROCM_SMI,GPU_0,7861.8,215.0,100.0
1781783191.14,ROCM_SMI,GPU_0,7861.8,207.0,100.0
1781783193.44,ROCM_SMI,GPU_0,7861.8,216.0,100.0
1781783195.75,ROCM_SMI,GPU_0,7861.8,215.0,83.0
1781783198.05,ROCM_SMI,GPU_0,7861.8,218.0,100.0
1781783200.37,ROCM_SMI,GPU_0,7861.8,215.0,100.0
1781783202.68,ROCM_SMI,GPU_0,7861.8,215.0,100.0
1781783204.92,ROCM_SMI,GPU_0,7861.8,218.0,100.0
1781783207.24,ROCM_SMI,GPU_0,7861.8,212.0,100.0
1781783209.54,ROCM_SMI,GPU_0,7861.8,219.0,100.0
1781783211.86,ROCM_SMI,GPU_0,7861.8,213.0,100.0
1781783214.17,ROCM_SMI,GPU_0,7861.8,216.0,100.0
1781783216.47,ROCM_SMI,GPU_0,7861.8,211.0,100.0
1781783218.78,ROCM_SMI,GPU_0,7861.8,216.0,100.0
1781783221.09,ROCM_SMI,GPU_0,7861.8,197.0,95.0
1781783223.40,ROCM_SMI,GPU_0,7861.8,215.0,100.0
1781783225.72,ROCM_SMI,GPU_0,7861.8,217.0,100.0
1781783228.04,ROCM_SMI,GPU_0,7861.8,214.0,100.0
1781783230.36,ROCM_SMI,GPU_0,7861.8,211.0,100.0
1781783232.67,ROCM_SMI,GPU_0,7861.8,214.0,100.0
1781783234.98,ROCM_SMI,GPU_0,7861.8,211.0,100.0
1781783237.29,ROCM_SMI,GPU_0,7861.8,214.0,100.0
1781783239.60,ROCM_SMI,GPU_0,7861.8,215.0,100.0
1781783241.91,ROCM_SMI,GPU_0,7861.8,216.0,100.0
1781783244.14,ROCM_SMI,GPU_0,7861.8,216.0,100.0
1781783246.45,ROCM_SMI,GPU_0,7861.8,216.0,100.0
1781783248.76,ROCM_SMI,GPU_0,7861.8,214.0,100.0
1781783251.06,ROCM_SMI,GPU_0,7861.8,213.0,100.0
1781783253.37,ROCM_SMI,GPU_0,7861.8,215.0,100.0
1781783255.68,ROCM_SMI,GPU_0,7861.8,214.0,100.0
1781783257.99,ROCM_SMI,GPU_0,7861.8,217.0,100.0
1781783260.31,ROCM_SMI,GPU_0,7861.8,216.0,100.0
1781783262.63,ROCM_SMI,GPU_0,7861.8,216.0,100.0
1781783264.94,ROCM_SMI,GPU_0,7861.8,213.0,100.0
1781783267.26,ROCM_SMI,GPU_0,7861.8,215.0,100.0
1781783269.58,ROCM_SMI,GPU_0,7861.8,218.0,100.0
1781783271.90,ROCM_SMI,GPU_0,7861.8,215.0,100.0
1781783274.22,ROCM_SMI,GPU_0,7861.8,215.0,100.0
1781783276.53,ROCM_SMI,GPU_0,7861.8,214.0,100.0
1781783278.82,ROCM_SMI,GPU_0,7861.8,215.0,100.0
1781783281.14,ROCM_SMI,GPU_0,7861.8,216.0,100.0
1781783283.36,ROCM_SMI,GPU_0,7861.8,218.0,100.0
1781783285.68,ROCM_SMI,GPU_0,7861.8,215.0,100.0
1781783287.98,ROCM_SMI,GPU_0,7861.8,216.0,100.0
1781783290.29,ROCM_SMI,GPU_0,7861.8,214.0,100.0
1781783292.51,ROCM_SMI,GPU_0,7861.8,214.0,100.0
1781783294.73,ROCM_SMI,GPU_0,7861.8,217.0,100.0
1781783297.04,ROCM_SMI,GPU_0,7861.8,216.0,100.0
1781783299.35,ROCM_SMI,GPU_0,7861.8,219.0,100.0
1781783301.67,ROCM_SMI,GPU_0,7861.8,215.0,100.0
1781783303.98,ROCM_SMI,GPU_0,7861.8,215.0,100.0
1781783306.29,ROCM_SMI,GPU_0,7861.8,218.0,100.0
1781783308.60,ROCM_SMI,GPU_0,7861.8,212.0,100.0
1781783310.91,ROCM_SMI,GPU_0,7861.8,216.0,100.0
1781783313.17,ROCM_SMI,GPU_0,7861.8,214.0,100.0
1781783315.49,ROCM_SMI,GPU_0,7861.8,216.0,100.0
1781783317.81,ROCM_SMI,GPU_0,7861.8,213.0,100.0
1781783320.11,ROCM_SMI,GPU_0,7861.8,217.0,100.0
1781783322.43,ROCM_SMI,GPU_0,7861.8,211.0,100.0
1781783324.74,ROCM_SMI,GPU_0,7861.8,215.0,100.0
1781783327.05,ROCM_SMI,GPU_0,7861.8,216.0,100.0
1781783329.36,ROCM_SMI,GPU_0,7861.8,216.0,100.0
1781783331.66,ROCM_SMI,GPU_0,7861.8,214.0,100.0
1781783333.98,ROCM_SMI,GPU_0,7861.8,229.0,100.0
1781783336.28,ROCM_SMI,GPU_0,7861.8,212.0,100.0
1781783338.58,ROCM_SMI,GPU_0,7861.8,213.0,100.0
1781783340.90,ROCM_SMI,GPU_0,7861.8,212.0,100.0
1781783343.21,ROCM_SMI,GPU_0,7861.8,218.0,100.0
1781783345.53,ROCM_SMI,GPU_0,7861.8,214.0,100.0
1781783347.84,ROCM_SMI,GPU_0,7861.8,216.0,100.0
1781783350.14,ROCM_SMI,GPU_0,7861.8,212.0,100.0
1781783352.46,ROCM_SMI,GPU_0,7861.8,215.0,100.0
1781783354.77,ROCM_SMI,GPU_0,7861.8,211.0,100.0
1781783357.09,ROCM_SMI,GPU_0,7861.8,217.0,100.0
1781783359.38,ROCM_SMI,GPU_0,7861.8,214.0,100.0
1781783361.68,ROCM_SMI,GPU_0,7861.8,215.0,100.0
1781783363.92,ROCM_SMI,GPU_0,7861.8,213.0,100.0
1781783366.24,ROCM_SMI,GPU_0,7861.8,213.0,100.0
1781783368.55,ROCM_SMI,GPU_0,7861.8,216.0,100.0
1781783370.87,ROCM_SMI,GPU_0,7861.8,214.0,100.0
1781783373.18,ROCM_SMI,GPU_0,7861.8,215.0,100.0
1781783375.50,ROCM_SMI,GPU_0,7861.8,215.0,100.0
1781783377.79,ROCM_SMI,GPU_0,7861.8,215.0,100.0
1781783380.02,ROCM_SMI,GPU_0,7861.8,218.0,100.0
1781783382.33,ROCM_SMI,GPU_0,7861.8,217.0,100.0
1781783384.65,ROCM_SMI,GPU_0,7861.8,219.0,100.0
1781783386.96,ROCM_SMI,GPU_0,7861.8,214.0,100.0
1781783389.27,ROCM_SMI,GPU_0,7861.8,214.0,100.0
1781783391.53,ROCM_SMI,GPU_0,7861.8,215.0,100.0
1781783393.83,ROCM_SMI,GPU_0,7861.8,215.0,100.0
1781783396.14,ROCM_SMI,GPU_0,7861.8,214.0,100.0
1781783398.37,ROCM_SMI,GPU_0,7861.8,213.0,100.0
1781783400.68,ROCM_SMI,GPU_0,7861.8,213.0,100.0
1781783402.99,ROCM_SMI,GPU_0,7861.8,214.0,100.0
1781783405.30,ROCM_SMI,GPU_0,7861.8,212.0,100.0
1781783407.60,ROCM_SMI,GPU_0,7861.8,215.0,100.0
1781783409.91,ROCM_SMI,GPU_0,7861.8,214.0,100.0
1781783412.22,ROCM_SMI,GPU_0,7861.8,214.0,100.0
1781783414.54,ROCM_SMI,GPU_0,7861.8,216.0,100.0
1781783416.85,ROCM_SMI,GPU_0,7861.8,213.0,100.0
1781783419.16,ROCM_SMI,GPU_0,7861.8,217.0,100.0
1781783421.48,ROCM_SMI,GPU_0,7861.8,213.0,100.0
1781783423.79,ROCM_SMI,GPU_0,7861.8,217.0,100.0
1781783426.10,ROCM_SMI,GPU_0,7861.8,218.0,100.0
1781783428.42,ROCM_SMI,GPU_0,7861.8,213.0,100.0
1781783430.73,ROCM_SMI,GPU_0,7861.8,215.0,100.0
1781783433.03,ROCM_SMI,GPU_0,7861.8,215.0,100.0
1781783435.35,ROCM_SMI,GPU_0,7861.8,213.0,100.0
1781783437.67,ROCM_SMI,GPU_0,7861.8,220.0,100.0
1781783439.98,ROCM_SMI,GPU_0,7861.8,213.0,77.0
1781783442.29,ROCM_SMI,GPU_0,7861.8,216.0,100.0
1781783444.60,ROCM_SMI,GPU_0,7861.8,216.0,100.0
1781783446.91,ROCM_SMI,GPU_0,7861.8,216.0,100.0
1781783449.22,ROCM_SMI,GPU_0,7861.8,214.0,100.0
1781783451.53,ROCM_SMI,GPU_0,7861.8,213.0,100.0
1781783453.83,ROCM_SMI,GPU_0,7861.8,214.0,100.0
1781783456.14,ROCM_SMI,GPU_0,7861.8,216.0,100.0
1781783458.44,ROCM_SMI,GPU_0,7861.8,214.0,100.0
1781783460.76,ROCM_SMI,GPU_0,7861.8,217.0,100.0
1781783463.06,ROCM_SMI,GPU_0,7861.8,215.0,100.0
1781783465.38,ROCM_SMI,GPU_0,7861.8,217.0,100.0
1781783467.67,ROCM_SMI,GPU_0,7861.8,217.0,100.0
1781783469.99,ROCM_SMI,GPU_0,7861.8,219.0,100.0
1781783472.30,ROCM_SMI,GPU_0,7861.8,216.0,100.0
1781783474.62,ROCM_SMI,GPU_0,7861.8,217.0,100.0
1781783476.88,ROCM_SMI,GPU_0,7861.8,221.0,100.0
1781783479.12,ROCM_SMI,GPU_0,7861.8,213.0,100.0
1781783481.43,ROCM_SMI,GPU_0,7861.8,214.0,100.0
1781783483.74,ROCM_SMI,GPU_0,7861.8,214.0,100.0
1781783486.05,ROCM_SMI,GPU_0,7861.8,220.0,100.0
1781783488.36,ROCM_SMI,GPU_0,7861.8,215.0,100.0
1781783490.64,ROCM_SMI,GPU_0,7861.8,214.0,100.0
1781783492.95,ROCM_SMI,GPU_0,7861.8,216.0,100.0
1781783495.27,ROCM_SMI,GPU_0,7861.8,213.0,85.0
1781783497.59,ROCM_SMI,GPU_0,7861.8,209.0,100.0
1781783499.90,ROCM_SMI,GPU_0,7861.8,209.0,100.0
1781783502.21,ROCM_SMI,GPU_0,7861.8,216.0,100.0
1781783504.51,ROCM_SMI,GPU_0,7861.8,213.0,95.0
1781783506.83,ROCM_SMI,GPU_0,7861.8,214.0,100.0
1781783509.15,ROCM_SMI,GPU_0,7861.8,212.0,100.0
1781783511.46,ROCM_SMI,GPU_0,7861.8,216.0,100.0
1781783513.77,ROCM_SMI,GPU_0,7861.8,212.0,100.0
1781783516.09,ROCM_SMI,GPU_0,7861.8,217.0,100.0
1781783518.40,ROCM_SMI,GPU_0,7861.8,213.0,100.0
1781783520.72,ROCM_SMI,GPU_0,7861.8,215.0,100.0
1781783523.03,ROCM_SMI,GPU_0,7861.8,211.0,100.0
1781783525.34,ROCM_SMI,GPU_0,7861.8,216.0,100.0
1781783527.65,ROCM_SMI,GPU_0,7861.8,207.0,100.0
1781783529.97,ROCM_SMI,GPU_0,7861.8,214.0,100.0
1781783532.27,ROCM_SMI,GPU_0,7861.8,214.0,100.0
1781783534.59,ROCM_SMI,GPU_0,7861.8,216.0,100.0
1781783536.90,ROCM_SMI,GPU_0,7861.8,215.0,100.0
1781783539.21,ROCM_SMI,GPU_0,7861.8,213.0,100.0
1781783541.53,ROCM_SMI,GPU_0,7861.8,214.0,100.0
1781783543.83,ROCM_SMI,GPU_0,7861.8,213.0,100.0
1781783546.15,ROCM_SMI,GPU_0,7861.8,212.0,100.0
1781783548.47,ROCM_SMI,GPU_0,7861.8,213.0,100.0
1781783550.78,ROCM_SMI,GPU_0,7861.8,212.0,100.0
1781783553.09,ROCM_SMI,GPU_0,7861.8,214.0,100.0
1781783555.37,ROCM_SMI,GPU_0,7861.8,215.0,100.0
1781783557.68,ROCM_SMI,GPU_0,7861.8,216.0,100.0
1781783559.96,ROCM_SMI,GPU_0,7861.8,217.0,100.0
1781783562.28,ROCM_SMI,GPU_0,7861.8,213.0,100.0
1781783564.57,ROCM_SMI,GPU_0,7861.8,217.0,100.0
1781783566.88,ROCM_SMI,GPU_0,7861.8,217.0,100.0
1781783569.17,ROCM_SMI,GPU_0,7861.8,217.0,100.0
1781783571.48,ROCM_SMI,GPU_0,7861.8,214.0,100.0
1781783573.79,ROCM_SMI,GPU_0,7861.8,216.0,100.0
1781783576.10,ROCM_SMI,GPU_0,7861.8,213.0,100.0
1781783578.41,ROCM_SMI,GPU_0,7861.8,216.0,100.0
1781783580.72,ROCM_SMI,GPU_0,7861.8,212.0,100.0
1781783583.03,ROCM_SMI,GPU_0,7861.8,218.0,100.0
1781783585.34,ROCM_SMI,GPU_0,7861.8,213.0,100.0
1781783587.65,ROCM_SMI,GPU_0,7861.8,217.0,100.0
1781783589.97,ROCM_SMI,GPU_0,7861.8,214.0,100.0
1781783592.28,ROCM_SMI,GPU_0,7861.8,215.0,100.0
1781783594.59,ROCM_SMI,GPU_0,7861.8,212.0,100.0
1781783596.91,ROCM_SMI,GPU_0,7861.8,219.0,100.0
1781783599.23,ROCM_SMI,GPU_0,7861.8,211.0,100.0
1781783601.53,ROCM_SMI,GPU_0,7861.8,213.0,100.0
1781783603.87,ROCM_SMI,GPU_0,7861.8,222.0,100.0
1781783606.17,ROCM_SMI,GPU_0,7861.8,217.0,100.0
1781783608.38,ROCM_SMI,GPU_0,7861.8,212.0,100.0
1781783610.68,ROCM_SMI,GPU_0,7861.8,212.0,100.0
1781783613.01,ROCM_SMI,GPU_0,7861.8,225.0,100.0
1781783615.33,ROCM_SMI,GPU_0,7861.8,212.0,100.0
1781783617.64,ROCM_SMI,GPU_0,7861.8,214.0,100.0
1781783619.95,ROCM_SMI,GPU_0,7861.8,212.0,100.0
1781783622.26,ROCM_SMI,GPU_0,7861.8,213.0,100.0
1781783624.57,ROCM_SMI,GPU_0,7861.8,215.0,100.0
1781783626.87,ROCM_SMI,GPU_0,7861.8,215.0,100.0
1781783629.18,ROCM_SMI,GPU_0,7861.8,215.0,100.0
1781783631.48,ROCM_SMI,GPU_0,7861.8,213.0,100.0
1781783633.73,ROCM_SMI,GPU_0,7861.8,209.0,100.0
1781783636.04,ROCM_SMI,GPU_0,7861.8,215.0,100.0
1781783638.35,ROCM_SMI,GPU_0,7861.8,216.0,100.0
1781783640.59,ROCM_SMI,GPU_0,7861.8,214.0,100.0
1781783642.91,ROCM_SMI,GPU_0,7861.8,217.0,100.0
1781783645.23,ROCM_SMI,GPU_0,7861.8,215.0,100.0
1781783647.55,ROCM_SMI,GPU_0,7861.8,216.0,100.0
1781783649.86,ROCM_SMI,GPU_0,7861.8,215.0,100.0
1781783652.17,ROCM_SMI,GPU_0,7861.8,217.0,100.0
1781783654.47,ROCM_SMI,GPU_0,7861.8,216.0,100.0
1781783656.77,ROCM_SMI,GPU_0,7861.8,217.0,100.0
1781783659.06,ROCM_SMI,GPU_0,7861.8,215.0,100.0
1781783661.29,ROCM_SMI,GPU_0,7861.8,216.0,100.0
1781783663.62,ROCM_SMI,GPU_0,7861.8,215.0,100.0
1781783665.93,ROCM_SMI,GPU_0,7861.8,214.0,100.0
1781783668.23,ROCM_SMI,GPU_0,7861.8,214.0,100.0
1781783670.53,ROCM_SMI,GPU_0,7861.8,217.0,100.0
1781783672.85,ROCM_SMI,GPU_0,7861.8,216.0,100.0
1781783675.16,ROCM_SMI,GPU_0,7861.8,218.0,100.0
1781783677.48,ROCM_SMI,GPU_0,7861.8,217.0,100.0
1781783679.77,ROCM_SMI,GPU_0,7861.8,214.0,100.0
1781783682.09,ROCM_SMI,GPU_0,7861.8,216.0,100.0
1781783684.40,ROCM_SMI,GPU_0,7861.8,221.0,100.0
1781783686.73,ROCM_SMI,GPU_0,7861.8,211.0,100.0
1781783689.02,ROCM_SMI,GPU_0,7861.8,213.0,100.0
1781783691.33,ROCM_SMI,GPU_0,7861.8,215.0,100.0
1781783693.62,ROCM_SMI,GPU_0,7861.8,217.0,100.0
1781783695.93,ROCM_SMI,GPU_0,7861.8,211.0,100.0
1781783698.24,ROCM_SMI,GPU_0,7861.8,212.0,100.0
1781783700.53,ROCM_SMI,GPU_0,7861.8,216.0,100.0
1781783702.85,ROCM_SMI,GPU_0,7861.8,212.0,100.0
1781783705.17,ROCM_SMI,GPU_0,7861.8,213.0,100.0
1781783707.49,ROCM_SMI,GPU_0,7861.8,214.0,100.0
1781783709.80,ROCM_SMI,GPU_0,7861.8,216.0,100.0
1781783712.11,ROCM_SMI,GPU_0,7861.8,218.0,100.0
1781783714.42,ROCM_SMI,GPU_0,7861.8,225.0,100.0
1781783716.74,ROCM_SMI,GPU_0,7861.8,217.0,100.0
1781783719.05,ROCM_SMI,GPU_0,7861.8,213.0,100.0
1781783721.37,ROCM_SMI,GPU_0,7861.8,216.0,100.0
1781783723.68,ROCM_SMI,GPU_0,7861.8,215.0,100.0
1781783726.00,ROCM_SMI,GPU_0,7861.8,214.0,100.0
1781783728.31,ROCM_SMI,GPU_0,7861.8,216.0,100.0
1781783730.63,ROCM_SMI,GPU_0,7861.8,216.0,100.0
1781783732.95,ROCM_SMI,GPU_0,7861.8,217.0,100.0
1781783735.26,ROCM_SMI,GPU_0,7861.8,214.0,100.0
1781783737.58,ROCM_SMI,GPU_0,7861.8,218.0,100.0
1781783739.90,ROCM_SMI,GPU_0,7861.8,214.0,100.0
1781783742.19,ROCM_SMI,GPU_0,7861.8,218.0,100.0
1781783744.47,ROCM_SMI,GPU_0,7861.8,219.0,100.0
1781783746.79,ROCM_SMI,GPU_0,7861.8,217.0,100.0
1781783749.06,ROCM_SMI,GPU_0,7861.8,215.0,100.0
1781783751.31,ROCM_SMI,GPU_0,7861.8,215.0,100.0
1781783753.62,ROCM_SMI,GPU_0,7861.8,211.0,100.0
1781783755.92,ROCM_SMI,GPU_0,7861.8,211.0,100.0
1781783758.23,ROCM_SMI,GPU_0,7861.8,215.0,100.0
1781783760.54,ROCM_SMI,GPU_0,7861.8,214.0,100.0
1781783762.86,ROCM_SMI,GPU_0,7861.8,217.0,100.0
1781783765.17,ROCM_SMI,GPU_0,7861.8,222.0,100.0
1781783767.48,ROCM_SMI,GPU_0,7861.8,211.0,100.0
1781783769.79,ROCM_SMI,GPU_0,7861.8,216.0,100.0
1781783772.11,ROCM_SMI,GPU_0,7861.8,217.0,100.0
1781783774.42,ROCM_SMI,GPU_0,7861.8,214.0,100.0
1781783776.74,ROCM_SMI,GPU_0,7861.8,213.0,100.0
1781783779.04,ROCM_SMI,GPU_0,7861.8,214.0,100.0
1781783781.35,ROCM_SMI,GPU_0,7861.8,214.0,100.0
1781783783.66,ROCM_SMI,GPU_0,7861.8,218.0,100.0
1781783785.96,ROCM_SMI,GPU_0,7861.8,207.0,100.0
1781783788.26,ROCM_SMI,GPU_0,7861.8,214.0,100.0
1781783790.55,ROCM_SMI,GPU_0,7861.8,215.0,100.0
1781783792.86,ROCM_SMI,GPU_0,7861.8,213.0,100.0
1781783795.18,ROCM_SMI,GPU_0,7861.8,213.0,100.0
1781783797.51,ROCM_SMI,GPU_0,7861.8,213.0,100.0
1781783799.74,ROCM_SMI,GPU_0,7861.8,218.0,100.0
1781783802.06,ROCM_SMI,GPU_0,7861.8,215.0,100.0
1781783804.37,ROCM_SMI,GPU_0,7861.8,218.0,100.0
1781783806.68,ROCM_SMI,GPU_0,7861.8,210.0,100.0
1781783808.99,ROCM_SMI,GPU_0,7861.8,217.0,100.0
1781783811.30,ROCM_SMI,GPU_0,7861.8,217.0,100.0
1781783813.59,ROCM_SMI,GPU_0,7861.8,213.0,100.0
1781783815.90,ROCM_SMI,GPU_0,7861.8,212.0,100.0
1781783818.23,ROCM_SMI,GPU_0,7861.8,215.0,100.0
1781783820.52,ROCM_SMI,GPU_0,7861.8,214.0,100.0
1781783822.81,ROCM_SMI,GPU_0,7861.8,218.0,100.0
1781783825.11,ROCM_SMI,GPU_0,7861.8,218.0,100.0
1781783827.41,ROCM_SMI,GPU_0,7861.8,220.0,100.0
1781783829.72,ROCM_SMI,GPU_0,7861.8,216.0,100.0
1781783832.03,ROCM_SMI,GPU_0,7861.8,216.0,100.0
1781783834.29,ROCM_SMI,GPU_0,7861.8,214.0,100.0
1781783836.61,ROCM_SMI,GPU_0,7861.8,223.0,100.0
1781783838.91,ROCM_SMI,GPU_0,7861.8,215.0,100.0
1781783841.22,ROCM_SMI,GPU_0,7861.8,215.0,100.0
1781783843.46,ROCM_SMI,GPU_0,7861.8,218.0,100.0
1781783845.78,ROCM_SMI,GPU_0,7861.8,215.0,100.0
1781783848.09,ROCM_SMI,GPU_0,7861.8,224.0,100.0
1781783850.41,ROCM_SMI,GPU_0,7861.8,215.0,100.0
1781783852.73,ROCM_SMI,GPU_0,7861.8,217.0,100.0
1781783854.99,ROCM_SMI,GPU_0,7861.8,218.0,100.0
1781783857.30,ROCM_SMI,GPU_0,7861.8,205.0,100.0
1781783859.62,ROCM_SMI,GPU_0,7861.8,216.0,100.0
1781783861.92,ROCM_SMI,GPU_0,7861.8,214.0,100.0
1781783864.24,ROCM_SMI,GPU_0,7861.8,214.0,100.0
1781783866.55,ROCM_SMI,GPU_0,7861.8,215.0,100.0
1781783868.86,ROCM_SMI,GPU_0,7861.8,215.0,100.0
1781783871.15,ROCM_SMI,GPU_0,7861.8,216.0,100.0
1781783873.45,ROCM_SMI,GPU_0,7861.8,216.0,100.0
1781783875.75,ROCM_SMI,GPU_0,7861.8,217.0,100.0
1781783878.07,ROCM_SMI,GPU_0,7861.8,212.0,100.0
1781783880.33,ROCM_SMI,GPU_0,7861.8,218.0,100.0
1781783882.64,ROCM_SMI,GPU_0,7861.8,216.0,100.0
1781783884.96,ROCM_SMI,GPU_0,7861.8,218.0,100.0
1781783887.27,ROCM_SMI,GPU_0,7861.8,218.0,100.0
1781783889.58,ROCM_SMI,GPU_0,7861.8,216.0,100.0
1781783891.89,ROCM_SMI,GPU_0,7861.8,219.0,100.0
1781783894.19,ROCM_SMI,GPU_0,7861.8,218.0,100.0
1781783896.49,ROCM_SMI,GPU_0,7861.8,215.0,100.0
1781783898.80,ROCM_SMI,GPU_0,7861.8,222.0,100.0
1781783901.11,ROCM_SMI,GPU_0,7861.8,207.0,100.0
1781783903.43,ROCM_SMI,GPU_0,7861.8,218.0,100.0
1781783905.73,ROCM_SMI,GPU_0,7861.8,216.0,100.0
1781783908.03,ROCM_SMI,GPU_0,7861.8,215.0,100.0
1781783910.35,ROCM_SMI,GPU_0,7861.8,213.0,93.0
1781783912.64,ROCM_SMI,GPU_0,7861.8,215.0,100.0
1781783914.95,ROCM_SMI,GPU_0,7861.8,215.0,100.0
1781783917.26,ROCM_SMI,GPU_0,7861.8,216.0,100.0
1781783919.58,ROCM_SMI,GPU_0,7861.8,214.0,100.0
1781783921.89,ROCM_SMI,GPU_0,7861.8,214.0,100.0
1781783924.18,ROCM_SMI,GPU_0,7861.8,212.0,100.0
1781783926.48,ROCM_SMI,GPU_0,7861.8,216.0,100.0
1781783928.80,ROCM_SMI,GPU_0,7861.8,207.0,100.0
1781783931.11,ROCM_SMI,GPU_0,7861.8,216.0,100.0
1781783933.40,ROCM_SMI,GPU_0,7861.8,222.0,100.0
1781783935.71,ROCM_SMI,GPU_0,7861.8,214.0,100.0
1781783938.02,ROCM_SMI,GPU_0,7861.8,215.0,100.0
1781783940.35,ROCM_SMI,GPU_0,7861.8,215.0,100.0
1781783942.66,ROCM_SMI,GPU_0,7861.8,217.0,100.0
1781783944.97,ROCM_SMI,GPU_0,7861.8,217.0,100.0
1781783947.29,ROCM_SMI,GPU_0,7861.8,218.0,100.0
1781783949.53,ROCM_SMI,GPU_0,7861.8,216.0,100.0
1781783951.83,ROCM_SMI,GPU_0,7861.8,218.0,100.0
1781783954.12,ROCM_SMI,GPU_0,7861.8,219.0,100.0
1781783956.43,ROCM_SMI,GPU_0,7861.8,211.0,100.0
1781783958.73,ROCM_SMI,GPU_0,7861.8,218.0,100.0
1781783961.04,ROCM_SMI,GPU_0,7861.8,213.0,100.0
1781783963.34,ROCM_SMI,GPU_0,7861.8,216.0,100.0
1781783965.65,ROCM_SMI,GPU_0,7861.8,215.0,100.0
1781783967.97,ROCM_SMI,GPU_0,7861.8,215.0,100.0
1781783970.27,ROCM_SMI,GPU_0,7861.8,212.0,100.0
1781783972.57,ROCM_SMI,GPU_0,7861.8,211.0,100.0
1781783974.88,ROCM_SMI,GPU_0,7861.8,210.0,100.0
1781783977.19,ROCM_SMI,GPU_0,7861.8,214.0,100.0
1781783979.51,ROCM_SMI,GPU_0,7861.8,199.0,100.0
1781783981.83,ROCM_SMI,GPU_0,7861.8,216.0,100.0
1781783984.14,ROCM_SMI,GPU_0,7861.8,209.0,100.0
1781783986.45,ROCM_SMI,GPU_0,7861.8,214.0,100.0
1781783988.76,ROCM_SMI,GPU_0,7861.8,211.0,100.0
1781783991.08,ROCM_SMI,GPU_0,7861.8,216.0,100.0
1781783993.39,ROCM_SMI,GPU_0,7861.8,214.0,100.0
1781783995.70,ROCM_SMI,GPU_0,7861.8,213.0,100.0
1781783998.00,ROCM_SMI,GPU_0,7861.8,211.0,80.0
1781784000.32,ROCM_SMI,GPU_0,7861.8,215.0,100.0
1781784002.63,ROCM_SMI,GPU_0,7861.8,216.0,100.0
1781784004.91,ROCM_SMI,GPU_0,7861.8,214.0,100.0
1781784007.22,ROCM_SMI,GPU_0,7861.8,212.0,100.0
1781784009.53,ROCM_SMI,GPU_0,7861.8,210.0,100.0
1781784011.83,ROCM_SMI,GPU_0,7861.8,216.0,100.0
1781784014.11,ROCM_SMI,GPU_0,7861.8,214.0,100.0
1781784016.40,ROCM_SMI,GPU_0,7861.8,217.0,100.0
1781784018.71,ROCM_SMI,GPU_0,7861.8,215.0,100.0
1781784021.02,ROCM_SMI,GPU_0,7861.8,221.0,100.0
1781784023.30,ROCM_SMI,GPU_0,7861.8,215.0,100.0
1781784025.60,ROCM_SMI,GPU_0,7861.8,219.0,100.0
1781784027.91,ROCM_SMI,GPU_0,7861.8,216.0,100.0
1781784030.22,ROCM_SMI,GPU_0,7861.8,217.0,100.0
1781784032.53,ROCM_SMI,GPU_0,7861.8,216.0,100.0
1781784034.84,ROCM_SMI,GPU_0,7861.8,215.0,100.0
1781784037.16,ROCM_SMI,GPU_0,7861.8,214.0,100.0
1781784039.48,ROCM_SMI,GPU_0,7861.8,214.0,100.0
1781784041.79,ROCM_SMI,GPU_0,7861.8,212.0,100.0
1781784044.09,ROCM_SMI,GPU_0,7861.8,213.0,100.0
1781784046.39,ROCM_SMI,GPU_0,7861.8,217.0,100.0
1781784048.70,ROCM_SMI,GPU_0,7861.8,211.0,100.0
1781784051.02,ROCM_SMI,GPU_0,7861.8,216.0,100.0
1781784053.34,ROCM_SMI,GPU_0,7861.8,215.0,100.0
1781784055.65,ROCM_SMI,GPU_0,7861.8,216.0,100.0
1781784057.96,ROCM_SMI,GPU_0,7861.8,214.0,100.0
1781784060.21,ROCM_SMI,GPU_0,7861.8,214.0,100.0
1781784062.52,ROCM_SMI,GPU_0,7861.8,219.0,100.0
1781784064.83,ROCM_SMI,GPU_0,7861.8,214.0,100.0
1781784067.13,ROCM_SMI,GPU_0,7861.8,213.0,100.0
1781784069.45,ROCM_SMI,GPU_0,7861.8,231.0,100.0
1781784071.76,ROCM_SMI,GPU_0,7861.8,216.0,100.0
1781784074.07,ROCM_SMI,GPU_0,7861.8,217.0,100.0
1781784076.38,ROCM_SMI,GPU_0,7861.8,219.0,100.0
1781784078.70,ROCM_SMI,GPU_0,7861.8,213.0,100.0
1781784081.00,ROCM_SMI,GPU_0,7861.8,215.0,100.0
1781784083.31,ROCM_SMI,GPU_0,7861.8,210.0,100.0
1781784085.62,ROCM_SMI,GPU_0,7861.8,216.0,100.0
1781784087.93,ROCM_SMI,GPU_0,7861.8,214.0,100.0
1781784090.22,ROCM_SMI,GPU_0,7861.8,226.0,100.0
1781784092.54,ROCM_SMI,GPU_0,7861.8,215.0,100.0
1781784094.77,ROCM_SMI,GPU_0,7861.8,213.0,100.0
1781784097.03,ROCM_SMI,GPU_0,7861.8,216.0,100.0
1781784099.27,ROCM_SMI,GPU_0,7861.8,217.0,100.0
1781784101.57,ROCM_SMI,GPU_0,7861.8,211.0,100.0
1781784103.88,ROCM_SMI,GPU_0,7861.8,213.0,100.0
1781784106.17,ROCM_SMI,GPU_0,7861.8,218.0,100.0
1781784108.47,ROCM_SMI,GPU_0,7861.8,217.0,100.0
1781784110.78,ROCM_SMI,GPU_0,7861.8,215.0,100.0
1781784113.10,ROCM_SMI,GPU_0,7861.8,224.0,100.0
1781784115.42,ROCM_SMI,GPU_0,7861.8,212.0,100.0
1781784117.72,ROCM_SMI,GPU_0,7861.8,215.0,100.0
1781784120.04,ROCM_SMI,GPU_0,7861.8,217.0,100.0
1781784122.35,ROCM_SMI,GPU_0,7861.8,215.0,100.0
1781784124.66,ROCM_SMI,GPU_0,7861.8,216.0,100.0
1781784126.96,ROCM_SMI,GPU_0,7861.8,214.0,100.0
1781784129.27,ROCM_SMI,GPU_0,7861.8,213.0,100.0
1781784131.58,ROCM_SMI,GPU_0,7861.8,228.0,100.0
1781784133.87,ROCM_SMI,GPU_0,7861.8,215.0,100.0
1781784136.19,ROCM_SMI,GPU_0,7861.8,214.0,100.0
1781784138.50,ROCM_SMI,GPU_0,7861.8,218.0,100.0
1781784140.81,ROCM_SMI,GPU_0,7861.8,216.0,100.0
1781784143.05,ROCM_SMI,GPU_0,7861.8,217.0,100.0
1781784145.36,ROCM_SMI,GPU_0,7861.8,216.0,100.0
1781784147.65,ROCM_SMI,GPU_0,7861.8,217.0,100.0
1781784149.96,ROCM_SMI,GPU_0,7861.8,216.0,100.0
1781784152.28,ROCM_SMI,GPU_0,7861.8,223.0,100.0
1781784154.60,ROCM_SMI,GPU_0,7861.8,218.0,100.0
1781784156.90,ROCM_SMI,GPU_0,7861.8,214.0,100.0
1781784159.21,ROCM_SMI,GPU_0,7861.8,215.0,100.0
1781784161.51,ROCM_SMI,GPU_0,7861.8,215.0,100.0
1781784163.82,ROCM_SMI,GPU_0,7861.8,214.0,100.0
1781784166.13,ROCM_SMI,GPU_0,7861.8,205.0,100.0
1781784168.44,ROCM_SMI,GPU_0,7861.8,214.0,100.0
1781784170.74,ROCM_SMI,GPU_0,7861.8,210.0,100.0
1781784173.05,ROCM_SMI,GPU_0,7861.8,216.0,100.0
1781784175.36,ROCM_SMI,GPU_0,7861.8,213.0,100.0
1781784177.67,ROCM_SMI,GPU_0,7861.8,218.0,100.0
1781784179.98,ROCM_SMI,GPU_0,7861.8,215.0,100.0
1781784182.28,ROCM_SMI,GPU_0,7861.8,215.0,100.0
1781784184.59,ROCM_SMI,GPU_0,7861.8,212.0,86.0
1781784186.89,ROCM_SMI,GPU_0,7861.8,216.0,100.0
1781784189.20,ROCM_SMI,GPU_0,7861.8,219.0,100.0
1781784191.50,ROCM_SMI,GPU_0,7861.8,213.0,100.0
1781784193.81,ROCM_SMI,GPU_0,7861.8,213.0,100.0
1781784196.09,ROCM_SMI,GPU_0,7861.8,216.0,100.0
1781784198.41,ROCM_SMI,GPU_0,7861.8,218.0,100.0
1781784200.72,ROCM_SMI,GPU_0,7861.8,212.0,100.0
1781784203.01,ROCM_SMI,GPU_0,7861.8,214.0,100.0
1781784205.32,ROCM_SMI,GPU_0,7861.8,214.0,100.0
1781784207.63,ROCM_SMI,GPU_0,7861.8,218.0,100.0
1781784209.93,ROCM_SMI,GPU_0,7861.8,214.0,100.0
1781784212.24,ROCM_SMI,GPU_0,7861.8,215.0,100.0
1781784214.55,ROCM_SMI,GPU_0,7861.8,218.0,100.0
1781784216.86,ROCM_SMI,GPU_0,7861.8,216.0,100.0
1781784219.17,ROCM_SMI,GPU_0,7861.8,222.0,100.0
1781784221.47,ROCM_SMI,GPU_0,7861.8,213.0,100.0
1781784223.78,ROCM_SMI,GPU_0,7861.8,214.0,100.0
1781784226.09,ROCM_SMI,GPU_0,7861.8,214.0,100.0
1781784228.40,ROCM_SMI,GPU_0,7861.8,216.0,100.0
1781784230.72,ROCM_SMI,GPU_0,7861.8,214.0,100.0
1781784233.04,ROCM_SMI,GPU_0,7861.8,213.0,100.0
1781784235.36,ROCM_SMI,GPU_0,7861.8,214.0,100.0
1781784237.67,ROCM_SMI,GPU_0,7861.8,220.0,100.0
1781784239.98,ROCM_SMI,GPU_0,7861.8,218.0,100.0
1781784242.30,ROCM_SMI,GPU_0,7861.8,213.0,100.0
1781784244.62,ROCM_SMI,GPU_0,7861.8,216.0,100.0
1781784246.93,ROCM_SMI,GPU_0,7861.8,218.0,100.0
1781784249.24,ROCM_SMI,GPU_0,7861.8,205.0,100.0
1781784251.54,ROCM_SMI,GPU_0,7861.8,216.0,100.0
1781784253.86,ROCM_SMI,GPU_0,7861.8,216.0,100.0
1781784256.17,ROCM_SMI,GPU_0,7861.8,212.0,100.0
1781784258.49,ROCM_SMI,GPU_0,7861.8,213.0,100.0
1781784260.79,ROCM_SMI,GPU_0,7861.8,214.0,100.0
1781784263.11,ROCM_SMI,GPU_0,7861.8,209.0,100.0
1781784265.42,ROCM_SMI,GPU_0,7861.8,218.0,100.0
1781784267.73,ROCM_SMI,GPU_0,7861.8,216.0,100.0
1781784270.05,ROCM_SMI,GPU_0,7861.8,218.0,100.0
1781784272.35,ROCM_SMI,GPU_0,7861.8,215.0,100.0
1781784274.66,ROCM_SMI,GPU_0,7861.8,212.0,100.0
1781784276.98,ROCM_SMI,GPU_0,7861.8,213.0,100.0
1781784279.28,ROCM_SMI,GPU_0,7861.8,214.0,100.0
1781784281.59,ROCM_SMI,GPU_0,7861.8,214.0,100.0
1781784283.90,ROCM_SMI,GPU_0,7861.8,214.0,100.0
1781784286.21,ROCM_SMI,GPU_0,7861.8,215.0,100.0
1781784288.53,ROCM_SMI,GPU_0,7861.8,217.0,100.0
1781784290.84,ROCM_SMI,GPU_0,7861.8,214.0,100.0
1781784293.15,ROCM_SMI,GPU_0,7861.8,213.0,100.0
1781784295.46,ROCM_SMI,GPU_0,7861.8,215.0,100.0
1781784297.77,ROCM_SMI,GPU_0,7861.8,217.0,100.0
1781784300.08,ROCM_SMI,GPU_0,7861.8,217.0,100.0
1781784302.39,ROCM_SMI,GPU_0,7861.8,214.0,100.0
1781784304.70,ROCM_SMI,GPU_0,7861.8,215.0,100.0
1781784307.01,ROCM_SMI,GPU_0,7861.8,213.0,100.0
1781784309.32,ROCM_SMI,GPU_0,7861.8,219.0,100.0
1781784311.63,ROCM_SMI,GPU_0,7861.8,215.0,100.0
1781784313.94,ROCM_SMI,GPU_0,7861.8,214.0,100.0
1781784316.17,ROCM_SMI,GPU_0,7861.8,201.0,100.0
1781784318.49,ROCM_SMI,GPU_0,7861.8,215.0,100.0
1781784320.81,ROCM_SMI,GPU_0,7861.8,215.0,82.0
1781784323.13,ROCM_SMI,GPU_0,7861.8,218.0,100.0
1781784325.44,ROCM_SMI,GPU_0,7861.8,215.0,94.0
1781784327.77,ROCM_SMI,GPU_0,7861.8,210.0,100.0
1781784330.09,ROCM_SMI,GPU_0,7861.8,216.0,100.0
1781784332.32,ROCM_SMI,GPU_0,7861.8,219.0,100.0
1781784334.55,ROCM_SMI,GPU_0,7861.8,214.0,100.0
1781784336.87,ROCM_SMI,GPU_0,7861.8,220.0,100.0
1781784339.18,ROCM_SMI,GPU_0,7861.8,216.0,100.0
1781784341.48,ROCM_SMI,GPU_0,7861.8,216.0,100.0
1781784343.80,ROCM_SMI,GPU_0,7861.8,217.0,100.0
1781784346.10,ROCM_SMI,GPU_0,7861.8,215.0,100.0
1781784348.42,ROCM_SMI,GPU_0,7861.8,216.0,100.0
1781784350.73,ROCM_SMI,GPU_0,7861.8,212.0,100.0
1781784353.03,ROCM_SMI,GPU_0,7861.8,212.0,100.0
1781784355.35,ROCM_SMI,GPU_0,7861.8,218.0,100.0
1781784357.67,ROCM_SMI,GPU_0,7861.8,215.0,100.0
1781784359.98,ROCM_SMI,GPU_0,7861.8,214.0,100.0
1781784362.30,ROCM_SMI,GPU_0,7861.8,215.0,100.0
1781784364.59,ROCM_SMI,GPU_0,7861.8,218.0,100.0
1781784366.89,ROCM_SMI,GPU_0,7861.8,215.0,85.0
1781784369.18,ROCM_SMI,GPU_0,7861.8,219.0,100.0
1781784371.48,ROCM_SMI,GPU_0,7861.8,212.0,100.0
1781784373.77,ROCM_SMI,GPU_0,7861.8,217.0,100.0
1781784376.07,ROCM_SMI,GPU_0,7861.8,217.0,100.0
1781784378.37,ROCM_SMI,GPU_0,7861.8,215.0,100.0
1781784380.65,ROCM_SMI,GPU_0,7861.8,226.0,100.0
1781784382.94,ROCM_SMI,GPU_0,7861.8,213.0,100.0
1781784385.22,ROCM_SMI,GPU_0,7861.8,215.0,100.0
1781784387.45,ROCM_SMI,GPU_0,7861.8,214.0,100.0
1781784389.75,ROCM_SMI,GPU_0,7861.8,218.0,100.0
1781784392.04,ROCM_SMI,GPU_0,7861.8,214.0,84.0
1781784394.25,ROCM_SMI,GPU_0,7861.8,213.0,100.0
1781784396.54,ROCM_SMI,GPU_0,7861.8,217.0,100.0
1781784398.83,ROCM_SMI,GPU_0,7861.8,220.0,100.0
1781784401.13,ROCM_SMI,GPU_0,7861.8,213.0,100.0
1781784403.43,ROCM_SMI,GPU_0,7861.8,211.0,100.0
1781784405.73,ROCM_SMI,GPU_0,7861.8,202.0,100.0
1781784408.03,ROCM_SMI,GPU_0,7861.8,215.0,100.0
1781784410.32,ROCM_SMI,GPU_0,7861.8,212.0,100.0
1781784412.54,ROCM_SMI,GPU_0,7861.8,213.0,100.0
1781784414.84,ROCM_SMI,GPU_0,7861.8,221.0,100.0
1781784417.14,ROCM_SMI,GPU_0,7861.8,213.0,100.0
1781784419.42,ROCM_SMI,GPU_0,7861.8,215.0,100.0
1781784421.68,ROCM_SMI,GPU_0,7861.8,218.0,100.0
1781784423.95,ROCM_SMI,GPU_0,7861.8,214.0,100.0
1781784426.24,ROCM_SMI,GPU_0,7861.8,213.0,100.0
1781784428.54,ROCM_SMI,GPU_0,7861.8,212.0,100.0
1781784430.83,ROCM_SMI,GPU_0,7861.8,213.0,100.0
1781784433.13,ROCM_SMI,GPU_0,7861.8,215.0,100.0
1781784435.42,ROCM_SMI,GPU_0,7861.8,212.0,100.0
1781784437.72,ROCM_SMI,GPU_0,7861.8,211.0,100.0
1781784439.93,ROCM_SMI,GPU_0,7861.8,208.0,100.0
1781784442.16,ROCM_SMI,GPU_0,7861.8,219.0,100.0
1781784444.46,ROCM_SMI,GPU_0,7861.8,214.0,100.0
1781784446.75,ROCM_SMI,GPU_0,7861.8,214.0,100.0
1781784448.96,ROCM_SMI,GPU_0,7861.8,212.0,100.0
1781784451.26,ROCM_SMI,GPU_0,7861.8,215.0,100.0
1781784453.55,ROCM_SMI,GPU_0,7861.8,214.0,100.0
1781784455.84,ROCM_SMI,GPU_0,7861.8,212.0,100.0
1781784458.14,ROCM_SMI,GPU_0,7861.8,216.0,100.0
1781784460.43,ROCM_SMI,GPU_0,7861.8,221.0,100.0
1781784462.72,ROCM_SMI,GPU_0,7861.8,216.0,100.0
1781784465.00,ROCM_SMI,GPU_0,7861.8,217.0,100.0
1781784467.30,ROCM_SMI,GPU_0,7861.8,214.0,100.0
1781784469.60,ROCM_SMI,GPU_0,7861.8,211.0,100.0
1781784471.89,ROCM_SMI,GPU_0,7861.8,211.0,100.0
1781784474.11,ROCM_SMI,GPU_0,7861.8,214.0,100.0
1781784476.40,ROCM_SMI,GPU_0,7861.8,214.0,100.0
1781784478.68,ROCM_SMI,GPU_0,7861.8,215.0,100.0
1781784480.97,ROCM_SMI,GPU_0,7861.8,212.0,100.0
1781784483.19,ROCM_SMI,GPU_0,7861.8,212.0,100.0
1781784485.49,ROCM_SMI,GPU_0,7861.8,210.0,100.0
1781784487.78,ROCM_SMI,GPU_0,7861.8,215.0,100.0
1781784490.08,ROCM_SMI,GPU_0,7861.8,212.0,100.0
1781784492.37,ROCM_SMI,GPU_0,7861.8,216.0,100.0
1781784494.67,ROCM_SMI,GPU_0,7861.8,215.0,100.0
1781784496.89,ROCM_SMI,GPU_0,7861.8,213.0,100.0
1781784499.17,ROCM_SMI,GPU_0,7861.8,215.0,100.0
1781784501.47,ROCM_SMI,GPU_0,7861.8,213.0,100.0
1781784503.75,ROCM_SMI,GPU_0,7861.8,214.0,100.0
1781784506.05,ROCM_SMI,GPU_0,7861.8,214.0,100.0
1781784508.35,ROCM_SMI,GPU_0,7861.8,218.0,100.0
1781784510.64,ROCM_SMI,GPU_0,7861.8,213.0,100.0
1781784512.91,ROCM_SMI,GPU_0,7861.8,216.0,100.0
1781784515.21,ROCM_SMI,GPU_0,7861.8,216.0,100.0
1781784517.50,ROCM_SMI,GPU_0,7861.8,215.0,100.0
1781784519.79,ROCM_SMI,GPU_0,7861.8,215.0,100.0
1781784522.08,ROCM_SMI,GPU_0,7861.8,214.0,100.0
1781784524.38,ROCM_SMI,GPU_0,7861.8,215.0,100.0
1781784526.67,ROCM_SMI,GPU_0,7861.8,214.0,100.0
1781784528.97,ROCM_SMI,GPU_0,7861.8,214.0,100.0
1781784531.26,ROCM_SMI,GPU_0,7861.8,219.0,100.0
1781784533.56,ROCM_SMI,GPU_0,7861.8,217.0,100.0
1781784535.86,ROCM_SMI,GPU_0,7861.8,212.0,100.0
1781784538.15,ROCM_SMI,GPU_0,7861.8,216.0,100.0
1781784540.46,ROCM_SMI,GPU_0,7861.8,211.0,100.0
1781784542.75,ROCM_SMI,GPU_0,7861.8,217.0,100.0
1781784545.05,ROCM_SMI,GPU_0,7861.8,216.0,100.0
1781784547.27,ROCM_SMI,GPU_0,7861.8,215.0,100.0
1781784549.57,ROCM_SMI,GPU_0,7861.8,215.0,100.0
1781784551.85,ROCM_SMI,GPU_0,7861.8,218.0,100.0
1781784554.15,ROCM_SMI,GPU_0,7861.8,212.0,100.0
1781784556.45,ROCM_SMI,GPU_0,7861.8,214.0,100.0
1781784558.74,ROCM_SMI,GPU_0,7861.8,212.0,100.0
1781784560.95,ROCM_SMI,GPU_0,7861.8,218.0,100.0
1781784563.25,ROCM_SMI,GPU_0,7861.8,213.0,100.0
1781784565.54,ROCM_SMI,GPU_0,7861.8,217.0,100.0
1781784567.81,ROCM_SMI,GPU_0,7861.8,217.0,100.0
1781784570.03,ROCM_SMI,GPU_0,7861.8,213.0,78.0
1781784572.27,ROCM_SMI,GPU_0,7861.8,214.0,100.0
1781784574.57,ROCM_SMI,GPU_0,7861.8,215.0,100.0
1781784576.79,ROCM_SMI,GPU_0,7861.8,215.0,100.0
1781784579.09,ROCM_SMI,GPU_0,7861.8,214.0,100.0
1781784581.37,ROCM_SMI,GPU_0,7861.8,214.0,100.0
1781784583.65,ROCM_SMI,GPU_0,7861.8,219.0,100.0
1781784585.92,ROCM_SMI,GPU_0,7861.8,214.0,100.0
1781784588.20,ROCM_SMI,GPU_0,7861.8,215.0,100.0
1781784590.49,ROCM_SMI,GPU_0,7861.8,222.0,100.0
1781784592.79,ROCM_SMI,GPU_0,7861.8,212.0,100.0
1781784595.07,ROCM_SMI,GPU_0,7861.8,216.0,100.0
1781784597.37,ROCM_SMI,GPU_0,7861.8,216.0,100.0
1781784599.58,ROCM_SMI,GPU_0,7861.8,215.0,100.0
1781784601.88,ROCM_SMI,GPU_0,7861.8,206.0,100.0
1781784604.17,ROCM_SMI,GPU_0,7861.8,216.0,100.0
1781784606.46,ROCM_SMI,GPU_0,7861.8,215.0,100.0
1781784608.69,ROCM_SMI,GPU_0,7861.8,178.0,100.0
1781784610.97,ROCM_SMI,GPU_0,7861.8,208.0,100.0
1781784613.26,ROCM_SMI,GPU_0,7861.8,218.0,100.0
1781784615.57,ROCM_SMI,GPU_0,7861.8,216.0,100.0
1781784617.86,ROCM_SMI,GPU_0,7861.8,213.0,100.0
1781784620.15,ROCM_SMI,GPU_0,7861.8,216.0,100.0
1781784622.42,ROCM_SMI,GPU_0,7861.8,228.0,100.0
1781784624.73,ROCM_SMI,GPU_0,7861.8,214.0,100.0
1781784627.02,ROCM_SMI,GPU_0,7861.8,213.0,100.0
1781784629.29,ROCM_SMI,GPU_0,7861.8,220.0,100.0
1781784631.59,ROCM_SMI,GPU_0,7861.8,215.0,100.0
1781784633.89,ROCM_SMI,GPU_0,7861.8,213.0,100.0
1781784636.18,ROCM_SMI,GPU_0,7861.8,217.0,100.0
1781784638.45,ROCM_SMI,GPU_0,7861.8,215.0,100.0
1781784640.75,ROCM_SMI,GPU_0,7861.8,217.0,100.0
1781784642.96,ROCM_SMI,GPU_0,7861.8,224.0,100.0
1781784645.26,ROCM_SMI,GPU_0,7861.8,214.0,100.0
1781784647.56,ROCM_SMI,GPU_0,7861.8,211.0,100.0
1781784649.84,ROCM_SMI,GPU_0,7861.8,213.0,100.0
1781784652.14,ROCM_SMI,GPU_0,7861.8,217.0,100.0
1781784654.44,ROCM_SMI,GPU_0,7861.8,219.0,100.0
1781784656.72,ROCM_SMI,GPU_0,7861.8,213.0,100.0
1781784659.01,ROCM_SMI,GPU_0,7861.8,215.0,80.0
1781784661.31,ROCM_SMI,GPU_0,7861.8,216.0,100.0
1781784663.61,ROCM_SMI,GPU_0,7861.8,220.0,100.0
1781784665.90,ROCM_SMI,GPU_0,7861.8,219.0,100.0
1781784668.18,ROCM_SMI,GPU_0,7861.8,216.0,100.0
1781784670.48,ROCM_SMI,GPU_0,7861.8,215.0,100.0
1781784672.77,ROCM_SMI,GPU_0,7861.8,212.0,100.0
1781784675.06,ROCM_SMI,GPU_0,7861.8,214.0,100.0
1781784677.34,ROCM_SMI,GPU_0,7861.8,216.0,100.0
1781784679.64,ROCM_SMI,GPU_0,7861.8,216.0,100.0
1781784681.93,ROCM_SMI,GPU_0,7861.8,215.0,100.0
1781784684.23,ROCM_SMI,GPU_0,7861.8,221.0,100.0
1781784686.52,ROCM_SMI,GPU_0,7861.8,217.0,100.0
1781784688.73,ROCM_SMI,GPU_0,7861.8,218.0,100.0
1781784691.02,ROCM_SMI,GPU_0,7861.8,208.0,100.0
1781784693.31,ROCM_SMI,GPU_0,7861.8,219.0,100.0
1781784695.60,ROCM_SMI,GPU_0,7861.8,214.0,100.0
1781784697.82,ROCM_SMI,GPU_0,7861.8,221.0,100.0
1781784700.12,ROCM_SMI,GPU_0,7861.8,216.0,100.0
1781784702.37,ROCM_SMI,GPU_0,7861.8,211.0,100.0
1781784704.66,ROCM_SMI,GPU_0,7861.8,213.0,100.0
1781784706.95,ROCM_SMI,GPU_0,7861.8,217.0,100.0
1781784709.25,ROCM_SMI,GPU_0,7861.8,214.0,100.0
1781784711.47,ROCM_SMI,GPU_0,7861.8,215.0,100.0
1781784713.74,ROCM_SMI,GPU_0,7861.8,215.0,100.0
1781784716.03,ROCM_SMI,GPU_0,7861.8,214.0,100.0
1781784718.33,ROCM_SMI,GPU_0,7861.8,218.0,100.0
1781784720.62,ROCM_SMI,GPU_0,7861.8,213.0,100.0
1781784722.90,ROCM_SMI,GPU_0,7861.8,211.0,100.0
1781784725.19,ROCM_SMI,GPU_0,7861.8,216.0,100.0
1781784727.48,ROCM_SMI,GPU_0,7861.8,216.0,100.0
1781784729.78,ROCM_SMI,GPU_0,7861.8,219.0,100.0
1781784732.08,ROCM_SMI,GPU_0,7861.8,212.0,83.0
1781784734.38,ROCM_SMI,GPU_0,7861.8,213.0,100.0
1781784736.68,ROCM_SMI,GPU_0,7861.8,213.0,100.0
1781784738.88,ROCM_SMI,GPU_0,7861.8,219.0,100.0
1781784741.19,ROCM_SMI,GPU_0,7861.8,212.0,100.0
1781784743.47,ROCM_SMI,GPU_0,7861.8,216.0,100.0
1781784745.75,ROCM_SMI,GPU_0,7861.8,214.0,100.0
1781784748.05,ROCM_SMI,GPU_0,7861.8,215.0,100.0
1781784750.34,ROCM_SMI,GPU_0,7861.8,221.0,100.0
1781784752.64,ROCM_SMI,GPU_0,7861.8,213.0,100.0
1781784754.93,ROCM_SMI,GPU_0,7861.8,213.0,100.0
1781784757.24,ROCM_SMI,GPU_0,7861.8,217.0,100.0
1781784759.45,ROCM_SMI,GPU_0,7861.8,214.0,100.0
1781784761.74,ROCM_SMI,GPU_0,7861.8,220.0,100.0
1781784764.04,ROCM_SMI,GPU_0,7861.8,258.0,100.0
1781784766.33,ROCM_SMI,GPU_0,7861.8,215.0,100.0
1781784768.62,ROCM_SMI,GPU_0,7861.8,216.0,100.0
1781784770.90,ROCM_SMI,GPU_0,7861.8,212.0,100.0
1781784773.21,ROCM_SMI,GPU_0,7861.8,211.0,100.0
1781784775.50,ROCM_SMI,GPU_0,7861.8,215.0,100.0
1781784777.75,ROCM_SMI,GPU_0,7861.8,212.0,100.0
1781784780.05,ROCM_SMI,GPU_0,7861.8,219.0,100.0
1781784782.36,ROCM_SMI,GPU_0,7861.8,220.0,100.0
1781784784.65,ROCM_SMI,GPU_0,7861.8,219.0,100.0
1781784786.94,ROCM_SMI,GPU_0,7861.8,215.0,100.0
1781784789.24,ROCM_SMI,GPU_0,7861.8,217.0,100.0
1781784791.54,ROCM_SMI,GPU_0,7861.8,214.0,100.0
1781784793.85,ROCM_SMI,GPU_0,7861.8,207.0,100.0
1781784796.16,ROCM_SMI,GPU_0,7861.8,215.0,100.0
1781784798.45,ROCM_SMI,GPU_0,7861.8,216.0,100.0
1781784800.75,ROCM_SMI,GPU_0,7861.8,209.0,100.0
1781784803.04,ROCM_SMI,GPU_0,7861.8,213.0,100.0
1781784805.34,ROCM_SMI,GPU_0,7861.8,216.0,100.0
1781784807.64,ROCM_SMI,GPU_0,7861.8,218.0,100.0
1781784809.93,ROCM_SMI,GPU_0,7861.8,214.0,100.0
1781784812.23,ROCM_SMI,GPU_0,7861.8,216.0,100.0
1781784814.56,ROCM_SMI,GPU_0,7861.8,217.0,100.0
1781784816.85,ROCM_SMI,GPU_0,7861.8,216.0,100.0
1781784819.14,ROCM_SMI,GPU_0,7861.8,214.0,100.0
1781784821.44,ROCM_SMI,GPU_0,7861.8,213.0,100.0
1781784823.74,ROCM_SMI,GPU_0,7861.8,213.0,100.0
1781784826.04,ROCM_SMI,GPU_0,7861.8,217.0,100.0
1781784828.33,ROCM_SMI,GPU_0,7861.8,217.0,100.0
1781784830.63,ROCM_SMI,GPU_0,7861.8,214.0,100.0
1781784832.91,ROCM_SMI,GPU_0,7861.8,214.0,100.0
1781784835.20,ROCM_SMI,GPU_0,7861.8,214.0,100.0
1781784837.50,ROCM_SMI,GPU_0,7861.8,224.0,100.0
1781784839.80,ROCM_SMI,GPU_0,7861.8,217.0,100.0
1781784842.08,ROCM_SMI,GPU_0,7861.8,215.0,100.0
1781784844.38,ROCM_SMI,GPU_0,7861.8,216.0,100.0
1781784846.67,ROCM_SMI,GPU_0,7861.8,214.0,100.0
1781784848.97,ROCM_SMI,GPU_0,7861.8,215.0,100.0
1781784851.26,ROCM_SMI,GPU_0,7861.8,213.0,100.0
1781784853.56,ROCM_SMI,GPU_0,7861.8,214.0,100.0
1781784855.86,ROCM_SMI,GPU_0,7861.8,216.0,100.0
1781784858.16,ROCM_SMI,GPU_0,7861.8,227.0,100.0
1781784860.45,ROCM_SMI,GPU_0,7861.8,216.0,100.0
1781784862.75,ROCM_SMI,GPU_0,7861.8,213.0,100.0
1781784865.04,ROCM_SMI,GPU_0,7861.8,214.0,100.0
1781784867.34,ROCM_SMI,GPU_0,7861.8,212.0,81.0
1781784869.63,ROCM_SMI,GPU_0,7861.8,216.0,100.0
1781784871.93,ROCM_SMI,GPU_0,7861.8,212.0,100.0
1781784874.20,ROCM_SMI,GPU_0,7861.8,212.0,100.0
1781784876.48,ROCM_SMI,GPU_0,7861.8,218.0,100.0
1781784878.78,ROCM_SMI,GPU_0,7861.8,213.0,100.0
1781784881.06,ROCM_SMI,GPU_0,7861.8,216.0,100.0
1781784883.35,ROCM_SMI,GPU_0,7861.8,213.0,100.0
1781784885.64,ROCM_SMI,GPU_0,7861.8,214.0,100.0
1781784887.93,ROCM_SMI,GPU_0,7861.8,217.0,100.0
1781784890.23,ROCM_SMI,GPU_0,7861.8,222.0,100.0
1781784892.53,ROCM_SMI,GPU_0,7861.8,212.0,100.0
1781784894.83,ROCM_SMI,GPU_0,7861.8,216.0,100.0
1781784897.12,ROCM_SMI,GPU_0,7861.8,219.0,91.0
1781784899.40,ROCM_SMI,GPU_0,7861.8,212.0,100.0
1781784901.69,ROCM_SMI,GPU_0,7861.8,213.0,100.0
1781784903.97,ROCM_SMI,GPU_0,7861.8,213.0,100.0
1781784906.26,ROCM_SMI,GPU_0,7861.8,219.0,100.0
1781784908.54,ROCM_SMI,GPU_0,7861.8,215.0,100.0
1781784910.84,ROCM_SMI,GPU_0,7861.8,216.0,100.0
1781784913.11,ROCM_SMI,GPU_0,7861.8,216.0,100.0
1781784915.33,ROCM_SMI,GPU_0,7861.8,213.0,100.0
1781784917.63,ROCM_SMI,GPU_0,7861.8,213.0,100.0
1781784919.93,ROCM_SMI,GPU_0,7861.8,215.0,100.0
1781784922.23,ROCM_SMI,GPU_0,7861.8,215.0,100.0
1781784924.52,ROCM_SMI,GPU_0,7861.8,216.0,100.0
1781784926.80,ROCM_SMI,GPU_0,7861.8,214.0,100.0
1781784929.09,ROCM_SMI,GPU_0,7861.8,213.0,100.0
1781784931.39,ROCM_SMI,GPU_0,7861.8,215.0,100.0
1781784933.67,ROCM_SMI,GPU_0,7861.8,213.0,100.0
1781784935.95,ROCM_SMI,GPU_0,7861.8,218.0,100.0
1781784938.24,ROCM_SMI,GPU_0,7861.8,217.0,100.0
1781784940.54,ROCM_SMI,GPU_0,7861.8,216.0,100.0
1781784942.83,ROCM_SMI,GPU_0,7861.8,213.0,100.0
1781784945.15,ROCM_SMI,GPU_0,7861.8,217.0,100.0
1781784947.43,ROCM_SMI,GPU_0,7861.8,215.0,81.0
1781784949.74,ROCM_SMI,GPU_0,7861.8,220.0,100.0
1781784952.05,ROCM_SMI,GPU_0,7861.8,211.0,100.0
1781784954.36,ROCM_SMI,GPU_0,7861.8,212.0,100.0
1781784956.67,ROCM_SMI,GPU_0,7861.8,212.0,100.0
1781784958.97,ROCM_SMI,GPU_0,7861.8,213.0,100.0
1781784961.28,ROCM_SMI,GPU_0,7861.8,215.0,100.0
1781784963.58,ROCM_SMI,GPU_0,7861.8,215.0,100.0
1781784965.88,ROCM_SMI,GPU_0,7861.8,225.0,100.0
1781784968.20,ROCM_SMI,GPU_0,7861.8,214.0,100.0
1781784970.51,ROCM_SMI,GPU_0,7861.8,218.0,100.0
1781784972.83,ROCM_SMI,GPU_0,7861.8,212.0,100.0
1781784975.13,ROCM_SMI,GPU_0,7861.8,214.0,100.0
1781784977.45,ROCM_SMI,GPU_0,7861.8,212.0,100.0
1781784979.77,ROCM_SMI,GPU_0,7861.8,215.0,100.0
1781784982.08,ROCM_SMI,GPU_0,7861.8,210.0,100.0
1781784984.38,ROCM_SMI,GPU_0,7861.8,215.0,100.0
1781784986.68,ROCM_SMI,GPU_0,7861.8,211.0,100.0
1781784988.99,ROCM_SMI,GPU_0,7861.8,214.0,100.0
1781784991.30,ROCM_SMI,GPU_0,7861.8,214.0,100.0
1781784993.62,ROCM_SMI,GPU_0,7861.8,214.0,100.0
1781784995.93,ROCM_SMI,GPU_0,7861.8,215.0,100.0
1781784998.25,ROCM_SMI,GPU_0,7861.8,221.0,100.0
1781785000.57,ROCM_SMI,GPU_0,7861.8,218.0,100.0
1781785002.88,ROCM_SMI,GPU_0,7861.8,216.0,100.0
1781785005.19,ROCM_SMI,GPU_0,7861.8,214.0,100.0
1781785007.50,ROCM_SMI,GPU_0,7861.8,215.0,100.0
1781785009.82,ROCM_SMI,GPU_0,7861.8,217.0,100.0
1781785012.13,ROCM_SMI,GPU_0,7861.8,216.0,100.0
1781785014.43,ROCM_SMI,GPU_0,7861.8,216.0,100.0
1781785016.70,ROCM_SMI,GPU_0,7861.8,217.0,100.0
1781785019.02,ROCM_SMI,GPU_0,7861.8,217.0,100.0
1781785021.32,ROCM_SMI,GPU_0,7861.8,213.0,100.0
1781785023.64,ROCM_SMI,GPU_0,7861.8,213.0,100.0
1781785025.95,ROCM_SMI,GPU_0,7861.8,213.0,100.0
1781785028.25,ROCM_SMI,GPU_0,7861.8,216.0,100.0
1781785030.57,ROCM_SMI,GPU_0,7861.8,217.0,81.0
1781785032.87,ROCM_SMI,GPU_0,7861.8,214.0,100.0
1781785035.18,ROCM_SMI,GPU_0,7861.8,211.0,100.0
1781785037.48,ROCM_SMI,GPU_0,7861.8,213.0,100.0
1781785039.80,ROCM_SMI,GPU_0,7861.8,216.0,100.0
1781785042.12,ROCM_SMI,GPU_0,7861.8,224.0,100.0
1781785044.43,ROCM_SMI,GPU_0,7861.8,214.0,100.0
1781785046.73,ROCM_SMI,GPU_0,7861.8,213.0,100.0
1781785049.04,ROCM_SMI,GPU_0,7861.8,216.0,100.0
1781785051.36,ROCM_SMI,GPU_0,7861.8,216.0,100.0
1781785053.66,ROCM_SMI,GPU_0,7861.8,214.0,100.0
1781785055.98,ROCM_SMI,GPU_0,7861.8,216.0,100.0
1781785058.29,ROCM_SMI,GPU_0,7861.8,215.0,100.0
1781785060.61,ROCM_SMI,GPU_0,7861.8,214.0,100.0
1781785062.89,ROCM_SMI,GPU_0,7861.8,214.0,100.0
1781785065.19,ROCM_SMI,GPU_0,7861.8,212.0,100.0
1781785067.50,ROCM_SMI,GPU_0,7861.8,215.0,100.0
1781785069.79,ROCM_SMI,GPU_0,7861.8,215.0,100.0
1781785072.11,ROCM_SMI,GPU_0,7861.8,220.0,100.0
1781785074.42,ROCM_SMI,GPU_0,7861.8,213.0,100.0
1781785076.74,ROCM_SMI,GPU_0,7861.8,214.0,100.0
1781785079.03,ROCM_SMI,GPU_0,7861.8,215.0,100.0
1781785081.35,ROCM_SMI,GPU_0,7861.8,217.0,100.0
1781785083.59,ROCM_SMI,GPU_0,7861.8,218.0,100.0
1781785085.89,ROCM_SMI,GPU_0,7861.8,215.0,100.0
1781785088.20,ROCM_SMI,GPU_0,7861.8,214.0,100.0
1781785090.50,ROCM_SMI,GPU_0,7861.8,216.0,100.0
1781785092.81,ROCM_SMI,GPU_0,7861.8,216.0,100.0
1781785095.12,ROCM_SMI,GPU_0,7861.8,215.0,100.0
1781785097.43,ROCM_SMI,GPU_0,7861.8,215.0,100.0
1781785099.74,ROCM_SMI,GPU_0,7861.8,218.0,100.0
1781785102.05,ROCM_SMI,GPU_0,7861.8,218.0,100.0
1781785104.36,ROCM_SMI,GPU_0,7861.8,211.0,100.0
1781785106.68,ROCM_SMI,GPU_0,7861.8,212.0,100.0
1781785108.99,ROCM_SMI,GPU_0,7861.8,213.0,100.0
1781785111.31,ROCM_SMI,GPU_0,7861.8,217.0,100.0
1781785113.64,ROCM_SMI,GPU_0,7861.8,215.0,100.0
1781785115.97,ROCM_SMI,GPU_0,7861.8,213.0,100.0
1781785118.29,ROCM_SMI,GPU_0,7861.8,218.0,100.0
1781785120.59,ROCM_SMI,GPU_0,7861.8,217.0,100.0
1781785122.83,ROCM_SMI,GPU_0,7861.8,217.0,100.0
1781785125.14,ROCM_SMI,GPU_0,7861.8,214.0,100.0
1781785127.46,ROCM_SMI,GPU_0,7861.8,213.0,100.0
1781785129.77,ROCM_SMI,GPU_0,7861.8,219.0,100.0
1781785132.08,ROCM_SMI,GPU_0,7861.8,221.0,100.0
1781785134.38,ROCM_SMI,GPU_0,7861.8,216.0,100.0
1781785136.70,ROCM_SMI,GPU_0,7861.8,217.0,100.0
1781785139.01,ROCM_SMI,GPU_0,7861.8,219.0,100.0
1781785141.32,ROCM_SMI,GPU_0,7861.8,215.0,100.0
1781785143.64,ROCM_SMI,GPU_0,7861.8,216.0,100.0
1781785145.95,ROCM_SMI,GPU_0,7861.8,216.0,100.0
1781785148.26,ROCM_SMI,GPU_0,7861.8,217.0,100.0
1781785150.58,ROCM_SMI,GPU_0,7861.8,215.0,100.0
1781785152.89,ROCM_SMI,GPU_0,7861.8,217.0,100.0
1781785155.20,ROCM_SMI,GPU_0,7861.8,217.0,100.0
1781785157.51,ROCM_SMI,GPU_0,7861.8,218.0,100.0
1781785159.83,ROCM_SMI,GPU_0,7861.8,212.0,100.0
1781785162.14,ROCM_SMI,GPU_0,7861.8,213.0,100.0
1781785164.45,ROCM_SMI,GPU_0,7861.8,212.0,100.0
1781785166.76,ROCM_SMI,GPU_0,7861.8,216.0,100.0
1781785169.07,ROCM_SMI,GPU_0,7861.8,213.0,100.0
1781785171.39,ROCM_SMI,GPU_0,7861.8,214.0,100.0
1781785173.70,ROCM_SMI,GPU_0,7861.8,215.0,100.0
1781785176.02,ROCM_SMI,GPU_0,7861.8,215.0,100.0
1781785178.33,ROCM_SMI,GPU_0,7861.8,215.0,100.0
1781785180.63,ROCM_SMI,GPU_0,7861.8,215.0,100.0
1781785182.95,ROCM_SMI,GPU_0,7861.8,210.0,100.0
1781785185.25,ROCM_SMI,GPU_0,7861.8,216.0,100.0
1781785187.58,ROCM_SMI,GPU_0,7861.8,214.0,100.0
1781785189.86,ROCM_SMI,GPU_0,7861.8,215.0,100.0
1781785192.15,ROCM_SMI,GPU_0,7861.8,217.0,100.0
1781785194.47,ROCM_SMI,GPU_0,7861.8,214.0,100.0
1781785196.79,ROCM_SMI,GPU_0,7861.8,215.0,100.0
1781785199.10,ROCM_SMI,GPU_0,7861.8,225.0,100.0
1781785201.41,ROCM_SMI,GPU_0,7861.8,216.0,100.0
1781785203.72,ROCM_SMI,GPU_0,7861.8,211.0,100.0
1781785206.03,ROCM_SMI,GPU_0,7861.8,218.0,100.0
1781785208.35,ROCM_SMI,GPU_0,7861.8,216.0,100.0
1781785210.67,ROCM_SMI,GPU_0,7861.8,215.0,100.0
1781785212.98,ROCM_SMI,GPU_0,7861.8,216.0,100.0
1781785215.30,ROCM_SMI,GPU_0,7861.8,221.0,100.0
1781785217.61,ROCM_SMI,GPU_0,7861.8,217.0,100.0
1781785219.92,ROCM_SMI,GPU_0,7861.8,216.0,100.0
1781785222.23,ROCM_SMI,GPU_0,7861.8,218.0,100.0
1781785224.54,ROCM_SMI,GPU_0,7861.8,213.0,100.0
1781785226.85,ROCM_SMI,GPU_0,7861.8,226.0,100.0
1781785229.15,ROCM_SMI,GPU_0,7861.8,217.0,100.0
1781785231.47,ROCM_SMI,GPU_0,7861.8,215.0,100.0
1781785233.78,ROCM_SMI,GPU_0,7861.8,214.0,100.0
1781785236.09,ROCM_SMI,GPU_0,7861.8,216.0,100.0
1781785238.39,ROCM_SMI,GPU_0,7861.8,217.0,100.0
1781785240.70,ROCM_SMI,GPU_0,7861.8,214.0,100.0
1781785243.01,ROCM_SMI,GPU_0,7861.8,223.0,100.0
1781785245.32,ROCM_SMI,GPU_0,7861.8,213.0,100.0
1781785247.63,ROCM_SMI,GPU_0,7861.8,218.0,100.0
1781785249.93,ROCM_SMI,GPU_0,7861.8,215.0,100.0
1781785252.24,ROCM_SMI,GPU_0,7861.8,218.0,100.0
1781785254.56,ROCM_SMI,GPU_0,7861.8,214.0,100.0
1781785256.88,ROCM_SMI,GPU_0,7861.8,215.0,100.0
1781785259.17,ROCM_SMI,GPU_0,7861.8,217.0,100.0
1781785261.49,ROCM_SMI,GPU_0,7861.8,219.0,100.0
1781785263.81,ROCM_SMI,GPU_0,7861.8,215.0,100.0
1781785266.14,ROCM_SMI,GPU_0,7861.8,217.0,100.0
1781785268.46,ROCM_SMI,GPU_0,7861.8,212.0,78.0
1781785270.77,ROCM_SMI,GPU_0,7861.8,218.0,100.0
1781785273.09,ROCM_SMI,GPU_0,7861.8,214.0,82.0
1781785275.39,ROCM_SMI,GPU_0,7861.8,212.0,100.0
1781785277.71,ROCM_SMI,GPU_0,7861.8,213.0,100.0
1781785280.01,ROCM_SMI,GPU_0,7861.8,212.0,100.0
1781785282.34,ROCM_SMI,GPU_0,7861.8,216.0,100.0
1781785284.65,ROCM_SMI,GPU_0,7861.8,217.0,100.0
1781785286.96,ROCM_SMI,GPU_0,7861.8,209.0,100.0
1781785289.27,ROCM_SMI,GPU_0,7861.8,214.0,100.0
1781785291.58,ROCM_SMI,GPU_0,7861.8,215.0,100.0
1781785293.89,ROCM_SMI,GPU_0,7861.8,215.0,100.0
1781785296.10,ROCM_SMI,GPU_0,7861.8,212.0,100.0
1781785298.42,ROCM_SMI,GPU_0,7861.8,216.0,100.0
1781785300.74,ROCM_SMI,GPU_0,7861.8,217.0,100.0
1781785303.05,ROCM_SMI,GPU_0,7861.8,218.0,100.0
1781785305.29,ROCM_SMI,GPU_0,7861.8,217.0,100.0
1781785307.60,ROCM_SMI,GPU_0,7861.8,221.0,100.0
1781785309.90,ROCM_SMI,GPU_0,7861.8,214.0,100.0
1781785312.21,ROCM_SMI,GPU_0,7861.8,217.0,100.0
1781785314.54,ROCM_SMI,GPU_0,7861.8,216.0,100.0
1781785316.85,ROCM_SMI,GPU_0,7861.8,215.0,100.0
1781785319.18,ROCM_SMI,GPU_0,7861.8,215.0,100.0
1781785321.49,ROCM_SMI,GPU_0,7861.8,215.0,100.0
1781785323.80,ROCM_SMI,GPU_0,7861.8,215.0,100.0
1781785326.10,ROCM_SMI,GPU_0,7861.8,215.0,100.0
1781785328.42,ROCM_SMI,GPU_0,7861.8,216.0,85.0
1781785330.73,ROCM_SMI,GPU_0,7861.8,212.0,100.0
1781785333.04,ROCM_SMI,GPU_0,7861.8,217.0,100.0
1781785335.34,ROCM_SMI,GPU_0,7861.8,221.0,100.0
1781785337.66,ROCM_SMI,GPU_0,7861.8,214.0,100.0
1781785339.97,ROCM_SMI,GPU_0,7861.8,216.0,100.0
1781785342.30,ROCM_SMI,GPU_0,7861.8,229.0,100.0
1781785344.61,ROCM_SMI,GPU_0,7861.8,224.0,100.0
1781785346.92,ROCM_SMI,GPU_0,7861.8,208.0,100.0
1781785349.24,ROCM_SMI,GPU_0,7861.8,212.0,100.0
1781785351.48,ROCM_SMI,GPU_0,7861.8,216.0,100.0
1781785353.80,ROCM_SMI,GPU_0,7861.8,211.0,100.0
1781785356.09,ROCM_SMI,GPU_0,7861.8,216.0,100.0
1781785358.41,ROCM_SMI,GPU_0,7861.8,212.0,100.0
1781785360.71,ROCM_SMI,GPU_0,7861.8,218.0,100.0
1781785363.03,ROCM_SMI,GPU_0,7861.8,217.0,100.0
1781785365.34,ROCM_SMI,GPU_0,7861.8,212.0,100.0
1781785367.65,ROCM_SMI,GPU_0,7861.8,216.0,88.0
1781785369.95,ROCM_SMI,GPU_0,7861.8,214.0,100.0
1781785372.27,ROCM_SMI,GPU_0,7861.8,207.0,100.0
1781785374.57,ROCM_SMI,GPU_0,7861.8,215.0,100.0
1781785376.86,ROCM_SMI,GPU_0,7861.8,214.0,100.0
1781785379.16,ROCM_SMI,GPU_0,7861.8,217.0,100.0
1781785381.48,ROCM_SMI,GPU_0,7861.8,213.0,100.0
1781785383.78,ROCM_SMI,GPU_0,7861.8,216.0,100.0
1781785386.07,ROCM_SMI,GPU_0,7861.8,215.0,100.0
1781785388.38,ROCM_SMI,GPU_0,7861.8,211.0,100.0
1781785390.66,ROCM_SMI,GPU_0,7861.8,214.0,100.0
1781785392.98,ROCM_SMI,GPU_0,7861.8,218.0,86.0
1781785395.27,ROCM_SMI,GPU_0,7861.8,217.0,100.0
1781785397.58,ROCM_SMI,GPU_0,7861.8,214.0,100.0
1781785399.86,ROCM_SMI,GPU_0,7861.8,215.0,100.0
1781785402.18,ROCM_SMI,GPU_0,7861.8,213.0,100.0
1781785404.49,ROCM_SMI,GPU_0,7861.8,213.0,100.0
1781785406.78,ROCM_SMI,GPU_0,7861.8,217.0,100.0
1781785409.08,ROCM_SMI,GPU_0,7861.8,215.0,100.0
1781785411.39,ROCM_SMI,GPU_0,7861.8,220.0,100.0
1781785413.71,ROCM_SMI,GPU_0,7861.8,214.0,100.0
1781785416.01,ROCM_SMI,GPU_0,7861.8,217.0,100.0
1781785418.32,ROCM_SMI,GPU_0,7861.8,215.0,100.0
1781785420.63,ROCM_SMI,GPU_0,7861.8,214.0,100.0
1781785422.94,ROCM_SMI,GPU_0,7861.8,206.0,100.0
1781785425.25,ROCM_SMI,GPU_0,7861.8,216.0,100.0
1781785427.56,ROCM_SMI,GPU_0,7861.8,216.0,80.0
1781785429.87,ROCM_SMI,GPU_0,7861.8,214.0,100.0
1781785432.10,ROCM_SMI,GPU_0,7861.8,216.0,100.0
1781785434.42,ROCM_SMI,GPU_0,7861.8,199.0,100.0
1781785436.71,ROCM_SMI,GPU_0,7861.8,216.0,100.0
1781785439.02,ROCM_SMI,GPU_0,7861.8,213.0,100.0
1781785441.34,ROCM_SMI,GPU_0,7861.8,213.0,100.0
1781785443.65,ROCM_SMI,GPU_0,7861.8,211.0,100.0
1781785445.97,ROCM_SMI,GPU_0,7861.8,216.0,100.0
1781785448.28,ROCM_SMI,GPU_0,7861.8,215.0,100.0
1781785450.59,ROCM_SMI,GPU_0,7861.8,213.0,100.0
1781785452.90,ROCM_SMI,GPU_0,7861.8,217.0,100.0
1781785455.21,ROCM_SMI,GPU_0,7861.8,214.0,100.0
1781785457.51,ROCM_SMI,GPU_0,7861.8,214.0,100.0
1781785459.83,ROCM_SMI,GPU_0,7861.8,217.0,100.0
1781785462.13,ROCM_SMI,GPU_0,7861.8,219.0,100.0
1781785464.44,ROCM_SMI,GPU_0,7861.8,218.0,100.0
1781785466.75,ROCM_SMI,GPU_0,7861.8,217.0,100.0
1781785469.06,ROCM_SMI,GPU_0,7861.8,217.0,100.0
1781785471.36,ROCM_SMI,GPU_0,7861.8,216.0,100.0
1781785473.69,ROCM_SMI,GPU_0,7861.8,211.0,100.0
1781785476.00,ROCM_SMI,GPU_0,7861.8,220.0,100.0
1781785478.22,ROCM_SMI,GPU_0,7861.8,216.0,100.0
1781785480.51,ROCM_SMI,GPU_0,7861.8,215.0,100.0
1781785482.73,ROCM_SMI,GPU_0,7861.8,215.0,100.0
1781785485.03,ROCM_SMI,GPU_0,7861.8,216.0,100.0
1781785487.30,ROCM_SMI,GPU_0,7861.8,216.0,100.0
1781785489.60,ROCM_SMI,GPU_0,7861.8,214.0,100.0
1781785491.82,ROCM_SMI,GPU_0,7861.8,213.0,100.0
1781785494.12,ROCM_SMI,GPU_0,7861.8,215.0,100.0
1781785496.42,ROCM_SMI,GPU_0,7861.8,215.0,100.0
1781785498.69,ROCM_SMI,GPU_0,7861.8,212.0,100.0
1781785500.98,ROCM_SMI,GPU_0,7861.8,217.0,100.0
1781785503.26,ROCM_SMI,GPU_0,7861.8,216.0,100.0
1781785505.55,ROCM_SMI,GPU_0,7861.8,216.0,100.0
1781785507.77,ROCM_SMI,GPU_0,7861.8,217.0,100.0
1781785510.07,ROCM_SMI,GPU_0,7861.8,212.0,100.0
1781785512.37,ROCM_SMI,GPU_0,7861.8,215.0,100.0
1781785514.65,ROCM_SMI,GPU_0,7861.8,211.0,100.0
1781785516.87,ROCM_SMI,GPU_0,7861.8,216.0,100.0
1781785519.15,ROCM_SMI,GPU_0,7861.8,214.0,100.0
1781785521.45,ROCM_SMI,GPU_0,7861.8,214.0,100.0
1781785523.75,ROCM_SMI,GPU_0,7861.8,215.0,100.0
1781785526.06,ROCM_SMI,GPU_0,7861.8,214.0,100.0
1781785528.34,ROCM_SMI,GPU_0,7861.8,216.0,85.0
1781785530.64,ROCM_SMI,GPU_0,7861.8,214.0,100.0
1781785532.85,ROCM_SMI,GPU_0,7861.8,220.0,100.0
1781785535.15,ROCM_SMI,GPU_0,7861.8,216.0,100.0
1781785537.44,ROCM_SMI,GPU_0,7861.8,217.0,100.0
1781785539.72,ROCM_SMI,GPU_0,7861.8,214.0,100.0
1781785542.01,ROCM_SMI,GPU_0,7861.8,213.0,100.0
1781785544.30,ROCM_SMI,GPU_0,7861.8,215.0,100.0
1781785546.57,ROCM_SMI,GPU_0,7861.8,213.0,100.0
1781785548.87,ROCM_SMI,GPU_0,7861.8,215.0,100.0
1781785551.17,ROCM_SMI,GPU_0,7861.8,218.0,100.0
1781785553.45,ROCM_SMI,GPU_0,7861.8,213.0,100.0
1781785555.74,ROCM_SMI,GPU_0,7861.8,217.0,100.0
1781785558.04,ROCM_SMI,GPU_0,7861.8,213.0,100.0
1781785560.33,ROCM_SMI,GPU_0,7861.8,215.0,100.0
1781785562.63,ROCM_SMI,GPU_0,7861.8,220.0,100.0
1781785564.92,ROCM_SMI,GPU_0,7861.8,216.0,100.0
1781785567.22,ROCM_SMI,GPU_0,7861.8,213.0,100.0
1781785569.51,ROCM_SMI,GPU_0,7861.8,212.0,100.0
1781785571.80,ROCM_SMI,GPU_0,7861.8,208.0,100.0
1781785574.09,ROCM_SMI,GPU_0,7861.8,213.0,100.0
1781785576.40,ROCM_SMI,GPU_0,7861.8,214.0,78.0
1781785578.69,ROCM_SMI,GPU_0,7861.8,213.0,100.0
1781785581.00,ROCM_SMI,GPU_0,7861.8,215.0,100.0
1781785583.31,ROCM_SMI,GPU_0,7861.8,215.0,100.0
1781785585.60,ROCM_SMI,GPU_0,7861.8,214.0,100.0
1781785587.89,ROCM_SMI,GPU_0,7861.8,213.0,100.0
1781785590.18,ROCM_SMI,GPU_0,7861.8,229.0,100.0
1781785592.49,ROCM_SMI,GPU_0,7861.8,210.0,100.0
1781785594.78,ROCM_SMI,GPU_0,7861.8,213.0,100.0
1781785597.08,ROCM_SMI,GPU_0,7861.8,213.0,100.0
1781785599.38,ROCM_SMI,GPU_0,7861.8,212.0,100.0
1781785601.67,ROCM_SMI,GPU_0,7861.8,233.0,100.0
1781785603.95,ROCM_SMI,GPU_0,7861.8,214.0,100.0
1781785606.25,ROCM_SMI,GPU_0,7861.8,213.0,100.0
1781785608.55,ROCM_SMI,GPU_0,7861.8,217.0,100.0
1781785610.85,ROCM_SMI,GPU_0,7861.8,204.0,100.0
1781785613.13,ROCM_SMI,GPU_0,7861.8,217.0,100.0
1781785615.43,ROCM_SMI,GPU_0,7861.8,213.0,100.0
1781785617.74,ROCM_SMI,GPU_0,7861.8,216.0,100.0
1781785620.04,ROCM_SMI,GPU_0,7861.8,212.0,100.0
1781785622.32,ROCM_SMI,GPU_0,7861.8,214.0,100.0
1781785624.62,ROCM_SMI,GPU_0,7861.8,217.0,100.0
1781785626.92,ROCM_SMI,GPU_0,7861.8,215.0,100.0
1781785629.20,ROCM_SMI,GPU_0,7861.8,212.0,100.0
1781785631.52,ROCM_SMI,GPU_0,7861.8,212.0,100.0
1781785633.82,ROCM_SMI,GPU_0,7861.8,214.0,100.0
1781785636.12,ROCM_SMI,GPU_0,7861.8,211.0,100.0
1781785638.41,ROCM_SMI,GPU_0,7861.8,214.0,100.0
1781785640.71,ROCM_SMI,GPU_0,7861.8,209.0,100.0
1781785643.02,ROCM_SMI,GPU_0,7861.8,215.0,100.0
1781785645.32,ROCM_SMI,GPU_0,7861.8,211.0,100.0
1781785647.62,ROCM_SMI,GPU_0,7861.8,215.0,100.0
1781785649.90,ROCM_SMI,GPU_0,7861.8,216.0,100.0
1781785652.20,ROCM_SMI,GPU_0,7861.8,212.0,100.0
1781785654.50,ROCM_SMI,GPU_0,7861.8,214.0,100.0
1781785656.80,ROCM_SMI,GPU_0,7861.8,213.0,100.0
1781785659.09,ROCM_SMI,GPU_0,7861.8,214.0,100.0
1781785661.39,ROCM_SMI,GPU_0,7861.8,212.0,100.0
1781785663.70,ROCM_SMI,GPU_0,7861.8,219.0,100.0
1781785665.99,ROCM_SMI,GPU_0,7861.8,214.0,100.0
1781785668.30,ROCM_SMI,GPU_0,7861.8,212.0,100.0
1781785670.60,ROCM_SMI,GPU_0,7861.8,214.0,100.0
1781785672.90,ROCM_SMI,GPU_0,7861.8,213.0,100.0
1781785675.21,ROCM_SMI,GPU_0,7861.8,214.0,100.0
1781785677.51,ROCM_SMI,GPU_0,7861.8,213.0,87.0
1781785679.80,ROCM_SMI,GPU_0,7861.8,213.0,100.0
1781785682.11,ROCM_SMI,GPU_0,7861.8,213.0,100.0
1781785684.40,ROCM_SMI,GPU_0,7861.8,216.0,100.0
1781785686.70,ROCM_SMI,GPU_0,7861.8,215.0,100.0
1781785689.00,ROCM_SMI,GPU_0,7861.8,212.0,100.0
1781785691.29,ROCM_SMI,GPU_0,7861.8,211.0,100.0
1781785693.59,ROCM_SMI,GPU_0,7861.8,212.0,100.0
1781785695.81,ROCM_SMI,GPU_0,7861.8,215.0,100.0
1781785698.10,ROCM_SMI,GPU_0,7861.8,213.0,100.0
1781785700.41,ROCM_SMI,GPU_0,7861.8,216.0,100.0
1781785702.68,ROCM_SMI,GPU_0,7861.8,215.0,100.0
1781785704.98,ROCM_SMI,GPU_0,7861.8,216.0,100.0
1781785707.19,ROCM_SMI,GPU_0,7861.8,212.0,100.0
1781785709.49,ROCM_SMI,GPU_0,7861.8,217.0,100.0
1781785711.78,ROCM_SMI,GPU_0,7861.8,217.0,100.0
1781785714.09,ROCM_SMI,GPU_0,7861.8,217.0,100.0
1781785716.38,ROCM_SMI,GPU_0,7861.8,215.0,100.0
1781785718.63,ROCM_SMI,GPU_0,7861.8,215.0,100.0
1781785720.85,ROCM_SMI,GPU_0,7861.8,216.0,100.0
1781785723.15,ROCM_SMI,GPU_0,7861.8,222.0,100.0
1781785725.42,ROCM_SMI,GPU_0,7861.8,212.0,100.0
1781785727.70,ROCM_SMI,GPU_0,7861.8,211.0,100.0
1781785729.93,ROCM_SMI,GPU_0,7861.8,217.0,100.0
1781785732.22,ROCM_SMI,GPU_0,7861.8,219.0,100.0
1781785734.44,ROCM_SMI,GPU_0,7861.8,176.0,76.0
1781785736.73,ROCM_SMI,GPU_0,7861.8,216.0,100.0
1781785739.04,ROCM_SMI,GPU_0,7861.8,234.0,100.0
1781785741.35,ROCM_SMI,GPU_0,7861.8,226.0,100.0
1781785743.64,ROCM_SMI,GPU_0,7861.8,221.0,100.0
1781785745.94,ROCM_SMI,GPU_0,7861.8,197.0,100.0
1781785748.25,ROCM_SMI,GPU_0,7861.8,223.0,100.0
1781785750.55,ROCM_SMI,GPU_0,7861.8,208.0,100.0
1781785752.86,ROCM_SMI,GPU_0,7861.8,215.0,100.0
1781785755.15,ROCM_SMI,GPU_0,7861.8,219.0,100.0
1781785757.44,ROCM_SMI,GPU_0,7861.8,228.0,100.0
1781785759.73,ROCM_SMI,GPU_0,7861.8,214.0,100.0
1781785762.02,ROCM_SMI,GPU_0,7861.8,212.0,89.0
1781785764.31,ROCM_SMI,GPU_0,7861.8,215.0,100.0
1781785766.61,ROCM_SMI,GPU_0,7861.8,213.0,100.0
1781785768.91,ROCM_SMI,GPU_0,7861.8,213.0,100.0
1781785771.21,ROCM_SMI,GPU_0,7861.8,215.0,100.0
1781785773.50,ROCM_SMI,GPU_0,7861.8,211.0,100.0
1781785775.81,ROCM_SMI,GPU_0,7861.8,215.0,100.0
1781785778.10,ROCM_SMI,GPU_0,7861.8,217.0,100.0
1781785780.39,ROCM_SMI,GPU_0,7861.8,213.0,100.0
1781785782.70,ROCM_SMI,GPU_0,7861.8,224.0,100.0
1781785785.00,ROCM_SMI,GPU_0,7861.8,215.0,100.0
1781785787.30,ROCM_SMI,GPU_0,7861.8,216.0,100.0
1781785789.61,ROCM_SMI,GPU_0,7861.8,210.0,100.0
1781785791.84,ROCM_SMI,GPU_0,7861.8,220.0,100.0
1781785794.13,ROCM_SMI,GPU_0,7861.8,214.0,100.0
1781785796.41,ROCM_SMI,GPU_0,7861.8,213.0,100.0
1781785798.70,ROCM_SMI,GPU_0,7861.8,216.0,100.0
1781785801.00,ROCM_SMI,GPU_0,7861.8,219.0,100.0
1781785803.30,ROCM_SMI,GPU_0,7861.8,211.0,100.0
1781785805.60,ROCM_SMI,GPU_0,7861.8,216.0,100.0
1781785807.90,ROCM_SMI,GPU_0,7861.8,214.0,100.0
1781785810.20,ROCM_SMI,GPU_0,7861.8,212.0,100.0
1781785812.50,ROCM_SMI,GPU_0,7861.8,213.0,100.0
1781785814.80,ROCM_SMI,GPU_0,7861.8,217.0,100.0
1781785817.10,ROCM_SMI,GPU_0,7861.8,213.0,100.0
1781785819.40,ROCM_SMI,GPU_0,7861.8,213.0,100.0
1781785821.69,ROCM_SMI,GPU_0,7861.8,218.0,100.0
1781785823.99,ROCM_SMI,GPU_0,7861.8,213.0,100.0
1781785826.28,ROCM_SMI,GPU_0,7861.8,216.0,100.0
1781785828.58,ROCM_SMI,GPU_0,7861.8,217.0,100.0
1781785830.87,ROCM_SMI,GPU_0,7861.8,215.0,100.0
1781785833.17,ROCM_SMI,GPU_0,7861.8,217.0,100.0
1781785835.48,ROCM_SMI,GPU_0,7861.8,211.0,100.0
1781785837.77,ROCM_SMI,GPU_0,7861.8,215.0,100.0
1781785840.06,ROCM_SMI,GPU_0,7861.8,216.0,100.0
1781785842.35,ROCM_SMI,GPU_0,7861.8,227.0,100.0
1781785844.57,ROCM_SMI,GPU_0,7861.8,216.0,100.0
1781785846.87,ROCM_SMI,GPU_0,7861.8,216.0,100.0
1781785849.09,ROCM_SMI,GPU_0,7861.8,213.0,100.0
1781785851.40,ROCM_SMI,GPU_0,7861.8,220.0,100.0
1781785853.62,ROCM_SMI,GPU_0,7861.8,212.0,100.0
1781785855.89,ROCM_SMI,GPU_0,7861.8,217.0,100.0
1781785858.19,ROCM_SMI,GPU_0,7861.8,214.0,100.0
1781785860.41,ROCM_SMI,GPU_0,7861.8,208.0,100.0
1781785862.71,ROCM_SMI,GPU_0,7861.8,217.0,100.0
1781785864.92,ROCM_SMI,GPU_0,7861.8,213.0,100.0
1781785867.22,ROCM_SMI,GPU_0,7861.8,217.0,100.0
1781785869.43,ROCM_SMI,GPU_0,7861.8,213.0,100.0
1781785871.70,ROCM_SMI,GPU_0,7861.8,214.0,100.0
1781785873.99,ROCM_SMI,GPU_0,7861.8,215.0,100.0
1781785876.28,ROCM_SMI,GPU_0,7861.8,216.0,100.0
1781785878.57,ROCM_SMI,GPU_0,7861.8,216.0,100.0
1781785880.87,ROCM_SMI,GPU_0,7861.8,213.0,100.0
1781785883.17,ROCM_SMI,GPU_0,7861.8,213.0,100.0
1781785885.47,ROCM_SMI,GPU_0,7861.8,215.0,100.0
1781785887.78,ROCM_SMI,GPU_0,7861.8,214.0,76.0
1781785890.08,ROCM_SMI,GPU_0,7861.8,211.0,100.0
1781785892.37,ROCM_SMI,GPU_0,7861.8,217.0,100.0
1781785894.65,ROCM_SMI,GPU_0,7861.8,216.0,100.0
1781785896.95,ROCM_SMI,GPU_0,7861.8,212.0,100.0
1781785899.25,ROCM_SMI,GPU_0,7861.8,214.0,74.0
1781785901.54,ROCM_SMI,GPU_0,7861.8,218.0,100.0
1781785903.84,ROCM_SMI,GPU_0,7861.8,215.0,100.0
1781785906.06,ROCM_SMI,GPU_0,7861.8,216.0,100.0
1781785908.36,ROCM_SMI,GPU_0,7861.8,212.0,100.0
1781785910.65,ROCM_SMI,GPU_0,7861.8,221.0,100.0
1781785912.96,ROCM_SMI,GPU_0,7861.8,210.0,100.0
1781785915.25,ROCM_SMI,GPU_0,7861.8,214.0,100.0
1781785917.56,ROCM_SMI,GPU_0,7861.8,215.0,100.0
1781785919.86,ROCM_SMI,GPU_0,7861.8,215.0,100.0
1781785922.16,ROCM_SMI,GPU_0,7861.8,215.0,100.0
1781785924.46,ROCM_SMI,GPU_0,7861.8,212.0,100.0
1781785926.77,ROCM_SMI,GPU_0,7861.8,213.0,100.0
1781785929.06,ROCM_SMI,GPU_0,7861.8,205.0,100.0
1781785931.37,ROCM_SMI,GPU_0,7861.8,214.0,100.0
1781785933.66,ROCM_SMI,GPU_0,7861.8,213.0,81.0
1781785935.96,ROCM_SMI,GPU_0,7861.8,215.0,100.0
1781785938.25,ROCM_SMI,GPU_0,7861.8,214.0,100.0
1781785940.54,ROCM_SMI,GPU_0,7861.8,224.0,100.0
1781785942.84,ROCM_SMI,GPU_0,7861.8,215.0,100.0
1781785945.13,ROCM_SMI,GPU_0,7861.8,214.0,80.0
1781785947.43,ROCM_SMI,GPU_0,7861.8,213.0,100.0
1781785949.73,ROCM_SMI,GPU_0,7861.8,220.0,100.0
1781785952.02,ROCM_SMI,GPU_0,7861.8,215.0,100.0
1781785954.31,ROCM_SMI,GPU_0,7861.8,215.0,100.0
1781785956.61,ROCM_SMI,GPU_0,7861.8,215.0,77.0
1781785958.88,ROCM_SMI,GPU_0,7861.8,214.0,100.0
1781785961.17,ROCM_SMI,GPU_0,7861.8,218.0,100.0
1781785963.46,ROCM_SMI,GPU_0,7861.8,213.0,100.0
1781785965.75,ROCM_SMI,GPU_0,7861.8,213.0,100.0
1781785968.03,ROCM_SMI,GPU_0,7861.8,215.0,100.0
1781785970.35,ROCM_SMI,GPU_0,7861.8,227.0,100.0
1781785972.64,ROCM_SMI,GPU_0,7861.8,214.0,100.0
1781785974.92,ROCM_SMI,GPU_0,7861.8,211.0,80.0
1781785977.21,ROCM_SMI,GPU_0,7861.8,215.0,100.0
1781785979.51,ROCM_SMI,GPU_0,7861.8,219.0,100.0
1781785981.80,ROCM_SMI,GPU_0,7861.8,216.0,100.0
1781785984.08,ROCM_SMI,GPU_0,7861.8,214.0,100.0
1781785986.37,ROCM_SMI,GPU_0,7861.8,216.0,100.0
1781785988.67,ROCM_SMI,GPU_0,7861.8,213.0,100.0
1781785990.98,ROCM_SMI,GPU_0,7861.8,217.0,100.0
1781785993.27,ROCM_SMI,GPU_0,7861.8,216.0,100.0
1781785995.57,ROCM_SMI,GPU_0,7861.8,216.0,100.0
1781785997.87,ROCM_SMI,GPU_0,7861.8,212.0,84.0
1781786000.17,ROCM_SMI,GPU_0,7861.8,213.0,100.0
1781786002.47,ROCM_SMI,GPU_0,7861.8,217.0,100.0
1781786004.76,ROCM_SMI,GPU_0,7861.8,214.0,100.0
1781786007.06,ROCM_SMI,GPU_0,7861.8,214.0,100.0
1781786009.35,ROCM_SMI,GPU_0,7861.8,215.0,100.0
1781786011.57,ROCM_SMI,GPU_0,7861.8,211.0,100.0
1781786013.86,ROCM_SMI,GPU_0,7861.8,213.0,100.0
1781786016.16,ROCM_SMI,GPU_0,7861.8,214.0,100.0
1781786018.44,ROCM_SMI,GPU_0,7861.8,215.0,100.0
1781786020.74,ROCM_SMI,GPU_0,7861.8,215.0,100.0
1781786023.04,ROCM_SMI,GPU_0,7861.8,189.0,100.0
1781786025.34,ROCM_SMI,GPU_0,7861.8,214.0,100.0
1781786027.64,ROCM_SMI,GPU_0,7861.8,219.0,100.0
1781786029.92,ROCM_SMI,GPU_0,7861.8,216.0,100.0
1781786032.22,ROCM_SMI,GPU_0,7861.8,211.0,100.0
1781786034.52,ROCM_SMI,GPU_0,7861.8,214.0,100.0
1781786036.82,ROCM_SMI,GPU_0,7861.8,216.0,100.0
1781786039.12,ROCM_SMI,GPU_0,7861.8,214.0,100.0
1781786041.33,ROCM_SMI,GPU_0,7861.8,210.0,100.0
1781786043.64,ROCM_SMI,GPU_0,7861.8,219.0,100.0
1781786045.93,ROCM_SMI,GPU_0,7861.8,216.0,100.0
1781786048.23,ROCM_SMI,GPU_0,7861.8,213.0,100.0
1781786050.52,ROCM_SMI,GPU_0,7861.8,212.0,100.0
1781786052.82,ROCM_SMI,GPU_0,7861.8,211.0,100.0
1781786055.09,ROCM_SMI,GPU_0,7861.8,217.0,100.0
1781786057.38,ROCM_SMI,GPU_0,7861.8,216.0,100.0
1781786059.60,ROCM_SMI,GPU_0,7861.8,218.0,100.0
1781786061.88,ROCM_SMI,GPU_0,7861.8,212.0,100.0
1781786064.18,ROCM_SMI,GPU_0,7861.8,213.0,100.0
1781786066.44,ROCM_SMI,GPU_0,7861.8,213.0,100.0
1781786068.73,ROCM_SMI,GPU_0,7861.8,214.0,100.0
1781786071.01,ROCM_SMI,GPU_0,7861.8,215.0,100.0
1781786073.31,ROCM_SMI,GPU_0,7861.8,214.0,100.0
1781786075.61,ROCM_SMI,GPU_0,7861.8,221.0,100.0
1781786077.91,ROCM_SMI,GPU_0,7861.8,219.0,100.0
1781786080.20,ROCM_SMI,GPU_0,7861.8,216.0,100.0
1781786082.49,ROCM_SMI,GPU_0,7861.8,213.0,100.0
1781786084.77,ROCM_SMI,GPU_0,7861.8,214.0,100.0
1781786087.05,ROCM_SMI,GPU_0,7861.8,217.0,100.0
1781786089.34,ROCM_SMI,GPU_0,7861.8,216.0,100.0
1781786091.64,ROCM_SMI,GPU_0,7861.8,218.0,100.0
1781786093.93,ROCM_SMI,GPU_0,7861.8,215.0,100.0
1781786096.20,ROCM_SMI,GPU_0,7861.8,222.0,100.0
1781786098.49,ROCM_SMI,GPU_0,7861.8,216.0,100.0
1781786100.78,ROCM_SMI,GPU_0,7861.8,213.0,100.0
1781786103.09,ROCM_SMI,GPU_0,7861.8,214.0,100.0
1781786105.38,ROCM_SMI,GPU_0,7861.8,216.0,100.0
1781786107.66,ROCM_SMI,GPU_0,7861.8,215.0,100.0
1781786109.87,ROCM_SMI,GPU_0,7861.8,211.0,100.0
1781786112.09,ROCM_SMI,GPU_0,7861.8,218.0,100.0
1781786114.38,ROCM_SMI,GPU_0,7861.8,214.0,100.0
1781786116.66,ROCM_SMI,GPU_0,7861.8,214.0,100.0
1781786118.96,ROCM_SMI,GPU_0,7861.8,215.0,100.0
1781786121.23,ROCM_SMI,GPU_0,7861.8,214.0,100.0
1781786123.51,ROCM_SMI,GPU_0,7861.8,214.0,100.0
1781786125.81,ROCM_SMI,GPU_0,7861.8,212.0,100.0
1781786128.10,ROCM_SMI,GPU_0,7861.8,212.0,100.0
1781786130.36,ROCM_SMI,GPU_0,7861.8,215.0,100.0
1781786132.60,ROCM_SMI,GPU_0,7861.8,217.0,100.0
1781786134.90,ROCM_SMI,GPU_0,7861.8,212.0,100.0
1781786137.18,ROCM_SMI,GPU_0,7861.8,216.0,100.0
1781786139.47,ROCM_SMI,GPU_0,7861.8,217.0,100.0
1781786141.76,ROCM_SMI,GPU_0,7861.8,216.0,86.0
1781786144.06,ROCM_SMI,GPU_0,7861.8,216.0,100.0
1781786146.35,ROCM_SMI,GPU_0,7861.8,219.0,100.0
1781786148.65,ROCM_SMI,GPU_0,7861.8,214.0,100.0
1781786150.95,ROCM_SMI,GPU_0,7861.8,213.0,100.0
1781786153.24,ROCM_SMI,GPU_0,7861.8,215.0,100.0
1781786155.46,ROCM_SMI,GPU_0,7861.8,219.0,100.0
1781786157.75,ROCM_SMI,GPU_0,7861.8,216.0,100.0
1781786159.96,ROCM_SMI,GPU_0,7861.8,215.0,100.0
1781786162.24,ROCM_SMI,GPU_0,7861.8,216.0,86.0
1781786164.54,ROCM_SMI,GPU_0,7861.8,214.0,100.0
1781786166.83,ROCM_SMI,GPU_0,7861.8,217.0,100.0
1781786169.12,ROCM_SMI,GPU_0,7861.8,215.0,100.0
1781786171.41,ROCM_SMI,GPU_0,7861.8,213.0,100.0
1781786173.70,ROCM_SMI,GPU_0,7861.8,213.0,100.0
1781786175.99,ROCM_SMI,GPU_0,7861.8,215.0,100.0
1781786178.28,ROCM_SMI,GPU_0,7861.8,218.0,100.0
1781786180.55,ROCM_SMI,GPU_0,7861.8,215.0,100.0
1781786182.85,ROCM_SMI,GPU_0,7861.8,219.0,100.0
1781786185.15,ROCM_SMI,GPU_0,7861.8,211.0,100.0
1781786187.44,ROCM_SMI,GPU_0,7861.8,214.0,100.0
1781786189.72,ROCM_SMI,GPU_0,7861.8,215.0,100.0
1781786192.02,ROCM_SMI,GPU_0,7861.8,215.0,100.0
1781786194.32,ROCM_SMI,GPU_0,7861.8,215.0,100.0
1781786196.61,ROCM_SMI,GPU_0,7861.8,218.0,100.0
1781786198.83,ROCM_SMI,GPU_0,7861.8,210.0,100.0
1781786201.13,ROCM_SMI,GPU_0,7861.8,214.0,100.0
1781786203.43,ROCM_SMI,GPU_0,7861.8,215.0,100.0
1781786205.73,ROCM_SMI,GPU_0,7861.8,217.0,100.0
1781786208.00,ROCM_SMI,GPU_0,7861.8,215.0,100.0
1781786210.31,ROCM_SMI,GPU_0,7861.8,213.0,100.0
1781786212.61,ROCM_SMI,GPU_0,7861.8,216.0,100.0
1781786214.91,ROCM_SMI,GPU_0,7861.8,215.0,100.0
1781786217.22,ROCM_SMI,GPU_0,7861.8,213.0,100.0
1781786219.47,ROCM_SMI,GPU_0,7861.8,213.0,100.0
1781786221.74,ROCM_SMI,GPU_0,7861.8,215.0,100.0
1781786224.02,ROCM_SMI,GPU_0,7861.8,213.0,100.0
1781786226.32,ROCM_SMI,GPU_0,7861.8,214.0,100.0
1781786228.62,ROCM_SMI,GPU_0,7861.8,217.0,100.0
1781786230.91,ROCM_SMI,GPU_0,7861.8,214.0,100.0
1781786233.20,ROCM_SMI,GPU_0,7861.8,215.0,100.0
1781786235.48,ROCM_SMI,GPU_0,7861.8,215.0,100.0
1781786237.79,ROCM_SMI,GPU_0,7861.8,215.0,100.0
1781786240.08,ROCM_SMI,GPU_0,7861.8,217.0,100.0
1781786242.38,ROCM_SMI,GPU_0,7861.8,215.0,100.0
1781786244.59,ROCM_SMI,GPU_0,7861.8,212.0,100.0
1781786246.90,ROCM_SMI,GPU_0,7861.8,211.0,100.0
1781786249.20,ROCM_SMI,GPU_0,7861.8,214.0,100.0
1781786251.48,ROCM_SMI,GPU_0,7861.8,215.0,100.0
1781786253.77,ROCM_SMI,GPU_0,7861.8,216.0,100.0
1781786256.07,ROCM_SMI,GPU_0,7861.8,218.0,100.0
1781786258.36,ROCM_SMI,GPU_0,7861.8,215.0,100.0
1781786260.65,ROCM_SMI,GPU_0,7861.8,215.0,100.0
1781786262.96,ROCM_SMI,GPU_0,7861.8,214.0,92.0
1781786265.25,ROCM_SMI,GPU_0,7861.8,220.0,100.0
1781786267.55,ROCM_SMI,GPU_0,7861.8,215.0,100.0
1781786269.86,ROCM_SMI,GPU_0,7861.8,216.0,100.0
1781786272.16,ROCM_SMI,GPU_0,7861.8,219.0,100.0
1781786274.43,ROCM_SMI,GPU_0,7861.8,217.0,100.0
1781786276.64,ROCM_SMI,GPU_0,7861.8,210.0,100.0
1781786278.95,ROCM_SMI,GPU_0,7861.8,212.0,100.0
1781786281.25,ROCM_SMI,GPU_0,7861.8,215.0,88.0
1781786283.54,ROCM_SMI,GPU_0,7861.8,214.0,100.0
1781786285.84,ROCM_SMI,GPU_0,7861.8,212.0,100.0
1781786288.12,ROCM_SMI,GPU_0,7861.8,213.0,100.0
1781786290.42,ROCM_SMI,GPU_0,7861.8,217.0,100.0
1781786292.71,ROCM_SMI,GPU_0,7861.8,212.0,100.0
1781786294.93,ROCM_SMI,GPU_0,7861.8,215.0,100.0
1781786297.22,ROCM_SMI,GPU_0,7861.8,218.0,100.0
1781786299.51,ROCM_SMI,GPU_0,7861.8,216.0,100.0
1781786301.81,ROCM_SMI,GPU_0,7861.8,216.0,100.0
1781786304.07,ROCM_SMI,GPU_0,7861.8,214.0,100.0
1781786306.35,ROCM_SMI,GPU_0,7861.8,218.0,100.0
1781786308.64,ROCM_SMI,GPU_0,7861.8,212.0,100.0
1781786310.92,ROCM_SMI,GPU_0,7861.8,213.0,100.0
1781786313.22,ROCM_SMI,GPU_0,7861.8,213.0,82.0
1781786315.49,ROCM_SMI,GPU_0,7861.8,214.0,100.0
1781786317.70,ROCM_SMI,GPU_0,7861.8,212.0,100.0
1781786319.99,ROCM_SMI,GPU_0,7861.8,216.0,100.0
1781786322.30,ROCM_SMI,GPU_0,7861.8,212.0,100.0
1781786324.59,ROCM_SMI,GPU_0,7861.8,218.0,100.0
1781786326.88,ROCM_SMI,GPU_0,7861.8,207.0,100.0
1781786329.17,ROCM_SMI,GPU_0,7861.8,218.0,100.0
1781786331.45,ROCM_SMI,GPU_0,7861.8,215.0,100.0
1781786333.74,ROCM_SMI,GPU_0,7861.8,211.0,100.0
1781786335.96,ROCM_SMI,GPU_0,7861.8,214.0,100.0
1781786338.26,ROCM_SMI,GPU_0,7861.8,212.0,100.0
1781786340.48,ROCM_SMI,GPU_0,7861.8,213.0,100.0
1781786342.78,ROCM_SMI,GPU_0,7861.8,215.0,100.0
1781786345.08,ROCM_SMI,GPU_0,7861.8,215.0,100.0
1781786347.38,ROCM_SMI,GPU_0,7861.8,220.0,100.0
1781786349.67,ROCM_SMI,GPU_0,7861.8,213.0,100.0
1781786351.97,ROCM_SMI,GPU_0,7861.8,215.0,100.0
1781786354.26,ROCM_SMI,GPU_0,7861.8,214.0,100.0
1781786356.56,ROCM_SMI,GPU_0,7861.8,221.0,100.0
1781786358.87,ROCM_SMI,GPU_0,7861.8,193.0,100.0
1781786361.16,ROCM_SMI,GPU_0,7861.8,213.0,100.0
1781786363.45,ROCM_SMI,GPU_0,7861.8,215.0,100.0
1781786365.74,ROCM_SMI,GPU_0,7861.8,217.0,100.0
1781786368.03,ROCM_SMI,GPU_0,7861.8,216.0,100.0
1781786370.33,ROCM_SMI,GPU_0,7861.8,213.0,100.0
1781786372.62,ROCM_SMI,GPU_0,7861.8,216.0,100.0
1781786374.91,ROCM_SMI,GPU_0,7861.8,216.0,100.0
1781786377.22,ROCM_SMI,GPU_0,7861.8,220.0,100.0
1781786379.51,ROCM_SMI,GPU_0,7861.8,218.0,100.0
1781786381.80,ROCM_SMI,GPU_0,7861.8,217.0,100.0
1781786384.10,ROCM_SMI,GPU_0,7861.8,214.0,100.0
1781786386.40,ROCM_SMI,GPU_0,7861.8,209.0,100.0
1781786388.70,ROCM_SMI,GPU_0,7861.8,213.0,100.0
1781786390.99,ROCM_SMI,GPU_0,7861.8,217.0,100.0
1781786393.29,ROCM_SMI,GPU_0,7861.8,218.0,100.0
1781786395.59,ROCM_SMI,GPU_0,7861.8,215.0,100.0
1781786397.89,ROCM_SMI,GPU_0,7861.8,217.0,100.0
1781786400.19,ROCM_SMI,GPU_0,7861.8,216.0,100.0
1781786402.49,ROCM_SMI,GPU_0,7861.8,214.0,100.0
1781786404.77,ROCM_SMI,GPU_0,7861.8,216.0,100.0
1781786407.06,ROCM_SMI,GPU_0,7861.8,218.0,100.0
1781786409.36,ROCM_SMI,GPU_0,7861.8,157.0,100.0
1781786411.66,ROCM_SMI,GPU_0,7861.8,219.0,100.0
1781786413.95,ROCM_SMI,GPU_0,7861.8,214.0,100.0
1781786416.17,ROCM_SMI,GPU_0,7861.8,224.0,100.0
1781786418.46,ROCM_SMI,GPU_0,7861.8,220.0,100.0
1781786420.74,ROCM_SMI,GPU_0,7861.8,208.0,100.0
1781786423.03,ROCM_SMI,GPU_0,7861.8,214.0,100.0
1781786425.30,ROCM_SMI,GPU_0,7861.8,218.0,100.0
1781786427.58,ROCM_SMI,GPU_0,7861.8,216.0,100.0
1781786429.86,ROCM_SMI,GPU_0,7861.8,217.0,100.0
1781786432.15,ROCM_SMI,GPU_0,7861.8,216.0,100.0
1781786434.44,ROCM_SMI,GPU_0,7861.8,213.0,100.0
1781786436.73,ROCM_SMI,GPU_0,7861.8,219.0,100.0
1781786439.03,ROCM_SMI,GPU_0,7861.8,216.0,100.0
1781786441.33,ROCM_SMI,GPU_0,7861.8,215.0,100.0
1781786443.55,ROCM_SMI,GPU_0,7861.8,214.0,100.0
1781786445.84,ROCM_SMI,GPU_0,7861.8,222.0,100.0
1781786448.12,ROCM_SMI,GPU_0,7861.8,208.0,100.0
1781786450.40,ROCM_SMI,GPU_0,7861.8,216.0,100.0
1781786452.69,ROCM_SMI,GPU_0,7861.8,214.0,100.0
1781786454.98,ROCM_SMI,GPU_0,7861.8,217.0,100.0
1781786457.27,ROCM_SMI,GPU_0,7861.8,219.0,100.0
1781786459.55,ROCM_SMI,GPU_0,7861.8,214.0,100.0
1781786461.84,ROCM_SMI,GPU_0,7861.8,211.0,100.0
1781786464.13,ROCM_SMI,GPU_0,7861.8,214.0,100.0
1781786466.43,ROCM_SMI,GPU_0,7861.8,222.0,100.0
1781786468.73,ROCM_SMI,GPU_0,7861.8,214.0,100.0
1781786471.02,ROCM_SMI,GPU_0,7861.8,213.0,100.0
1781786473.31,ROCM_SMI,GPU_0,7861.8,216.0,100.0
1781786475.60,ROCM_SMI,GPU_0,7861.8,213.0,100.0
1781786477.90,ROCM_SMI,GPU_0,7861.8,214.0,100.0
1781786480.20,ROCM_SMI,GPU_0,7861.8,213.0,100.0
1781786482.48,ROCM_SMI,GPU_0,7861.8,214.0,100.0
1781786484.74,ROCM_SMI,GPU_0,7861.8,213.0,100.0
1781786487.02,ROCM_SMI,GPU_0,7861.8,215.0,100.0
1781786489.32,ROCM_SMI,GPU_0,7861.8,213.0,100.0
1781786491.59,ROCM_SMI,GPU_0,7861.8,214.0,100.0
1781786493.89,ROCM_SMI,GPU_0,7861.8,211.0,100.0
1781786496.18,ROCM_SMI,GPU_0,7861.8,213.0,100.0
1781786498.49,ROCM_SMI,GPU_0,7861.8,215.0,100.0
1781786500.79,ROCM_SMI,GPU_0,7861.8,215.0,100.0
1781786503.07,ROCM_SMI,GPU_0,7861.8,218.0,100.0
1781786505.36,ROCM_SMI,GPU_0,7861.8,220.0,100.0
1781786507.63,ROCM_SMI,GPU_0,7861.8,216.0,100.0
1781786509.92,ROCM_SMI,GPU_0,7861.8,215.0,100.0
1781786512.22,ROCM_SMI,GPU_0,7861.8,216.0,100.0
1781786514.50,ROCM_SMI,GPU_0,7861.8,215.0,100.0
1781786516.80,ROCM_SMI,GPU_0,7861.8,218.0,100.0
1781786519.09,ROCM_SMI,GPU_0,7861.8,212.0,100.0
1781786521.39,ROCM_SMI,GPU_0,7861.8,214.0,100.0
1781786523.68,ROCM_SMI,GPU_0,7861.8,215.0,100.0
1781786525.97,ROCM_SMI,GPU_0,7861.8,216.0,100.0
1781786528.27,ROCM_SMI,GPU_0,7861.8,219.0,100.0
1781786530.58,ROCM_SMI,GPU_0,7861.8,217.0,100.0
1781786532.87,ROCM_SMI,GPU_0,7861.8,216.0,100.0
1781786535.15,ROCM_SMI,GPU_0,7861.8,214.0,100.0
1781786537.46,ROCM_SMI,GPU_0,7861.8,217.0,100.0
1781786539.76,ROCM_SMI,GPU_0,7861.8,215.0,100.0
1781786542.07,ROCM_SMI,GPU_0,7861.8,223.0,100.0
1781786544.36,ROCM_SMI,GPU_0,7861.8,215.0,100.0
1781786546.65,ROCM_SMI,GPU_0,7861.8,226.0,100.0
1781786548.95,ROCM_SMI,GPU_0,7861.8,208.0,100.0
1781786551.22,ROCM_SMI,GPU_0,7861.8,187.0,100.0
1781786553.52,ROCM_SMI,GPU_0,7861.8,216.0,100.0
1781786555.81,ROCM_SMI,GPU_0,7861.8,214.0,100.0
1781786558.10,ROCM_SMI,GPU_0,7861.8,213.0,100.0
1781786560.40,ROCM_SMI,GPU_0,7861.8,213.0,100.0
1781786562.69,ROCM_SMI,GPU_0,7861.8,217.0,100.0
1781786564.99,ROCM_SMI,GPU_0,7861.8,213.0,100.0
1781786567.22,ROCM_SMI,GPU_0,7861.8,217.0,100.0
1781786569.52,ROCM_SMI,GPU_0,7861.8,228.0,100.0
1781786571.81,ROCM_SMI,GPU_0,7861.8,224.0,100.0
1781786574.10,ROCM_SMI,GPU_0,7861.8,217.0,100.0
1781786576.40,ROCM_SMI,GPU_0,7861.8,210.0,100.0
1781786578.68,ROCM_SMI,GPU_0,7861.8,216.0,100.0
1781786580.90,ROCM_SMI,GPU_0,7861.8,221.0,100.0
1781786583.20,ROCM_SMI,GPU_0,7861.8,216.0,100.0
1781786585.49,ROCM_SMI,GPU_0,7861.8,213.0,100.0
1781786587.78,ROCM_SMI,GPU_0,7861.8,216.0,100.0
1781786590.00,ROCM_SMI,GPU_0,7861.8,220.0,100.0
1781786592.28,ROCM_SMI,GPU_0,7861.8,216.0,100.0
1781786594.58,ROCM_SMI,GPU_0,7861.8,210.0,100.0
1781786596.88,ROCM_SMI,GPU_0,7861.8,203.0,100.0
1781786599.16,ROCM_SMI,GPU_0,7861.8,215.0,100.0
1781786601.47,ROCM_SMI,GPU_0,7861.8,215.0,100.0
1781786603.75,ROCM_SMI,GPU_0,7861.8,213.0,100.0
1781786606.04,ROCM_SMI,GPU_0,7861.8,215.0,100.0
1781786608.29,ROCM_SMI,GPU_0,7861.8,215.0,100.0
1781786610.58,ROCM_SMI,GPU_0,7861.8,214.0,100.0
1781786612.87,ROCM_SMI,GPU_0,7861.8,217.0,100.0
1781786615.17,ROCM_SMI,GPU_0,7861.8,215.0,92.0
1781786617.46,ROCM_SMI,GPU_0,7861.8,224.0,100.0
1781786619.73,ROCM_SMI,GPU_0,7861.8,212.0,100.0
1781786622.00,ROCM_SMI,GPU_0,7861.8,214.0,81.0
1781786624.30,ROCM_SMI,GPU_0,7861.8,214.0,100.0
1781786626.60,ROCM_SMI,GPU_0,7861.8,218.0,100.0
1781786628.89,ROCM_SMI,GPU_0,7861.8,216.0,100.0
1781786631.17,ROCM_SMI,GPU_0,7861.8,214.0,100.0
1781786633.46,ROCM_SMI,GPU_0,7861.8,218.0,100.0
1781786635.77,ROCM_SMI,GPU_0,7861.8,214.0,100.0
1781786638.07,ROCM_SMI,GPU_0,7861.8,216.0,100.0
1781786640.36,ROCM_SMI,GPU_0,7861.8,217.0,100.0
1781786642.65,ROCM_SMI,GPU_0,7861.8,215.0,100.0
1781786644.95,ROCM_SMI,GPU_0,7861.8,210.0,100.0
1781786647.25,ROCM_SMI,GPU_0,7861.8,215.0,100.0
1781786649.54,ROCM_SMI,GPU_0,7861.8,218.0,100.0
1781786651.84,ROCM_SMI,GPU_0,7861.8,217.0,100.0
1781786654.14,ROCM_SMI,GPU_0,7861.8,215.0,100.0
1781786656.43,ROCM_SMI,GPU_0,7861.8,215.0,100.0
1781786658.70,ROCM_SMI,GPU_0,7861.8,217.0,100.0
1781786661.00,ROCM_SMI,GPU_0,7861.8,205.0,100.0
1781786663.29,ROCM_SMI,GPU_0,7861.8,217.0,100.0
1781786665.57,ROCM_SMI,GPU_0,7861.8,217.0,100.0
1781786667.86,ROCM_SMI,GPU_0,7861.8,215.0,96.0
1781786670.16,ROCM_SMI,GPU_0,7861.8,215.0,100.0
1781786672.45,ROCM_SMI,GPU_0,7861.8,217.0,100.0
1781786674.76,ROCM_SMI,GPU_0,7861.8,200.0,100.0
1781786677.04,ROCM_SMI,GPU_0,7861.8,217.0,100.0
1781786679.33,ROCM_SMI,GPU_0,7861.8,213.0,100.0
1781786681.63,ROCM_SMI,GPU_0,7861.8,214.0,100.0
1781786683.93,ROCM_SMI,GPU_0,7861.8,212.0,100.0
1781786686.22,ROCM_SMI,GPU_0,7861.8,214.0,100.0
1781786688.51,ROCM_SMI,GPU_0,7861.8,213.0,100.0
1781786690.81,ROCM_SMI,GPU_0,7861.8,213.0,100.0
1781786693.03,ROCM_SMI,GPU_0,7861.8,212.0,100.0
1781786695.33,ROCM_SMI,GPU_0,7861.8,215.0,100.0
1781786697.63,ROCM_SMI,GPU_0,7861.8,213.0,100.0
1781786699.92,ROCM_SMI,GPU_0,7861.8,216.0,100.0
1781786702.23,ROCM_SMI,GPU_0,7861.8,207.0,100.0
1781786704.53,ROCM_SMI,GPU_0,7861.8,226.0,100.0
1781786706.83,ROCM_SMI,GPU_0,7861.8,214.0,100.0
1781786709.13,ROCM_SMI,GPU_0,7861.8,217.0,100.0
1781786711.43,ROCM_SMI,GPU_0,7861.8,215.0,100.0
1781786713.73,ROCM_SMI,GPU_0,7861.8,206.0,100.0
1781786716.01,ROCM_SMI,GPU_0,7861.8,216.0,100.0
1781786718.31,ROCM_SMI,GPU_0,7861.8,215.0,100.0
1781786720.61,ROCM_SMI,GPU_0,7861.8,217.0,100.0
1781786722.92,ROCM_SMI,GPU_0,7861.8,219.0,100.0
1781786725.24,ROCM_SMI,GPU_0,7861.8,218.0,100.0
1781786727.56,ROCM_SMI,GPU_0,7861.8,214.0,100.0
1781786729.87,ROCM_SMI,GPU_0,7861.8,216.0,100.0
1781786732.18,ROCM_SMI,GPU_0,7861.8,214.0,100.0
1781786734.50,ROCM_SMI,GPU_0,7861.8,182.0,100.0
1781786736.81,ROCM_SMI,GPU_0,7861.8,216.0,100.0
1781786739.13,ROCM_SMI,GPU_0,7861.8,214.0,100.0
1781786741.44,ROCM_SMI,GPU_0,7861.8,213.0,100.0
1781786743.75,ROCM_SMI,GPU_0,7861.8,208.0,100.0
1781786746.07,ROCM_SMI,GPU_0,7861.8,218.0,100.0
1781786748.39,ROCM_SMI,GPU_0,7861.8,219.0,100.0
1781786750.70,ROCM_SMI,GPU_0,7861.8,216.0,100.0
1781786753.02,ROCM_SMI,GPU_0,7861.8,212.0,100.0
1781786755.33,ROCM_SMI,GPU_0,7861.8,212.0,100.0
1781786757.64,ROCM_SMI,GPU_0,7861.8,223.0,100.0
1781786759.95,ROCM_SMI,GPU_0,7861.8,213.0,100.0
1781786762.17,ROCM_SMI,GPU_0,7861.8,217.0,100.0
1781786764.48,ROCM_SMI,GPU_0,7861.8,215.0,100.0
1781786766.79,ROCM_SMI,GPU_0,7861.8,215.0,100.0
1781786769.10,ROCM_SMI,GPU_0,7861.8,215.0,100.0
1781786771.40,ROCM_SMI,GPU_0,7861.8,215.0,100.0
1781786773.71,ROCM_SMI,GPU_0,7861.8,217.0,100.0
1781786776.02,ROCM_SMI,GPU_0,7861.8,214.0,100.0
1781786778.32,ROCM_SMI,GPU_0,7861.8,207.0,100.0
1781786780.62,ROCM_SMI,GPU_0,7861.8,217.0,100.0
1781786782.93,ROCM_SMI,GPU_0,7861.8,215.0,81.0
1781786785.24,ROCM_SMI,GPU_0,7861.8,216.0,100.0
1781786787.55,ROCM_SMI,GPU_0,7861.8,216.0,100.0
1781786789.86,ROCM_SMI,GPU_0,7861.8,219.0,100.0
1781786792.17,ROCM_SMI,GPU_0,7861.8,209.0,100.0
1781786794.48,ROCM_SMI,GPU_0,7861.8,217.0,100.0
1781786796.79,ROCM_SMI,GPU_0,7861.8,215.0,100.0
1781786799.09,ROCM_SMI,GPU_0,7861.8,214.0,100.0
1781786801.41,ROCM_SMI,GPU_0,7861.8,212.0,100.0
1781786803.72,ROCM_SMI,GPU_0,7861.8,220.0,100.0
1781786805.96,ROCM_SMI,GPU_0,7861.8,218.0,100.0
1781786808.25,ROCM_SMI,GPU_0,7861.8,217.0,100.0
1781786810.56,ROCM_SMI,GPU_0,7861.8,218.0,100.0
1781786812.87,ROCM_SMI,GPU_0,7861.8,214.0,100.0
1781786815.17,ROCM_SMI,GPU_0,7861.8,217.0,100.0
1781786817.47,ROCM_SMI,GPU_0,7861.8,217.0,100.0
1781786819.78,ROCM_SMI,GPU_0,7861.8,216.0,100.0
1781786822.08,ROCM_SMI,GPU_0,7861.8,216.0,100.0
1781786824.39,ROCM_SMI,GPU_0,7861.8,207.0,100.0
1781786826.61,ROCM_SMI,GPU_0,7861.8,213.0,100.0
1781786828.92,ROCM_SMI,GPU_0,7861.8,218.0,100.0
1781786831.22,ROCM_SMI,GPU_0,7861.8,190.0,100.0
1781786833.54,ROCM_SMI,GPU_0,7861.8,211.0,100.0
1781786835.85,ROCM_SMI,GPU_0,7861.8,213.0,100.0
1781786838.15,ROCM_SMI,GPU_0,7861.8,216.0,100.0
1781786840.40,ROCM_SMI,GPU_0,7861.8,217.0,100.0
1781786842.70,ROCM_SMI,GPU_0,7861.8,213.0,100.0
1781786845.01,ROCM_SMI,GPU_0,7861.8,208.0,100.0
1781786847.32,ROCM_SMI,GPU_0,7861.8,214.0,100.0
1781786849.64,ROCM_SMI,GPU_0,7861.8,214.0,100.0
1781786851.95,ROCM_SMI,GPU_0,7861.8,212.0,100.0
1781786854.27,ROCM_SMI,GPU_0,7861.8,211.0,100.0
1781786856.50,ROCM_SMI,GPU_0,7861.8,217.0,100.0
1781786858.81,ROCM_SMI,GPU_0,7861.8,216.0,100.0
1781786861.13,ROCM_SMI,GPU_0,7861.8,214.0,100.0
1781786863.44,ROCM_SMI,GPU_0,7861.8,217.0,100.0
1781786865.76,ROCM_SMI,GPU_0,7861.8,217.0,100.0
1781786868.07,ROCM_SMI,GPU_0,7861.8,216.0,100.0
1781786870.38,ROCM_SMI,GPU_0,7861.8,216.0,100.0
1781786872.69,ROCM_SMI,GPU_0,7861.8,216.0,100.0
1781786875.01,ROCM_SMI,GPU_0,7861.8,215.0,100.0
1781786877.32,ROCM_SMI,GPU_0,7861.8,217.0,100.0
1781786879.63,ROCM_SMI,GPU_0,7861.8,216.0,100.0
1781786881.95,ROCM_SMI,GPU_0,7861.8,217.0,100.0
1781786884.26,ROCM_SMI,GPU_0,7861.8,214.0,100.0
1781786886.57,ROCM_SMI,GPU_0,7861.8,216.0,100.0
1781786888.88,ROCM_SMI,GPU_0,7861.8,217.0,100.0
1781786891.19,ROCM_SMI,GPU_0,7861.8,217.0,100.0
1781786893.50,ROCM_SMI,GPU_0,7861.8,217.0,100.0
1781786895.82,ROCM_SMI,GPU_0,7861.8,217.0,100.0
1781786898.13,ROCM_SMI,GPU_0,7861.8,218.0,100.0
1781786900.45,ROCM_SMI,GPU_0,7861.8,226.0,100.0
1781786902.77,ROCM_SMI,GPU_0,7861.8,213.0,100.0
1781786905.08,ROCM_SMI,GPU_0,7861.8,215.0,100.0
1781786907.39,ROCM_SMI,GPU_0,7861.8,216.0,100.0
1781786909.70,ROCM_SMI,GPU_0,7861.8,216.0,100.0
1781786912.02,ROCM_SMI,GPU_0,7861.8,213.0,100.0
1781786914.33,ROCM_SMI,GPU_0,7861.8,216.0,100.0
1781786916.64,ROCM_SMI,GPU_0,7861.8,215.0,100.0
1781786918.95,ROCM_SMI,GPU_0,7861.8,212.0,100.0
1781786921.27,ROCM_SMI,GPU_0,7861.8,213.0,100.0
1781786923.58,ROCM_SMI,GPU_0,7861.8,214.0,100.0
1781786925.86,ROCM_SMI,GPU_0,7861.8,217.0,100.0
1781786928.18,ROCM_SMI,GPU_0,7861.8,212.0,100.0
1781786930.49,ROCM_SMI,GPU_0,7861.8,213.0,100.0
1781786932.74,ROCM_SMI,GPU_0,7861.8,218.0,100.0
1781786935.04,ROCM_SMI,GPU_0,7861.8,214.0,100.0
1781786937.35,ROCM_SMI,GPU_0,7861.8,214.0,100.0
1781786939.67,ROCM_SMI,GPU_0,7861.8,207.0,100.0
1781786941.98,ROCM_SMI,GPU_0,7861.8,212.0,100.0
1781786944.29,ROCM_SMI,GPU_0,7861.8,208.0,100.0
1781786946.59,ROCM_SMI,GPU_0,7861.8,215.0,100.0
1781786948.91,ROCM_SMI,GPU_0,7861.8,214.0,81.0
1781786951.22,ROCM_SMI,GPU_0,7861.8,217.0,100.0
1781786953.53,ROCM_SMI,GPU_0,7861.8,218.0,100.0
1781786955.84,ROCM_SMI,GPU_0,7861.8,220.0,100.0
1781786958.15,ROCM_SMI,GPU_0,7861.8,216.0,100.0
1781786960.46,ROCM_SMI,GPU_0,7861.8,215.0,100.0
1781786962.78,ROCM_SMI,GPU_0,7861.8,217.0,100.0
1781786965.10,ROCM_SMI,GPU_0,7861.8,217.0,100.0
1781786967.41,ROCM_SMI,GPU_0,7861.8,216.0,100.0
1781786969.71,ROCM_SMI,GPU_0,7861.8,215.0,100.0
1781786972.03,ROCM_SMI,GPU_0,7861.8,218.0,100.0
1781786974.34,ROCM_SMI,GPU_0,7861.8,216.0,100.0
1781786976.66,ROCM_SMI,GPU_0,7861.8,215.0,100.0
1781786978.97,ROCM_SMI,GPU_0,7861.8,226.0,100.0
1781786981.29,ROCM_SMI,GPU_0,7861.8,214.0,100.0
1781786983.60,ROCM_SMI,GPU_0,7861.8,217.0,100.0
1781786985.92,ROCM_SMI,GPU_0,7861.8,217.0,100.0
1781786988.22,ROCM_SMI,GPU_0,7861.8,217.0,100.0
1781786990.54,ROCM_SMI,GPU_0,7861.8,212.0,100.0
1781786992.86,ROCM_SMI,GPU_0,7861.8,214.0,100.0
1781786995.17,ROCM_SMI,GPU_0,7861.8,215.0,100.0
1781786997.46,ROCM_SMI,GPU_0,7861.8,222.0,100.0
1781786999.77,ROCM_SMI,GPU_0,7861.8,214.0,100.0
1781787002.00,ROCM_SMI,GPU_0,7861.8,215.0,100.0
1781787004.31,ROCM_SMI,GPU_0,7861.8,215.0,100.0
1781787006.63,ROCM_SMI,GPU_0,7861.8,212.0,100.0
1781787008.94,ROCM_SMI,GPU_0,7861.8,216.0,100.0
1781787011.26,ROCM_SMI,GPU_0,7861.8,218.0,100.0
1781787013.56,ROCM_SMI,GPU_0,7861.8,214.0,100.0
1781787015.86,ROCM_SMI,GPU_0,7861.8,213.0,100.0
1781787018.18,ROCM_SMI,GPU_0,7861.8,217.0,100.0
1781787020.42,ROCM_SMI,GPU_0,7861.8,213.0,100.0
1781787022.74,ROCM_SMI,GPU_0,7861.8,214.0,87.0
1781787025.03,ROCM_SMI,GPU_0,7861.8,214.0,100.0
1781787027.35,ROCM_SMI,GPU_0,7861.8,214.0,100.0
1781787029.66,ROCM_SMI,GPU_0,7861.8,215.0,100.0
1781787031.98,ROCM_SMI,GPU_0,7861.8,216.0,100.0
1781787034.22,ROCM_SMI,GPU_0,7861.8,217.0,100.0
1781787036.54,ROCM_SMI,GPU_0,7861.8,214.0,100.0
1781787038.86,ROCM_SMI,GPU_0,7861.8,215.0,100.0
1781787041.19,ROCM_SMI,GPU_0,7861.8,224.0,100.0
1781787043.47,ROCM_SMI,GPU_0,7861.8,216.0,100.0
1781787045.79,ROCM_SMI,GPU_0,7861.8,216.0,100.0
1781787048.10,ROCM_SMI,GPU_0,7861.8,215.0,100.0
1781787050.42,ROCM_SMI,GPU_0,7861.8,221.0,100.0
1781787052.74,ROCM_SMI,GPU_0,7861.8,212.0,100.0
1781787055.06,ROCM_SMI,GPU_0,7861.8,212.0,100.0
1781787057.37,ROCM_SMI,GPU_0,7861.8,215.0,100.0
1781787059.68,ROCM_SMI,GPU_0,7861.8,216.0,100.0
1781787061.99,ROCM_SMI,GPU_0,7861.8,215.0,100.0
1781787064.31,ROCM_SMI,GPU_0,7861.8,217.0,100.0
1781787066.62,ROCM_SMI,GPU_0,7861.8,214.0,100.0
1781787068.94,ROCM_SMI,GPU_0,7861.8,215.0,100.0
1781787071.26,ROCM_SMI,GPU_0,7861.8,217.0,100.0
1781787073.58,ROCM_SMI,GPU_0,7861.8,212.0,100.0
1781787075.90,ROCM_SMI,GPU_0,7861.8,215.0,100.0
1781787078.21,ROCM_SMI,GPU_0,7861.8,215.0,100.0
1781787080.52,ROCM_SMI,GPU_0,7861.8,217.0,100.0
1781787082.84,ROCM_SMI,GPU_0,7861.8,215.0,100.0
1781787085.16,ROCM_SMI,GPU_0,7861.8,213.0,100.0
1781787087.38,ROCM_SMI,GPU_0,7861.8,215.0,100.0
1781787089.69,ROCM_SMI,GPU_0,7861.8,213.0,100.0
1781787092.01,ROCM_SMI,GPU_0,7861.8,216.0,100.0
1781787094.31,ROCM_SMI,GPU_0,7861.8,213.0,100.0
1781787096.63,ROCM_SMI,GPU_0,7861.8,213.0,100.0
1781787098.86,ROCM_SMI,GPU_0,7861.8,212.0,100.0
1781787101.18,ROCM_SMI,GPU_0,7861.8,214.0,100.0
1781787103.49,ROCM_SMI,GPU_0,7861.8,215.0,100.0
1781787105.81,ROCM_SMI,GPU_0,7861.8,212.0,100.0
1781787108.12,ROCM_SMI,GPU_0,7861.8,218.0,100.0
1781787110.45,ROCM_SMI,GPU_0,7861.8,213.0,100.0
1781787112.67,ROCM_SMI,GPU_0,7861.8,217.0,100.0
1781787114.95,ROCM_SMI,GPU_0,7861.8,215.0,100.0
1781787117.23,ROCM_SMI,GPU_0,7861.8,215.0,100.0
1781787119.55,ROCM_SMI,GPU_0,7861.8,219.0,100.0
1781787121.87,ROCM_SMI,GPU_0,7861.8,214.0,100.0
1781787124.17,ROCM_SMI,GPU_0,7861.8,215.0,100.0
1781787126.45,ROCM_SMI,GPU_0,7861.8,213.0,100.0
1781787128.73,ROCM_SMI,GPU_0,7861.8,207.0,100.0
1781787130.96,ROCM_SMI,GPU_0,7861.8,224.0,100.0
1781787133.24,ROCM_SMI,GPU_0,7861.8,213.0,100.0
1781787135.49,ROCM_SMI,GPU_0,7861.8,216.0,100.0
1781787137.81,ROCM_SMI,GPU_0,7861.8,212.0,100.0
1781787140.11,ROCM_SMI,GPU_0,7861.8,214.0,100.0
1781787142.39,ROCM_SMI,GPU_0,7861.8,217.0,100.0
1781787144.71,ROCM_SMI,GPU_0,7861.8,214.0,100.0
1781787146.95,ROCM_SMI,GPU_0,7861.8,218.0,100.0
1781787149.24,ROCM_SMI,GPU_0,7861.8,213.0,100.0
1781787151.55,ROCM_SMI,GPU_0,7861.8,217.0,100.0
1781787153.86,ROCM_SMI,GPU_0,7861.8,215.0,100.0
1781787156.18,ROCM_SMI,GPU_0,7861.8,216.0,100.0
1781787158.49,ROCM_SMI,GPU_0,7861.8,204.0,100.0
1781787160.81,ROCM_SMI,GPU_0,7861.8,210.0,100.0
1781787163.13,ROCM_SMI,GPU_0,7861.8,212.0,100.0
1781787165.41,ROCM_SMI,GPU_0,7861.8,213.0,100.0
1781787167.66,ROCM_SMI,GPU_0,7861.8,221.0,100.0
1781787169.98,ROCM_SMI,GPU_0,7861.8,216.0,100.0
1781787172.29,ROCM_SMI,GPU_0,7861.8,214.0,100.0
1781787174.57,ROCM_SMI,GPU_0,7861.8,219.0,100.0
1781787176.88,ROCM_SMI,GPU_0,7861.8,217.0,100.0
1781787179.21,ROCM_SMI,GPU_0,7861.8,217.0,93.0
1781787181.52,ROCM_SMI,GPU_0,7861.8,214.0,100.0
1781787183.83,ROCM_SMI,GPU_0,7861.8,217.0,100.0
1781787186.12,ROCM_SMI,GPU_0,7861.8,215.0,100.0
1781787188.36,ROCM_SMI,GPU_0,7861.8,212.0,100.0
1781787190.68,ROCM_SMI,GPU_0,7861.8,219.0,100.0
1781787192.99,ROCM_SMI,GPU_0,7861.8,215.0,100.0
1781787195.31,ROCM_SMI,GPU_0,7861.8,215.0,95.0
1781787197.62,ROCM_SMI,GPU_0,7861.8,213.0,100.0
1781787199.94,ROCM_SMI,GPU_0,7861.8,216.0,99.0
1781787202.26,ROCM_SMI,GPU_0,7861.8,214.0,100.0
1781787204.59,ROCM_SMI,GPU_0,7861.8,214.0,100.0
1781787206.89,ROCM_SMI,GPU_0,7861.8,214.0,100.0
1781787209.18,ROCM_SMI,GPU_0,7861.8,214.0,100.0
1781787211.40,ROCM_SMI,GPU_0,7861.8,215.0,100.0
1781787213.68,ROCM_SMI,GPU_0,7861.8,213.0,100.0
1781787215.99,ROCM_SMI,GPU_0,7861.8,216.0,100.0
1781787218.31,ROCM_SMI,GPU_0,7861.8,218.0,100.0
1781787220.55,ROCM_SMI,GPU_0,7861.8,213.0,100.0
1781787222.85,ROCM_SMI,GPU_0,7861.8,213.0,100.0
1781787225.17,ROCM_SMI,GPU_0,7861.8,210.0,100.0
1781787227.48,ROCM_SMI,GPU_0,7861.8,216.0,100.0
1781787229.78,ROCM_SMI,GPU_0,7861.8,216.0,100.0
1781787232.10,ROCM_SMI,GPU_0,7861.8,222.0,100.0
1781787234.40,ROCM_SMI,GPU_0,7861.8,214.0,100.0
1781787236.72,ROCM_SMI,GPU_0,7861.8,212.0,100.0
1781787239.04,ROCM_SMI,GPU_0,7861.8,218.0,100.0
1781787241.35,ROCM_SMI,GPU_0,7861.8,215.0,100.0
1781787243.66,ROCM_SMI,GPU_0,7861.8,211.0,100.0
1781787245.98,ROCM_SMI,GPU_0,7861.8,216.0,100.0
1781787248.30,ROCM_SMI,GPU_0,7861.8,222.0,100.0
1781787250.63,ROCM_SMI,GPU_0,7861.8,212.0,100.0
1781787252.94,ROCM_SMI,GPU_0,7861.8,214.0,100.0
1781787255.27,ROCM_SMI,GPU_0,7861.8,219.0,100.0
1781787257.58,ROCM_SMI,GPU_0,7861.8,212.0,100.0
1781787259.89,ROCM_SMI,GPU_0,7861.8,218.0,100.0
1781787262.21,ROCM_SMI,GPU_0,7861.8,213.0,100.0
1781787264.52,ROCM_SMI,GPU_0,7861.8,214.0,100.0
1781787266.84,ROCM_SMI,GPU_0,7861.8,224.0,100.0
1781787269.15,ROCM_SMI,GPU_0,7861.8,216.0,100.0
1781787271.47,ROCM_SMI,GPU_0,7861.8,217.0,100.0
1781787273.79,ROCM_SMI,GPU_0,7861.8,217.0,100.0
1781787276.11,ROCM_SMI,GPU_0,7861.8,216.0,100.0
1781787278.43,ROCM_SMI,GPU_0,7861.8,214.0,100.0
1781787280.73,ROCM_SMI,GPU_0,7861.8,213.0,100.0
1781787283.05,ROCM_SMI,GPU_0,7861.8,213.0,100.0
1781787285.37,ROCM_SMI,GPU_0,7861.8,215.0,100.0
1781787287.68,ROCM_SMI,GPU_0,7861.8,216.0,100.0
1781787289.99,ROCM_SMI,GPU_0,7861.8,213.0,100.0
1781787292.30,ROCM_SMI,GPU_0,7861.8,212.0,80.0
1781787294.60,ROCM_SMI,GPU_0,7861.8,216.0,100.0
1781787296.92,ROCM_SMI,GPU_0,7861.8,215.0,100.0
1781787299.23,ROCM_SMI,GPU_0,7861.8,211.0,100.0
1781787301.55,ROCM_SMI,GPU_0,7861.8,215.0,100.0
1781787303.86,ROCM_SMI,GPU_0,7861.8,216.0,100.0
1781787306.16,ROCM_SMI,GPU_0,7861.8,212.0,100.0
1781787308.47,ROCM_SMI,GPU_0,7861.8,216.0,100.0
1781787310.79,ROCM_SMI,GPU_0,7861.8,195.0,100.0
1781787313.10,ROCM_SMI,GPU_0,7861.8,213.0,100.0
1781787315.41,ROCM_SMI,GPU_0,7861.8,214.0,100.0
1781787317.72,ROCM_SMI,GPU_0,7861.8,215.0,100.0
1781787320.03,ROCM_SMI,GPU_0,7861.8,214.0,100.0
1781787322.35,ROCM_SMI,GPU_0,7861.8,218.0,100.0
1781787324.66,ROCM_SMI,GPU_0,7861.8,212.0,100.0
1781787326.97,ROCM_SMI,GPU_0,7861.8,219.0,100.0
1781787329.28,ROCM_SMI,GPU_0,7861.8,217.0,100.0
1781787331.59,ROCM_SMI,GPU_0,7861.8,212.0,100.0
1781787333.90,ROCM_SMI,GPU_0,7861.8,213.0,100.0
1781787336.22,ROCM_SMI,GPU_0,7861.8,228.0,100.0
1781787338.52,ROCM_SMI,GPU_0,7861.8,214.0,100.0
1781787340.84,ROCM_SMI,GPU_0,7861.8,214.0,100.0
1781787343.16,ROCM_SMI,GPU_0,7861.8,213.0,100.0
1781787345.47,ROCM_SMI,GPU_0,7861.8,216.0,100.0
1781787347.79,ROCM_SMI,GPU_0,7861.8,222.0,100.0
1781787350.10,ROCM_SMI,GPU_0,7861.8,213.0,100.0
1781787352.41,ROCM_SMI,GPU_0,7861.8,220.0,100.0
1781787354.73,ROCM_SMI,GPU_0,7861.8,212.0,100.0
1781787357.04,ROCM_SMI,GPU_0,7861.8,216.0,100.0
1781787359.35,ROCM_SMI,GPU_0,7861.8,211.0,100.0
1781787361.66,ROCM_SMI,GPU_0,7861.8,214.0,100.0
1781787363.97,ROCM_SMI,GPU_0,7861.8,211.0,100.0
1781787366.28,ROCM_SMI,GPU_0,7861.8,214.0,100.0
1781787368.60,ROCM_SMI,GPU_0,7861.8,214.0,100.0
1781787370.91,ROCM_SMI,GPU_0,7861.8,224.0,100.0
1781787373.22,ROCM_SMI,GPU_0,7861.8,212.0,100.0
1781787375.52,ROCM_SMI,GPU_0,7861.8,216.0,100.0
1781787377.83,ROCM_SMI,GPU_0,7861.8,212.0,100.0
1781787380.10,ROCM_SMI,GPU_0,7861.8,215.0,100.0
1781787382.42,ROCM_SMI,GPU_0,7861.8,213.0,100.0
1781787384.73,ROCM_SMI,GPU_0,7861.8,215.0,100.0
1781787387.04,ROCM_SMI,GPU_0,7861.8,218.0,100.0
1781787389.35,ROCM_SMI,GPU_0,7861.8,216.0,100.0
1781787391.66,ROCM_SMI,GPU_0,7861.8,214.0,100.0
1781787393.97,ROCM_SMI,GPU_0,7861.8,219.0,100.0
1781787396.28,ROCM_SMI,GPU_0,7861.8,218.0,100.0
1781787398.58,ROCM_SMI,GPU_0,7861.8,211.0,100.0
1781787400.90,ROCM_SMI,GPU_0,7861.8,214.0,100.0
1781787403.21,ROCM_SMI,GPU_0,7861.8,212.0,100.0
1781787405.52,ROCM_SMI,GPU_0,7861.8,218.0,100.0
1781787407.83,ROCM_SMI,GPU_0,7861.8,216.0,100.0
1781787410.13,ROCM_SMI,GPU_0,7861.8,213.0,100.0
1781787412.44,ROCM_SMI,GPU_0,7861.8,215.0,100.0
1781787414.75,ROCM_SMI,GPU_0,7861.8,213.0,100.0
1781787417.07,ROCM_SMI,GPU_0,7861.8,213.0,100.0
1781787419.38,ROCM_SMI,GPU_0,7861.8,213.0,100.0
1781787421.70,ROCM_SMI,GPU_0,7861.8,210.0,100.0
1781787424.01,ROCM_SMI,GPU_0,7861.8,214.0,100.0
1781787426.33,ROCM_SMI,GPU_0,7861.8,209.0,100.0
1781787428.56,ROCM_SMI,GPU_0,7861.8,215.0,100.0
1781787430.87,ROCM_SMI,GPU_0,7861.8,218.0,100.0
1781787433.19,ROCM_SMI,GPU_0,7861.8,213.0,100.0
1781787435.51,ROCM_SMI,GPU_0,7861.8,216.0,100.0
1781787437.82,ROCM_SMI,GPU_0,7861.8,213.0,100.0
1781787440.14,ROCM_SMI,GPU_0,7861.8,216.0,100.0
1781787442.46,ROCM_SMI,GPU_0,7861.8,222.0,100.0
1781787444.76,ROCM_SMI,GPU_0,7861.8,219.0,100.0
1781787447.08,ROCM_SMI,GPU_0,7861.8,215.0,100.0
1781787449.39,ROCM_SMI,GPU_0,7861.8,219.0,100.0
1781787451.69,ROCM_SMI,GPU_0,7861.8,217.0,100.0
1781787453.99,ROCM_SMI,GPU_0,7861.8,218.0,100.0
1781787456.30,ROCM_SMI,GPU_0,7861.8,216.0,78.0
1781787458.61,ROCM_SMI,GPU_0,7861.8,219.0,100.0
1781787460.93,ROCM_SMI,GPU_0,7861.8,210.0,100.0
1781787463.24,ROCM_SMI,GPU_0,7861.8,215.0,100.0
1781787465.53,ROCM_SMI,GPU_0,7861.8,216.0,100.0
1781787467.81,ROCM_SMI,GPU_0,7861.8,216.0,100.0
1781787470.12,ROCM_SMI,GPU_0,7861.8,217.0,100.0
1781787472.40,ROCM_SMI,GPU_0,7861.8,215.0,100.0
1781787474.71,ROCM_SMI,GPU_0,7861.8,215.0,100.0
1781787477.02,ROCM_SMI,GPU_0,7861.8,216.0,97.0
1781787479.32,ROCM_SMI,GPU_0,7861.8,221.0,100.0
1781787481.62,ROCM_SMI,GPU_0,7861.8,214.0,100.0
1781787483.93,ROCM_SMI,GPU_0,7861.8,215.0,100.0
1781787486.26,ROCM_SMI,GPU_0,7861.8,205.0,100.0
1781787488.56,ROCM_SMI,GPU_0,7861.8,215.0,100.0
1781787490.88,ROCM_SMI,GPU_0,7861.8,213.0,100.0
1781787493.19,ROCM_SMI,GPU_0,7861.8,216.0,100.0
1781787495.50,ROCM_SMI,GPU_0,7861.8,216.0,100.0
1781787497.82,ROCM_SMI,GPU_0,7861.8,215.0,100.0
1781787500.10,ROCM_SMI,GPU_0,7861.8,212.0,100.0
1781787502.42,ROCM_SMI,GPU_0,7861.8,205.0,100.0
1781787504.71,ROCM_SMI,GPU_0,7861.8,217.0,100.0
1781787507.02,ROCM_SMI,GPU_0,7861.8,206.0,100.0
1781787509.33,ROCM_SMI,GPU_0,7861.8,214.0,100.0
1781787511.65,ROCM_SMI,GPU_0,7861.8,214.0,100.0
1781787513.95,ROCM_SMI,GPU_0,7861.8,214.0,100.0
1781787516.27,ROCM_SMI,GPU_0,7861.8,214.0,100.0
1781787518.58,ROCM_SMI,GPU_0,7861.8,218.0,100.0
1781787520.90,ROCM_SMI,GPU_0,7861.8,218.0,100.0
1781787523.21,ROCM_SMI,GPU_0,7861.8,213.0,100.0
1781787525.53,ROCM_SMI,GPU_0,7861.8,211.0,100.0
1781787527.84,ROCM_SMI,GPU_0,7861.8,213.0,100.0
1781787530.15,ROCM_SMI,GPU_0,7861.8,168.0,100.0
1781787532.46,ROCM_SMI,GPU_0,7861.8,216.0,100.0
1781787534.77,ROCM_SMI,GPU_0,7861.8,215.0,100.0
1781787537.08,ROCM_SMI,GPU_0,7861.8,214.0,100.0
1781787539.39,ROCM_SMI,GPU_0,7861.8,214.0,100.0
1781787541.73,ROCM_SMI,GPU_0,7861.8,217.0,100.0
1781787544.05,ROCM_SMI,GPU_0,7861.8,214.0,100.0
1781787546.36,ROCM_SMI,GPU_0,7861.8,222.0,100.0
1781787548.67,ROCM_SMI,GPU_0,7861.8,210.0,100.0
1781787550.98,ROCM_SMI,GPU_0,7861.8,215.0,100.0
1781787553.30,ROCM_SMI,GPU_0,7861.8,224.0,81.0
1781787555.62,ROCM_SMI,GPU_0,7861.8,215.0,100.0
1781787557.95,ROCM_SMI,GPU_0,7861.8,214.0,100.0
1781787560.26,ROCM_SMI,GPU_0,7861.8,213.0,100.0
1781787562.58,ROCM_SMI,GPU_0,7861.8,213.0,100.0
1781787564.89,ROCM_SMI,GPU_0,7861.8,219.0,100.0
1781787567.21,ROCM_SMI,GPU_0,7861.8,210.0,100.0
1781787569.53,ROCM_SMI,GPU_0,7861.8,219.0,100.0
1781787571.86,ROCM_SMI,GPU_0,7861.8,208.0,100.0
1781787574.17,ROCM_SMI,GPU_0,7861.8,219.0,100.0
1781787576.49,ROCM_SMI,GPU_0,7861.8,229.0,100.0
1781787578.80,ROCM_SMI,GPU_0,7861.8,215.0,100.0
1781787581.11,ROCM_SMI,GPU_0,7861.8,216.0,100.0
1781787583.43,ROCM_SMI,GPU_0,7861.8,216.0,100.0
1781787585.74,ROCM_SMI,GPU_0,7861.8,214.0,100.0
1781787588.04,ROCM_SMI,GPU_0,7861.8,213.0,100.0
1781787590.34,ROCM_SMI,GPU_0,7861.8,215.0,100.0
1781787592.66,ROCM_SMI,GPU_0,7861.8,216.0,100.0
1781787594.97,ROCM_SMI,GPU_0,7861.8,211.0,100.0
1781787597.25,ROCM_SMI,GPU_0,7861.8,213.0,100.0
1781787599.53,ROCM_SMI,GPU_0,7861.8,223.0,100.0
1781787601.85,ROCM_SMI,GPU_0,7861.8,217.0,100.0
1781787604.17,ROCM_SMI,GPU_0,7861.8,218.0,100.0
1781787606.44,ROCM_SMI,GPU_0,7861.8,214.0,100.0
1781787608.71,ROCM_SMI,GPU_0,7861.8,212.0,100.0
1781787611.00,ROCM_SMI,GPU_0,7861.8,214.0,100.0
1781787613.31,ROCM_SMI,GPU_0,7861.8,214.0,100.0
1781787615.61,ROCM_SMI,GPU_0,7861.8,213.0,100.0
1781787617.92,ROCM_SMI,GPU_0,7861.8,212.0,100.0
1781787620.23,ROCM_SMI,GPU_0,7861.8,209.0,100.0
1781787622.54,ROCM_SMI,GPU_0,7861.8,212.0,100.0
1781787624.84,ROCM_SMI,GPU_0,7861.8,215.0,100.0
1781787627.13,ROCM_SMI,GPU_0,7861.8,215.0,100.0
1781787629.38,ROCM_SMI,GPU_0,7861.8,216.0,100.0
1781787631.70,ROCM_SMI,GPU_0,7861.8,213.0,100.0
1781787634.02,ROCM_SMI,GPU_0,7861.8,209.0,100.0
1781787636.33,ROCM_SMI,GPU_0,7861.8,219.0,100.0
1781787638.62,ROCM_SMI,GPU_0,7861.8,214.0,100.0
1781787640.91,ROCM_SMI,GPU_0,7861.8,219.0,100.0
1781787643.22,ROCM_SMI,GPU_0,7861.8,216.0,100.0
1781787645.55,ROCM_SMI,GPU_0,7861.8,183.0,100.0
1781787647.86,ROCM_SMI,GPU_0,7861.8,214.0,100.0
1781787650.17,ROCM_SMI,GPU_0,7861.8,215.0,100.0
1781787652.50,ROCM_SMI,GPU_0,7861.8,203.0,100.0
1781787654.79,ROCM_SMI,GPU_0,7861.8,214.0,100.0
1781787657.02,ROCM_SMI,GPU_0,7861.8,214.0,100.0
1781787659.34,ROCM_SMI,GPU_0,7861.8,215.0,78.0
1781787661.65,ROCM_SMI,GPU_0,7861.8,226.0,100.0
1781787663.96,ROCM_SMI,GPU_0,7861.8,211.0,100.0
1781787666.26,ROCM_SMI,GPU_0,7861.8,217.0,100.0
1781787668.57,ROCM_SMI,GPU_0,7861.8,214.0,100.0
1781787670.90,ROCM_SMI,GPU_0,7861.8,210.0,100.0
1781787673.21,ROCM_SMI,GPU_0,7861.8,217.0,100.0
1781787675.51,ROCM_SMI,GPU_0,7861.8,215.0,100.0
1781787677.82,ROCM_SMI,GPU_0,7861.8,214.0,100.0
1781787680.06,ROCM_SMI,GPU_0,7861.8,215.0,100.0
1781787682.37,ROCM_SMI,GPU_0,7861.8,218.0,100.0
1781787684.69,ROCM_SMI,GPU_0,7861.8,214.0,100.0
1781787687.00,ROCM_SMI,GPU_0,7861.8,215.0,100.0
1781787689.31,ROCM_SMI,GPU_0,7861.8,215.0,100.0
1781787691.63,ROCM_SMI,GPU_0,7861.8,216.0,100.0
1781787693.92,ROCM_SMI,GPU_0,7861.8,215.0,100.0
1781787696.23,ROCM_SMI,GPU_0,7861.8,215.0,100.0
1781787698.47,ROCM_SMI,GPU_0,7861.8,213.0,100.0
1781787700.76,ROCM_SMI,GPU_0,7861.8,217.0,100.0
1781787702.98,ROCM_SMI,GPU_0,7861.8,216.0,100.0
1781787705.29,ROCM_SMI,GPU_0,7861.8,215.0,100.0
1781787707.60,ROCM_SMI,GPU_0,7861.8,216.0,100.0
1781787709.90,ROCM_SMI,GPU_0,7861.8,217.0,100.0
1781787712.22,ROCM_SMI,GPU_0,7861.8,218.0,100.0
1781787714.45,ROCM_SMI,GPU_0,7861.8,215.0,100.0
1781787716.76,ROCM_SMI,GPU_0,7861.8,217.0,100.0
1781787719.07,ROCM_SMI,GPU_0,7861.8,216.0,100.0
1781787721.37,ROCM_SMI,GPU_0,7861.8,214.0,100.0
1781787723.68,ROCM_SMI,GPU_0,7861.8,216.0,100.0
1781787725.91,ROCM_SMI,GPU_0,7861.8,216.0,100.0
1781787728.23,ROCM_SMI,GPU_0,7861.8,216.0,100.0
1781787730.52,ROCM_SMI,GPU_0,7861.8,217.0,100.0
1781787732.84,ROCM_SMI,GPU_0,7861.8,216.0,100.0
1781787735.15,ROCM_SMI,GPU_0,7861.8,220.0,100.0
1781787737.46,ROCM_SMI,GPU_0,7861.8,219.0,100.0
1781787739.77,ROCM_SMI,GPU_0,7861.8,215.0,100.0
1781787742.09,ROCM_SMI,GPU_0,7861.8,221.0,100.0
1781787744.41,ROCM_SMI,GPU_0,7861.8,218.0,100.0
1781787746.72,ROCM_SMI,GPU_0,7861.8,217.0,100.0
1781787749.03,ROCM_SMI,GPU_0,7861.8,217.0,100.0
1781787751.34,ROCM_SMI,GPU_0,7861.8,218.0,100.0
1781787753.62,ROCM_SMI,GPU_0,7861.8,215.0,100.0
1781787755.93,ROCM_SMI,GPU_0,7861.8,216.0,100.0
1781787758.24,ROCM_SMI,GPU_0,7861.8,215.0,100.0
1781787760.54,ROCM_SMI,GPU_0,7861.8,212.0,100.0
1781787762.87,ROCM_SMI,GPU_0,7861.8,218.0,100.0
1781787765.18,ROCM_SMI,GPU_0,7861.8,215.0,100.0
1781787767.50,ROCM_SMI,GPU_0,7861.8,214.0,100.0
1781787769.82,ROCM_SMI,GPU_0,7861.8,215.0,100.0
1781787772.14,ROCM_SMI,GPU_0,7861.8,218.0,100.0
1781787774.46,ROCM_SMI,GPU_0,7861.8,215.0,100.0
1781787776.78,ROCM_SMI,GPU_0,7861.8,218.0,100.0
1781787779.09,ROCM_SMI,GPU_0,7861.8,218.0,100.0
1781787781.41,ROCM_SMI,GPU_0,7861.8,215.0,100.0
1781787783.73,ROCM_SMI,GPU_0,7861.8,218.0,100.0
1781787786.04,ROCM_SMI,GPU_0,7861.8,214.0,100.0
1781787788.35,ROCM_SMI,GPU_0,7861.8,214.0,100.0
1781787790.63,ROCM_SMI,GPU_0,7861.8,213.0,100.0
1781787792.86,ROCM_SMI,GPU_0,7861.8,217.0,100.0
1781787795.17,ROCM_SMI,GPU_0,7861.8,215.0,100.0
1781787797.48,ROCM_SMI,GPU_0,7861.8,215.0,100.0
1781787799.79,ROCM_SMI,GPU_0,7861.8,214.0,100.0
1781787802.10,ROCM_SMI,GPU_0,7861.8,219.0,100.0
1781787804.42,ROCM_SMI,GPU_0,7861.8,214.0,100.0
1781787806.73,ROCM_SMI,GPU_0,7861.8,216.0,100.0
1781787809.00,ROCM_SMI,GPU_0,7861.8,219.0,100.0
1781787811.30,ROCM_SMI,GPU_0,7861.8,215.0,100.0
1781787813.62,ROCM_SMI,GPU_0,7861.8,231.0,100.0
1781787815.93,ROCM_SMI,GPU_0,7861.8,215.0,100.0
1781787818.22,ROCM_SMI,GPU_0,7861.8,214.0,100.0
1781787820.54,ROCM_SMI,GPU_0,7861.8,217.0,100.0
1781787822.83,ROCM_SMI,GPU_0,7861.8,213.0,100.0
1781787825.07,ROCM_SMI,GPU_0,7861.8,215.0,100.0
1781787827.38,ROCM_SMI,GPU_0,7861.8,217.0,100.0
1781787829.68,ROCM_SMI,GPU_0,7861.8,215.0,100.0
1781787831.99,ROCM_SMI,GPU_0,7861.8,214.0,100.0
1781787834.28,ROCM_SMI,GPU_0,7861.8,220.0,100.0
1781787836.53,ROCM_SMI,GPU_0,7861.8,216.0,100.0
1781787838.84,ROCM_SMI,GPU_0,7861.8,213.0,100.0
1781787841.16,ROCM_SMI,GPU_0,7861.8,217.0,100.0
1781787843.48,ROCM_SMI,GPU_0,7861.8,212.0,100.0
1781787845.79,ROCM_SMI,GPU_0,7861.8,216.0,100.0
1781787848.11,ROCM_SMI,GPU_0,7861.8,216.0,100.0
1781787850.42,ROCM_SMI,GPU_0,7861.8,215.0,100.0
1781787852.73,ROCM_SMI,GPU_0,7861.8,216.0,100.0
1781787855.03,ROCM_SMI,GPU_0,7861.8,210.0,100.0
1781787857.34,ROCM_SMI,GPU_0,7861.8,216.0,100.0
1781787859.66,ROCM_SMI,GPU_0,7861.8,215.0,100.0
1781787861.98,ROCM_SMI,GPU_0,7861.8,215.0,100.0
1781787864.29,ROCM_SMI,GPU_0,7861.8,217.0,100.0
1781787866.59,ROCM_SMI,GPU_0,7861.8,213.0,100.0
1781787868.91,ROCM_SMI,GPU_0,7861.8,217.0,100.0
1781787871.22,ROCM_SMI,GPU_0,7861.8,212.0,100.0
1781787873.54,ROCM_SMI,GPU_0,7861.8,213.0,100.0
1781787875.88,ROCM_SMI,GPU_0,7861.8,217.0,100.0
1781787878.19,ROCM_SMI,GPU_0,7861.8,215.0,100.0
1781787880.50,ROCM_SMI,GPU_0,7861.8,214.0,100.0
1781787882.73,ROCM_SMI,GPU_0,7861.8,212.0,100.0
1781787885.04,ROCM_SMI,GPU_0,7861.8,211.0,100.0
1781787887.35,ROCM_SMI,GPU_0,7861.8,215.0,100.0
1781787889.66,ROCM_SMI,GPU_0,7861.8,215.0,100.0
1781787891.96,ROCM_SMI,GPU_0,7861.8,214.0,100.0
1781787894.27,ROCM_SMI,GPU_0,7861.8,215.0,100.0
1781787896.58,ROCM_SMI,GPU_0,7861.8,213.0,100.0
1781787898.81,ROCM_SMI,GPU_0,7861.8,216.0,100.0
1781787901.11,ROCM_SMI,GPU_0,7861.8,213.0,100.0
1781787903.41,ROCM_SMI,GPU_0,7861.8,210.0,100.0
1781787905.73,ROCM_SMI,GPU_0,7861.8,208.0,100.0
1781787908.01,ROCM_SMI,GPU_0,7861.8,215.0,100.0
1781787910.33,ROCM_SMI,GPU_0,7861.8,214.0,100.0
1781787912.64,ROCM_SMI,GPU_0,7861.8,217.0,100.0
1781787914.93,ROCM_SMI,GPU_0,7861.8,225.0,100.0
1781787917.17,ROCM_SMI,GPU_0,7861.8,214.0,100.0
1781787919.49,ROCM_SMI,GPU_0,7861.8,216.0,100.0
1781787921.80,ROCM_SMI,GPU_0,7861.8,216.0,100.0
1781787924.11,ROCM_SMI,GPU_0,7861.8,216.0,100.0
1781787926.42,ROCM_SMI,GPU_0,7861.8,216.0,100.0
1781787928.73,ROCM_SMI,GPU_0,7861.8,215.0,100.0
1781787931.01,ROCM_SMI,GPU_0,7861.8,217.0,100.0
1781787933.33,ROCM_SMI,GPU_0,7861.8,219.0,100.0
1781787935.63,ROCM_SMI,GPU_0,7861.8,214.0,100.0
1781787937.94,ROCM_SMI,GPU_0,7861.8,214.0,100.0
1781787940.25,ROCM_SMI,GPU_0,7861.8,213.0,100.0
1781787942.57,ROCM_SMI,GPU_0,7861.8,213.0,100.0
1781787944.87,ROCM_SMI,GPU_0,7861.8,216.0,78.0
1781787947.18,ROCM_SMI,GPU_0,7861.8,215.0,100.0
1781787949.49,ROCM_SMI,GPU_0,7861.8,214.0,100.0
1781787951.80,ROCM_SMI,GPU_0,7861.8,213.0,100.0
1781787954.09,ROCM_SMI,GPU_0,7861.8,214.0,100.0
1781787956.39,ROCM_SMI,GPU_0,7861.8,221.0,100.0
1781787958.71,ROCM_SMI,GPU_0,7861.8,216.0,100.0
1781787961.02,ROCM_SMI,GPU_0,7861.8,214.0,100.0
1781787963.33,ROCM_SMI,GPU_0,7861.8,214.0,100.0
1781787965.63,ROCM_SMI,GPU_0,7861.8,198.0,100.0
1781787967.94,ROCM_SMI,GPU_0,7861.8,216.0,100.0
1781787970.25,ROCM_SMI,GPU_0,7861.8,212.0,100.0
1781787972.57,ROCM_SMI,GPU_0,7861.8,214.0,100.0
1781787974.87,ROCM_SMI,GPU_0,7861.8,216.0,100.0
1781787977.18,ROCM_SMI,GPU_0,7861.8,217.0,100.0
1781787979.49,ROCM_SMI,GPU_0,7861.8,215.0,84.0
1781787981.80,ROCM_SMI,GPU_0,7861.8,216.0,100.0
1781787984.04,ROCM_SMI,GPU_0,7861.8,212.0,100.0
1781787986.29,ROCM_SMI,GPU_0,7861.8,214.0,100.0
1781787988.60,ROCM_SMI,GPU_0,7861.8,216.0,100.0
1781787990.90,ROCM_SMI,GPU_0,7861.8,215.0,100.0
1781787993.22,ROCM_SMI,GPU_0,7861.8,213.0,100.0
1781787995.52,ROCM_SMI,GPU_0,7861.8,218.0,100.0
1781787997.84,ROCM_SMI,GPU_0,7861.8,212.0,100.0
1781788000.14,ROCM_SMI,GPU_0,7861.8,216.0,100.0
1781788002.44,ROCM_SMI,GPU_0,7861.8,212.0,100.0
1781788004.76,ROCM_SMI,GPU_0,7861.8,212.0,100.0
1781788006.99,ROCM_SMI,GPU_0,7861.8,216.0,100.0
1781788009.22,ROCM_SMI,GPU_0,7861.8,214.0,100.0
1781788011.52,ROCM_SMI,GPU_0,7861.8,213.0,100.0
1781788013.83,ROCM_SMI,GPU_0,7861.8,214.0,100.0
1781788016.16,ROCM_SMI,GPU_0,7861.8,225.0,100.0
1781788018.45,ROCM_SMI,GPU_0,7861.8,217.0,100.0
1781788020.73,ROCM_SMI,GPU_0,7861.8,213.0,100.0
1781788023.04,ROCM_SMI,GPU_0,7861.8,214.0,100.0
1781788025.28,ROCM_SMI,GPU_0,7861.8,219.0,100.0
1781788027.58,ROCM_SMI,GPU_0,7861.8,212.0,100.0
1781788029.89,ROCM_SMI,GPU_0,7861.8,214.0,100.0
1781788032.20,ROCM_SMI,GPU_0,7861.8,216.0,100.0
1781788034.51,ROCM_SMI,GPU_0,7861.8,232.0,100.0
1781788036.81,ROCM_SMI,GPU_0,7861.8,214.0,100.0
1781788039.13,ROCM_SMI,GPU_0,7861.8,214.0,100.0
1781788041.43,ROCM_SMI,GPU_0,7861.8,211.0,100.0
1781788043.74,ROCM_SMI,GPU_0,7861.8,207.0,100.0
1781788046.05,ROCM_SMI,GPU_0,7861.8,215.0,100.0
1781788048.36,ROCM_SMI,GPU_0,7861.8,212.0,100.0
1781788050.67,ROCM_SMI,GPU_0,7861.8,214.0,100.0
1781788052.98,ROCM_SMI,GPU_0,7861.8,213.0,100.0
1781788055.28,ROCM_SMI,GPU_0,7861.8,216.0,100.0
1781788057.58,ROCM_SMI,GPU_0,7861.8,213.0,82.0
1781788059.89,ROCM_SMI,GPU_0,7861.8,213.0,100.0
1781788062.20,ROCM_SMI,GPU_0,7861.8,215.0,100.0
1781788064.51,ROCM_SMI,GPU_0,7861.8,214.0,100.0
1781788066.82,ROCM_SMI,GPU_0,7861.8,213.0,100.0
1781788069.13,ROCM_SMI,GPU_0,7861.8,215.0,100.0
1781788071.44,ROCM_SMI,GPU_0,7861.8,215.0,100.0
1781788073.72,ROCM_SMI,GPU_0,7861.8,214.0,100.0
1781788076.03,ROCM_SMI,GPU_0,7861.8,215.0,100.0
1781788078.34,ROCM_SMI,GPU_0,7861.8,203.0,100.0
1781788080.64,ROCM_SMI,GPU_0,7861.8,215.0,100.0
1781788082.94,ROCM_SMI,GPU_0,7861.8,212.0,80.0
1781788085.25,ROCM_SMI,GPU_0,7861.8,215.0,100.0
1781788087.56,ROCM_SMI,GPU_0,7861.8,207.0,100.0
1781788089.86,ROCM_SMI,GPU_0,7861.8,213.0,100.0
1781788092.17,ROCM_SMI,GPU_0,7861.8,213.0,100.0
1781788094.47,ROCM_SMI,GPU_0,7861.8,216.0,100.0
1781788096.78,ROCM_SMI,GPU_0,7861.8,217.0,100.0
1781788099.10,ROCM_SMI,GPU_0,7861.8,217.0,100.0
1781788101.41,ROCM_SMI,GPU_0,7861.8,213.0,100.0
1781788103.72,ROCM_SMI,GPU_0,7861.8,213.0,100.0
1781788106.03,ROCM_SMI,GPU_0,7861.8,216.0,100.0
1781788108.34,ROCM_SMI,GPU_0,7861.8,216.0,100.0
1781788110.65,ROCM_SMI,GPU_0,7861.8,214.0,100.0
1781788112.96,ROCM_SMI,GPU_0,7861.8,212.0,100.0
1781788115.28,ROCM_SMI,GPU_0,7861.8,217.0,100.0
1781788117.58,ROCM_SMI,GPU_0,7861.8,211.0,100.0
1781788119.89,ROCM_SMI,GPU_0,7861.8,219.0,100.0
1781788122.20,ROCM_SMI,GPU_0,7861.8,211.0,100.0
1781788124.51,ROCM_SMI,GPU_0,7861.8,215.0,100.0
1781788126.82,ROCM_SMI,GPU_0,7861.8,214.0,100.0
1781788129.14,ROCM_SMI,GPU_0,7861.8,214.0,100.0
1781788131.47,ROCM_SMI,GPU_0,7861.8,185.0,100.0
1781788133.78,ROCM_SMI,GPU_0,7861.8,214.0,100.0
1781788136.10,ROCM_SMI,GPU_0,7861.8,211.0,100.0
1781788138.45,ROCM_SMI,GPU_0,7861.8,211.0,100.0
1781788140.77,ROCM_SMI,GPU_0,7861.8,224.0,100.0
1781788143.09,ROCM_SMI,GPU_0,7861.8,213.0,100.0
1781788145.41,ROCM_SMI,GPU_0,7861.8,213.0,100.0
1781788147.71,ROCM_SMI,GPU_0,7861.8,220.0,100.0
1781788150.02,ROCM_SMI,GPU_0,7861.8,210.0,100.0
1781788152.33,ROCM_SMI,GPU_0,7861.8,218.0,100.0
1781788154.65,ROCM_SMI,GPU_0,7861.8,223.0,100.0
1781788156.96,ROCM_SMI,GPU_0,7861.8,212.0,100.0
1781788159.28,ROCM_SMI,GPU_0,7861.8,213.0,100.0
1781788161.58,ROCM_SMI,GPU_0,7861.8,216.0,100.0
1781788163.90,ROCM_SMI,GPU_0,7861.8,213.0,100.0
1781788166.21,ROCM_SMI,GPU_0,7861.8,217.0,100.0
1781788168.53,ROCM_SMI,GPU_0,7861.8,213.0,100.0
1781788170.85,ROCM_SMI,GPU_0,7861.8,218.0,100.0
1781788173.16,ROCM_SMI,GPU_0,7861.8,214.0,100.0
1781788175.46,ROCM_SMI,GPU_0,7861.8,214.0,100.0
1781788177.78,ROCM_SMI,GPU_0,7861.8,204.0,100.0
1781788180.09,ROCM_SMI,GPU_0,7861.8,217.0,100.0
1781788182.40,ROCM_SMI,GPU_0,7861.8,217.0,100.0
1781788184.72,ROCM_SMI,GPU_0,7861.8,215.0,100.0
1781788187.02,ROCM_SMI,GPU_0,7861.8,214.0,100.0
1781788189.34,ROCM_SMI,GPU_0,7861.8,220.0,100.0
1781788191.64,ROCM_SMI,GPU_0,7861.8,213.0,100.0
1781788193.95,ROCM_SMI,GPU_0,7861.8,216.0,100.0
1781788196.25,ROCM_SMI,GPU_0,7861.8,215.0,100.0
1781788198.57,ROCM_SMI,GPU_0,7861.8,218.0,100.0
1781788200.87,ROCM_SMI,GPU_0,7861.8,214.0,100.0
1781788203.17,ROCM_SMI,GPU_0,7861.8,213.0,100.0
1781788205.48,ROCM_SMI,GPU_0,7861.8,212.0,87.0
1781788207.79,ROCM_SMI,GPU_0,7861.8,214.0,100.0
1781788210.11,ROCM_SMI,GPU_0,7861.8,208.0,78.0
1781788212.42,ROCM_SMI,GPU_0,7861.8,218.0,100.0
1781788214.73,ROCM_SMI,GPU_0,7861.8,213.0,100.0
1781788217.04,ROCM_SMI,GPU_0,7861.8,211.0,100.0
1781788219.34,ROCM_SMI,GPU_0,7861.8,218.0,100.0
1781788221.65,ROCM_SMI,GPU_0,7861.8,218.0,100.0
1781788223.93,ROCM_SMI,GPU_0,7861.8,214.0,100.0
1781788226.23,ROCM_SMI,GPU_0,7861.8,213.0,100.0
1781788228.54,ROCM_SMI,GPU_0,7861.8,214.0,100.0
1781788230.85,ROCM_SMI,GPU_0,7861.8,198.0,100.0
1781788233.15,ROCM_SMI,GPU_0,7861.8,217.0,100.0
1781788235.45,ROCM_SMI,GPU_0,7861.8,215.0,80.0
1781788237.76,ROCM_SMI,GPU_0,7861.8,216.0,100.0
1781788240.07,ROCM_SMI,GPU_0,7861.8,217.0,95.0
1781788242.38,ROCM_SMI,GPU_0,7861.8,216.0,100.0
1781788244.69,ROCM_SMI,GPU_0,7861.8,215.0,100.0
1781788247.00,ROCM_SMI,GPU_0,7861.8,218.0,100.0
1781788249.29,ROCM_SMI,GPU_0,7861.8,215.0,100.0
1781788251.59,ROCM_SMI,GPU_0,7861.8,218.0,100.0
1781788253.89,ROCM_SMI,GPU_0,7861.8,217.0,100.0
1781788256.20,ROCM_SMI,GPU_0,7861.8,216.0,100.0
1781788258.50,ROCM_SMI,GPU_0,7861.8,216.0,100.0
1781788260.81,ROCM_SMI,GPU_0,7861.8,225.0,100.0
1781788263.11,ROCM_SMI,GPU_0,7861.8,216.0,100.0
1781788265.41,ROCM_SMI,GPU_0,7861.8,213.0,100.0
1781788267.71,ROCM_SMI,GPU_0,7861.8,216.0,100.0
1781788270.03,ROCM_SMI,GPU_0,7861.8,203.0,86.0
1781788272.34,ROCM_SMI,GPU_0,7861.8,217.0,100.0
1781788274.63,ROCM_SMI,GPU_0,7861.8,215.0,100.0
1781788276.93,ROCM_SMI,GPU_0,7861.8,217.0,100.0
1781788279.25,ROCM_SMI,GPU_0,7861.8,215.0,100.0
1781788281.58,ROCM_SMI,GPU_0,7861.8,207.0,100.0
1781788283.89,ROCM_SMI,GPU_0,7861.8,215.0,100.0
1781788286.20,ROCM_SMI,GPU_0,7861.8,213.0,100.0
1781788288.52,ROCM_SMI,GPU_0,7861.8,218.0,100.0
1781788290.83,ROCM_SMI,GPU_0,7861.8,215.0,100.0
1781788293.14,ROCM_SMI,GPU_0,7861.8,210.0,100.0
1781788295.46,ROCM_SMI,GPU_0,7861.8,215.0,100.0
1781788297.76,ROCM_SMI,GPU_0,7861.8,212.0,100.0
1781788300.04,ROCM_SMI,GPU_0,7861.8,215.0,100.0
1781788302.35,ROCM_SMI,GPU_0,7861.8,217.0,100.0
1781788304.65,ROCM_SMI,GPU_0,7861.8,212.0,100.0
1781788306.95,ROCM_SMI,GPU_0,7861.8,216.0,100.0
1781788309.27,ROCM_SMI,GPU_0,7861.8,215.0,100.0
1781788311.58,ROCM_SMI,GPU_0,7861.8,216.0,100.0
1781788313.89,ROCM_SMI,GPU_0,7861.8,211.0,100.0
1781788316.21,ROCM_SMI,GPU_0,7861.8,215.0,100.0
1781788318.52,ROCM_SMI,GPU_0,7861.8,213.0,100.0
1781788320.82,ROCM_SMI,GPU_0,7861.8,215.0,100.0
1781788323.14,ROCM_SMI,GPU_0,7861.8,212.0,100.0
1781788325.44,ROCM_SMI,GPU_0,7861.8,232.0,100.0
1781788327.75,ROCM_SMI,GPU_0,7861.8,215.0,81.0
1781788330.06,ROCM_SMI,GPU_0,7861.8,213.0,100.0
1781788332.37,ROCM_SMI,GPU_0,7861.8,212.0,100.0
1781788334.68,ROCM_SMI,GPU_0,7861.8,207.0,100.0
1781788336.98,ROCM_SMI,GPU_0,7861.8,214.0,100.0
1781788339.29,ROCM_SMI,GPU_0,7861.8,216.0,100.0
1781788341.60,ROCM_SMI,GPU_0,7861.8,215.0,100.0
1781788343.91,ROCM_SMI,GPU_0,7861.8,216.0,100.0
1781788346.21,ROCM_SMI,GPU_0,7861.8,216.0,100.0
1781788348.52,ROCM_SMI,GPU_0,7861.8,213.0,100.0
1781788350.83,ROCM_SMI,GPU_0,7861.8,213.0,100.0
1781788353.14,ROCM_SMI,GPU_0,7861.8,212.0,100.0
1781788355.46,ROCM_SMI,GPU_0,7861.8,213.0,100.0
1781788357.76,ROCM_SMI,GPU_0,7861.8,216.0,100.0
1781788360.08,ROCM_SMI,GPU_0,7861.8,214.0,100.0
1781788362.39,ROCM_SMI,GPU_0,7861.8,212.0,100.0
1781788364.70,ROCM_SMI,GPU_0,7861.8,216.0,100.0
1781788367.01,ROCM_SMI,GPU_0,7861.8,211.0,100.0
1781788369.32,ROCM_SMI,GPU_0,7861.8,219.0,100.0
1781788371.63,ROCM_SMI,GPU_0,7861.8,210.0,100.0
1781788373.95,ROCM_SMI,GPU_0,7861.8,214.0,100.0
1781788376.26,ROCM_SMI,GPU_0,7861.8,212.0,100.0
1781788378.57,ROCM_SMI,GPU_0,7861.8,213.0,100.0
1781788380.87,ROCM_SMI,GPU_0,7861.8,213.0,100.0
1781788383.18,ROCM_SMI,GPU_0,7861.8,212.0,100.0
1781788385.48,ROCM_SMI,GPU_0,7861.8,213.0,100.0
1781788387.79,ROCM_SMI,GPU_0,7861.8,211.0,100.0
1781788390.10,ROCM_SMI,GPU_0,7861.8,216.0,100.0
1781788392.42,ROCM_SMI,GPU_0,7861.8,215.0,100.0
1781788394.72,ROCM_SMI,GPU_0,7861.8,214.0,100.0
1781788397.02,ROCM_SMI,GPU_0,7861.8,216.0,100.0
1781788399.33,ROCM_SMI,GPU_0,7861.8,207.0,100.0
1781788401.64,ROCM_SMI,GPU_0,7861.8,212.0,100.0
1781788403.95,ROCM_SMI,GPU_0,7861.8,224.0,100.0
1781788406.26,ROCM_SMI,GPU_0,7861.8,212.0,100.0
1781788408.56,ROCM_SMI,GPU_0,7861.8,215.0,100.0
1781788410.79,ROCM_SMI,GPU_0,7861.8,216.0,100.0
1781788413.10,ROCM_SMI,GPU_0,7861.8,214.0,100.0
1781788415.41,ROCM_SMI,GPU_0,7861.8,216.0,100.0
1781788417.72,ROCM_SMI,GPU_0,7861.8,215.0,100.0
1781788420.03,ROCM_SMI,GPU_0,7861.8,215.0,100.0
1781788422.29,ROCM_SMI,GPU_0,7861.8,212.0,100.0
1781788424.59,ROCM_SMI,GPU_0,7861.8,211.0,100.0
1781788426.89,ROCM_SMI,GPU_0,7861.8,213.0,100.0
1781788429.21,ROCM_SMI,GPU_0,7861.8,214.0,100.0
1781788431.53,ROCM_SMI,GPU_0,7861.8,217.0,100.0
1781788433.84,ROCM_SMI,GPU_0,7861.8,213.0,100.0
1781788436.15,ROCM_SMI,GPU_0,7861.8,211.0,100.0
1781788438.46,ROCM_SMI,GPU_0,7861.8,215.0,100.0
1781788440.77,ROCM_SMI,GPU_0,7861.8,215.0,100.0
1781788443.09,ROCM_SMI,GPU_0,7861.8,213.0,100.0
1781788445.40,ROCM_SMI,GPU_0,7861.8,214.0,100.0
1781788447.70,ROCM_SMI,GPU_0,7861.8,215.0,81.0
1781788450.02,ROCM_SMI,GPU_0,7861.8,216.0,100.0
1781788452.33,ROCM_SMI,GPU_0,7861.8,214.0,100.0
1781788454.63,ROCM_SMI,GPU_0,7861.8,214.0,100.0
1781788456.89,ROCM_SMI,GPU_0,7861.8,217.0,100.0
1781788459.20,ROCM_SMI,GPU_0,7861.8,203.0,100.0
1781788461.51,ROCM_SMI,GPU_0,7861.8,214.0,100.0
1781788463.82,ROCM_SMI,GPU_0,7861.8,191.0,100.0
1781788466.12,ROCM_SMI,GPU_0,7861.8,216.0,100.0
1781788468.42,ROCM_SMI,GPU_0,7861.8,217.0,100.0
1781788470.72,ROCM_SMI,GPU_0,7861.8,214.0,100.0
1781788472.98,ROCM_SMI,GPU_0,7861.8,216.0,100.0
1781788475.26,ROCM_SMI,GPU_0,7861.8,215.0,100.0
1781788477.50,ROCM_SMI,GPU_0,7861.8,217.0,100.0
1781788479.82,ROCM_SMI,GPU_0,7861.8,214.0,100.0
1781788482.14,ROCM_SMI,GPU_0,7861.8,218.0,100.0
1781788484.44,ROCM_SMI,GPU_0,7861.8,213.0,100.0
1781788486.73,ROCM_SMI,GPU_0,7861.8,217.0,100.0
1781788489.05,ROCM_SMI,GPU_0,7861.8,216.0,100.0
1781788491.34,ROCM_SMI,GPU_0,7861.8,212.0,100.0
1781788493.65,ROCM_SMI,GPU_0,7861.8,214.0,100.0
1781788495.94,ROCM_SMI,GPU_0,7861.8,216.0,100.0
1781788498.22,ROCM_SMI,GPU_0,7861.8,209.0,100.0
1781788500.53,ROCM_SMI,GPU_0,7861.8,213.0,100.0
1781788502.83,ROCM_SMI,GPU_0,7861.8,217.0,100.0
1781788505.15,ROCM_SMI,GPU_0,7861.8,216.0,100.0
1781788507.45,ROCM_SMI,GPU_0,7861.8,214.0,100.0
1781788509.76,ROCM_SMI,GPU_0,7861.8,209.0,100.0
1781788512.05,ROCM_SMI,GPU_0,7861.8,214.0,100.0
1781788514.36,ROCM_SMI,GPU_0,7861.8,215.0,100.0
1781788516.65,ROCM_SMI,GPU_0,7861.8,225.0,100.0
1781788518.96,ROCM_SMI,GPU_0,7861.8,203.0,100.0
1781788521.27,ROCM_SMI,GPU_0,7861.8,215.0,100.0
1781788523.58,ROCM_SMI,GPU_0,7861.8,219.0,100.0
1781788525.89,ROCM_SMI,GPU_0,7861.8,214.0,100.0
1781788528.19,ROCM_SMI,GPU_0,7861.8,216.0,100.0
1781788530.51,ROCM_SMI,GPU_0,7861.8,198.0,100.0
1781788532.74,ROCM_SMI,GPU_0,7861.8,218.0,100.0
1781788535.04,ROCM_SMI,GPU_0,7861.8,217.0,100.0
1781788537.35,ROCM_SMI,GPU_0,7861.8,217.0,100.0
1781788539.66,ROCM_SMI,GPU_0,7861.8,216.0,100.0
1781788541.97,ROCM_SMI,GPU_0,7861.8,211.0,100.0
1781788544.25,ROCM_SMI,GPU_0,7861.8,215.0,100.0
1781788546.56,ROCM_SMI,GPU_0,7861.8,215.0,100.0
1781788548.86,ROCM_SMI,GPU_0,7861.8,216.0,100.0
1781788551.17,ROCM_SMI,GPU_0,7861.8,215.0,100.0
1781788553.49,ROCM_SMI,GPU_0,7861.8,223.0,100.0
1781788555.80,ROCM_SMI,GPU_0,7861.8,195.0,100.0
1781788558.10,ROCM_SMI,GPU_0,7861.8,214.0,100.0
1781788560.42,ROCM_SMI,GPU_0,7861.8,215.0,100.0
1781788562.73,ROCM_SMI,GPU_0,7861.8,218.0,100.0
1781788565.01,ROCM_SMI,GPU_0,7861.8,218.0,100.0
1781788567.33,ROCM_SMI,GPU_0,7861.8,215.0,100.0
1781788569.64,ROCM_SMI,GPU_0,7861.8,218.0,100.0
1781788571.95,ROCM_SMI,GPU_0,7861.8,214.0,100.0
1781788574.26,ROCM_SMI,GPU_0,7861.8,212.0,100.0
1781788576.58,ROCM_SMI,GPU_0,7861.8,202.0,100.0
1781788578.90,ROCM_SMI,GPU_0,7861.8,216.0,100.0
1781788581.21,ROCM_SMI,GPU_0,7861.8,215.0,100.0
1781788583.52,ROCM_SMI,GPU_0,7861.8,211.0,100.0
1781788585.84,ROCM_SMI,GPU_0,7861.8,211.0,100.0
1781788588.14,ROCM_SMI,GPU_0,7861.8,216.0,100.0
1781788590.44,ROCM_SMI,GPU_0,7861.8,216.0,100.0
1781788592.75,ROCM_SMI,GPU_0,7861.8,214.0,100.0
1781788595.04,ROCM_SMI,GPU_0,7861.8,217.0,100.0
1781788597.35,ROCM_SMI,GPU_0,7861.8,225.0,100.0
1781788599.67,ROCM_SMI,GPU_0,7861.8,212.0,100.0
1781788601.98,ROCM_SMI,GPU_0,7861.8,214.0,100.0
1781788604.27,ROCM_SMI,GPU_0,7861.8,215.0,100.0
1781788606.59,ROCM_SMI,GPU_0,7861.8,217.0,100.0
1781788608.88,ROCM_SMI,GPU_0,7861.8,215.0,100.0
1781788611.19,ROCM_SMI,GPU_0,7861.8,215.0,100.0
1781788613.50,ROCM_SMI,GPU_0,7861.8,215.0,100.0
1781788615.82,ROCM_SMI,GPU_0,7861.8,217.0,100.0
1781788618.13,ROCM_SMI,GPU_0,7861.8,211.0,100.0
1781788620.45,ROCM_SMI,GPU_0,7861.8,213.0,100.0
1781788622.76,ROCM_SMI,GPU_0,7861.8,215.0,95.0
1781788625.07,ROCM_SMI,GPU_0,7861.8,214.0,100.0
1781788627.38,ROCM_SMI,GPU_0,7861.8,214.0,100.0
1781788629.70,ROCM_SMI,GPU_0,7861.8,227.0,100.0
1781788632.00,ROCM_SMI,GPU_0,7861.8,217.0,100.0
1781788634.31,ROCM_SMI,GPU_0,7861.8,218.0,100.0
1781788636.62,ROCM_SMI,GPU_0,7861.8,214.0,100.0
1781788638.93,ROCM_SMI,GPU_0,7861.8,219.0,100.0
1781788641.25,ROCM_SMI,GPU_0,7861.8,214.0,100.0
1781788643.48,ROCM_SMI,GPU_0,7861.8,218.0,100.0
1781788645.78,ROCM_SMI,GPU_0,7861.8,214.0,100.0
1781788648.09,ROCM_SMI,GPU_0,7861.8,212.0,82.0
1781788650.41,ROCM_SMI,GPU_0,7861.8,216.0,100.0
1781788652.72,ROCM_SMI,GPU_0,7861.8,215.0,80.0
1781788655.01,ROCM_SMI,GPU_0,7861.8,215.0,100.0
1781788657.32,ROCM_SMI,GPU_0,7861.8,215.0,100.0
1781788659.63,ROCM_SMI,GPU_0,7861.8,214.0,100.0
1781788661.93,ROCM_SMI,GPU_0,7861.8,216.0,100.0
1781788664.23,ROCM_SMI,GPU_0,7861.8,217.0,100.0
1781788666.46,ROCM_SMI,GPU_0,7861.8,217.0,100.0
1781788668.78,ROCM_SMI,GPU_0,7861.8,215.0,100.0
1781788671.10,ROCM_SMI,GPU_0,7861.8,216.0,100.0
1781788673.41,ROCM_SMI,GPU_0,7861.8,213.0,100.0
1781788675.73,ROCM_SMI,GPU_0,7861.8,218.0,100.0
1781788678.04,ROCM_SMI,GPU_0,7861.8,216.0,100.0
1781788680.35,ROCM_SMI,GPU_0,7861.8,218.0,100.0
1781788682.66,ROCM_SMI,GPU_0,7861.8,220.0,100.0
1781788684.97,ROCM_SMI,GPU_0,7861.8,214.0,100.0
1781788687.28,ROCM_SMI,GPU_0,7861.8,219.0,100.0
1781788689.59,ROCM_SMI,GPU_0,7861.8,216.0,100.0
1781788691.90,ROCM_SMI,GPU_0,7861.8,215.0,100.0
1781788694.20,ROCM_SMI,GPU_0,7861.8,215.0,100.0
1781788696.52,ROCM_SMI,GPU_0,7861.8,220.0,100.0
1781788698.84,ROCM_SMI,GPU_0,7861.8,214.0,100.0
1781788701.15,ROCM_SMI,GPU_0,7861.8,216.0,100.0
1781788703.46,ROCM_SMI,GPU_0,7861.8,210.0,100.0
1781788705.76,ROCM_SMI,GPU_0,7861.8,217.0,100.0
1781788708.05,ROCM_SMI,GPU_0,7861.8,209.0,100.0
1781788710.36,ROCM_SMI,GPU_0,7861.8,215.0,100.0
1781788712.68,ROCM_SMI,GPU_0,7861.8,219.0,100.0
1781788715.00,ROCM_SMI,GPU_0,7861.8,216.0,100.0
1781788717.31,ROCM_SMI,GPU_0,7861.8,214.0,89.0
1781788719.64,ROCM_SMI,GPU_0,7861.8,208.0,100.0
1781788721.94,ROCM_SMI,GPU_0,7861.8,217.0,78.0
1781788724.26,ROCM_SMI,GPU_0,7861.8,218.0,100.0
1781788726.57,ROCM_SMI,GPU_0,7861.8,212.0,79.0
1781788728.89,ROCM_SMI,GPU_0,7861.8,213.0,100.0
1781788731.17,ROCM_SMI,GPU_0,7861.8,216.0,100.0
1781788733.48,ROCM_SMI,GPU_0,7861.8,216.0,100.0
1781788735.77,ROCM_SMI,GPU_0,7861.8,223.0,100.0
1781788738.08,ROCM_SMI,GPU_0,7861.8,213.0,100.0
1781788740.38,ROCM_SMI,GPU_0,7861.8,217.0,100.0
1781788742.68,ROCM_SMI,GPU_0,7861.8,219.0,100.0
1781788745.00,ROCM_SMI,GPU_0,7861.8,213.0,100.0
1781788747.32,ROCM_SMI,GPU_0,7861.8,211.0,100.0
1781788749.55,ROCM_SMI,GPU_0,7861.8,216.0,100.0
1781788751.86,ROCM_SMI,GPU_0,7861.8,214.0,100.0
1781788754.18,ROCM_SMI,GPU_0,7861.8,214.0,100.0
1781788756.49,ROCM_SMI,GPU_0,7861.8,216.0,100.0
1781788758.80,ROCM_SMI,GPU_0,7861.8,212.0,100.0
1781788761.11,ROCM_SMI,GPU_0,7861.8,218.0,100.0
1781788763.36,ROCM_SMI,GPU_0,7861.8,218.0,100.0
1781788765.68,ROCM_SMI,GPU_0,7861.8,217.0,100.0
1781788767.99,ROCM_SMI,GPU_0,7861.8,219.0,100.0
1781788770.31,ROCM_SMI,GPU_0,7861.8,219.0,100.0
1781788772.60,ROCM_SMI,GPU_0,7861.8,215.0,100.0
1781788774.92,ROCM_SMI,GPU_0,7861.8,211.0,100.0
1781788777.20,ROCM_SMI,GPU_0,7861.8,218.0,100.0
1781788779.53,ROCM_SMI,GPU_0,7861.8,213.0,100.0
1781788781.84,ROCM_SMI,GPU_0,7861.8,214.0,100.0
1781788784.15,ROCM_SMI,GPU_0,7861.8,217.0,92.0
1781788786.43,ROCM_SMI,GPU_0,7861.8,215.0,100.0
1781788788.74,ROCM_SMI,GPU_0,7861.8,218.0,100.0
1781788791.06,ROCM_SMI,GPU_0,7861.8,218.0,100.0
1781788793.35,ROCM_SMI,GPU_0,7861.8,217.0,100.0
1781788795.59,ROCM_SMI,GPU_0,7861.8,214.0,100.0
1781788797.89,ROCM_SMI,GPU_0,7861.8,217.0,100.0
1781788800.17,ROCM_SMI,GPU_0,7861.8,209.0,100.0
1781788802.48,ROCM_SMI,GPU_0,7861.8,216.0,100.0
1781788804.79,ROCM_SMI,GPU_0,7861.8,216.0,100.0
1781788807.10,ROCM_SMI,GPU_0,7861.8,214.0,100.0
1781788809.39,ROCM_SMI,GPU_0,7861.8,215.0,100.0
1781788811.69,ROCM_SMI,GPU_0,7861.8,216.0,100.0
1781788814.00,ROCM_SMI,GPU_0,7861.8,217.0,100.0
1781788816.31,ROCM_SMI,GPU_0,7861.8,213.0,100.0
1781788818.62,ROCM_SMI,GPU_0,7861.8,214.0,100.0
1781788820.93,ROCM_SMI,GPU_0,7861.8,218.0,100.0
1781788823.23,ROCM_SMI,GPU_0,7861.8,212.0,100.0
1781788825.54,ROCM_SMI,GPU_0,7861.8,218.0,100.0
1781788827.84,ROCM_SMI,GPU_0,7861.8,215.0,100.0
1781788830.15,ROCM_SMI,GPU_0,7861.8,216.0,100.0
1781788832.48,ROCM_SMI,GPU_0,7861.8,216.0,100.0
1781788834.79,ROCM_SMI,GPU_0,7861.8,213.0,100.0
1781788837.11,ROCM_SMI,GPU_0,7861.8,216.0,100.0
1781788839.43,ROCM_SMI,GPU_0,7861.8,214.0,100.0
1781788841.74,ROCM_SMI,GPU_0,7861.8,213.0,100.0
1781788844.06,ROCM_SMI,GPU_0,7861.8,217.0,100.0
1781788846.36,ROCM_SMI,GPU_0,7861.8,214.0,100.0
1781788848.67,ROCM_SMI,GPU_0,7861.8,217.0,100.0
1781788850.95,ROCM_SMI,GPU_0,7861.8,212.0,100.0
1781788853.24,ROCM_SMI,GPU_0,7861.8,208.0,100.0
1781788855.52,ROCM_SMI,GPU_0,7861.8,212.0,100.0
1781788857.84,ROCM_SMI,GPU_0,7861.8,224.0,100.0
1781788860.13,ROCM_SMI,GPU_0,7861.8,219.0,100.0
1781788862.44,ROCM_SMI,GPU_0,7861.8,214.0,100.0
1781788864.75,ROCM_SMI,GPU_0,7861.8,216.0,100.0
1781788867.07,ROCM_SMI,GPU_0,7861.8,217.0,100.0
1781788869.35,ROCM_SMI,GPU_0,7861.8,214.0,100.0
1781788871.66,ROCM_SMI,GPU_0,7861.8,215.0,100.0
1781788873.99,ROCM_SMI,GPU_0,7861.8,214.0,100.0
1781788876.28,ROCM_SMI,GPU_0,7861.8,211.0,100.0
1781788878.60,ROCM_SMI,GPU_0,7861.8,213.0,100.0
1781788880.91,ROCM_SMI,GPU_0,7861.8,215.0,100.0
1781788883.23,ROCM_SMI,GPU_0,7861.8,220.0,100.0
1781788885.51,ROCM_SMI,GPU_0,7861.8,215.0,100.0
1781788887.83,ROCM_SMI,GPU_0,7861.8,216.0,100.0
1781788890.14,ROCM_SMI,GPU_0,7861.8,216.0,100.0
1781788892.44,ROCM_SMI,GPU_0,7861.8,216.0,100.0
1781788894.76,ROCM_SMI,GPU_0,7861.8,220.0,100.0
1781788897.08,ROCM_SMI,GPU_0,7861.8,210.0,100.0
1781788899.40,ROCM_SMI,GPU_0,7861.8,218.0,100.0
1781788901.71,ROCM_SMI,GPU_0,7861.8,218.0,100.0
1781788904.01,ROCM_SMI,GPU_0,7861.8,215.0,100.0
1781788906.33,ROCM_SMI,GPU_0,7861.8,213.0,100.0
1781788908.64,ROCM_SMI,GPU_0,7861.8,215.0,100.0
1781788910.89,ROCM_SMI,GPU_0,7861.8,220.0,80.0
1781788913.21,ROCM_SMI,GPU_0,7861.8,218.0,100.0
1781788915.52,ROCM_SMI,GPU_0,7861.8,214.0,91.0
1781788917.84,ROCM_SMI,GPU_0,7861.8,219.0,100.0
1781788920.15,ROCM_SMI,GPU_0,7861.8,215.0,84.0
1781788922.46,ROCM_SMI,GPU_0,7861.8,217.0,100.0
1781788924.78,ROCM_SMI,GPU_0,7861.8,215.0,84.0
1781788927.10,ROCM_SMI,GPU_0,7861.8,214.0,100.0
1781788929.40,ROCM_SMI,GPU_0,7861.8,218.0,100.0
1781788931.72,ROCM_SMI,GPU_0,7861.8,213.0,100.0
1781788934.02,ROCM_SMI,GPU_0,7861.8,219.0,86.0
1781788936.33,ROCM_SMI,GPU_0,7861.8,215.0,100.0
1781788938.64,ROCM_SMI,GPU_0,7861.8,212.0,100.0
1781788940.95,ROCM_SMI,GPU_0,7861.8,213.0,100.0
1781788943.27,ROCM_SMI,GPU_0,7861.8,214.0,80.0
1781788945.58,ROCM_SMI,GPU_0,7861.8,215.0,100.0
1781788947.88,ROCM_SMI,GPU_0,7861.8,214.0,100.0
1781788950.18,ROCM_SMI,GPU_0,7861.8,212.0,100.0
1781788952.42,ROCM_SMI,GPU_0,7861.8,220.0,100.0
1781788954.74,ROCM_SMI,GPU_0,7861.8,215.0,100.0
1781788957.05,ROCM_SMI,GPU_0,7861.8,217.0,100.0
1781788959.37,ROCM_SMI,GPU_0,7861.8,213.0,100.0
1781788961.68,ROCM_SMI,GPU_0,7861.8,213.0,100.0
1781788963.99,ROCM_SMI,GPU_0,7861.8,212.0,100.0
1781788966.31,ROCM_SMI,GPU_0,7861.8,214.0,100.0
1781788968.62,ROCM_SMI,GPU_0,7861.8,212.0,100.0
1781788970.94,ROCM_SMI,GPU_0,7861.8,217.0,100.0
1781788973.25,ROCM_SMI,GPU_0,7861.8,206.0,100.0
1781788975.54,ROCM_SMI,GPU_0,7861.8,214.0,100.0
1781788977.82,ROCM_SMI,GPU_0,7861.8,214.0,100.0
1781788980.13,ROCM_SMI,GPU_0,7861.8,217.0,100.0
1781788982.43,ROCM_SMI,GPU_0,7861.8,214.0,100.0
1781788984.74,ROCM_SMI,GPU_0,7861.8,214.0,100.0
1781788987.04,ROCM_SMI,GPU_0,7861.8,214.0,100.0
1781788989.35,ROCM_SMI,GPU_0,7861.8,217.0,100.0
1781788991.67,ROCM_SMI,GPU_0,7861.8,215.0,100.0
1781788993.98,ROCM_SMI,GPU_0,7861.8,215.0,100.0
1781788996.30,ROCM_SMI,GPU_0,7861.8,216.0,100.0
1781788998.61,ROCM_SMI,GPU_0,7861.8,217.0,100.0
1781789000.93,ROCM_SMI,GPU_0,7861.8,215.0,100.0
1781789003.25,ROCM_SMI,GPU_0,7861.8,212.0,100.0
1781789005.56,ROCM_SMI,GPU_0,7861.8,216.0,100.0
1781789007.88,ROCM_SMI,GPU_0,7861.8,217.0,100.0
1781789010.20,ROCM_SMI,GPU_0,7861.8,219.0,100.0
1781789012.51,ROCM_SMI,GPU_0,7861.8,217.0,100.0
1781789014.83,ROCM_SMI,GPU_0,7861.8,218.0,100.0
1781789017.14,ROCM_SMI,GPU_0,7861.8,218.0,100.0
1781789019.46,ROCM_SMI,GPU_0,7861.8,215.0,100.0
1781789021.78,ROCM_SMI,GPU_0,7861.8,217.0,100.0
1781789024.10,ROCM_SMI,GPU_0,7861.8,216.0,100.0
1781789026.42,ROCM_SMI,GPU_0,7861.8,214.0,100.0
1781789028.73,ROCM_SMI,GPU_0,7861.8,210.0,100.0
1781789031.05,ROCM_SMI,GPU_0,7861.8,216.0,100.0
1781789033.28,ROCM_SMI,GPU_0,7861.8,212.0,100.0
1781789035.60,ROCM_SMI,GPU_0,7861.8,216.0,100.0
1781789037.90,ROCM_SMI,GPU_0,7861.8,216.0,100.0
1781789040.21,ROCM_SMI,GPU_0,7861.8,210.0,100.0
1781789042.52,ROCM_SMI,GPU_0,7861.8,216.0,100.0
1781789044.84,ROCM_SMI,GPU_0,7861.8,216.0,100.0
1781789047.16,ROCM_SMI,GPU_0,7861.8,216.0,100.0
1781789049.46,ROCM_SMI,GPU_0,7861.8,188.0,100.0
1781789051.77,ROCM_SMI,GPU_0,7861.8,215.0,100.0
1781789054.09,ROCM_SMI,GPU_0,7861.8,216.0,100.0
1781789056.41,ROCM_SMI,GPU_0,7861.8,217.0,100.0
1781789058.72,ROCM_SMI,GPU_0,7861.8,213.0,100.0
1781789061.05,ROCM_SMI,GPU_0,7861.8,219.0,100.0
1781789063.36,ROCM_SMI,GPU_0,7861.8,214.0,100.0
1781789065.68,ROCM_SMI,GPU_0,7861.8,215.0,100.0
1781789067.98,ROCM_SMI,GPU_0,7861.8,215.0,100.0
1781789070.31,ROCM_SMI,GPU_0,7861.8,216.0,100.0
1781789072.63,ROCM_SMI,GPU_0,7861.8,215.0,100.0
1781789074.94,ROCM_SMI,GPU_0,7861.8,216.0,100.0
1781789077.26,ROCM_SMI,GPU_0,7861.8,216.0,100.0
1781789079.59,ROCM_SMI,GPU_0,7861.8,215.0,100.0
1781789081.91,ROCM_SMI,GPU_0,7861.8,231.0,100.0
1781789084.22,ROCM_SMI,GPU_0,7861.8,213.0,100.0
1781789086.54,ROCM_SMI,GPU_0,7861.8,219.0,100.0
1781789088.85,ROCM_SMI,GPU_0,7861.8,218.0,100.0
1781789091.16,ROCM_SMI,GPU_0,7861.8,215.0,100.0
1781789093.48,ROCM_SMI,GPU_0,7861.8,213.0,100.0
1781789095.81,ROCM_SMI,GPU_0,7861.8,219.0,100.0
1781789098.12,ROCM_SMI,GPU_0,7861.8,211.0,100.0
1781789100.44,ROCM_SMI,GPU_0,7861.8,214.0,100.0
1781789102.75,ROCM_SMI,GPU_0,7861.8,214.0,100.0
1781789105.08,ROCM_SMI,GPU_0,7861.8,212.0,100.0
1781789107.39,ROCM_SMI,GPU_0,7861.8,216.0,100.0
1781789109.69,ROCM_SMI,GPU_0,7861.8,216.0,100.0
1781789112.00,ROCM_SMI,GPU_0,7861.8,212.0,100.0
1781789114.33,ROCM_SMI,GPU_0,7861.8,216.0,100.0
1781789116.64,ROCM_SMI,GPU_0,7861.8,223.0,100.0
1781789118.96,ROCM_SMI,GPU_0,7861.8,217.0,100.0
1781789121.28,ROCM_SMI,GPU_0,7861.8,217.0,100.0
1781789123.60,ROCM_SMI,GPU_0,7861.8,217.0,100.0
1781789125.90,ROCM_SMI,GPU_0,7861.8,216.0,100.0
1781789128.22,ROCM_SMI,GPU_0,7861.8,215.0,100.0
1781789130.53,ROCM_SMI,GPU_0,7861.8,217.0,100.0
1781789132.85,ROCM_SMI,GPU_0,7861.8,216.0,100.0
1781789135.16,ROCM_SMI,GPU_0,7861.8,215.0,100.0
1781789137.48,ROCM_SMI,GPU_0,7861.8,213.0,100.0
1781789139.79,ROCM_SMI,GPU_0,7861.8,213.0,100.0
1781789142.10,ROCM_SMI,GPU_0,7861.8,214.0,100.0
1781789144.41,ROCM_SMI,GPU_0,7861.8,219.0,100.0
1781789146.73,ROCM_SMI,GPU_0,7861.8,215.0,100.0
1781789149.03,ROCM_SMI,GPU_0,7861.8,218.0,100.0
1781789151.32,ROCM_SMI,GPU_0,7861.8,219.0,100.0
1781789153.64,ROCM_SMI,GPU_0,7861.8,215.0,100.0
1781789155.95,ROCM_SMI,GPU_0,7861.8,216.0,100.0
1781789158.27,ROCM_SMI,GPU_0,7861.8,214.0,100.0
1781789160.57,ROCM_SMI,GPU_0,7861.8,213.0,100.0
1781789162.89,ROCM_SMI,GPU_0,7861.8,216.0,100.0
1781789165.20,ROCM_SMI,GPU_0,7861.8,214.0,100.0
1781789167.51,ROCM_SMI,GPU_0,7861.8,218.0,100.0
1781789169.81,ROCM_SMI,GPU_0,7861.8,215.0,100.0
1781789172.13,ROCM_SMI,GPU_0,7861.8,216.0,100.0
1781789174.45,ROCM_SMI,GPU_0,7861.8,216.0,100.0
1781789176.75,ROCM_SMI,GPU_0,7861.8,219.0,100.0
1781789179.07,ROCM_SMI,GPU_0,7861.8,218.0,100.0
1781789181.39,ROCM_SMI,GPU_0,7861.8,220.0,100.0
1781789183.69,ROCM_SMI,GPU_0,7861.8,214.0,100.0
1781789185.98,ROCM_SMI,GPU_0,7861.8,215.0,100.0
1781789188.29,ROCM_SMI,GPU_0,7861.8,215.0,100.0
1781789190.59,ROCM_SMI,GPU_0,7861.8,212.0,100.0
1781789192.82,ROCM_SMI,GPU_0,7861.8,213.0,100.0
1781789195.14,ROCM_SMI,GPU_0,7861.8,214.0,100.0
1781789197.45,ROCM_SMI,GPU_0,7861.8,217.0,100.0
1781789199.75,ROCM_SMI,GPU_0,7861.8,213.0,100.0
1781789202.06,ROCM_SMI,GPU_0,7861.8,218.0,100.0
1781789204.35,ROCM_SMI,GPU_0,7861.8,217.0,100.0
1781789206.66,ROCM_SMI,GPU_0,7861.8,213.0,100.0
1781789208.96,ROCM_SMI,GPU_0,7861.8,218.0,100.0
1781789211.28,ROCM_SMI,GPU_0,7861.8,201.0,100.0
1781789213.59,ROCM_SMI,GPU_0,7861.8,218.0,100.0
1781789215.88,ROCM_SMI,GPU_0,7861.8,217.0,72.0
1781789218.18,ROCM_SMI,GPU_0,7861.8,217.0,100.0
1781789220.50,ROCM_SMI,GPU_0,7861.8,218.0,100.0
1781789222.80,ROCM_SMI,GPU_0,7861.8,214.0,100.0
1781789225.12,ROCM_SMI,GPU_0,7861.8,214.0,100.0
1781789227.40,ROCM_SMI,GPU_0,7861.8,217.0,100.0
1781789229.71,ROCM_SMI,GPU_0,7861.8,214.0,100.0
1781789232.03,ROCM_SMI,GPU_0,7861.8,213.0,100.0
1781789234.31,ROCM_SMI,GPU_0,7861.8,213.0,100.0
1781789236.59,ROCM_SMI,GPU_0,7861.8,214.0,100.0
1781789238.89,ROCM_SMI,GPU_0,7861.8,216.0,100.0
1781789241.19,ROCM_SMI,GPU_0,7861.8,215.0,100.0
1781789243.50,ROCM_SMI,GPU_0,7861.8,225.0,100.0
1781789245.82,ROCM_SMI,GPU_0,7861.8,215.0,100.0
1781789248.12,ROCM_SMI,GPU_0,7861.8,217.0,100.0
1781789250.43,ROCM_SMI,GPU_0,7861.8,216.0,100.0
1781789252.66,ROCM_SMI,GPU_0,7861.8,217.0,100.0
1781789254.98,ROCM_SMI,GPU_0,7861.8,219.0,100.0
1781789257.27,ROCM_SMI,GPU_0,7861.8,214.0,100.0
1781789259.58,ROCM_SMI,GPU_0,7861.8,216.0,100.0
1781789261.90,ROCM_SMI,GPU_0,7861.8,214.0,100.0
1781789264.21,ROCM_SMI,GPU_0,7861.8,214.0,100.0
1781789266.52,ROCM_SMI,GPU_0,7861.8,216.0,100.0
1781789268.84,ROCM_SMI,GPU_0,7861.8,217.0,100.0
1781789271.07,ROCM_SMI,GPU_0,7861.8,215.0,100.0
1781789273.30,ROCM_SMI,GPU_0,7861.8,219.0,100.0
1781789275.62,ROCM_SMI,GPU_0,7861.8,216.0,100.0
1781789277.94,ROCM_SMI,GPU_0,7861.8,214.0,100.0
1781789280.26,ROCM_SMI,GPU_0,7861.8,214.0,100.0
1781789282.57,ROCM_SMI,GPU_0,7861.8,215.0,100.0
1781789284.87,ROCM_SMI,GPU_0,7861.8,214.0,100.0
1781789287.18,ROCM_SMI,GPU_0,7861.8,215.0,100.0
1781789289.49,ROCM_SMI,GPU_0,7861.8,214.0,81.0
1781789291.81,ROCM_SMI,GPU_0,7861.8,215.0,100.0
1781789294.11,ROCM_SMI,GPU_0,7861.8,218.0,100.0
1781789296.43,ROCM_SMI,GPU_0,7861.8,213.0,100.0
1781789298.74,ROCM_SMI,GPU_0,7861.8,208.0,87.0
1781789301.06,ROCM_SMI,GPU_0,7861.8,214.0,100.0
1781789303.34,ROCM_SMI,GPU_0,7861.8,215.0,100.0
1781789305.66,ROCM_SMI,GPU_0,7861.8,214.0,100.0
1781789307.98,ROCM_SMI,GPU_0,7861.8,213.0,100.0
1781789310.30,ROCM_SMI,GPU_0,7861.8,214.0,100.0
1781789312.59,ROCM_SMI,GPU_0,7861.8,212.0,100.0
1781789314.90,ROCM_SMI,GPU_0,7861.8,215.0,100.0
1781789317.22,ROCM_SMI,GPU_0,7861.8,214.0,100.0
1781789319.53,ROCM_SMI,GPU_0,7861.8,217.0,100.0
1781789321.84,ROCM_SMI,GPU_0,7861.8,216.0,100.0
1781789324.13,ROCM_SMI,GPU_0,7861.8,216.0,100.0
1781789326.44,ROCM_SMI,GPU_0,7861.8,215.0,100.0
1781789328.73,ROCM_SMI,GPU_0,7861.8,219.0,100.0
1781789331.06,ROCM_SMI,GPU_0,7861.8,215.0,100.0
1781789333.38,ROCM_SMI,GPU_0,7861.8,214.0,100.0
1781789335.68,ROCM_SMI,GPU_0,7861.8,216.0,100.0
1781789337.98,ROCM_SMI,GPU_0,7861.8,218.0,100.0
1781789340.28,ROCM_SMI,GPU_0,7861.8,215.0,100.0
1781789342.58,ROCM_SMI,GPU_0,7861.8,213.0,100.0
1781789344.88,ROCM_SMI,GPU_0,7861.8,215.0,100.0
1781789347.19,ROCM_SMI,GPU_0,7861.8,212.0,100.0
1781789349.51,ROCM_SMI,GPU_0,7861.8,214.0,100.0
1781789351.82,ROCM_SMI,GPU_0,7861.8,210.0,100.0
1781789354.12,ROCM_SMI,GPU_0,7861.8,215.0,100.0
1781789356.42,ROCM_SMI,GPU_0,7861.8,216.0,100.0
1781789358.72,ROCM_SMI,GPU_0,7861.8,215.0,100.0
1781789361.03,ROCM_SMI,GPU_0,7861.8,218.0,100.0
1781789363.33,ROCM_SMI,GPU_0,7861.8,214.0,100.0
1781789365.63,ROCM_SMI,GPU_0,7861.8,216.0,100.0
1781789367.92,ROCM_SMI,GPU_0,7861.8,216.0,100.0
1781789370.24,ROCM_SMI,GPU_0,7861.8,218.0,100.0
1781789372.52,ROCM_SMI,GPU_0,7861.8,215.0,100.0
1781789374.84,ROCM_SMI,GPU_0,7861.8,218.0,100.0
1781789377.15,ROCM_SMI,GPU_0,7861.8,214.0,100.0
1781789379.47,ROCM_SMI,GPU_0,7861.8,214.0,100.0
1781789381.79,ROCM_SMI,GPU_0,7861.8,214.0,100.0
1781789384.10,ROCM_SMI,GPU_0,7861.8,215.0,100.0
1781789386.42,ROCM_SMI,GPU_0,7861.8,217.0,100.0
1781789388.74,ROCM_SMI,GPU_0,7861.8,215.0,100.0
1781789391.06,ROCM_SMI,GPU_0,7861.8,218.0,100.0
1781789393.38,ROCM_SMI,GPU_0,7861.8,219.0,100.0
1781789395.70,ROCM_SMI,GPU_0,7861.8,217.0,100.0
1781789398.01,ROCM_SMI,GPU_0,7861.8,216.0,100.0
1781789400.33,ROCM_SMI,GPU_0,7861.8,216.0,100.0
1781789402.64,ROCM_SMI,GPU_0,7861.8,217.0,100.0
1781789404.95,ROCM_SMI,GPU_0,7861.8,216.0,100.0
1781789407.27,ROCM_SMI,GPU_0,7861.8,214.0,100.0
1781789409.50,ROCM_SMI,GPU_0,7861.8,214.0,100.0
1781789411.81,ROCM_SMI,GPU_0,7861.8,215.0,100.0
1781789414.04,ROCM_SMI,GPU_0,7861.8,215.0,100.0
1781789416.36,ROCM_SMI,GPU_0,7861.8,213.0,100.0
1781789418.66,ROCM_SMI,GPU_0,7861.8,219.0,100.0
1781789420.94,ROCM_SMI,GPU_0,7861.8,214.0,100.0
1781789423.23,ROCM_SMI,GPU_0,7861.8,214.0,100.0
1781789425.52,ROCM_SMI,GPU_0,7861.8,212.0,100.0
1781789427.84,ROCM_SMI,GPU_0,7861.8,215.0,100.0
1781789430.17,ROCM_SMI,GPU_0,7861.8,214.0,100.0
1781789432.49,ROCM_SMI,GPU_0,7861.8,214.0,100.0
1781789434.81,ROCM_SMI,GPU_0,7861.8,212.0,100.0
1781789437.13,ROCM_SMI,GPU_0,7861.8,200.0,100.0
1781789439.45,ROCM_SMI,GPU_0,7861.8,211.0,100.0
1781789441.77,ROCM_SMI,GPU_0,7861.8,215.0,100.0
1781789444.08,ROCM_SMI,GPU_0,7861.8,213.0,100.0
1781789446.32,ROCM_SMI,GPU_0,7861.8,220.0,100.0
1781789448.64,ROCM_SMI,GPU_0,7861.8,214.0,100.0
1781789450.95,ROCM_SMI,GPU_0,7861.8,211.0,100.0
1781789453.26,ROCM_SMI,GPU_0,7861.8,218.0,100.0
1781789455.57,ROCM_SMI,GPU_0,7861.8,211.0,100.0
1781789457.87,ROCM_SMI,GPU_0,7861.8,218.0,100.0
1781789460.19,ROCM_SMI,GPU_0,7861.8,210.0,100.0
1781789462.50,ROCM_SMI,GPU_0,7861.8,213.0,100.0
1781789464.80,ROCM_SMI,GPU_0,7861.8,217.0,100.0
1781789467.11,ROCM_SMI,GPU_0,7861.8,214.0,100.0
1781789469.42,ROCM_SMI,GPU_0,7861.8,212.0,100.0
1781789471.74,ROCM_SMI,GPU_0,7861.8,213.0,100.0
1781789474.06,ROCM_SMI,GPU_0,7861.8,218.0,100.0
1781789476.37,ROCM_SMI,GPU_0,7861.8,215.0,100.0
1781789478.68,ROCM_SMI,GPU_0,7861.8,217.0,100.0
1781789480.99,ROCM_SMI,GPU_0,7861.8,214.0,100.0
1781789483.31,ROCM_SMI,GPU_0,7861.8,221.0,100.0
1781789485.61,ROCM_SMI,GPU_0,7861.8,217.0,100.0
1781789487.93,ROCM_SMI,GPU_0,7861.8,216.0,100.0
1781789490.22,ROCM_SMI,GPU_0,7861.8,218.0,100.0
1781789492.53,ROCM_SMI,GPU_0,7861.8,213.0,100.0
1781789494.84,ROCM_SMI,GPU_0,7861.8,216.0,100.0
1781789497.15,ROCM_SMI,GPU_0,7861.8,216.0,100.0
1781789499.45,ROCM_SMI,GPU_0,7861.8,213.0,100.0
1781789501.74,ROCM_SMI,GPU_0,7861.8,216.0,100.0
1781789504.07,ROCM_SMI,GPU_0,7861.8,216.0,100.0
1781789506.38,ROCM_SMI,GPU_0,7861.8,213.0,100.0
1781789508.69,ROCM_SMI,GPU_0,7861.8,215.0,100.0
1781789511.00,ROCM_SMI,GPU_0,7861.8,214.0,100.0
1781789513.31,ROCM_SMI,GPU_0,7861.8,215.0,100.0
1781789515.63,ROCM_SMI,GPU_0,7861.8,227.0,100.0
1781789517.95,ROCM_SMI,GPU_0,7861.8,216.0,100.0
1781789520.24,ROCM_SMI,GPU_0,7861.8,214.0,100.0
1781789522.55,ROCM_SMI,GPU_0,7861.8,216.0,100.0
1781789524.88,ROCM_SMI,GPU_0,7861.8,214.0,100.0
1781789527.17,ROCM_SMI,GPU_0,7861.8,216.0,100.0
1781789529.49,ROCM_SMI,GPU_0,7861.8,191.0,100.0
1781789531.77,ROCM_SMI,GPU_0,7861.8,215.0,100.0
1781789534.09,ROCM_SMI,GPU_0,7861.8,217.0,100.0
1781789536.37,ROCM_SMI,GPU_0,7861.8,214.0,100.0
1781789538.68,ROCM_SMI,GPU_0,7861.8,215.0,100.0
1781789540.99,ROCM_SMI,GPU_0,7861.8,216.0,100.0
1781789543.31,ROCM_SMI,GPU_0,7861.8,212.0,100.0
1781789545.59,ROCM_SMI,GPU_0,7861.8,213.0,100.0
1781789547.89,ROCM_SMI,GPU_0,7861.8,216.0,100.0
1781789550.21,ROCM_SMI,GPU_0,7861.8,211.0,100.0
1781789552.52,ROCM_SMI,GPU_0,7861.8,214.0,100.0
1781789554.83,ROCM_SMI,GPU_0,7861.8,215.0,100.0
1781789557.15,ROCM_SMI,GPU_0,7861.8,216.0,100.0
1781789559.46,ROCM_SMI,GPU_0,7861.8,215.0,100.0
1781789561.77,ROCM_SMI,GPU_0,7861.8,215.0,100.0
1781789564.08,ROCM_SMI,GPU_0,7861.8,217.0,100.0
1781789566.39,ROCM_SMI,GPU_0,7861.8,216.0,100.0
1781789568.70,ROCM_SMI,GPU_0,7861.8,216.0,100.0
1781789571.01,ROCM_SMI,GPU_0,7861.8,216.0,100.0
1781789573.34,ROCM_SMI,GPU_0,7861.8,211.0,100.0
1781789575.64,ROCM_SMI,GPU_0,7861.8,217.0,100.0
1781789577.96,ROCM_SMI,GPU_0,7861.8,216.0,100.0
1781789580.25,ROCM_SMI,GPU_0,7861.8,216.0,100.0
1781789582.57,ROCM_SMI,GPU_0,7861.8,216.0,100.0
1781789584.88,ROCM_SMI,GPU_0,7861.8,213.0,100.0
1781789587.19,ROCM_SMI,GPU_0,7861.8,212.0,100.0
1781789589.50,ROCM_SMI,GPU_0,7861.8,217.0,100.0
1781789591.81,ROCM_SMI,GPU_0,7861.8,216.0,100.0
1781789594.12,ROCM_SMI,GPU_0,7861.8,225.0,100.0
1781789596.42,ROCM_SMI,GPU_0,7861.8,215.0,100.0
1781789598.73,ROCM_SMI,GPU_0,7861.8,216.0,100.0
1781789601.03,ROCM_SMI,GPU_0,7861.8,215.0,100.0
1781789603.34,ROCM_SMI,GPU_0,7861.8,215.0,100.0
1781789605.65,ROCM_SMI,GPU_0,7861.8,228.0,100.0
1781789607.96,ROCM_SMI,GPU_0,7861.8,216.0,100.0
1781789610.26,ROCM_SMI,GPU_0,7861.8,215.0,100.0
1781789612.58,ROCM_SMI,GPU_0,7861.8,214.0,100.0
1781789614.89,ROCM_SMI,GPU_0,7861.8,212.0,100.0
1781789617.21,ROCM_SMI,GPU_0,7861.8,213.0,100.0
1781789619.44,ROCM_SMI,GPU_0,7861.8,216.0,100.0
1781789621.76,ROCM_SMI,GPU_0,7861.8,214.0,100.0
1781789624.07,ROCM_SMI,GPU_0,7861.8,215.0,100.0
1781789626.39,ROCM_SMI,GPU_0,7861.8,216.0,100.0
1781789628.71,ROCM_SMI,GPU_0,7861.8,216.0,100.0
1781789631.02,ROCM_SMI,GPU_0,7861.8,213.0,100.0
1781789633.33,ROCM_SMI,GPU_0,7861.8,217.0,100.0
1781789635.64,ROCM_SMI,GPU_0,7861.8,218.0,100.0
1781789637.95,ROCM_SMI,GPU_0,7861.8,210.0,100.0
1781789640.27,ROCM_SMI,GPU_0,7861.8,216.0,100.0
1781789642.57,ROCM_SMI,GPU_0,7861.8,214.0,100.0
1781789644.80,ROCM_SMI,GPU_0,7861.8,213.0,100.0
1781789647.11,ROCM_SMI,GPU_0,7861.8,203.0,100.0
1781789649.42,ROCM_SMI,GPU_0,7861.8,225.0,100.0
1781789651.73,ROCM_SMI,GPU_0,7861.8,215.0,100.0
1781789654.04,ROCM_SMI,GPU_0,7861.8,217.0,100.0
1781789656.35,ROCM_SMI,GPU_0,7861.8,217.0,100.0
1781789658.67,ROCM_SMI,GPU_0,7861.8,215.0,100.0
1781835152.67,ROCM_SMI,GPU_0,0.0,13.0,0.0
1781835154.86,ROCM_SMI,GPU_0,7861.8,205.0,100.0
1781835157.06,ROCM_SMI,GPU_0,7861.8,205.0,100.0
1781835159.25,ROCM_SMI,GPU_0,7861.8,208.0,100.0
1781835161.45,ROCM_SMI,GPU_0,7861.8,208.0,100.0
1781835163.64,ROCM_SMI,GPU_0,7861.8,211.0,100.0
1781835165.83,ROCM_SMI,GPU_0,7861.8,208.0,100.0
1781835168.03,ROCM_SMI,GPU_0,7861.8,213.0,100.0
1781835170.22,ROCM_SMI,GPU_0,7861.8,211.0,100.0
1781835172.42,ROCM_SMI,GPU_0,7861.8,208.0,100.0
1781835174.61,ROCM_SMI,GPU_0,7861.8,215.0,100.0
1781835176.81,ROCM_SMI,GPU_0,7861.8,214.0,100.0
1781835179.00,ROCM_SMI,GPU_0,7861.8,208.0,100.0
1781835181.20,ROCM_SMI,GPU_0,7861.8,210.0,100.0
1781835183.39,ROCM_SMI,GPU_0,7861.8,211.0,100.0
1781835185.59,ROCM_SMI,GPU_0,7861.8,216.0,100.0
1781835187.78,ROCM_SMI,GPU_0,7861.8,212.0,100.0
1781835189.97,ROCM_SMI,GPU_0,7861.8,210.0,100.0
1781835192.17,ROCM_SMI,GPU_0,7861.8,210.0,100.0
1781835194.37,ROCM_SMI,GPU_0,7861.8,217.0,100.0
1781835196.56,ROCM_SMI,GPU_0,7861.8,212.0,100.0
1781835198.75,ROCM_SMI,GPU_0,7861.8,211.0,81.0
1781835200.95,ROCM_SMI,GPU_0,7861.8,217.0,100.0
1781835203.14,ROCM_SMI,GPU_0,7861.8,214.0,100.0
1781835205.33,ROCM_SMI,GPU_0,7861.8,218.0,100.0
1781835207.53,ROCM_SMI,GPU_0,7861.8,216.0,100.0
1781835209.73,ROCM_SMI,GPU_0,7861.8,212.0,100.0
1781835211.92,ROCM_SMI,GPU_0,7861.8,215.0,100.0
1781835214.12,ROCM_SMI,GPU_0,7861.8,214.0,100.0
1781835216.31,ROCM_SMI,GPU_0,7861.8,217.0,100.0
1781835218.51,ROCM_SMI,GPU_0,7861.8,216.0,100.0
1781835220.70,ROCM_SMI,GPU_0,7861.8,225.0,100.0
1781835222.90,ROCM_SMI,GPU_0,7861.8,215.0,100.0
1781835225.09,ROCM_SMI,GPU_0,7861.8,214.0,100.0
1781835227.28,ROCM_SMI,GPU_0,7861.8,213.0,100.0
1781835229.48,ROCM_SMI,GPU_0,7861.8,215.0,100.0
1781835231.67,ROCM_SMI,GPU_0,7861.8,217.0,79.0
1781835233.87,ROCM_SMI,GPU_0,7861.8,211.0,100.0
1781835236.06,ROCM_SMI,GPU_0,7861.8,219.0,100.0
1781835238.25,ROCM_SMI,GPU_0,7861.8,216.0,100.0
1781835240.45,ROCM_SMI,GPU_0,7861.8,219.0,100.0
1781835242.64,ROCM_SMI,GPU_0,7861.8,217.0,100.0
1781835244.84,ROCM_SMI,GPU_0,7861.8,219.0,100.0
1781835247.03,ROCM_SMI,GPU_0,7861.8,216.0,100.0
1781835249.22,ROCM_SMI,GPU_0,7861.8,213.0,100.0
1781835251.42,ROCM_SMI,GPU_0,7861.8,211.0,100.0
1781835253.61,ROCM_SMI,GPU_0,7861.8,216.0,100.0
1781835255.80,ROCM_SMI,GPU_0,7861.8,217.0,100.0
1781835258.00,ROCM_SMI,GPU_0,7861.8,214.0,100.0
1781835260.19,ROCM_SMI,GPU_0,7861.8,214.0,100.0
1781835262.38,ROCM_SMI,GPU_0,7861.8,218.0,100.0
1781835264.58,ROCM_SMI,GPU_0,7861.8,218.0,100.0
1781835266.77,ROCM_SMI,GPU_0,7861.8,219.0,100.0
1781835268.97,ROCM_SMI,GPU_0,7861.8,220.0,100.0
1781835271.16,ROCM_SMI,GPU_0,7861.8,222.0,100.0
1781835273.36,ROCM_SMI,GPU_0,7861.8,218.0,100.0
1781835275.55,ROCM_SMI,GPU_0,7861.8,216.0,100.0
1781835277.74,ROCM_SMI,GPU_0,7861.8,216.0,100.0
1781835279.94,ROCM_SMI,GPU_0,7861.8,213.0,100.0
1781835282.13,ROCM_SMI,GPU_0,7861.8,218.0,100.0
1781835284.32,ROCM_SMI,GPU_0,7861.8,217.0,100.0
1781835286.52,ROCM_SMI,GPU_0,7861.8,219.0,100.0
1781835288.71,ROCM_SMI,GPU_0,7861.8,220.0,100.0
1781835290.91,ROCM_SMI,GPU_0,7861.8,214.0,100.0
1781835293.10,ROCM_SMI,GPU_0,7861.8,215.0,100.0
1781835295.30,ROCM_SMI,GPU_0,7861.8,215.0,81.0
1781835297.49,ROCM_SMI,GPU_0,7861.8,218.0,100.0
1781835299.68,ROCM_SMI,GPU_0,7861.8,223.0,100.0
1781835301.88,ROCM_SMI,GPU_0,7861.8,220.0,100.0
1781835304.07,ROCM_SMI,GPU_0,7861.8,219.0,100.0
1781835306.27,ROCM_SMI,GPU_0,7861.8,218.0,100.0
1781835308.46,ROCM_SMI,GPU_0,7861.8,216.0,100.0
1781835310.66,ROCM_SMI,GPU_0,7861.8,218.0,100.0
1781835312.85,ROCM_SMI,GPU_0,7861.8,214.0,100.0
1781835315.05,ROCM_SMI,GPU_0,7861.8,218.0,100.0
1781835317.24,ROCM_SMI,GPU_0,7861.8,216.0,100.0
1781835319.44,ROCM_SMI,GPU_0,7861.8,218.0,100.0
1781835321.63,ROCM_SMI,GPU_0,7861.8,217.0,100.0
1781835323.82,ROCM_SMI,GPU_0,7861.8,216.0,100.0
1781835326.02,ROCM_SMI,GPU_0,7861.8,217.0,100.0
1781835328.21,ROCM_SMI,GPU_0,7861.8,215.0,100.0
1781835330.41,ROCM_SMI,GPU_0,7861.8,221.0,100.0
1781835332.60,ROCM_SMI,GPU_0,7861.8,221.0,100.0
1781835334.80,ROCM_SMI,GPU_0,7861.8,219.0,100.0
1781835336.99,ROCM_SMI,GPU_0,7861.8,218.0,100.0
1781835339.19,ROCM_SMI,GPU_0,7861.8,218.0,100.0
1781835341.39,ROCM_SMI,GPU_0,7861.8,215.0,100.0
1781835343.58,ROCM_SMI,GPU_0,7861.8,214.0,100.0
1781835345.78,ROCM_SMI,GPU_0,7861.8,216.0,100.0
1781835347.97,ROCM_SMI,GPU_0,7861.8,217.0,100.0
1781835350.16,ROCM_SMI,GPU_0,7861.8,222.0,100.0
1781835352.36,ROCM_SMI,GPU_0,7861.8,221.0,100.0
1781835354.56,ROCM_SMI,GPU_0,7861.8,219.0,100.0
1781835356.75,ROCM_SMI,GPU_0,7861.8,219.0,100.0
1781835358.95,ROCM_SMI,GPU_0,7861.8,216.0,100.0
1781835361.14,ROCM_SMI,GPU_0,7861.8,217.0,81.0
1781835363.33,ROCM_SMI,GPU_0,7861.8,215.0,100.0
1781835365.53,ROCM_SMI,GPU_0,7861.8,222.0,100.0
1781835367.72,ROCM_SMI,GPU_0,7861.8,228.0,100.0
1781835369.92,ROCM_SMI,GPU_0,7861.8,216.0,100.0
1781835372.11,ROCM_SMI,GPU_0,7861.8,218.0,100.0
1781835374.30,ROCM_SMI,GPU_0,7861.8,222.0,100.0
1781835376.50,ROCM_SMI,GPU_0,7861.8,218.0,100.0
1781835378.69,ROCM_SMI,GPU_0,7861.8,221.0,100.0
1781835380.88,ROCM_SMI,GPU_0,7861.8,221.0,100.0
1781835383.07,ROCM_SMI,GPU_0,7861.8,221.0,100.0
1781835385.27,ROCM_SMI,GPU_0,7861.8,218.0,100.0
1781835387.46,ROCM_SMI,GPU_0,7861.8,219.0,100.0
1781835389.66,ROCM_SMI,GPU_0,7861.8,198.0,100.0
1781835391.85,ROCM_SMI,GPU_0,7861.8,216.0,81.0
1781835394.05,ROCM_SMI,GPU_0,7861.8,221.0,100.0
1781835396.24,ROCM_SMI,GPU_0,7861.8,222.0,100.0
1781835398.43,ROCM_SMI,GPU_0,7861.8,219.0,100.0
1781835400.63,ROCM_SMI,GPU_0,7861.8,218.0,100.0
1781835402.82,ROCM_SMI,GPU_0,7861.8,218.0,100.0
1781835405.01,ROCM_SMI,GPU_0,7861.8,215.0,100.0
1781835407.21,ROCM_SMI,GPU_0,7861.8,216.0,100.0
1781835409.40,ROCM_SMI,GPU_0,7861.8,220.0,100.0
1781835411.59,ROCM_SMI,GPU_0,7861.8,218.0,100.0
1781835413.79,ROCM_SMI,GPU_0,7861.8,223.0,100.0
1781835415.98,ROCM_SMI,GPU_0,7861.8,220.0,100.0
1781835418.17,ROCM_SMI,GPU_0,7861.8,219.0,100.0
1781835420.37,ROCM_SMI,GPU_0,7861.8,215.0,100.0
1781835422.57,ROCM_SMI,GPU_0,7861.8,216.0,88.0
1781835424.76,ROCM_SMI,GPU_0,7861.8,221.0,100.0
1781835426.96,ROCM_SMI,GPU_0,7861.8,221.0,100.0
1781835429.15,ROCM_SMI,GPU_0,7861.8,217.0,100.0
1781835431.34,ROCM_SMI,GPU_0,7861.8,216.0,100.0
1781835433.54,ROCM_SMI,GPU_0,7861.8,220.0,100.0
1781835435.73,ROCM_SMI,GPU_0,7861.8,217.0,100.0
1781835437.92,ROCM_SMI,GPU_0,7861.8,215.0,100.0
1781835440.12,ROCM_SMI,GPU_0,7861.8,215.0,100.0
1781835442.31,ROCM_SMI,GPU_0,7861.8,219.0,100.0
1781835444.51,ROCM_SMI,GPU_0,7861.8,220.0,100.0
1781835446.70,ROCM_SMI,GPU_0,7861.8,215.0,100.0
1781835448.90,ROCM_SMI,GPU_0,7861.8,218.0,100.0
1781835451.09,ROCM_SMI,GPU_0,7861.8,219.0,100.0
1781835453.29,ROCM_SMI,GPU_0,7861.8,215.0,100.0
1781835455.48,ROCM_SMI,GPU_0,7861.8,225.0,100.0
1781835457.68,ROCM_SMI,GPU_0,7861.8,220.0,100.0
1781835459.87,ROCM_SMI,GPU_0,7861.8,222.0,100.0
1781835462.07,ROCM_SMI,GPU_0,7861.8,216.0,100.0
1781835464.26,ROCM_SMI,GPU_0,7861.8,221.0,100.0
1781835466.45,ROCM_SMI,GPU_0,7861.8,217.0,100.0
1781835468.65,ROCM_SMI,GPU_0,7861.8,218.0,100.0
1781835470.84,ROCM_SMI,GPU_0,7861.8,215.0,100.0
1781835473.03,ROCM_SMI,GPU_0,7861.8,219.0,100.0
1781835475.23,ROCM_SMI,GPU_0,7861.8,226.0,100.0
1781835477.43,ROCM_SMI,GPU_0,7861.8,216.0,100.0
1781835479.62,ROCM_SMI,GPU_0,7861.8,221.0,100.0
1781835481.82,ROCM_SMI,GPU_0,7861.8,219.0,100.0
1781835484.01,ROCM_SMI,GPU_0,7861.8,219.0,100.0
1781835486.20,ROCM_SMI,GPU_0,7861.8,219.0,100.0
1781835488.40,ROCM_SMI,GPU_0,7861.8,216.0,100.0
1781835490.59,ROCM_SMI,GPU_0,7861.8,221.0,100.0
1781835492.78,ROCM_SMI,GPU_0,7861.8,226.0,100.0
1781835494.98,ROCM_SMI,GPU_0,7861.8,222.0,100.0
1781835497.17,ROCM_SMI,GPU_0,7861.8,220.0,100.0
1781835499.37,ROCM_SMI,GPU_0,7861.8,217.0,100.0
1781835501.56,ROCM_SMI,GPU_0,7861.8,223.0,100.0
1781835503.76,ROCM_SMI,GPU_0,7861.8,218.0,100.0
1781835505.95,ROCM_SMI,GPU_0,7861.8,216.0,100.0
1781835508.14,ROCM_SMI,GPU_0,7861.8,219.0,100.0
1781835510.34,ROCM_SMI,GPU_0,7861.8,218.0,100.0
1781835512.53,ROCM_SMI,GPU_0,7861.8,217.0,100.0
1781835514.72,ROCM_SMI,GPU_0,7861.8,216.0,100.0
1781835516.92,ROCM_SMI,GPU_0,7861.8,220.0,82.0
1781835519.11,ROCM_SMI,GPU_0,7861.8,217.0,100.0
1781835521.30,ROCM_SMI,GPU_0,7861.8,221.0,100.0
1781835523.50,ROCM_SMI,GPU_0,7861.8,222.0,100.0
1781835525.69,ROCM_SMI,GPU_0,7861.8,220.0,100.0
1781835527.89,ROCM_SMI,GPU_0,7861.8,221.0,100.0
1781835530.09,ROCM_SMI,GPU_0,7861.8,222.0,100.0
1781835532.28,ROCM_SMI,GPU_0,7861.8,219.0,100.0
1781835534.47,ROCM_SMI,GPU_0,7861.8,216.0,100.0
1781835536.67,ROCM_SMI,GPU_0,7861.8,217.0,100.0
1781835538.86,ROCM_SMI,GPU_0,7861.8,216.0,100.0
1781835541.05,ROCM_SMI,GPU_0,7861.8,219.0,100.0
1781835543.25,ROCM_SMI,GPU_0,7861.8,216.0,100.0
1781835545.44,ROCM_SMI,GPU_0,7861.8,216.0,100.0
1781835547.63,ROCM_SMI,GPU_0,7861.8,218.0,100.0
1781835549.83,ROCM_SMI,GPU_0,7861.8,219.0,100.0
1781835552.02,ROCM_SMI,GPU_0,7861.8,222.0,100.0
1781835554.22,ROCM_SMI,GPU_0,7861.8,223.0,100.0
1781835556.42,ROCM_SMI,GPU_0,7861.8,225.0,100.0
1781835558.61,ROCM_SMI,GPU_0,7861.8,221.0,100.0
1781835560.80,ROCM_SMI,GPU_0,7861.8,221.0,100.0
1781835563.00,ROCM_SMI,GPU_0,7861.8,217.0,100.0
1781835565.19,ROCM_SMI,GPU_0,7861.8,217.0,100.0
1781835567.39,ROCM_SMI,GPU_0,7861.8,215.0,100.0
1781835569.58,ROCM_SMI,GPU_0,7861.8,212.0,100.0
1781835571.78,ROCM_SMI,GPU_0,7861.8,217.0,100.0
1781835573.97,ROCM_SMI,GPU_0,7861.8,218.0,100.0
1781835576.17,ROCM_SMI,GPU_0,7861.8,218.0,100.0
1781835578.36,ROCM_SMI,GPU_0,7861.8,216.0,100.0
1781835580.56,ROCM_SMI,GPU_0,7861.8,219.0,100.0
1781835582.76,ROCM_SMI,GPU_0,7861.8,217.0,86.0
1781835584.95,ROCM_SMI,GPU_0,7861.8,219.0,100.0
1781835587.14,ROCM_SMI,GPU_0,7861.8,219.0,100.0
1781835589.34,ROCM_SMI,GPU_0,7861.8,225.0,100.0
1781835591.53,ROCM_SMI,GPU_0,7861.8,218.0,100.0
1781835593.73,ROCM_SMI,GPU_0,7861.8,218.0,100.0
1781835595.93,ROCM_SMI,GPU_0,7861.8,223.0,100.0
1781835598.12,ROCM_SMI,GPU_0,7861.8,214.0,100.0
1781835600.32,ROCM_SMI,GPU_0,7861.8,219.0,100.0
1781835602.51,ROCM_SMI,GPU_0,7861.8,217.0,100.0
1781835604.71,ROCM_SMI,GPU_0,7861.8,224.0,100.0
1781835606.90,ROCM_SMI,GPU_0,7861.8,225.0,100.0
1781835609.09,ROCM_SMI,GPU_0,7861.8,219.0,100.0
1781835611.29,ROCM_SMI,GPU_0,7861.8,219.0,100.0
1781835613.48,ROCM_SMI,GPU_0,7861.8,218.0,100.0
1781835615.68,ROCM_SMI,GPU_0,7861.8,220.0,100.0
1781835617.87,ROCM_SMI,GPU_0,7861.8,219.0,100.0
1781835620.06,ROCM_SMI,GPU_0,7861.8,220.0,100.0
1781835622.26,ROCM_SMI,GPU_0,7861.8,220.0,100.0
1781835624.46,ROCM_SMI,GPU_0,7861.8,221.0,100.0
1781835626.65,ROCM_SMI,GPU_0,7861.8,219.0,100.0
1781835628.85,ROCM_SMI,GPU_0,7861.8,219.0,100.0
1781835631.04,ROCM_SMI,GPU_0,7861.8,217.0,100.0
1781835633.23,ROCM_SMI,GPU_0,7861.8,218.0,100.0
1781835635.43,ROCM_SMI,GPU_0,7861.8,218.0,100.0
1781835637.62,ROCM_SMI,GPU_0,7861.8,218.0,100.0
1781835639.81,ROCM_SMI,GPU_0,7861.8,217.0,100.0
1781835642.00,ROCM_SMI,GPU_0,7861.8,218.0,100.0
1781835644.20,ROCM_SMI,GPU_0,7861.8,217.0,100.0
1781835646.39,ROCM_SMI,GPU_0,7861.8,220.0,86.0
1781835648.58,ROCM_SMI,GPU_0,7861.8,222.0,100.0
1781835650.78,ROCM_SMI,GPU_0,7861.8,221.0,100.0
1781835652.97,ROCM_SMI,GPU_0,7861.8,224.0,100.0
1781835655.16,ROCM_SMI,GPU_0,7861.8,222.0,100.0
1781835657.36,ROCM_SMI,GPU_0,7861.8,219.0,100.0
1781835659.55,ROCM_SMI,GPU_0,7861.8,217.0,100.0
1781835661.74,ROCM_SMI,GPU_0,7861.8,216.0,100.0
1781835663.94,ROCM_SMI,GPU_0,7861.8,214.0,100.0
1781835666.13,ROCM_SMI,GPU_0,7861.8,216.0,100.0
1781835668.32,ROCM_SMI,GPU_0,7861.8,220.0,100.0
1781835670.52,ROCM_SMI,GPU_0,7861.8,216.0,100.0
1781835672.71,ROCM_SMI,GPU_0,7861.8,216.0,100.0
1781835674.91,ROCM_SMI,GPU_0,7861.8,222.0,100.0
1781835677.10,ROCM_SMI,GPU_0,7861.8,223.0,100.0
1781835679.29,ROCM_SMI,GPU_0,7861.8,219.0,100.0
1781835681.49,ROCM_SMI,GPU_0,7861.8,219.0,100.0
1781835683.68,ROCM_SMI,GPU_0,7861.8,219.0,100.0
1781835685.87,ROCM_SMI,GPU_0,7861.8,219.0,100.0
1781835688.07,ROCM_SMI,GPU_0,7861.8,222.0,100.0
1781835690.27,ROCM_SMI,GPU_0,7861.8,222.0,100.0
1781835692.47,ROCM_SMI,GPU_0,7861.8,219.0,100.0
1781835694.66,ROCM_SMI,GPU_0,7861.8,214.0,100.0
1781835696.85,ROCM_SMI,GPU_0,7861.8,214.0,100.0
1781835699.05,ROCM_SMI,GPU_0,7861.8,215.0,100.0
1781835701.24,ROCM_SMI,GPU_0,7861.8,218.0,100.0
1781835703.45,ROCM_SMI,GPU_0,7861.8,225.0,100.0
1781835705.65,ROCM_SMI,GPU_0,7861.8,218.0,100.0
1781835707.84,ROCM_SMI,GPU_0,7861.8,216.0,100.0
1781835710.03,ROCM_SMI,GPU_0,7861.8,219.0,100.0
1781835712.23,ROCM_SMI,GPU_0,7861.8,217.0,100.0
1781835714.42,ROCM_SMI,GPU_0,7861.8,223.0,100.0
1781835716.62,ROCM_SMI,GPU_0,7861.8,227.0,100.0
1781835718.81,ROCM_SMI,GPU_0,7861.8,221.0,100.0
1781835721.01,ROCM_SMI,GPU_0,7861.8,223.0,100.0
1781835723.20,ROCM_SMI,GPU_0,7861.8,220.0,100.0
1781835725.40,ROCM_SMI,GPU_0,7861.8,214.0,100.0
1781835727.59,ROCM_SMI,GPU_0,7861.8,218.0,100.0
1781835729.79,ROCM_SMI,GPU_0,7861.8,224.0,100.0
1781835731.98,ROCM_SMI,GPU_0,7861.8,215.0,100.0
1781835734.17,ROCM_SMI,GPU_0,7861.8,218.0,100.0
1781835736.37,ROCM_SMI,GPU_0,7861.8,220.0,100.0
1781835738.56,ROCM_SMI,GPU_0,7861.8,219.0,100.0
1781835740.75,ROCM_SMI,GPU_0,7861.8,216.0,100.0
1781835742.95,ROCM_SMI,GPU_0,7861.8,215.0,100.0
1781835745.14,ROCM_SMI,GPU_0,7861.8,220.0,100.0
1781835747.33,ROCM_SMI,GPU_0,7861.8,220.0,100.0
1781835749.53,ROCM_SMI,GPU_0,7861.8,221.0,100.0
1781835751.72,ROCM_SMI,GPU_0,7861.8,218.0,100.0
1781835753.92,ROCM_SMI,GPU_0,7861.8,220.0,100.0
1781835756.11,ROCM_SMI,GPU_0,7861.8,226.0,100.0
1781835758.30,ROCM_SMI,GPU_0,7861.8,222.0,100.0
1781835760.50,ROCM_SMI,GPU_0,7861.8,217.0,100.0
1781835762.69,ROCM_SMI,GPU_0,7861.8,214.0,100.0
1781835764.88,ROCM_SMI,GPU_0,7861.8,221.0,100.0
1781835767.08,ROCM_SMI,GPU_0,7861.8,217.0,100.0
1781835769.27,ROCM_SMI,GPU_0,7861.8,215.0,100.0
1781835771.47,ROCM_SMI,GPU_0,7861.8,219.0,100.0
1781835773.66,ROCM_SMI,GPU_0,7861.8,219.0,80.0
1781835775.86,ROCM_SMI,GPU_0,7861.8,220.0,100.0
1781835778.05,ROCM_SMI,GPU_0,7861.8,221.0,100.0
1781835780.24,ROCM_SMI,GPU_0,7861.8,222.0,100.0
1781835782.44,ROCM_SMI,GPU_0,7861.8,226.0,100.0
1781835784.63,ROCM_SMI,GPU_0,7861.8,218.0,100.0
1781835786.83,ROCM_SMI,GPU_0,7861.8,217.0,100.0
1781835789.02,ROCM_SMI,GPU_0,7861.8,216.0,100.0
1781835791.22,ROCM_SMI,GPU_0,7861.8,217.0,100.0
1781835793.41,ROCM_SMI,GPU_0,7861.8,216.0,100.0
1781835795.60,ROCM_SMI,GPU_0,7861.8,219.0,100.0
1781835797.80,ROCM_SMI,GPU_0,7861.8,220.0,100.0
1781835800.00,ROCM_SMI,GPU_0,7861.8,218.0,100.0
1781835802.19,ROCM_SMI,GPU_0,7861.8,218.0,100.0
1781835804.38,ROCM_SMI,GPU_0,7861.8,214.0,100.0
1781835806.58,ROCM_SMI,GPU_0,7861.8,217.0,100.0
1781835808.77,ROCM_SMI,GPU_0,7861.8,222.0,100.0
1781835810.97,ROCM_SMI,GPU_0,7861.8,223.0,100.0
1781835813.16,ROCM_SMI,GPU_0,7861.8,222.0,100.0
1781835815.36,ROCM_SMI,GPU_0,7861.8,219.0,100.0
1781835817.55,ROCM_SMI,GPU_0,7861.8,217.0,100.0
1781835819.75,ROCM_SMI,GPU_0,7861.8,218.0,100.0
1781835821.94,ROCM_SMI,GPU_0,7861.8,220.0,100.0
1781835824.15,ROCM_SMI,GPU_0,7861.8,221.0,100.0
1781835826.35,ROCM_SMI,GPU_0,7861.8,223.0,100.0
1781835828.54,ROCM_SMI,GPU_0,7861.8,219.0,100.0
1781835830.73,ROCM_SMI,GPU_0,7861.8,218.0,100.0
1781835832.92,ROCM_SMI,GPU_0,7861.8,218.0,100.0
1781835835.12,ROCM_SMI,GPU_0,7861.8,216.0,100.0
1781835837.32,ROCM_SMI,GPU_0,7861.8,218.0,100.0
1781835839.51,ROCM_SMI,GPU_0,7861.8,216.0,100.0
1781835841.70,ROCM_SMI,GPU_0,7861.8,216.0,100.0
1781835843.90,ROCM_SMI,GPU_0,7861.8,220.0,100.0
1781835846.09,ROCM_SMI,GPU_0,7861.8,223.0,100.0
1781835848.29,ROCM_SMI,GPU_0,7861.8,219.0,100.0
1781835850.48,ROCM_SMI,GPU_0,7861.8,218.0,100.0
1781835852.68,ROCM_SMI,GPU_0,7861.8,221.0,100.0
1781835854.87,ROCM_SMI,GPU_0,7861.8,220.0,100.0
1781835857.07,ROCM_SMI,GPU_0,7861.8,218.0,100.0
1781835859.26,ROCM_SMI,GPU_0,7861.8,221.0,100.0
1781835861.46,ROCM_SMI,GPU_0,7861.8,222.0,100.0
1781835863.65,ROCM_SMI,GPU_0,7861.8,215.0,100.0
1781835865.84,ROCM_SMI,GPU_0,7861.8,217.0,100.0
1781835868.04,ROCM_SMI,GPU_0,7861.8,217.0,100.0
1781835870.23,ROCM_SMI,GPU_0,7861.8,218.0,100.0
1781835872.42,ROCM_SMI,GPU_0,7861.8,216.0,100.0
1781835874.62,ROCM_SMI,GPU_0,7861.8,217.0,100.0
1781835876.81,ROCM_SMI,GPU_0,7861.8,216.0,100.0
1781835879.01,ROCM_SMI,GPU_0,7861.8,219.0,100.0
1781835881.20,ROCM_SMI,GPU_0,7861.8,222.0,100.0
1781835883.40,ROCM_SMI,GPU_0,7861.8,219.0,100.0
1781835885.59,ROCM_SMI,GPU_0,7861.8,220.0,100.0
1781835887.79,ROCM_SMI,GPU_0,7861.8,220.0,100.0
1781835889.98,ROCM_SMI,GPU_0,7861.8,218.0,100.0
1781835892.18,ROCM_SMI,GPU_0,7861.8,217.0,100.0
1781835894.37,ROCM_SMI,GPU_0,7861.8,215.0,100.0
1781835896.56,ROCM_SMI,GPU_0,7861.8,218.0,100.0
1781835898.75,ROCM_SMI,GPU_0,7861.8,219.0,100.0
1781835900.95,ROCM_SMI,GPU_0,7861.8,218.0,100.0
1781835903.14,ROCM_SMI,GPU_0,7861.8,215.0,100.0
1781835905.33,ROCM_SMI,GPU_0,7861.8,219.0,100.0
1781835907.53,ROCM_SMI,GPU_0,7861.8,217.0,100.0
1781835909.72,ROCM_SMI,GPU_0,7861.8,219.0,100.0
1781835911.92,ROCM_SMI,GPU_0,7861.8,216.0,100.0
1781835914.11,ROCM_SMI,GPU_0,7861.8,219.0,100.0
1781835916.31,ROCM_SMI,GPU_0,7861.8,217.0,100.0
1781835918.50,ROCM_SMI,GPU_0,7861.8,217.0,100.0
1781835920.70,ROCM_SMI,GPU_0,7861.8,217.0,100.0
1781835922.89,ROCM_SMI,GPU_0,7861.8,218.0,100.0
1781835925.09,ROCM_SMI,GPU_0,7861.8,217.0,100.0
1781835927.28,ROCM_SMI,GPU_0,7861.8,217.0,100.0
1781835929.47,ROCM_SMI,GPU_0,7861.8,222.0,100.0
1781835931.67,ROCM_SMI,GPU_0,7861.8,221.0,100.0
1781835933.86,ROCM_SMI,GPU_0,7861.8,217.0,100.0
1781835936.06,ROCM_SMI,GPU_0,7861.8,218.0,100.0
1781835938.25,ROCM_SMI,GPU_0,7861.8,221.0,100.0
1781835940.45,ROCM_SMI,GPU_0,7861.8,222.0,100.0
1781835942.64,ROCM_SMI,GPU_0,7861.8,220.0,100.0
1781835944.84,ROCM_SMI,GPU_0,7861.8,221.0,100.0
1781835947.04,ROCM_SMI,GPU_0,7861.8,221.0,100.0
1781835949.23,ROCM_SMI,GPU_0,7861.8,222.0,100.0
1781835951.43,ROCM_SMI,GPU_0,7861.8,217.0,100.0
1781835953.62,ROCM_SMI,GPU_0,7861.8,216.0,100.0
1781835955.82,ROCM_SMI,GPU_0,7861.8,214.0,100.0
1781835958.02,ROCM_SMI,GPU_0,7861.8,204.0,100.0
1781835960.21,ROCM_SMI,GPU_0,7861.8,219.0,100.0
1781835962.41,ROCM_SMI,GPU_0,7861.8,216.0,100.0
1781835964.60,ROCM_SMI,GPU_0,7861.8,217.0,100.0
1781835966.79,ROCM_SMI,GPU_0,7861.8,218.0,100.0
1781835968.99,ROCM_SMI,GPU_0,7861.8,216.0,100.0
1781835971.19,ROCM_SMI,GPU_0,7861.8,223.0,100.0
1781835973.38,ROCM_SMI,GPU_0,7861.8,218.0,100.0
1781835975.58,ROCM_SMI,GPU_0,7861.8,222.0,100.0
1781835977.77,ROCM_SMI,GPU_0,7861.8,222.0,100.0
1781835979.97,ROCM_SMI,GPU_0,7861.8,221.0,100.0
1781835982.16,ROCM_SMI,GPU_0,7861.8,223.0,100.0
1781835984.36,ROCM_SMI,GPU_0,7861.8,221.0,100.0
1781835986.55,ROCM_SMI,GPU_0,7861.8,217.0,100.0
1781835988.75,ROCM_SMI,GPU_0,7861.8,216.0,100.0
1781835990.94,ROCM_SMI,GPU_0,7861.8,217.0,100.0
1781835993.14,ROCM_SMI,GPU_0,7861.8,218.0,100.0
1781835995.33,ROCM_SMI,GPU_0,7861.8,217.0,100.0
1781835997.53,ROCM_SMI,GPU_0,7861.8,216.0,100.0
1781835999.72,ROCM_SMI,GPU_0,7861.8,220.0,100.0
1781836001.92,ROCM_SMI,GPU_0,7861.8,219.0,100.0
1781836004.11,ROCM_SMI,GPU_0,7861.8,219.0,100.0
1781836006.30,ROCM_SMI,GPU_0,7861.8,221.0,100.0
1781836008.49,ROCM_SMI,GPU_0,7861.8,221.0,100.0
1781836010.69,ROCM_SMI,GPU_0,7861.8,220.0,100.0
1781836012.88,ROCM_SMI,GPU_0,7861.8,219.0,100.0
1781836015.08,ROCM_SMI,GPU_0,7861.8,221.0,100.0
1781836017.27,ROCM_SMI,GPU_0,7861.8,220.0,100.0
1781836019.46,ROCM_SMI,GPU_0,7861.8,216.0,100.0
1781836021.66,ROCM_SMI,GPU_0,7861.8,214.0,100.0
1781836023.85,ROCM_SMI,GPU_0,7861.8,214.0,100.0
1781836026.05,ROCM_SMI,GPU_0,7861.8,215.0,100.0
1781836028.24,ROCM_SMI,GPU_0,7861.8,219.0,100.0
1781836030.43,ROCM_SMI,GPU_0,7861.8,215.0,100.0
1781836032.63,ROCM_SMI,GPU_0,7861.8,215.0,100.0
1781836034.82,ROCM_SMI,GPU_0,7861.8,221.0,100.0
1781836037.02,ROCM_SMI,GPU_0,7861.8,222.0,100.0
1781836039.21,ROCM_SMI,GPU_0,7861.8,219.0,100.0
1781836041.41,ROCM_SMI,GPU_0,7861.8,218.0,100.0
1781836043.60,ROCM_SMI,GPU_0,7861.8,218.0,100.0
1781836045.80,ROCM_SMI,GPU_0,7861.8,219.0,100.0
1781836047.99,ROCM_SMI,GPU_0,7861.8,219.0,100.0
1781836050.18,ROCM_SMI,GPU_0,7861.8,219.0,100.0
1781836052.38,ROCM_SMI,GPU_0,7861.8,222.0,100.0
1781836054.57,ROCM_SMI,GPU_0,7861.8,218.0,100.0
1781836056.77,ROCM_SMI,GPU_0,7861.8,219.0,100.0
1781836058.96,ROCM_SMI,GPU_0,7861.8,214.0,100.0
1781836061.15,ROCM_SMI,GPU_0,7861.8,214.0,100.0
1781836063.35,ROCM_SMI,GPU_0,7861.8,219.0,100.0
1781836065.55,ROCM_SMI,GPU_0,7861.8,216.0,77.0
1781836067.74,ROCM_SMI,GPU_0,7861.8,219.0,100.0
1781836069.93,ROCM_SMI,GPU_0,7861.8,222.0,100.0
1781836072.12,ROCM_SMI,GPU_0,7861.8,218.0,100.0
1781836074.32,ROCM_SMI,GPU_0,7861.8,220.0,100.0
1781836076.51,ROCM_SMI,GPU_0,7861.8,220.0,100.0
1781836078.71,ROCM_SMI,GPU_0,7861.8,227.0,100.0
1781836080.91,ROCM_SMI,GPU_0,7861.8,222.0,100.0
1781836083.10,ROCM_SMI,GPU_0,7861.8,220.0,100.0
1781836085.29,ROCM_SMI,GPU_0,7861.8,219.0,100.0
1781836087.49,ROCM_SMI,GPU_0,7861.8,218.0,100.0
1781836089.68,ROCM_SMI,GPU_0,7861.8,218.0,100.0
1781836091.88,ROCM_SMI,GPU_0,7861.8,227.0,100.0
1781836094.07,ROCM_SMI,GPU_0,7861.8,213.0,100.0
1781836096.27,ROCM_SMI,GPU_0,7861.8,218.0,100.0
1781836098.46,ROCM_SMI,GPU_0,7861.8,217.0,100.0
1781836100.65,ROCM_SMI,GPU_0,7861.8,218.0,100.0
1781836102.85,ROCM_SMI,GPU_0,7861.8,219.0,100.0
1781836105.04,ROCM_SMI,GPU_0,7861.8,228.0,100.0
1781836107.24,ROCM_SMI,GPU_0,7861.8,215.0,100.0
1781836109.43,ROCM_SMI,GPU_0,7861.8,219.0,100.0
1781836111.62,ROCM_SMI,GPU_0,7861.8,220.0,100.0
1781836113.82,ROCM_SMI,GPU_0,7861.8,221.0,100.0
1781836116.01,ROCM_SMI,GPU_0,7861.8,224.0,100.0
1781836118.21,ROCM_SMI,GPU_0,7861.8,218.0,100.0
1781836120.40,ROCM_SMI,GPU_0,7861.8,215.0,100.0
1781836122.59,ROCM_SMI,GPU_0,7861.8,216.0,100.0
1781836124.79,ROCM_SMI,GPU_0,7861.8,212.0,100.0
1781836126.98,ROCM_SMI,GPU_0,7861.8,218.0,100.0
1781836129.18,ROCM_SMI,GPU_0,7861.8,214.0,100.0
1781836131.37,ROCM_SMI,GPU_0,7861.8,216.0,100.0
1781836133.56,ROCM_SMI,GPU_0,7861.8,221.0,100.0
1781836135.75,ROCM_SMI,GPU_0,7861.8,222.0,100.0
1781836137.95,ROCM_SMI,GPU_0,7861.8,219.0,100.0
1781836140.14,ROCM_SMI,GPU_0,7861.8,217.0,100.0
1781836142.34,ROCM_SMI,GPU_0,7861.8,216.0,100.0
1781836144.53,ROCM_SMI,GPU_0,7861.8,213.0,100.0
1781836146.72,ROCM_SMI,GPU_0,7861.8,218.0,100.0
1781836148.92,ROCM_SMI,GPU_0,7861.8,217.0,100.0
1781836151.11,ROCM_SMI,GPU_0,7861.8,220.0,100.0
1781836153.31,ROCM_SMI,GPU_0,7861.8,218.0,100.0
1781836155.50,ROCM_SMI,GPU_0,7861.8,217.0,100.0
1781836157.69,ROCM_SMI,GPU_0,7861.8,217.0,100.0
1781836159.89,ROCM_SMI,GPU_0,7861.8,218.0,100.0
1781836162.08,ROCM_SMI,GPU_0,7861.8,220.0,100.0
1781836164.28,ROCM_SMI,GPU_0,7861.8,224.0,100.0
1781836166.47,ROCM_SMI,GPU_0,7861.8,220.0,100.0
1781836168.66,ROCM_SMI,GPU_0,7861.8,217.0,100.0
1781836170.86,ROCM_SMI,GPU_0,7861.8,218.0,100.0
1781836173.05,ROCM_SMI,GPU_0,7861.8,214.0,100.0
1781836175.25,ROCM_SMI,GPU_0,7861.8,217.0,100.0
1781836177.44,ROCM_SMI,GPU_0,7861.8,218.0,100.0
1781836179.63,ROCM_SMI,GPU_0,7861.8,217.0,100.0
1781836181.82,ROCM_SMI,GPU_0,7861.8,220.0,100.0
1781836184.02,ROCM_SMI,GPU_0,7861.8,219.0,100.0
1781836186.21,ROCM_SMI,GPU_0,7861.8,217.0,100.0
1781836188.41,ROCM_SMI,GPU_0,7861.8,216.0,100.0
1781836190.60,ROCM_SMI,GPU_0,7861.8,217.0,100.0
1781836192.80,ROCM_SMI,GPU_0,7861.8,221.0,100.0
1781836194.99,ROCM_SMI,GPU_0,7861.8,222.0,100.0
1781836197.19,ROCM_SMI,GPU_0,7861.8,223.0,100.0
1781836199.39,ROCM_SMI,GPU_0,7861.8,218.0,100.0
1781836201.58,ROCM_SMI,GPU_0,7861.8,217.0,100.0
1781836203.77,ROCM_SMI,GPU_0,7861.8,218.0,100.0
1781836205.97,ROCM_SMI,GPU_0,7861.8,216.0,100.0
1781836208.16,ROCM_SMI,GPU_0,7861.8,215.0,100.0
1781836210.35,ROCM_SMI,GPU_0,7861.8,217.0,100.0
1781836212.55,ROCM_SMI,GPU_0,7861.8,198.0,100.0
1781836214.75,ROCM_SMI,GPU_0,7861.8,218.0,100.0
1781836216.94,ROCM_SMI,GPU_0,7861.8,218.0,100.0
1781836219.13,ROCM_SMI,GPU_0,7861.8,221.0,100.0
1781836221.33,ROCM_SMI,GPU_0,7861.8,216.0,100.0
1781836223.52,ROCM_SMI,GPU_0,7861.8,222.0,100.0
1781836225.72,ROCM_SMI,GPU_0,7861.8,208.0,100.0
1781836227.91,ROCM_SMI,GPU_0,7861.8,221.0,100.0
1781836230.11,ROCM_SMI,GPU_0,7861.8,219.0,100.0
1781836232.30,ROCM_SMI,GPU_0,7861.8,222.0,100.0
1781836234.49,ROCM_SMI,GPU_0,7861.8,217.0,100.0
1781836236.69,ROCM_SMI,GPU_0,7861.8,218.0,100.0
1781836238.88,ROCM_SMI,GPU_0,7861.8,219.0,100.0
1781836241.08,ROCM_SMI,GPU_0,7861.8,214.0,100.0
1781836243.27,ROCM_SMI,GPU_0,7861.8,218.0,100.0
1781836245.47,ROCM_SMI,GPU_0,7861.8,218.0,100.0
1781836247.66,ROCM_SMI,GPU_0,7861.8,215.0,100.0
1781836249.85,ROCM_SMI,GPU_0,7861.8,218.0,100.0
1781836252.05,ROCM_SMI,GPU_0,7861.8,215.0,100.0
1781836254.24,ROCM_SMI,GPU_0,7861.8,221.0,89.0
1781836256.43,ROCM_SMI,GPU_0,7861.8,219.0,100.0
1781836258.63,ROCM_SMI,GPU_0,7861.8,220.0,100.0
1781836260.82,ROCM_SMI,GPU_0,7861.8,222.0,100.0
1781836263.02,ROCM_SMI,GPU_0,7861.8,222.0,100.0
1781836265.21,ROCM_SMI,GPU_0,7861.8,218.0,100.0
1781836267.41,ROCM_SMI,GPU_0,7861.8,218.0,100.0
1781836269.61,ROCM_SMI,GPU_0,7861.8,215.0,100.0
1781836271.80,ROCM_SMI,GPU_0,7861.8,218.0,100.0
1781836273.99,ROCM_SMI,GPU_0,7861.8,218.0,100.0
1781836276.18,ROCM_SMI,GPU_0,7861.8,217.0,100.0
1781836278.38,ROCM_SMI,GPU_0,7861.8,222.0,100.0
1781836280.57,ROCM_SMI,GPU_0,7861.8,222.0,100.0
1781836282.76,ROCM_SMI,GPU_0,7861.8,216.0,100.0
1781836284.96,ROCM_SMI,GPU_0,7861.8,218.0,88.0
1781836287.15,ROCM_SMI,GPU_0,7861.8,220.0,100.0
1781836289.35,ROCM_SMI,GPU_0,7861.8,222.0,100.0
1781836291.54,ROCM_SMI,GPU_0,7861.8,220.0,100.0
1781836293.74,ROCM_SMI,GPU_0,7861.8,225.0,100.0
1781836295.93,ROCM_SMI,GPU_0,7861.8,219.0,100.0
1781836298.12,ROCM_SMI,GPU_0,7861.8,219.0,100.0
1781836300.32,ROCM_SMI,GPU_0,7861.8,216.0,100.0
1781836302.51,ROCM_SMI,GPU_0,7861.8,217.0,100.0
1781836304.71,ROCM_SMI,GPU_0,7861.8,217.0,100.0
1781836306.90,ROCM_SMI,GPU_0,7861.8,219.0,100.0
1781836309.10,ROCM_SMI,GPU_0,7861.8,217.0,100.0
1781836311.29,ROCM_SMI,GPU_0,7861.8,220.0,100.0
1781836313.48,ROCM_SMI,GPU_0,7861.8,218.0,100.0
1781836315.68,ROCM_SMI,GPU_0,7861.8,216.0,100.0
1781836317.87,ROCM_SMI,GPU_0,7861.8,219.0,100.0
1781836320.07,ROCM_SMI,GPU_0,7861.8,222.0,100.0
1781836322.26,ROCM_SMI,GPU_0,7861.8,222.0,100.0
1781836324.45,ROCM_SMI,GPU_0,7861.8,221.0,100.0
1781836326.65,ROCM_SMI,GPU_0,7861.8,223.0,100.0
1781836328.84,ROCM_SMI,GPU_0,7861.8,221.0,100.0
1781836331.04,ROCM_SMI,GPU_0,7861.8,215.0,100.0
1781836333.24,ROCM_SMI,GPU_0,7861.8,217.0,100.0
1781836335.43,ROCM_SMI,GPU_0,7861.8,217.0,100.0
1781836337.63,ROCM_SMI,GPU_0,7861.8,215.0,100.0
1781836339.82,ROCM_SMI,GPU_0,7861.8,219.0,100.0
1781836342.02,ROCM_SMI,GPU_0,7861.8,220.0,100.0
1781836344.21,ROCM_SMI,GPU_0,7861.8,216.0,100.0
1781836346.41,ROCM_SMI,GPU_0,7861.8,231.0,100.0
1781836348.61,ROCM_SMI,GPU_0,7861.8,214.0,100.0
1781836350.80,ROCM_SMI,GPU_0,7861.8,217.0,78.0
1781836352.99,ROCM_SMI,GPU_0,7861.8,217.0,100.0
1781836355.19,ROCM_SMI,GPU_0,7861.8,220.0,100.0
1781836357.38,ROCM_SMI,GPU_0,7861.8,223.0,100.0
1781836359.58,ROCM_SMI,GPU_0,7861.8,225.0,100.0
1781836361.77,ROCM_SMI,GPU_0,7861.8,217.0,100.0
1781836363.97,ROCM_SMI,GPU_0,7861.8,217.0,100.0
1781836366.16,ROCM_SMI,GPU_0,7861.8,216.0,100.0
1781836368.36,ROCM_SMI,GPU_0,7861.8,217.0,100.0
1781836370.55,ROCM_SMI,GPU_0,7861.8,217.0,100.0
1781836372.75,ROCM_SMI,GPU_0,7861.8,223.0,100.0
1781836374.94,ROCM_SMI,GPU_0,7861.8,219.0,100.0
1781836377.14,ROCM_SMI,GPU_0,7861.8,219.0,100.0
1781836379.33,ROCM_SMI,GPU_0,7861.8,218.0,100.0
1781836381.52,ROCM_SMI,GPU_0,7861.8,215.0,100.0
1781836383.72,ROCM_SMI,GPU_0,7861.8,216.0,81.0
1781836385.91,ROCM_SMI,GPU_0,7861.8,224.0,100.0
1781836388.10,ROCM_SMI,GPU_0,7861.8,217.0,100.0
1781836390.30,ROCM_SMI,GPU_0,7861.8,221.0,100.0
1781836392.49,ROCM_SMI,GPU_0,7861.8,219.0,100.0
1781836394.69,ROCM_SMI,GPU_0,7861.8,220.0,100.0
1781836396.88,ROCM_SMI,GPU_0,7861.8,219.0,100.0
1781836399.08,ROCM_SMI,GPU_0,7861.8,218.0,100.0
1781836401.27,ROCM_SMI,GPU_0,7861.8,221.0,100.0
1781836403.47,ROCM_SMI,GPU_0,7861.8,219.0,100.0
1781836405.66,ROCM_SMI,GPU_0,7861.8,218.0,100.0
1781836407.85,ROCM_SMI,GPU_0,7861.8,220.0,100.0
1781836410.05,ROCM_SMI,GPU_0,7861.8,215.0,100.0
1781836412.24,ROCM_SMI,GPU_0,7861.8,220.0,100.0
1781836414.44,ROCM_SMI,GPU_0,7861.8,216.0,100.0
1781836416.63,ROCM_SMI,GPU_0,7861.8,220.0,100.0
1781836418.82,ROCM_SMI,GPU_0,7861.8,218.0,100.0
1781836421.02,ROCM_SMI,GPU_0,7861.8,219.0,100.0
1781836423.21,ROCM_SMI,GPU_0,7861.8,220.0,100.0
1781836425.41,ROCM_SMI,GPU_0,7861.8,221.0,100.0
1781836427.60,ROCM_SMI,GPU_0,7861.8,218.0,100.0
1781836429.79,ROCM_SMI,GPU_0,7861.8,220.0,100.0
1781836431.99,ROCM_SMI,GPU_0,7861.8,220.0,100.0
1781836434.18,ROCM_SMI,GPU_0,7861.8,220.0,100.0
1781836436.38,ROCM_SMI,GPU_0,7861.8,215.0,100.0
1781836438.57,ROCM_SMI,GPU_0,7861.8,218.0,100.0
1781836440.77,ROCM_SMI,GPU_0,7861.8,215.0,100.0
1781836442.96,ROCM_SMI,GPU_0,7861.8,220.0,100.0
1781836445.15,ROCM_SMI,GPU_0,7861.8,217.0,100.0
1781836447.35,ROCM_SMI,GPU_0,7861.8,214.0,98.0
1781836449.54,ROCM_SMI,GPU_0,7861.8,220.0,100.0
1781836451.73,ROCM_SMI,GPU_0,7861.8,220.0,100.0
1781836453.93,ROCM_SMI,GPU_0,7861.8,221.0,100.0
1781836456.13,ROCM_SMI,GPU_0,7861.8,219.0,100.0
1781836458.32,ROCM_SMI,GPU_0,7861.8,219.0,100.0
1781836460.52,ROCM_SMI,GPU_0,7861.8,219.0,100.0
1781836462.71,ROCM_SMI,GPU_0,7861.8,219.0,100.0
1781836464.90,ROCM_SMI,GPU_0,7861.8,216.0,100.0
1781836467.10,ROCM_SMI,GPU_0,7861.8,216.0,100.0
1781836469.30,ROCM_SMI,GPU_0,7861.8,223.0,100.0
1781836471.49,ROCM_SMI,GPU_0,7861.8,219.0,100.0
1781836473.69,ROCM_SMI,GPU_0,7861.8,220.0,100.0
1781836475.88,ROCM_SMI,GPU_0,7861.8,218.0,100.0
1781836478.07,ROCM_SMI,GPU_0,7861.8,213.0,100.0
1781836480.27,ROCM_SMI,GPU_0,7861.8,211.0,100.0
1781836482.46,ROCM_SMI,GPU_0,7861.8,222.0,100.0
1781836484.66,ROCM_SMI,GPU_0,7861.8,223.0,100.0
1781836486.85,ROCM_SMI,GPU_0,7861.8,219.0,100.0
1781836489.05,ROCM_SMI,GPU_0,7861.8,217.0,100.0
1781836491.24,ROCM_SMI,GPU_0,7861.8,219.0,100.0
1781836493.44,ROCM_SMI,GPU_0,7861.8,217.0,100.0
1781836495.63,ROCM_SMI,GPU_0,7861.8,216.0,100.0
1781836497.83,ROCM_SMI,GPU_0,7861.8,217.0,100.0
1781836500.02,ROCM_SMI,GPU_0,7861.8,217.0,100.0
1781836502.22,ROCM_SMI,GPU_0,7861.8,220.0,100.0
1781836504.41,ROCM_SMI,GPU_0,7861.8,220.0,100.0
1781836506.61,ROCM_SMI,GPU_0,7861.8,222.0,100.0
1781836508.80,ROCM_SMI,GPU_0,7861.8,219.0,100.0
1781836510.99,ROCM_SMI,GPU_0,7861.8,219.0,100.0
1781836513.19,ROCM_SMI,GPU_0,7861.8,222.0,100.0
1781836515.38,ROCM_SMI,GPU_0,7861.8,218.0,100.0
1781836517.57,ROCM_SMI,GPU_0,7861.8,219.0,100.0
1781836519.77,ROCM_SMI,GPU_0,7861.8,220.0,100.0
1781836521.96,ROCM_SMI,GPU_0,7861.8,221.0,100.0
1781836524.16,ROCM_SMI,GPU_0,7861.8,218.0,100.0
1781836526.35,ROCM_SMI,GPU_0,7861.8,217.0,100.0
1781836528.54,ROCM_SMI,GPU_0,7861.8,215.0,100.0
1781836530.74,ROCM_SMI,GPU_0,7861.8,213.0,100.0
1781836532.93,ROCM_SMI,GPU_0,7861.8,216.0,100.0
1781836535.13,ROCM_SMI,GPU_0,7861.8,220.0,100.0
1781836537.32,ROCM_SMI,GPU_0,7861.8,213.0,100.0
1781836539.51,ROCM_SMI,GPU_0,7861.8,218.0,100.0
1781836541.71,ROCM_SMI,GPU_0,7861.8,220.0,100.0
1781836543.90,ROCM_SMI,GPU_0,7861.8,221.0,100.0
1781836546.09,ROCM_SMI,GPU_0,7861.8,219.0,100.0
1781836548.29,ROCM_SMI,GPU_0,7861.8,221.0,100.0
1781836550.48,ROCM_SMI,GPU_0,7861.8,221.0,100.0
1781836552.68,ROCM_SMI,GPU_0,7861.8,222.0,100.0
1781836554.87,ROCM_SMI,GPU_0,7861.8,219.0,100.0
1781836557.06,ROCM_SMI,GPU_0,7861.8,216.0,100.0
1781836559.26,ROCM_SMI,GPU_0,7861.8,217.0,100.0
1781836561.46,ROCM_SMI,GPU_0,7861.8,214.0,100.0
1781836563.65,ROCM_SMI,GPU_0,7861.8,219.0,100.0
1781836565.84,ROCM_SMI,GPU_0,7861.8,216.0,100.0
1781836568.03,ROCM_SMI,GPU_0,7861.8,215.0,100.0
1781836570.23,ROCM_SMI,GPU_0,7861.8,216.0,100.0
1781836572.42,ROCM_SMI,GPU_0,7861.8,220.0,100.0
1781836574.62,ROCM_SMI,GPU_0,7861.8,216.0,100.0
1781836576.81,ROCM_SMI,GPU_0,7861.8,221.0,100.0
1781836579.01,ROCM_SMI,GPU_0,7861.8,224.0,100.0
1781836581.20,ROCM_SMI,GPU_0,7861.8,221.0,100.0
1781836583.39,ROCM_SMI,GPU_0,7861.8,221.0,100.0
1781836585.59,ROCM_SMI,GPU_0,7861.8,221.0,100.0
1781836587.79,ROCM_SMI,GPU_0,7861.8,239.0,100.0
1781836589.98,ROCM_SMI,GPU_0,7861.8,216.0,100.0
1781836592.18,ROCM_SMI,GPU_0,7861.8,214.0,100.0
1781836594.37,ROCM_SMI,GPU_0,7861.8,216.0,100.0
1781836596.56,ROCM_SMI,GPU_0,7861.8,218.0,100.0
1781836598.76,ROCM_SMI,GPU_0,7861.8,217.0,100.0
1781836600.96,ROCM_SMI,GPU_0,7861.8,226.0,100.0
1781836603.15,ROCM_SMI,GPU_0,7861.8,220.0,100.0
1781836605.35,ROCM_SMI,GPU_0,7861.8,218.0,100.0
1781836607.54,ROCM_SMI,GPU_0,7861.8,221.0,100.0
1781836609.73,ROCM_SMI,GPU_0,7861.8,220.0,100.0
1781836611.93,ROCM_SMI,GPU_0,7861.8,220.0,100.0
1781836614.12,ROCM_SMI,GPU_0,7861.8,225.0,100.0
1781836616.31,ROCM_SMI,GPU_0,7861.8,218.0,100.0
1781836618.51,ROCM_SMI,GPU_0,7861.8,218.0,100.0
1781836620.70,ROCM_SMI,GPU_0,7861.8,215.0,100.0
1781836622.89,ROCM_SMI,GPU_0,7861.8,218.0,100.0
1781836625.09,ROCM_SMI,GPU_0,7861.8,219.0,100.0
1781836627.28,ROCM_SMI,GPU_0,7861.8,222.0,100.0
1781836629.48,ROCM_SMI,GPU_0,7861.8,222.0,100.0
1781836631.67,ROCM_SMI,GPU_0,7861.8,219.0,100.0
1781836633.87,ROCM_SMI,GPU_0,7861.8,216.0,100.0
1781836636.06,ROCM_SMI,GPU_0,7861.8,218.0,100.0
1781836638.26,ROCM_SMI,GPU_0,7861.8,218.0,79.0
1781836640.45,ROCM_SMI,GPU_0,7861.8,213.0,100.0
1781836642.65,ROCM_SMI,GPU_0,7861.8,220.0,100.0
1781836644.84,ROCM_SMI,GPU_0,7861.8,223.0,100.0
1781836647.03,ROCM_SMI,GPU_0,7861.8,218.0,100.0
1781836649.22,ROCM_SMI,GPU_0,7861.8,218.0,100.0
1781836651.42,ROCM_SMI,GPU_0,7861.8,215.0,100.0
1781836653.61,ROCM_SMI,GPU_0,7861.8,219.0,100.0
1781836655.81,ROCM_SMI,GPU_0,7861.8,218.0,100.0
1781836658.00,ROCM_SMI,GPU_0,7861.8,218.0,100.0
1781836660.19,ROCM_SMI,GPU_0,7861.8,219.0,100.0
1781836662.39,ROCM_SMI,GPU_0,7861.8,214.0,100.0
1781836664.58,ROCM_SMI,GPU_0,7861.8,216.0,100.0
1781836666.78,ROCM_SMI,GPU_0,7861.8,220.0,100.0
1781836668.97,ROCM_SMI,GPU_0,7861.8,218.0,80.0
1781836671.16,ROCM_SMI,GPU_0,7861.8,220.0,100.0
1781836673.36,ROCM_SMI,GPU_0,7861.8,221.0,100.0
1781836675.55,ROCM_SMI,GPU_0,7861.8,221.0,100.0
1781836677.75,ROCM_SMI,GPU_0,7861.8,221.0,100.0
1781836679.94,ROCM_SMI,GPU_0,7861.8,216.0,100.0
1781836682.14,ROCM_SMI,GPU_0,7861.8,217.0,100.0
1781836684.33,ROCM_SMI,GPU_0,7861.8,213.0,100.0
1781836686.53,ROCM_SMI,GPU_0,7861.8,216.0,100.0
1781836688.72,ROCM_SMI,GPU_0,7861.8,217.0,100.0
1781836690.92,ROCM_SMI,GPU_0,7861.8,215.0,100.0
1781836693.11,ROCM_SMI,GPU_0,7861.8,221.0,100.0
1781836695.31,ROCM_SMI,GPU_0,7861.8,219.0,100.0
1781836697.50,ROCM_SMI,GPU_0,7861.8,219.0,100.0
1781836699.69,ROCM_SMI,GPU_0,7861.8,215.0,100.0
1781836701.89,ROCM_SMI,GPU_0,7861.8,215.0,85.0
1781836704.08,ROCM_SMI,GPU_0,7861.8,220.0,100.0
1781836706.28,ROCM_SMI,GPU_0,7861.8,222.0,100.0
1781836708.48,ROCM_SMI,GPU_0,7861.8,224.0,100.0
1781836710.67,ROCM_SMI,GPU_0,7861.8,219.0,100.0
1781836712.87,ROCM_SMI,GPU_0,7861.8,217.0,100.0
1781836715.07,ROCM_SMI,GPU_0,7861.8,218.0,100.0
1781836717.26,ROCM_SMI,GPU_0,7861.8,215.0,100.0
1781836719.45,ROCM_SMI,GPU_0,7861.8,216.0,100.0
1781836721.65,ROCM_SMI,GPU_0,7861.8,210.0,100.0
1781836723.85,ROCM_SMI,GPU_0,7861.8,219.0,100.0
1781836726.04,ROCM_SMI,GPU_0,7861.8,215.0,100.0
1781836728.24,ROCM_SMI,GPU_0,7861.8,219.0,100.0
1781836730.43,ROCM_SMI,GPU_0,7861.8,220.0,100.0
1781836732.62,ROCM_SMI,GPU_0,7861.8,216.0,100.0
1781836734.82,ROCM_SMI,GPU_0,7861.8,209.0,100.0
1781836737.01,ROCM_SMI,GPU_0,7861.8,216.0,100.0
1781836739.20,ROCM_SMI,GPU_0,7861.8,220.0,100.0
1781836741.40,ROCM_SMI,GPU_0,7861.8,224.0,100.0
1781836743.59,ROCM_SMI,GPU_0,7861.8,217.0,100.0
1781836745.78,ROCM_SMI,GPU_0,7861.8,220.0,100.0
1781836747.98,ROCM_SMI,GPU_0,7861.8,216.0,100.0
1781836750.17,ROCM_SMI,GPU_0,7861.8,218.0,100.0
1781836752.37,ROCM_SMI,GPU_0,7861.8,218.0,100.0
1781836754.56,ROCM_SMI,GPU_0,7861.8,219.0,100.0
1781836756.76,ROCM_SMI,GPU_0,7861.8,221.0,100.0
1781836758.95,ROCM_SMI,GPU_0,7861.8,220.0,100.0
1781836761.14,ROCM_SMI,GPU_0,7861.8,215.0,100.0
1781836763.34,ROCM_SMI,GPU_0,7861.8,212.0,100.0
1781836765.53,ROCM_SMI,GPU_0,7861.8,213.0,100.0
1781836767.73,ROCM_SMI,GPU_0,7861.8,220.0,100.0
1781836769.92,ROCM_SMI,GPU_0,7861.8,217.0,100.0
1781836772.11,ROCM_SMI,GPU_0,7861.8,219.0,100.0
1781836774.31,ROCM_SMI,GPU_0,7861.8,222.0,100.0
1781836776.50,ROCM_SMI,GPU_0,7861.8,215.0,100.0
1781836778.69,ROCM_SMI,GPU_0,7861.8,221.0,100.0
1781836780.89,ROCM_SMI,GPU_0,7861.8,217.0,100.0
1781836783.08,ROCM_SMI,GPU_0,7861.8,218.0,100.0
1781836785.27,ROCM_SMI,GPU_0,7861.8,222.0,100.0
1781836787.47,ROCM_SMI,GPU_0,7861.8,218.0,100.0
1781836789.66,ROCM_SMI,GPU_0,7861.8,216.0,100.0
1781836791.86,ROCM_SMI,GPU_0,7861.8,215.0,100.0
1781836794.05,ROCM_SMI,GPU_0,7861.8,220.0,100.0
1781836796.25,ROCM_SMI,GPU_0,7861.8,216.0,100.0
1781836798.44,ROCM_SMI,GPU_0,7861.8,217.0,86.0
1781836800.63,ROCM_SMI,GPU_0,7861.8,219.0,100.0
1781836802.83,ROCM_SMI,GPU_0,7861.8,218.0,100.0
1781836805.02,ROCM_SMI,GPU_0,7861.8,223.0,100.0
1781836807.22,ROCM_SMI,GPU_0,7861.8,220.0,100.0
1781836809.41,ROCM_SMI,GPU_0,7861.8,219.0,100.0
1781836811.60,ROCM_SMI,GPU_0,7861.8,217.0,100.0
1781836813.80,ROCM_SMI,GPU_0,7861.8,217.0,100.0
1781836815.99,ROCM_SMI,GPU_0,7861.8,213.0,100.0
1781836818.19,ROCM_SMI,GPU_0,7861.8,218.0,100.0
1781836820.38,ROCM_SMI,GPU_0,7861.8,219.0,100.0
1781836822.57,ROCM_SMI,GPU_0,7861.8,218.0,100.0
1781836824.77,ROCM_SMI,GPU_0,7861.8,215.0,100.0
1781836826.96,ROCM_SMI,GPU_0,7861.8,217.0,100.0
1781836829.16,ROCM_SMI,GPU_0,7861.8,218.0,100.0
1781836831.35,ROCM_SMI,GPU_0,7861.8,221.0,100.0
1781836833.54,ROCM_SMI,GPU_0,7861.8,217.0,100.0
1781836835.74,ROCM_SMI,GPU_0,7861.8,220.0,100.0
1781836837.93,ROCM_SMI,GPU_0,7861.8,222.0,100.0
1781836840.13,ROCM_SMI,GPU_0,7861.8,218.0,100.0
1781836842.32,ROCM_SMI,GPU_0,7861.8,218.0,100.0
1781836844.52,ROCM_SMI,GPU_0,7861.8,221.0,100.0
1781836846.71,ROCM_SMI,GPU_0,7861.8,222.0,100.0
1781836848.90,ROCM_SMI,GPU_0,7861.8,220.0,100.0
1781836851.10,ROCM_SMI,GPU_0,7861.8,217.0,100.0
1781836853.29,ROCM_SMI,GPU_0,7861.8,217.0,100.0
1781836855.49,ROCM_SMI,GPU_0,7861.8,226.0,100.0
1781836857.69,ROCM_SMI,GPU_0,7861.8,213.0,100.0
1781836859.88,ROCM_SMI,GPU_0,7861.8,219.0,100.0
1781836862.07,ROCM_SMI,GPU_0,7861.8,219.0,100.0
1781836864.27,ROCM_SMI,GPU_0,7861.8,223.0,100.0
1781836866.46,ROCM_SMI,GPU_0,7861.8,221.0,100.0
1781836868.66,ROCM_SMI,GPU_0,7861.8,216.0,100.0
1781836870.85,ROCM_SMI,GPU_0,7861.8,221.0,100.0
1781836873.05,ROCM_SMI,GPU_0,7861.8,215.0,100.0
1781836875.24,ROCM_SMI,GPU_0,7861.8,217.0,100.0
1781836877.43,ROCM_SMI,GPU_0,7861.8,219.0,100.0
1781836879.63,ROCM_SMI,GPU_0,7861.8,216.0,100.0
1781836881.82,ROCM_SMI,GPU_0,7861.8,226.0,100.0
1781836884.02,ROCM_SMI,GPU_0,7861.8,224.0,100.0
1781836886.21,ROCM_SMI,GPU_0,7861.8,219.0,100.0
1781836888.41,ROCM_SMI,GPU_0,7861.8,218.0,100.0
1781836890.60,ROCM_SMI,GPU_0,7861.8,215.0,100.0
1781836892.79,ROCM_SMI,GPU_0,7861.8,217.0,100.0
1781836894.99,ROCM_SMI,GPU_0,7861.8,219.0,100.0
1781836897.18,ROCM_SMI,GPU_0,7861.8,218.0,100.0
1781836899.37,ROCM_SMI,GPU_0,7861.8,217.0,100.0
1781836901.57,ROCM_SMI,GPU_0,7861.8,220.0,100.0
1781836903.76,ROCM_SMI,GPU_0,7861.8,212.0,100.0
1781836905.96,ROCM_SMI,GPU_0,7861.8,220.0,100.0
1781836908.15,ROCM_SMI,GPU_0,7861.8,221.0,100.0
1781836910.35,ROCM_SMI,GPU_0,7861.8,221.0,100.0
1781836912.54,ROCM_SMI,GPU_0,7861.8,216.0,100.0
1781836914.73,ROCM_SMI,GPU_0,7861.8,214.0,100.0
1781836916.93,ROCM_SMI,GPU_0,7861.8,215.0,100.0
1781836919.12,ROCM_SMI,GPU_0,7861.8,217.0,100.0
1781836921.32,ROCM_SMI,GPU_0,7861.8,218.0,100.0
1781836923.51,ROCM_SMI,GPU_0,7861.8,211.0,100.0
1781836925.70,ROCM_SMI,GPU_0,7861.8,218.0,100.0
1781836927.89,ROCM_SMI,GPU_0,7861.8,222.0,100.0
1781836930.09,ROCM_SMI,GPU_0,7861.8,218.0,100.0
1781836932.29,ROCM_SMI,GPU_0,7861.8,219.0,100.0
1781836934.48,ROCM_SMI,GPU_0,7861.8,222.0,100.0
1781836936.67,ROCM_SMI,GPU_0,7861.8,221.0,100.0
1781836938.87,ROCM_SMI,GPU_0,7861.8,219.0,100.0
1781836941.06,ROCM_SMI,GPU_0,7861.8,222.0,100.0
1781836943.25,ROCM_SMI,GPU_0,7861.8,217.0,100.0
1781836945.45,ROCM_SMI,GPU_0,7861.8,214.0,100.0
1781836947.64,ROCM_SMI,GPU_0,7861.8,215.0,100.0
1781836949.84,ROCM_SMI,GPU_0,7861.8,216.0,100.0
1781836952.03,ROCM_SMI,GPU_0,7861.8,219.0,100.0
1781836954.23,ROCM_SMI,GPU_0,7861.8,214.0,100.0
1781836956.42,ROCM_SMI,GPU_0,7861.8,218.0,100.0
1781836958.62,ROCM_SMI,GPU_0,7861.8,221.0,100.0
1781836960.81,ROCM_SMI,GPU_0,7861.8,219.0,100.0
1781836963.01,ROCM_SMI,GPU_0,7861.8,223.0,100.0
1781836965.20,ROCM_SMI,GPU_0,7861.8,222.0,100.0
1781836967.40,ROCM_SMI,GPU_0,7861.8,219.0,100.0
1781836969.59,ROCM_SMI,GPU_0,7861.8,219.0,100.0
1781836971.78,ROCM_SMI,GPU_0,7861.8,220.0,100.0
1781836973.98,ROCM_SMI,GPU_0,7861.8,217.0,100.0
1781836976.18,ROCM_SMI,GPU_0,7861.8,214.0,100.0
1781836978.37,ROCM_SMI,GPU_0,7861.8,214.0,100.0
1781836980.57,ROCM_SMI,GPU_0,7861.8,219.0,100.0
1781836982.76,ROCM_SMI,GPU_0,7861.8,215.0,100.0
1781836984.95,ROCM_SMI,GPU_0,7861.8,217.0,100.0
1781836987.15,ROCM_SMI,GPU_0,7861.8,218.0,100.0
1781836989.35,ROCM_SMI,GPU_0,7861.8,184.0,100.0
1781836991.54,ROCM_SMI,GPU_0,7861.8,219.0,100.0
1781836993.74,ROCM_SMI,GPU_0,7861.8,221.0,100.0
1781836995.93,ROCM_SMI,GPU_0,7861.8,221.0,100.0
1781836998.12,ROCM_SMI,GPU_0,7861.8,221.0,100.0
1781837000.32,ROCM_SMI,GPU_0,7861.8,220.0,100.0
1781837002.52,ROCM_SMI,GPU_0,7861.8,218.0,100.0
1781837004.71,ROCM_SMI,GPU_0,7861.8,217.0,100.0
1781837006.91,ROCM_SMI,GPU_0,7861.8,215.0,100.0
1781837009.10,ROCM_SMI,GPU_0,7861.8,217.0,100.0
1781837011.29,ROCM_SMI,GPU_0,7861.8,220.0,100.0
1781837013.49,ROCM_SMI,GPU_0,7861.8,220.0,100.0
1781837015.69,ROCM_SMI,GPU_0,7861.8,225.0,100.0
1781837017.88,ROCM_SMI,GPU_0,7861.8,218.0,100.0
1781837020.07,ROCM_SMI,GPU_0,7861.8,216.0,100.0
1781837022.27,ROCM_SMI,GPU_0,7861.8,217.0,100.0
1781837024.46,ROCM_SMI,GPU_0,7861.8,215.0,100.0
1781837026.66,ROCM_SMI,GPU_0,7861.8,220.0,100.0
1781837028.85,ROCM_SMI,GPU_0,7861.8,219.0,100.0
1781837031.04,ROCM_SMI,GPU_0,7861.8,224.0,100.0
1781837033.24,ROCM_SMI,GPU_0,7861.8,217.0,100.0
1781837035.43,ROCM_SMI,GPU_0,7861.8,219.0,100.0
1781837037.63,ROCM_SMI,GPU_0,7861.8,217.0,100.0
1781837039.82,ROCM_SMI,GPU_0,7861.8,214.0,100.0
1781837042.01,ROCM_SMI,GPU_0,7861.8,218.0,100.0
1781837044.21,ROCM_SMI,GPU_0,7861.8,216.0,100.0
1781837046.40,ROCM_SMI,GPU_0,7861.8,221.0,100.0
1781837048.59,ROCM_SMI,GPU_0,7861.8,219.0,100.0
1781837050.79,ROCM_SMI,GPU_0,7861.8,217.0,100.0
1781837052.98,ROCM_SMI,GPU_0,7861.8,215.0,100.0
1781837055.17,ROCM_SMI,GPU_0,7861.8,217.0,100.0
1781837057.37,ROCM_SMI,GPU_0,7861.8,219.0,100.0
1781837059.56,ROCM_SMI,GPU_0,7861.8,220.0,100.0
1781837061.75,ROCM_SMI,GPU_0,7861.8,219.0,100.0
1781837063.95,ROCM_SMI,GPU_0,7861.8,218.0,100.0
1781837066.14,ROCM_SMI,GPU_0,7861.8,220.0,100.0
1781837068.34,ROCM_SMI,GPU_0,7861.8,220.0,100.0
1781837070.53,ROCM_SMI,GPU_0,7861.8,223.0,100.0
1781837072.72,ROCM_SMI,GPU_0,7861.8,219.0,100.0
1781837074.92,ROCM_SMI,GPU_0,7861.8,216.0,100.0
1781837077.11,ROCM_SMI,GPU_0,7861.8,214.0,100.0
1781837079.31,ROCM_SMI,GPU_0,7861.8,219.0,100.0
1781837081.50,ROCM_SMI,GPU_0,7861.8,216.0,100.0
1781837083.69,ROCM_SMI,GPU_0,7861.8,218.0,100.0
1781837085.89,ROCM_SMI,GPU_0,7861.8,220.0,100.0
1781837088.08,ROCM_SMI,GPU_0,7861.8,218.0,100.0
1781837090.27,ROCM_SMI,GPU_0,7861.8,221.0,100.0
1781837092.47,ROCM_SMI,GPU_0,7861.8,224.0,100.0
1781837094.66,ROCM_SMI,GPU_0,7861.8,220.0,100.0
1781837096.85,ROCM_SMI,GPU_0,7861.8,219.0,100.0
1781837099.05,ROCM_SMI,GPU_0,7861.8,222.0,100.0
1781837101.24,ROCM_SMI,GPU_0,7861.8,218.0,100.0
1781837103.43,ROCM_SMI,GPU_0,7861.8,216.0,100.0
1781837105.63,ROCM_SMI,GPU_0,7861.8,213.0,100.0
1781837107.82,ROCM_SMI,GPU_0,7861.8,216.0,100.0
1781837110.02,ROCM_SMI,GPU_0,7861.8,217.0,100.0
1781837112.21,ROCM_SMI,GPU_0,7861.8,216.0,100.0
1781837114.40,ROCM_SMI,GPU_0,7861.8,221.0,100.0
1781837116.60,ROCM_SMI,GPU_0,7861.8,221.0,87.0
1781837118.79,ROCM_SMI,GPU_0,7861.8,218.0,100.0
1781837120.98,ROCM_SMI,GPU_0,7861.8,223.0,100.0
1781837123.18,ROCM_SMI,GPU_0,7861.8,221.0,100.0
1781837125.38,ROCM_SMI,GPU_0,7861.8,221.0,100.0
1781837127.57,ROCM_SMI,GPU_0,7861.8,222.0,100.0
1781837129.76,ROCM_SMI,GPU_0,7861.8,218.0,100.0
1781837131.96,ROCM_SMI,GPU_0,7861.8,216.0,100.0
1781837134.15,ROCM_SMI,GPU_0,7861.8,215.0,100.0
1781837136.35,ROCM_SMI,GPU_0,7861.8,216.0,100.0
1781837138.54,ROCM_SMI,GPU_0,7861.8,219.0,100.0
1781837140.73,ROCM_SMI,GPU_0,7861.8,220.0,100.0
1781837142.93,ROCM_SMI,GPU_0,7861.8,217.0,100.0
1781837145.12,ROCM_SMI,GPU_0,7861.8,216.0,100.0
1781837147.31,ROCM_SMI,GPU_0,7861.8,222.0,100.0
1781837149.51,ROCM_SMI,GPU_0,7861.8,221.0,100.0
1781837151.71,ROCM_SMI,GPU_0,7861.8,219.0,100.0
1781837153.90,ROCM_SMI,GPU_0,7861.8,224.0,100.0
1781837156.09,ROCM_SMI,GPU_0,7861.8,220.0,100.0
1781837158.29,ROCM_SMI,GPU_0,7861.8,218.0,100.0
1781837160.48,ROCM_SMI,GPU_0,7861.8,219.0,100.0
1781837162.68,ROCM_SMI,GPU_0,7861.8,216.0,100.0
1781837164.87,ROCM_SMI,GPU_0,7861.8,214.0,100.0
1781837167.06,ROCM_SMI,GPU_0,7861.8,216.0,100.0
1781837169.25,ROCM_SMI,GPU_0,7861.8,216.0,100.0
1781837171.45,ROCM_SMI,GPU_0,7861.8,218.0,100.0
1781837173.64,ROCM_SMI,GPU_0,7861.8,217.0,100.0
1781837175.84,ROCM_SMI,GPU_0,7861.8,212.0,100.0
1781837178.03,ROCM_SMI,GPU_0,7861.8,216.0,100.0
1781837180.22,ROCM_SMI,GPU_0,7861.8,218.0,100.0
1781837182.42,ROCM_SMI,GPU_0,7861.8,220.0,100.0
1781837184.61,ROCM_SMI,GPU_0,7861.8,224.0,100.0
1781837186.81,ROCM_SMI,GPU_0,7861.8,221.0,100.0
1781837189.00,ROCM_SMI,GPU_0,7861.8,222.0,100.0
1781837191.19,ROCM_SMI,GPU_0,7861.8,220.0,100.0
1781837193.38,ROCM_SMI,GPU_0,7861.8,217.0,100.0
1781837195.58,ROCM_SMI,GPU_0,7861.8,219.0,100.0
1781837197.78,ROCM_SMI,GPU_0,7861.8,215.0,100.0
1781837199.97,ROCM_SMI,GPU_0,7861.8,215.0,100.0
1781837202.16,ROCM_SMI,GPU_0,7861.8,219.0,100.0
1781837204.36,ROCM_SMI,GPU_0,7861.8,216.0,100.0
1781837206.55,ROCM_SMI,GPU_0,7861.8,217.0,100.0
1781837208.74,ROCM_SMI,GPU_0,7861.8,220.0,100.0
1781837210.94,ROCM_SMI,GPU_0,7861.8,217.0,100.0
1781837213.13,ROCM_SMI,GPU_0,7861.8,221.0,100.0
1781837215.32,ROCM_SMI,GPU_0,7861.8,222.0,100.0
1781837217.52,ROCM_SMI,GPU_0,7861.8,221.0,100.0
1781837219.71,ROCM_SMI,GPU_0,7861.8,220.0,100.0
1781837221.91,ROCM_SMI,GPU_0,7861.8,220.0,100.0
1781837224.10,ROCM_SMI,GPU_0,7861.8,217.0,100.0
1781837226.30,ROCM_SMI,GPU_0,7861.8,216.0,100.0
1781837228.49,ROCM_SMI,GPU_0,7861.8,217.0,100.0
1781837230.69,ROCM_SMI,GPU_0,7861.8,217.0,100.0
1781837232.88,ROCM_SMI,GPU_0,7861.8,217.0,100.0
1781837235.07,ROCM_SMI,GPU_0,7861.8,215.0,100.0
1781837237.27,ROCM_SMI,GPU_0,7861.8,218.0,100.0
1781837239.46,ROCM_SMI,GPU_0,7861.8,219.0,100.0
1781837241.65,ROCM_SMI,GPU_0,7861.8,216.0,85.0
1781837243.85,ROCM_SMI,GPU_0,7861.8,222.0,100.0
1781837246.05,ROCM_SMI,GPU_0,7861.8,220.0,100.0
1781837248.24,ROCM_SMI,GPU_0,7861.8,222.0,100.0
1781837250.44,ROCM_SMI,GPU_0,7861.8,220.0,100.0
1781837252.63,ROCM_SMI,GPU_0,7861.8,221.0,100.0
1781837254.83,ROCM_SMI,GPU_0,7861.8,217.0,100.0
1781837257.02,ROCM_SMI,GPU_0,7861.8,217.0,100.0
1781837259.22,ROCM_SMI,GPU_0,7861.8,214.0,100.0
1781837261.41,ROCM_SMI,GPU_0,7861.8,218.0,100.0
1781837263.60,ROCM_SMI,GPU_0,7861.8,220.0,100.0
1781837265.80,ROCM_SMI,GPU_0,7861.8,222.0,100.0
1781837267.99,ROCM_SMI,GPU_0,7861.8,216.0,100.0
1781837270.19,ROCM_SMI,GPU_0,7861.8,216.0,100.0
1781837272.38,ROCM_SMI,GPU_0,7861.8,212.0,100.0
1781837274.57,ROCM_SMI,GPU_0,7861.8,218.0,100.0
1781837276.77,ROCM_SMI,GPU_0,7861.8,221.0,100.0
1781837278.96,ROCM_SMI,GPU_0,7861.8,218.0,100.0
1781837281.16,ROCM_SMI,GPU_0,7861.8,222.0,100.0
1781837283.35,ROCM_SMI,GPU_0,7861.8,222.0,100.0
1781837285.55,ROCM_SMI,GPU_0,7861.8,222.0,100.0
1781837287.74,ROCM_SMI,GPU_0,7861.8,219.0,100.0
1781837289.93,ROCM_SMI,GPU_0,7861.8,218.0,100.0
1781837292.13,ROCM_SMI,GPU_0,7861.8,222.0,100.0
1781837294.32,ROCM_SMI,GPU_0,7861.8,218.0,100.0
1781837296.51,ROCM_SMI,GPU_0,7861.8,214.0,100.0
1781837298.71,ROCM_SMI,GPU_0,7861.8,214.0,100.0
1781837300.90,ROCM_SMI,GPU_0,7861.8,219.0,100.0
1781837303.10,ROCM_SMI,GPU_0,7861.8,217.0,100.0
1781837305.29,ROCM_SMI,GPU_0,7861.8,214.0,100.0
1781837307.48,ROCM_SMI,GPU_0,7861.8,218.0,100.0
1781837309.67,ROCM_SMI,GPU_0,7861.8,221.0,100.0
1781837311.86,ROCM_SMI,GPU_0,7861.8,219.0,100.0
1781837314.06,ROCM_SMI,GPU_0,7861.8,216.0,100.0
1781837316.25,ROCM_SMI,GPU_0,7861.8,220.0,100.0
1781837318.45,ROCM_SMI,GPU_0,7861.8,219.0,100.0
1781837320.64,ROCM_SMI,GPU_0,7861.8,222.0,100.0
1781837322.83,ROCM_SMI,GPU_0,7861.8,223.0,100.0
1781837325.03,ROCM_SMI,GPU_0,7861.8,222.0,100.0
1781837327.22,ROCM_SMI,GPU_0,7861.8,216.0,100.0
1781837329.42,ROCM_SMI,GPU_0,7861.8,214.0,100.0
1781837331.61,ROCM_SMI,GPU_0,7861.8,218.0,100.0
1781837333.80,ROCM_SMI,GPU_0,7861.8,215.0,100.0
1781837336.00,ROCM_SMI,GPU_0,7861.8,217.0,100.0
1781837338.19,ROCM_SMI,GPU_0,7861.8,219.0,100.0
1781837340.39,ROCM_SMI,GPU_0,7861.8,217.0,100.0
1781837342.58,ROCM_SMI,GPU_0,7861.8,217.0,100.0
1781837344.77,ROCM_SMI,GPU_0,7861.8,220.0,100.0
1781837346.97,ROCM_SMI,GPU_0,7861.8,221.0,100.0
1781837349.16,ROCM_SMI,GPU_0,7861.8,220.0,100.0
1781837351.36,ROCM_SMI,GPU_0,7861.8,219.0,100.0
1781837353.55,ROCM_SMI,GPU_0,7861.8,222.0,100.0
1781837355.74,ROCM_SMI,GPU_0,7861.8,223.0,100.0
1781837357.94,ROCM_SMI,GPU_0,7861.8,220.0,100.0
1781837360.13,ROCM_SMI,GPU_0,7861.8,219.0,100.0
1781837362.33,ROCM_SMI,GPU_0,7861.8,219.0,100.0
1781837364.53,ROCM_SMI,GPU_0,7861.8,211.0,100.0
1781837366.72,ROCM_SMI,GPU_0,7861.8,218.0,100.0
1781837368.92,ROCM_SMI,GPU_0,7861.8,218.0,76.0
1781837371.11,ROCM_SMI,GPU_0,7861.8,218.0,100.0
1781837373.30,ROCM_SMI,GPU_0,7861.8,220.0,100.0
1781837375.50,ROCM_SMI,GPU_0,7861.8,216.0,100.0
1781837377.70,ROCM_SMI,GPU_0,7861.8,226.0,100.0
1781837379.89,ROCM_SMI,GPU_0,7861.8,220.0,100.0
1781837382.08,ROCM_SMI,GPU_0,7861.8,222.0,100.0
1781837384.28,ROCM_SMI,GPU_0,7861.8,216.0,100.0
1781837386.48,ROCM_SMI,GPU_0,7861.8,214.0,100.0
1781837388.67,ROCM_SMI,GPU_0,7861.8,217.0,100.0
1781837390.86,ROCM_SMI,GPU_0,7861.8,221.0,100.0
1781837393.06,ROCM_SMI,GPU_0,7861.8,217.0,100.0
1781837395.25,ROCM_SMI,GPU_0,7861.8,222.0,100.0
1781837397.44,ROCM_SMI,GPU_0,7861.8,220.0,100.0
1781837399.64,ROCM_SMI,GPU_0,7861.8,215.0,100.0
1781837401.83,ROCM_SMI,GPU_0,7861.8,218.0,90.0
1781837404.03,ROCM_SMI,GPU_0,7861.8,215.0,100.0
1781837406.22,ROCM_SMI,GPU_0,7861.8,219.0,100.0
1781837408.41,ROCM_SMI,GPU_0,7861.8,222.0,100.0
1781837410.61,ROCM_SMI,GPU_0,7861.8,222.0,100.0
1781837412.80,ROCM_SMI,GPU_0,7861.8,218.0,100.0
1781837414.99,ROCM_SMI,GPU_0,7861.8,217.0,100.0
1781837417.19,ROCM_SMI,GPU_0,7861.8,219.0,100.0
1781837419.38,ROCM_SMI,GPU_0,7861.8,216.0,100.0
1781837421.58,ROCM_SMI,GPU_0,7861.8,218.0,100.0
1781837423.77,ROCM_SMI,GPU_0,7861.8,221.0,100.0
1781837425.96,ROCM_SMI,GPU_0,7861.8,219.0,100.0
1781837428.16,ROCM_SMI,GPU_0,7861.8,218.0,100.0
1781837430.35,ROCM_SMI,GPU_0,7861.8,211.0,100.0
1781837432.54,ROCM_SMI,GPU_0,7861.8,219.0,100.0
1781837434.74,ROCM_SMI,GPU_0,7861.8,221.0,100.0
1781837436.93,ROCM_SMI,GPU_0,7861.8,219.0,100.0
1781837439.12,ROCM_SMI,GPU_0,7861.8,221.0,100.0
1781837441.31,ROCM_SMI,GPU_0,7861.8,218.0,100.0
1781837443.51,ROCM_SMI,GPU_0,7861.8,217.0,100.0
1781837445.70,ROCM_SMI,GPU_0,7861.8,218.0,100.0
1781837447.90,ROCM_SMI,GPU_0,7861.8,220.0,100.0
1781837450.09,ROCM_SMI,GPU_0,7861.8,216.0,100.0
1781837452.28,ROCM_SMI,GPU_0,7861.8,224.0,100.0
1781837454.48,ROCM_SMI,GPU_0,7861.8,222.0,100.0
1781837456.67,ROCM_SMI,GPU_0,7861.8,218.0,100.0
1781837458.86,ROCM_SMI,GPU_0,7861.8,219.0,100.0
1781837461.06,ROCM_SMI,GPU_0,7861.8,217.0,100.0
1781837463.25,ROCM_SMI,GPU_0,7861.8,217.0,100.0
1781837465.44,ROCM_SMI,GPU_0,7861.8,217.0,100.0
1781837467.64,ROCM_SMI,GPU_0,7861.8,225.0,100.0
1781837469.83,ROCM_SMI,GPU_0,7861.8,223.0,100.0
1781837472.03,ROCM_SMI,GPU_0,7861.8,217.0,100.0
1781837474.22,ROCM_SMI,GPU_0,7861.8,218.0,100.0
1781837476.42,ROCM_SMI,GPU_0,7861.8,215.0,100.0
1781837478.61,ROCM_SMI,GPU_0,7861.8,218.0,100.0
1781837480.80,ROCM_SMI,GPU_0,7861.8,218.0,100.0
1781837483.00,ROCM_SMI,GPU_0,7861.8,220.0,100.0
1781837485.19,ROCM_SMI,GPU_0,7861.8,222.0,100.0
1781837487.39,ROCM_SMI,GPU_0,7861.8,220.0,100.0
1781837489.58,ROCM_SMI,GPU_0,7861.8,220.0,100.0
1781837491.78,ROCM_SMI,GPU_0,7861.8,214.0,100.0
1781837493.97,ROCM_SMI,GPU_0,7861.8,216.0,100.0
1781837496.17,ROCM_SMI,GPU_0,7861.8,216.0,100.0
1781837498.36,ROCM_SMI,GPU_0,7861.8,220.0,100.0
1781837500.56,ROCM_SMI,GPU_0,7861.8,224.0,100.0
1781837502.75,ROCM_SMI,GPU_0,7861.8,223.0,100.0
1781837504.94,ROCM_SMI,GPU_0,7861.8,218.0,100.0
1781837507.13,ROCM_SMI,GPU_0,7861.8,214.0,100.0
1781837509.33,ROCM_SMI,GPU_0,7861.8,217.0,100.0
1781837511.53,ROCM_SMI,GPU_0,7861.8,232.0,100.0
1781837513.72,ROCM_SMI,GPU_0,7861.8,217.0,100.0
1781837515.91,ROCM_SMI,GPU_0,7861.8,217.0,100.0
1781837518.11,ROCM_SMI,GPU_0,7861.8,216.0,100.0
1781837520.30,ROCM_SMI,GPU_0,7861.8,216.0,100.0
1781837522.49,ROCM_SMI,GPU_0,7861.8,219.0,100.0
1781837524.69,ROCM_SMI,GPU_0,7861.8,215.0,100.0
1781837526.88,ROCM_SMI,GPU_0,7861.8,218.0,100.0
1781837529.08,ROCM_SMI,GPU_0,7861.8,218.0,100.0
1781837531.27,ROCM_SMI,GPU_0,7861.8,224.0,100.0
1781837533.46,ROCM_SMI,GPU_0,7861.8,219.0,100.0
1781837535.66,ROCM_SMI,GPU_0,7861.8,221.0,100.0
1781837537.86,ROCM_SMI,GPU_0,7861.8,219.0,100.0
1781837540.05,ROCM_SMI,GPU_0,7861.8,217.0,100.0
1781837542.24,ROCM_SMI,GPU_0,7861.8,215.0,100.0
1781837544.43,ROCM_SMI,GPU_0,7861.8,216.0,100.0
1781837546.63,ROCM_SMI,GPU_0,7861.8,215.0,100.0
1781837548.82,ROCM_SMI,GPU_0,7861.8,219.0,100.0
1781837551.02,ROCM_SMI,GPU_0,7861.8,214.0,100.0
1781837553.21,ROCM_SMI,GPU_0,7861.8,215.0,100.0
1781837555.40,ROCM_SMI,GPU_0,7861.8,218.0,100.0
1781837557.60,ROCM_SMI,GPU_0,7861.8,219.0,100.0
1781837559.79,ROCM_SMI,GPU_0,7861.8,219.0,100.0
1781837561.98,ROCM_SMI,GPU_0,7861.8,223.0,100.0
1781837564.18,ROCM_SMI,GPU_0,7861.8,224.0,100.0
1781837566.38,ROCM_SMI,GPU_0,7861.8,220.0,100.0
1781837568.58,ROCM_SMI,GPU_0,7861.8,222.0,100.0
1781837570.77,ROCM_SMI,GPU_0,7861.8,219.0,100.0
1781837572.96,ROCM_SMI,GPU_0,7861.8,216.0,100.0
1781837575.16,ROCM_SMI,GPU_0,7861.8,215.0,100.0
1781837577.35,ROCM_SMI,GPU_0,7861.8,215.0,100.0
1781837579.55,ROCM_SMI,GPU_0,7861.8,218.0,100.0
1781837581.74,ROCM_SMI,GPU_0,7861.8,216.0,100.0
1781837583.94,ROCM_SMI,GPU_0,7861.8,220.0,100.0
1781837586.13,ROCM_SMI,GPU_0,7861.8,217.0,100.0
1781837588.33,ROCM_SMI,GPU_0,7861.8,214.0,100.0
1781837590.52,ROCM_SMI,GPU_0,7861.8,219.0,100.0
1781837592.71,ROCM_SMI,GPU_0,7861.8,219.0,100.0
1781837594.91,ROCM_SMI,GPU_0,7861.8,221.0,100.0
1781837597.10,ROCM_SMI,GPU_0,7861.8,223.0,100.0
1781837599.30,ROCM_SMI,GPU_0,7861.8,217.0,100.0
1781837601.49,ROCM_SMI,GPU_0,7861.8,219.0,100.0
1781837603.69,ROCM_SMI,GPU_0,7861.8,216.0,100.0
1781837605.88,ROCM_SMI,GPU_0,7861.8,218.0,100.0
1781837608.08,ROCM_SMI,GPU_0,7861.8,217.0,100.0
1781837610.27,ROCM_SMI,GPU_0,7861.8,219.0,100.0
1781837612.46,ROCM_SMI,GPU_0,7861.8,221.0,100.0
1781837614.66,ROCM_SMI,GPU_0,7861.8,221.0,100.0
1781837616.85,ROCM_SMI,GPU_0,7861.8,219.0,100.0
1781837619.05,ROCM_SMI,GPU_0,7861.8,213.0,100.0
1781837621.24,ROCM_SMI,GPU_0,7861.8,218.0,100.0
1781837623.44,ROCM_SMI,GPU_0,7861.8,220.0,100.0
1781837625.63,ROCM_SMI,GPU_0,7861.8,217.0,100.0
1781837627.82,ROCM_SMI,GPU_0,7861.8,222.0,100.0
1781837630.02,ROCM_SMI,GPU_0,7861.8,217.0,100.0
1781837632.22,ROCM_SMI,GPU_0,7861.8,236.0,100.0
1781837634.42,ROCM_SMI,GPU_0,7861.8,221.0,100.0
1781837636.61,ROCM_SMI,GPU_0,7861.8,221.0,100.0
1781837638.80,ROCM_SMI,GPU_0,7861.8,214.0,100.0
1781837641.00,ROCM_SMI,GPU_0,7861.8,216.0,100.0
1781837643.19,ROCM_SMI,GPU_0,7861.8,216.0,100.0
1781837645.39,ROCM_SMI,GPU_0,7861.8,223.0,100.0
1781837647.58,ROCM_SMI,GPU_0,7861.8,215.0,100.0
1781837649.78,ROCM_SMI,GPU_0,7861.8,223.0,100.0
1781837651.97,ROCM_SMI,GPU_0,7861.8,218.0,100.0
1781837654.16,ROCM_SMI,GPU_0,7861.8,215.0,100.0
1781837656.36,ROCM_SMI,GPU_0,7861.8,220.0,100.0
1781837658.55,ROCM_SMI,GPU_0,7861.8,213.0,100.0
1781837660.75,ROCM_SMI,GPU_0,7861.8,218.0,100.0
1781837662.94,ROCM_SMI,GPU_0,7861.8,225.0,100.0
1781837665.14,ROCM_SMI,GPU_0,7861.8,219.0,100.0
1781837667.33,ROCM_SMI,GPU_0,7861.8,218.0,100.0
1781837669.53,ROCM_SMI,GPU_0,7861.8,215.0,100.0
1781837671.72,ROCM_SMI,GPU_0,7861.8,222.0,100.0
1781837673.92,ROCM_SMI,GPU_0,7861.8,218.0,100.0
1781837676.12,ROCM_SMI,GPU_0,7861.8,219.0,100.0
1781837678.31,ROCM_SMI,GPU_0,7861.8,222.0,100.0
1781837680.50,ROCM_SMI,GPU_0,7861.8,219.0,100.0
1781837682.69,ROCM_SMI,GPU_0,7861.8,220.0,100.0
1781837684.89,ROCM_SMI,GPU_0,7861.8,214.0,100.0
1781837687.08,ROCM_SMI,GPU_0,7861.8,214.0,100.0
1781837689.28,ROCM_SMI,GPU_0,7861.8,219.0,100.0
1781837691.47,ROCM_SMI,GPU_0,7861.8,216.0,100.0
1781837693.66,ROCM_SMI,GPU_0,7861.8,218.0,100.0
1781837695.86,ROCM_SMI,GPU_0,7861.8,220.0,100.0
1781837698.05,ROCM_SMI,GPU_0,7861.8,216.0,100.0
1781837700.25,ROCM_SMI,GPU_0,7861.8,220.0,100.0
1781837702.44,ROCM_SMI,GPU_0,7861.8,221.0,100.0
1781837704.63,ROCM_SMI,GPU_0,7861.8,221.0,100.0
1781837706.83,ROCM_SMI,GPU_0,7861.8,218.0,100.0
1781837709.02,ROCM_SMI,GPU_0,7861.8,221.0,100.0
1781837711.21,ROCM_SMI,GPU_0,7861.8,220.0,100.0
1781837713.41,ROCM_SMI,GPU_0,7861.8,215.0,100.0
1781837715.60,ROCM_SMI,GPU_0,7861.8,215.0,100.0
1781837717.80,ROCM_SMI,GPU_0,7861.8,215.0,100.0
1781837719.99,ROCM_SMI,GPU_0,7861.8,216.0,100.0
1781837722.18,ROCM_SMI,GPU_0,7861.8,218.0,100.0
1781837724.38,ROCM_SMI,GPU_0,7861.8,220.0,100.0
1781837726.57,ROCM_SMI,GPU_0,7861.8,219.0,100.0
1781837728.77,ROCM_SMI,GPU_0,7861.8,216.0,100.0
1781837730.96,ROCM_SMI,GPU_0,7861.8,220.0,100.0
1781837733.15,ROCM_SMI,GPU_0,7861.8,219.0,100.0
1781837735.34,ROCM_SMI,GPU_0,7861.8,220.0,100.0
1781837737.54,ROCM_SMI,GPU_0,7861.8,221.0,100.0
1781837739.73,ROCM_SMI,GPU_0,7861.8,218.0,100.0
1781837741.93,ROCM_SMI,GPU_0,7861.8,215.0,100.0
1781837744.12,ROCM_SMI,GPU_0,7861.8,215.0,100.0
1781837746.32,ROCM_SMI,GPU_0,7861.8,218.0,100.0
1781837748.51,ROCM_SMI,GPU_0,7861.8,214.0,100.0
1781837750.70,ROCM_SMI,GPU_0,7861.8,217.0,100.0
1781837752.91,ROCM_SMI,GPU_0,7861.8,222.0,82.0
1781837755.11,ROCM_SMI,GPU_0,7861.8,219.0,95.0
1781837757.30,ROCM_SMI,GPU_0,7861.8,220.0,100.0
1781837759.49,ROCM_SMI,GPU_0,7861.8,221.0,100.0
1781837761.69,ROCM_SMI,GPU_0,7861.8,224.0,100.0
1781837763.88,ROCM_SMI,GPU_0,7861.8,218.0,100.0
1781837766.08,ROCM_SMI,GPU_0,7861.8,222.0,100.0
1781837768.28,ROCM_SMI,GPU_0,7861.8,217.0,100.0
1781837770.47,ROCM_SMI,GPU_0,7861.8,215.0,100.0
1781837772.66,ROCM_SMI,GPU_0,7861.8,217.0,100.0
1781837774.86,ROCM_SMI,GPU_0,7861.8,216.0,100.0
1781837777.05,ROCM_SMI,GPU_0,7861.8,217.0,100.0
1781837779.25,ROCM_SMI,GPU_0,7861.8,228.0,100.0
1781837781.44,ROCM_SMI,GPU_0,7861.8,220.0,100.0
1781837783.63,ROCM_SMI,GPU_0,7861.8,215.0,100.0
1781837785.83,ROCM_SMI,GPU_0,7861.8,216.0,100.0
1781837788.02,ROCM_SMI,GPU_0,7861.8,216.0,100.0
1781837790.22,ROCM_SMI,GPU_0,7861.8,219.0,100.0
1781837792.41,ROCM_SMI,GPU_0,7861.8,226.0,100.0
1781837794.60,ROCM_SMI,GPU_0,7861.8,219.0,100.0
1781837796.80,ROCM_SMI,GPU_0,7861.8,219.0,100.0
1781837799.00,ROCM_SMI,GPU_0,7861.8,216.0,100.0
1781837801.19,ROCM_SMI,GPU_0,7861.8,216.0,100.0
1781837803.38,ROCM_SMI,GPU_0,7861.8,219.0,100.0
1781837805.58,ROCM_SMI,GPU_0,7861.8,217.0,100.0
1781837807.77,ROCM_SMI,GPU_0,7861.8,218.0,100.0
1781837809.97,ROCM_SMI,GPU_0,7861.8,221.0,100.0
1781837812.16,ROCM_SMI,GPU_0,7861.8,220.0,100.0
1781837814.35,ROCM_SMI,GPU_0,7861.8,220.0,100.0
1781837816.55,ROCM_SMI,GPU_0,7861.8,218.0,100.0
1781837818.75,ROCM_SMI,GPU_0,7861.8,219.0,87.0
1781837820.94,ROCM_SMI,GPU_0,7861.8,218.0,100.0
1781837823.13,ROCM_SMI,GPU_0,7861.8,224.0,100.0
1781837825.33,ROCM_SMI,GPU_0,7861.8,223.0,100.0
1781837827.52,ROCM_SMI,GPU_0,7861.8,221.0,100.0
1781837829.72,ROCM_SMI,GPU_0,7861.8,217.0,100.0
1781837831.91,ROCM_SMI,GPU_0,7861.8,218.0,100.0
1781837834.10,ROCM_SMI,GPU_0,7861.8,216.0,100.0
1781837836.30,ROCM_SMI,GPU_0,7861.8,214.0,100.0
1781837838.49,ROCM_SMI,GPU_0,7861.8,219.0,100.0
1781837840.68,ROCM_SMI,GPU_0,7861.8,217.0,100.0
1781837842.88,ROCM_SMI,GPU_0,7861.8,222.0,100.0
1781837845.07,ROCM_SMI,GPU_0,7861.8,218.0,100.0
1781837847.27,ROCM_SMI,GPU_0,7861.8,219.0,100.0
1781837849.46,ROCM_SMI,GPU_0,7861.8,216.0,100.0
1781837851.65,ROCM_SMI,GPU_0,7861.8,219.0,100.0
1781837853.85,ROCM_SMI,GPU_0,7861.8,221.0,100.0
1781837856.04,ROCM_SMI,GPU_0,7861.8,220.0,100.0
1781837858.23,ROCM_SMI,GPU_0,7861.8,222.0,100.0
1781837860.43,ROCM_SMI,GPU_0,7861.8,220.0,100.0
1781837862.62,ROCM_SMI,GPU_0,7861.8,216.0,100.0
1781837864.82,ROCM_SMI,GPU_0,7861.8,218.0,100.0
1781837867.01,ROCM_SMI,GPU_0,7861.8,217.0,100.0
1781837869.20,ROCM_SMI,GPU_0,7861.8,214.0,100.0
1781837871.40,ROCM_SMI,GPU_0,7861.8,219.0,100.0
1781837873.59,ROCM_SMI,GPU_0,7861.8,215.0,100.0
1781837875.79,ROCM_SMI,GPU_0,7861.8,217.0,100.0
1781837877.98,ROCM_SMI,GPU_0,7861.8,218.0,100.0
1781837880.18,ROCM_SMI,GPU_0,7861.8,217.0,100.0
1781837882.37,ROCM_SMI,GPU_0,7861.8,221.0,100.0
1781837884.57,ROCM_SMI,GPU_0,7861.8,220.0,100.0
1781837886.77,ROCM_SMI,GPU_0,7861.8,217.0,100.0
1781837888.96,ROCM_SMI,GPU_0,7861.8,222.0,100.0
1781837891.15,ROCM_SMI,GPU_0,7861.8,219.0,100.0
1781837893.35,ROCM_SMI,GPU_0,7861.8,222.0,100.0
1781837895.54,ROCM_SMI,GPU_0,7861.8,214.0,100.0
1781837897.73,ROCM_SMI,GPU_0,7861.8,215.0,100.0
1781837899.93,ROCM_SMI,GPU_0,7861.8,217.0,100.0
1781837902.13,ROCM_SMI,GPU_0,7861.8,214.0,100.0
1781837904.32,ROCM_SMI,GPU_0,7861.8,219.0,100.0
1781837906.51,ROCM_SMI,GPU_0,7861.8,220.0,100.0
1781837908.71,ROCM_SMI,GPU_0,7861.8,218.0,100.0
1781837910.90,ROCM_SMI,GPU_0,7861.8,215.0,100.0
1781837913.10,ROCM_SMI,GPU_0,7861.8,215.0,100.0
1781837915.29,ROCM_SMI,GPU_0,7861.8,220.0,100.0
1781837917.48,ROCM_SMI,GPU_0,7861.8,222.0,100.0
1781837919.68,ROCM_SMI,GPU_0,7861.8,222.0,100.0
1781837921.87,ROCM_SMI,GPU_0,7861.8,220.0,100.0
1781837924.06,ROCM_SMI,GPU_0,7861.8,219.0,100.0
1781837926.26,ROCM_SMI,GPU_0,7861.8,214.0,100.0
1781837928.45,ROCM_SMI,GPU_0,7861.8,216.0,100.0
1781837930.65,ROCM_SMI,GPU_0,7861.8,214.0,100.0
1781837932.84,ROCM_SMI,GPU_0,7861.8,219.0,100.0
1781837935.03,ROCM_SMI,GPU_0,7861.8,216.0,100.0
1781837937.22,ROCM_SMI,GPU_0,7861.8,218.0,100.0
1781837939.42,ROCM_SMI,GPU_0,7861.8,214.0,100.0
1781837941.61,ROCM_SMI,GPU_0,7861.8,220.0,100.0
1781837943.81,ROCM_SMI,GPU_0,7861.8,219.0,100.0
1781837946.00,ROCM_SMI,GPU_0,7861.8,221.0,100.0
1781837948.19,ROCM_SMI,GPU_0,7861.8,223.0,100.0
1781837950.38,ROCM_SMI,GPU_0,7861.8,220.0,100.0
1781837952.58,ROCM_SMI,GPU_0,7861.8,221.0,100.0
1781837954.77,ROCM_SMI,GPU_0,7861.8,220.0,100.0
1781837956.97,ROCM_SMI,GPU_0,7861.8,217.0,100.0
1781837959.16,ROCM_SMI,GPU_0,7861.8,217.0,100.0
1781837961.35,ROCM_SMI,GPU_0,7861.8,217.0,100.0
1781837963.55,ROCM_SMI,GPU_0,7861.8,217.0,100.0
1781837965.74,ROCM_SMI,GPU_0,7861.8,221.0,100.0
1781837967.94,ROCM_SMI,GPU_0,7861.8,220.0,100.0
1781837970.13,ROCM_SMI,GPU_0,7861.8,218.0,100.0
1781837972.32,ROCM_SMI,GPU_0,7861.8,217.0,100.0
1781837974.52,ROCM_SMI,GPU_0,7861.8,215.0,100.0
1781837976.71,ROCM_SMI,GPU_0,7861.8,217.0,100.0
1781837978.90,ROCM_SMI,GPU_0,7861.8,221.0,100.0
1781837981.10,ROCM_SMI,GPU_0,7861.8,224.0,100.0
1781837983.29,ROCM_SMI,GPU_0,7861.8,220.0,100.0
1781837985.49,ROCM_SMI,GPU_0,7861.8,218.0,100.0
1781837987.68,ROCM_SMI,GPU_0,7861.8,217.0,100.0
1781837989.87,ROCM_SMI,GPU_0,7861.8,217.0,100.0
1781837992.06,ROCM_SMI,GPU_0,7861.8,218.0,100.0
1781837994.26,ROCM_SMI,GPU_0,7861.8,219.0,100.0
1781837996.45,ROCM_SMI,GPU_0,7861.8,220.0,100.0
1781837998.64,ROCM_SMI,GPU_0,7861.8,218.0,100.0
1781838000.84,ROCM_SMI,GPU_0,7861.8,220.0,100.0
1781838003.03,ROCM_SMI,GPU_0,7861.8,219.0,100.0
1781838005.23,ROCM_SMI,GPU_0,7861.8,215.0,79.0
1781838007.43,ROCM_SMI,GPU_0,7861.8,220.0,100.0
1781838009.62,ROCM_SMI,GPU_0,7861.8,220.0,100.0
1781838011.81,ROCM_SMI,GPU_0,7861.8,224.0,100.0
1781838014.01,ROCM_SMI,GPU_0,7861.8,222.0,100.0
1781838016.20,ROCM_SMI,GPU_0,7861.8,216.0,100.0
1781838018.39,ROCM_SMI,GPU_0,7861.8,216.0,100.0
1781838020.60,ROCM_SMI,GPU_0,7861.8,233.0,100.0
1781838022.79,ROCM_SMI,GPU_0,7861.8,216.0,100.0
1781838024.99,ROCM_SMI,GPU_0,7861.8,217.0,100.0
1781838027.18,ROCM_SMI,GPU_0,7861.8,217.0,100.0
1781838029.38,ROCM_SMI,GPU_0,7861.8,218.0,100.0
1781838031.57,ROCM_SMI,GPU_0,7861.8,217.0,100.0
1781838033.77,ROCM_SMI,GPU_0,7861.8,230.0,100.0
1781838035.96,ROCM_SMI,GPU_0,7861.8,217.0,100.0
1781838038.16,ROCM_SMI,GPU_0,7861.8,215.0,100.0
1781838040.35,ROCM_SMI,GPU_0,7861.8,216.0,100.0
1781838042.54,ROCM_SMI,GPU_0,7861.8,219.0,100.0
1781838044.73,ROCM_SMI,GPU_0,7861.8,222.0,100.0
1781838046.93,ROCM_SMI,GPU_0,7861.8,223.0,100.0
1781838049.12,ROCM_SMI,GPU_0,7861.8,216.0,100.0
1781838051.32,ROCM_SMI,GPU_0,7861.8,217.0,100.0
1781838053.51,ROCM_SMI,GPU_0,7861.8,216.0,100.0
1781838055.71,ROCM_SMI,GPU_0,7861.8,214.0,100.0
1781838057.90,ROCM_SMI,GPU_0,7861.8,216.0,100.0
1781838060.10,ROCM_SMI,GPU_0,7861.8,218.0,100.0
1781838062.29,ROCM_SMI,GPU_0,7861.8,218.0,100.0
1781838064.48,ROCM_SMI,GPU_0,7861.8,217.0,100.0
1781838066.68,ROCM_SMI,GPU_0,7861.8,214.0,100.0
1781838068.87,ROCM_SMI,GPU_0,7861.8,219.0,100.0
1781838071.07,ROCM_SMI,GPU_0,7861.8,217.0,100.0
1781838073.26,ROCM_SMI,GPU_0,7861.8,220.0,100.0
1781838075.46,ROCM_SMI,GPU_0,7861.8,221.0,100.0
1781838077.65,ROCM_SMI,GPU_0,7861.8,224.0,100.0
1781838079.84,ROCM_SMI,GPU_0,7861.8,219.0,100.0
1781838082.04,ROCM_SMI,GPU_0,7861.8,220.0,100.0
1781838084.23,ROCM_SMI,GPU_0,7861.8,222.0,100.0
1781838086.42,ROCM_SMI,GPU_0,7861.8,224.0,100.0
1781838088.62,ROCM_SMI,GPU_0,7861.8,217.0,100.0
1781838090.81,ROCM_SMI,GPU_0,7861.8,216.0,100.0
1781838093.00,ROCM_SMI,GPU_0,7861.8,216.0,100.0
1781838095.20,ROCM_SMI,GPU_0,7861.8,216.0,100.0
1781838097.39,ROCM_SMI,GPU_0,7861.8,217.0,100.0
1781838099.58,ROCM_SMI,GPU_0,7861.8,214.0,100.0
1781838101.78,ROCM_SMI,GPU_0,7861.8,217.0,100.0
1781838103.97,ROCM_SMI,GPU_0,7861.8,218.0,100.0
1781838106.16,ROCM_SMI,GPU_0,7861.8,220.0,100.0
1781838108.36,ROCM_SMI,GPU_0,7861.8,220.0,100.0
1781838110.55,ROCM_SMI,GPU_0,7861.8,220.0,100.0
1781838112.75,ROCM_SMI,GPU_0,7861.8,219.0,100.0
1781838114.94,ROCM_SMI,GPU_0,7861.8,219.0,100.0
1781838117.13,ROCM_SMI,GPU_0,7861.8,217.0,100.0
1781838119.33,ROCM_SMI,GPU_0,7861.8,218.0,100.0
1781838121.52,ROCM_SMI,GPU_0,7861.8,217.0,100.0
1781838123.72,ROCM_SMI,GPU_0,7861.8,216.0,100.0
1781838125.91,ROCM_SMI,GPU_0,7861.8,214.0,100.0
1781838128.11,ROCM_SMI,GPU_0,7861.8,215.0,100.0
1781838130.30,ROCM_SMI,GPU_0,7861.8,214.0,100.0
1781838132.50,ROCM_SMI,GPU_0,7861.8,216.0,100.0
1781838134.69,ROCM_SMI,GPU_0,7861.8,218.0,100.0
1781838136.88,ROCM_SMI,GPU_0,7861.8,222.0,100.0
1781838139.08,ROCM_SMI,GPU_0,7861.8,220.0,100.0
1781838141.27,ROCM_SMI,GPU_0,7861.8,219.0,100.0
1781838143.47,ROCM_SMI,GPU_0,7861.8,220.0,100.0
1781838145.66,ROCM_SMI,GPU_0,7861.8,220.0,100.0
1781838147.85,ROCM_SMI,GPU_0,7861.8,220.0,100.0
1781838150.04,ROCM_SMI,GPU_0,7861.8,222.0,100.0
1781838152.24,ROCM_SMI,GPU_0,7861.8,217.0,100.0
1781838154.44,ROCM_SMI,GPU_0,7861.8,215.0,100.0
1781838156.63,ROCM_SMI,GPU_0,7861.8,215.0,100.0
1781838158.82,ROCM_SMI,GPU_0,7861.8,218.0,100.0
1781838161.02,ROCM_SMI,GPU_0,7861.8,216.0,100.0
1781838163.21,ROCM_SMI,GPU_0,7861.8,216.0,100.0
1781838165.41,ROCM_SMI,GPU_0,7861.8,219.0,100.0
1781838167.60,ROCM_SMI,GPU_0,7861.8,219.0,100.0
1781838169.80,ROCM_SMI,GPU_0,7861.8,223.0,100.0
1781838172.00,ROCM_SMI,GPU_0,7861.8,224.0,100.0
1781838174.19,ROCM_SMI,GPU_0,7861.8,220.0,100.0
1781838176.38,ROCM_SMI,GPU_0,7861.8,219.0,100.0
1781838178.58,ROCM_SMI,GPU_0,7861.8,221.0,100.0
1781838180.77,ROCM_SMI,GPU_0,7861.8,223.0,100.0
1781838182.97,ROCM_SMI,GPU_0,7861.8,221.0,100.0
1781838185.16,ROCM_SMI,GPU_0,7861.8,216.0,100.0
1781838187.35,ROCM_SMI,GPU_0,7861.8,215.0,100.0
1781838189.55,ROCM_SMI,GPU_0,7861.8,219.0,100.0
1781838191.74,ROCM_SMI,GPU_0,7861.8,217.0,100.0
1781838193.94,ROCM_SMI,GPU_0,7861.8,209.0,100.0
1781838196.13,ROCM_SMI,GPU_0,7861.8,215.0,100.0
1781838198.33,ROCM_SMI,GPU_0,7861.8,221.0,100.0
1781838200.52,ROCM_SMI,GPU_0,7861.8,218.0,100.0
1781838202.71,ROCM_SMI,GPU_0,7861.8,219.0,100.0
1781838204.91,ROCM_SMI,GPU_0,7861.8,217.0,100.0
1781838207.10,ROCM_SMI,GPU_0,7861.8,226.0,100.0
1781838209.30,ROCM_SMI,GPU_0,7861.8,219.0,100.0
1781838211.49,ROCM_SMI,GPU_0,7861.8,220.0,100.0
1781838213.68,ROCM_SMI,GPU_0,7861.8,222.0,100.0
1781838215.87,ROCM_SMI,GPU_0,7861.8,218.0,100.0
1781838218.07,ROCM_SMI,GPU_0,7861.8,221.0,100.0
1781838220.26,ROCM_SMI,GPU_0,7861.8,217.0,100.0
1781838222.46,ROCM_SMI,GPU_0,7861.8,216.0,100.0
1781838224.65,ROCM_SMI,GPU_0,7861.8,214.0,100.0
1781838226.84,ROCM_SMI,GPU_0,7861.8,220.0,100.0
1781838229.04,ROCM_SMI,GPU_0,7861.8,222.0,100.0
1781838231.23,ROCM_SMI,GPU_0,7861.8,221.0,100.0
1781838233.43,ROCM_SMI,GPU_0,7861.8,219.0,100.0
1781838235.62,ROCM_SMI,GPU_0,7861.8,220.0,100.0
1781838237.81,ROCM_SMI,GPU_0,7861.8,217.0,100.0
1781838240.01,ROCM_SMI,GPU_0,7861.8,221.0,100.0
1781838242.20,ROCM_SMI,GPU_0,7861.8,219.0,100.0
1781838244.39,ROCM_SMI,GPU_0,7861.8,219.0,100.0
1781838246.59,ROCM_SMI,GPU_0,7861.8,221.0,100.0
1781838248.78,ROCM_SMI,GPU_0,7861.8,220.0,100.0
1781838250.98,ROCM_SMI,GPU_0,7861.8,221.0,100.0
1781838253.17,ROCM_SMI,GPU_0,7861.8,219.0,100.0
1781838255.37,ROCM_SMI,GPU_0,7861.8,215.0,100.0
1781838257.56,ROCM_SMI,GPU_0,7861.8,216.0,86.0
1781838259.76,ROCM_SMI,GPU_0,7861.8,219.0,100.0
1781838261.95,ROCM_SMI,GPU_0,7861.8,221.0,100.0
1781838264.14,ROCM_SMI,GPU_0,7861.8,219.0,100.0
1781838266.34,ROCM_SMI,GPU_0,7861.8,220.0,100.0
1781838268.53,ROCM_SMI,GPU_0,7861.8,215.0,100.0
1781838270.73,ROCM_SMI,GPU_0,7861.8,217.0,100.0
1781838272.92,ROCM_SMI,GPU_0,7861.8,217.0,100.0
1781838275.12,ROCM_SMI,GPU_0,7861.8,223.0,100.0
1781838277.31,ROCM_SMI,GPU_0,7861.8,224.0,100.0
1781838279.50,ROCM_SMI,GPU_0,7861.8,219.0,100.0
1781838281.70,ROCM_SMI,GPU_0,7861.8,218.0,100.0
1781838283.89,ROCM_SMI,GPU_0,7861.8,213.0,100.0
1781838286.09,ROCM_SMI,GPU_0,7861.8,215.0,100.0
1781838288.29,ROCM_SMI,GPU_0,7861.8,216.0,100.0
1781838290.48,ROCM_SMI,GPU_0,7861.8,217.0,100.0
1781838292.68,ROCM_SMI,GPU_0,7861.8,216.0,100.0
1781838294.87,ROCM_SMI,GPU_0,7861.8,220.0,100.0
1781838297.06,ROCM_SMI,GPU_0,7861.8,222.0,100.0
1781838299.26,ROCM_SMI,GPU_0,7861.8,219.0,100.0
1781838301.46,ROCM_SMI,GPU_0,7861.8,228.0,100.0
1781838303.65,ROCM_SMI,GPU_0,7861.8,219.0,100.0
1781838305.84,ROCM_SMI,GPU_0,7861.8,217.0,100.0
1781838308.04,ROCM_SMI,GPU_0,7861.8,215.0,100.0
1781838310.23,ROCM_SMI,GPU_0,7861.8,216.0,100.0
1781838312.43,ROCM_SMI,GPU_0,7861.8,216.0,100.0
1781838314.62,ROCM_SMI,GPU_0,7861.8,227.0,100.0
1781838316.82,ROCM_SMI,GPU_0,7861.8,219.0,100.0
1781838319.01,ROCM_SMI,GPU_0,7861.8,215.0,100.0
1781838321.20,ROCM_SMI,GPU_0,7861.8,217.0,100.0
1781838323.40,ROCM_SMI,GPU_0,7861.8,215.0,100.0
1781838325.59,ROCM_SMI,GPU_0,7861.8,218.0,100.0
1781838327.79,ROCM_SMI,GPU_0,7861.8,225.0,100.0
1781838329.98,ROCM_SMI,GPU_0,7861.8,220.0,100.0
1781838332.17,ROCM_SMI,GPU_0,7861.8,224.0,100.0
1781838334.37,ROCM_SMI,GPU_0,7861.8,220.0,100.0
1781838336.56,ROCM_SMI,GPU_0,7861.8,219.0,100.0
1781838338.76,ROCM_SMI,GPU_0,7861.8,221.0,100.0
1781838340.95,ROCM_SMI,GPU_0,7861.8,224.0,100.0
1781838343.15,ROCM_SMI,GPU_0,7861.8,217.0,100.0
1781838345.34,ROCM_SMI,GPU_0,7861.8,215.0,100.0
1781838347.53,ROCM_SMI,GPU_0,7861.8,214.0,100.0
1781838349.73,ROCM_SMI,GPU_0,7861.8,220.0,100.0
1781838351.92,ROCM_SMI,GPU_0,7861.8,217.0,100.0
1781838354.11,ROCM_SMI,GPU_0,7861.8,210.0,100.0
1781838356.31,ROCM_SMI,GPU_0,7861.8,219.0,84.0
1781838358.50,ROCM_SMI,GPU_0,7861.8,217.0,100.0
1781838360.70,ROCM_SMI,GPU_0,7861.8,220.0,100.0
1781838362.89,ROCM_SMI,GPU_0,7861.8,222.0,100.0
1781838365.08,ROCM_SMI,GPU_0,7861.8,219.0,100.0
1781838367.28,ROCM_SMI,GPU_0,7861.8,223.0,100.0
1781838369.47,ROCM_SMI,GPU_0,7861.8,217.0,100.0
1781838371.66,ROCM_SMI,GPU_0,7861.8,216.0,100.0
1781838373.86,ROCM_SMI,GPU_0,7861.8,215.0,100.0
1781838376.05,ROCM_SMI,GPU_0,7861.8,218.0,100.0
1781838378.24,ROCM_SMI,GPU_0,7861.8,216.0,100.0
1781838380.44,ROCM_SMI,GPU_0,7861.8,222.0,100.0
1781838382.64,ROCM_SMI,GPU_0,7861.8,219.0,100.0
1781838384.83,ROCM_SMI,GPU_0,7861.8,216.0,100.0
1781838387.03,ROCM_SMI,GPU_0,7861.8,215.0,100.0
1781838389.22,ROCM_SMI,GPU_0,7861.8,212.0,100.0
1781838391.41,ROCM_SMI,GPU_0,7861.8,221.0,100.0
1781838393.61,ROCM_SMI,GPU_0,7861.8,220.0,100.0
1781838395.80,ROCM_SMI,GPU_0,7861.8,219.0,100.0
1781838398.00,ROCM_SMI,GPU_0,7861.8,219.0,100.0
1781838400.19,ROCM_SMI,GPU_0,7861.8,215.0,100.0
1781838402.38,ROCM_SMI,GPU_0,7861.8,217.0,100.0
1781838404.58,ROCM_SMI,GPU_0,7861.8,219.0,100.0
1781838406.77,ROCM_SMI,GPU_0,7861.8,218.0,100.0
1781838408.97,ROCM_SMI,GPU_0,7861.8,221.0,100.0
1781838411.16,ROCM_SMI,GPU_0,7861.8,222.0,100.0
1781838413.35,ROCM_SMI,GPU_0,7861.8,219.0,100.0
1781838415.55,ROCM_SMI,GPU_0,7861.8,214.0,100.0
1781838417.74,ROCM_SMI,GPU_0,7861.8,215.0,100.0
1781838419.93,ROCM_SMI,GPU_0,7861.8,219.0,79.0
1781838422.13,ROCM_SMI,GPU_0,7861.8,217.0,100.0
1781838424.33,ROCM_SMI,GPU_0,7861.8,218.0,100.0
1781838426.52,ROCM_SMI,GPU_0,7861.8,220.0,100.0
1781838428.72,ROCM_SMI,GPU_0,7861.8,221.0,100.0
1781838430.91,ROCM_SMI,GPU_0,7861.8,218.0,100.0
1781838433.10,ROCM_SMI,GPU_0,7861.8,221.0,100.0
1781838435.31,ROCM_SMI,GPU_0,7861.8,236.0,100.0
1781838437.50,ROCM_SMI,GPU_0,7861.8,215.0,100.0
1781838439.70,ROCM_SMI,GPU_0,7861.8,214.0,100.0
1781838441.89,ROCM_SMI,GPU_0,7861.8,216.0,100.0
1781838444.08,ROCM_SMI,GPU_0,7861.8,215.0,100.0
1781838446.28,ROCM_SMI,GPU_0,7861.8,218.0,100.0
1781838448.48,ROCM_SMI,GPU_0,7861.8,227.0,100.0
1781838450.67,ROCM_SMI,GPU_0,7861.8,221.0,100.0
1781838452.87,ROCM_SMI,GPU_0,7861.8,216.0,100.0
1781838455.06,ROCM_SMI,GPU_0,7861.8,219.0,95.0
1781838457.26,ROCM_SMI,GPU_0,7861.8,221.0,100.0
1781838459.45,ROCM_SMI,GPU_0,7861.8,217.0,100.0
1781838461.64,ROCM_SMI,GPU_0,7861.8,217.0,100.0
1781838463.84,ROCM_SMI,GPU_0,7861.8,220.0,100.0
1781838466.03,ROCM_SMI,GPU_0,7861.8,218.0,100.0
1781838468.23,ROCM_SMI,GPU_0,7861.8,216.0,100.0
1781838470.42,ROCM_SMI,GPU_0,7861.8,217.0,100.0
1781838472.62,ROCM_SMI,GPU_0,7861.8,217.0,100.0
1781838474.81,ROCM_SMI,GPU_0,7861.8,224.0,100.0
1781838477.01,ROCM_SMI,GPU_0,7861.8,221.0,100.0
1781838479.20,ROCM_SMI,GPU_0,7861.8,216.0,100.0
1781838481.40,ROCM_SMI,GPU_0,7861.8,215.0,100.0
1781838483.59,ROCM_SMI,GPU_0,7861.8,218.0,100.0
1781838485.78,ROCM_SMI,GPU_0,7861.8,218.0,100.0
1781838487.98,ROCM_SMI,GPU_0,7861.8,216.0,92.0
1781838490.17,ROCM_SMI,GPU_0,7861.8,220.0,100.0
1781838492.36,ROCM_SMI,GPU_0,7861.8,220.0,100.0
1781838494.56,ROCM_SMI,GPU_0,7861.8,218.0,100.0
1781838496.75,ROCM_SMI,GPU_0,7861.8,223.0,100.0
1781838498.95,ROCM_SMI,GPU_0,7861.8,220.0,100.0
1781838501.14,ROCM_SMI,GPU_0,7861.8,219.0,100.0
1781838503.33,ROCM_SMI,GPU_0,7861.8,220.0,100.0
1781838505.53,ROCM_SMI,GPU_0,7861.8,216.0,100.0
1781838507.72,ROCM_SMI,GPU_0,7861.8,215.0,100.0
1781838509.92,ROCM_SMI,GPU_0,7861.8,215.0,100.0
1781838512.11,ROCM_SMI,GPU_0,7861.8,219.0,100.0
1781838514.31,ROCM_SMI,GPU_0,7861.8,219.0,100.0
1781838516.50,ROCM_SMI,GPU_0,7861.8,217.0,100.0
1781838518.69,ROCM_SMI,GPU_0,7861.8,217.0,100.0
1781838520.89,ROCM_SMI,GPU_0,7861.8,218.0,100.0
1781838523.08,ROCM_SMI,GPU_0,7861.8,219.0,100.0
1781838525.28,ROCM_SMI,GPU_0,7861.8,223.0,100.0
1781838527.47,ROCM_SMI,GPU_0,7861.8,224.0,100.0
1781838529.66,ROCM_SMI,GPU_0,7861.8,222.0,100.0
1781838531.86,ROCM_SMI,GPU_0,7861.8,221.0,100.0
1781838534.06,ROCM_SMI,GPU_0,7861.8,238.0,100.0
1781838536.26,ROCM_SMI,GPU_0,7861.8,223.0,100.0
1781838538.45,ROCM_SMI,GPU_0,7861.8,220.0,100.0
1781838540.65,ROCM_SMI,GPU_0,7861.8,220.0,100.0
1781838542.84,ROCM_SMI,GPU_0,7861.8,217.0,100.0
1781838545.03,ROCM_SMI,GPU_0,7861.8,219.0,100.0
1781838547.23,ROCM_SMI,GPU_0,7861.8,229.0,100.0
1781838549.43,ROCM_SMI,GPU_0,7861.8,215.0,100.0
1781838551.62,ROCM_SMI,GPU_0,7861.8,215.0,100.0
1781838553.82,ROCM_SMI,GPU_0,7861.8,221.0,100.0
1781838556.01,ROCM_SMI,GPU_0,7861.8,224.0,100.0
1781838558.20,ROCM_SMI,GPU_0,7861.8,221.0,100.0
1781838560.40,ROCM_SMI,GPU_0,7861.8,218.0,100.0
1781838562.59,ROCM_SMI,GPU_0,7861.8,218.0,100.0
1781838564.79,ROCM_SMI,GPU_0,7861.8,218.0,100.0
1781838566.98,ROCM_SMI,GPU_0,7861.8,218.0,100.0
1781838569.17,ROCM_SMI,GPU_0,7861.8,218.0,100.0
1781838571.37,ROCM_SMI,GPU_0,7861.8,218.0,100.0
1781838573.56,ROCM_SMI,GPU_0,7861.8,223.0,100.0
1781838575.76,ROCM_SMI,GPU_0,7861.8,223.0,100.0
1781838577.95,ROCM_SMI,GPU_0,7861.8,219.0,100.0
1781838580.15,ROCM_SMI,GPU_0,7861.8,221.0,100.0
1781838582.34,ROCM_SMI,GPU_0,7861.8,217.0,100.0
1781838584.53,ROCM_SMI,GPU_0,7861.8,214.0,87.0
1781838586.73,ROCM_SMI,GPU_0,7861.8,221.0,100.0
1781838588.92,ROCM_SMI,GPU_0,7861.8,220.0,100.0
1781838591.12,ROCM_SMI,GPU_0,7861.8,221.0,100.0
1781838593.31,ROCM_SMI,GPU_0,7861.8,223.0,100.0
1781838595.51,ROCM_SMI,GPU_0,7861.8,217.0,100.0
1781838597.70,ROCM_SMI,GPU_0,7861.8,219.0,100.0
1781838599.90,ROCM_SMI,GPU_0,7861.8,219.0,100.0
1781838602.09,ROCM_SMI,GPU_0,7861.8,219.0,100.0
1781838604.28,ROCM_SMI,GPU_0,7861.8,223.0,100.0
1781838606.48,ROCM_SMI,GPU_0,7861.8,219.0,100.0
1781838608.67,ROCM_SMI,GPU_0,7861.8,219.0,100.0
1781838610.86,ROCM_SMI,GPU_0,7861.8,214.0,100.0
1781838613.06,ROCM_SMI,GPU_0,7861.8,217.0,100.0
1781838615.25,ROCM_SMI,GPU_0,7861.8,219.0,100.0
1781838617.45,ROCM_SMI,GPU_0,7861.8,217.0,79.0
1781838619.64,ROCM_SMI,GPU_0,7861.8,221.0,100.0
1781838621.84,ROCM_SMI,GPU_0,7861.8,219.0,100.0
1781838624.03,ROCM_SMI,GPU_0,7861.8,220.0,100.0
1781838626.23,ROCM_SMI,GPU_0,7861.8,222.0,100.0
1781838628.43,ROCM_SMI,GPU_0,7861.8,222.0,100.0
1781838630.62,ROCM_SMI,GPU_0,7861.8,220.0,100.0
1781838632.81,ROCM_SMI,GPU_0,7861.8,221.0,100.0
1781838635.01,ROCM_SMI,GPU_0,7861.8,223.0,100.0
1781838637.20,ROCM_SMI,GPU_0,7861.8,223.0,100.0
1781838639.40,ROCM_SMI,GPU_0,7861.8,218.0,100.0
1781838641.59,ROCM_SMI,GPU_0,7861.8,219.0,100.0
1781838643.79,ROCM_SMI,GPU_0,7861.8,215.0,100.0
1781838645.98,ROCM_SMI,GPU_0,7861.8,217.0,100.0
1781838648.18,ROCM_SMI,GPU_0,7861.8,218.0,100.0
1781838650.37,ROCM_SMI,GPU_0,7861.8,219.0,100.0
1781838652.56,ROCM_SMI,GPU_0,7861.8,218.0,100.0
1781838654.76,ROCM_SMI,GPU_0,7861.8,225.0,100.0
1781838656.96,ROCM_SMI,GPU_0,7861.8,219.0,100.0
1781838659.15,ROCM_SMI,GPU_0,7861.8,220.0,100.0
1781838661.34,ROCM_SMI,GPU_0,7861.8,221.0,100.0
1781838663.54,ROCM_SMI,GPU_0,7861.8,221.0,100.0
1781838665.73,ROCM_SMI,GPU_0,7861.8,224.0,100.0
1781838667.93,ROCM_SMI,GPU_0,7861.8,220.0,100.0
1781838670.13,ROCM_SMI,GPU_0,7861.8,216.0,100.0
1781838672.32,ROCM_SMI,GPU_0,7861.8,218.0,100.0
1781838674.51,ROCM_SMI,GPU_0,7861.8,220.0,100.0
1781838676.71,ROCM_SMI,GPU_0,7861.8,216.0,100.0
1781838678.90,ROCM_SMI,GPU_0,7861.8,216.0,100.0
1781838681.10,ROCM_SMI,GPU_0,7861.8,212.0,100.0
1781838683.29,ROCM_SMI,GPU_0,7861.8,218.0,79.0
1781838685.48,ROCM_SMI,GPU_0,7861.8,222.0,100.0
1781838687.68,ROCM_SMI,GPU_0,7861.8,224.0,100.0
1781838689.87,ROCM_SMI,GPU_0,7861.8,221.0,100.0
1781838692.06,ROCM_SMI,GPU_0,7861.8,221.0,100.0
1781838694.26,ROCM_SMI,GPU_0,7861.8,224.0,100.0
1781838696.45,ROCM_SMI,GPU_0,7861.8,219.0,100.0
1781838698.65,ROCM_SMI,GPU_0,7861.8,220.0,100.0
1781838700.84,ROCM_SMI,GPU_0,7861.8,217.0,100.0
1781838703.03,ROCM_SMI,GPU_0,7861.8,217.0,100.0
1781838705.23,ROCM_SMI,GPU_0,7861.8,223.0,100.0
1781838707.42,ROCM_SMI,GPU_0,7861.8,222.0,100.0
1781838709.62,ROCM_SMI,GPU_0,7861.8,220.0,100.0
1781838711.81,ROCM_SMI,GPU_0,7861.8,218.0,100.0
1781838714.01,ROCM_SMI,GPU_0,7861.8,215.0,100.0
1781838716.20,ROCM_SMI,GPU_0,7861.8,220.0,100.0
1781838718.39,ROCM_SMI,GPU_0,7861.8,224.0,100.0
1781838720.59,ROCM_SMI,GPU_0,7861.8,219.0,100.0
1781838722.79,ROCM_SMI,GPU_0,7861.8,224.0,100.0
1781838724.98,ROCM_SMI,GPU_0,7861.8,218.0,100.0
1781838727.17,ROCM_SMI,GPU_0,7861.8,223.0,100.0
1781838729.37,ROCM_SMI,GPU_0,7861.8,218.0,100.0
1781838731.56,ROCM_SMI,GPU_0,7861.8,223.0,100.0
1781838733.76,ROCM_SMI,GPU_0,7861.8,223.0,100.0
1781838735.95,ROCM_SMI,GPU_0,7861.8,216.0,100.0
1781838738.14,ROCM_SMI,GPU_0,7861.8,214.0,100.0
1781838740.34,ROCM_SMI,GPU_0,7861.8,217.0,100.0
1781838742.53,ROCM_SMI,GPU_0,7861.8,216.0,100.0
1781838744.73,ROCM_SMI,GPU_0,7861.8,222.0,100.0
1781838746.92,ROCM_SMI,GPU_0,7861.8,219.0,100.0
1781838749.11,ROCM_SMI,GPU_0,7861.8,218.0,100.0
1781838751.31,ROCM_SMI,GPU_0,7861.8,220.0,100.0
1781838753.50,ROCM_SMI,GPU_0,7861.8,224.0,100.0
1781838755.70,ROCM_SMI,GPU_0,7861.8,225.0,100.0
1781838757.89,ROCM_SMI,GPU_0,7861.8,216.0,100.0
1781838760.09,ROCM_SMI,GPU_0,7861.8,217.0,100.0
1781838762.28,ROCM_SMI,GPU_0,7861.8,217.0,100.0
1781838764.48,ROCM_SMI,GPU_0,7861.8,214.0,100.0
1781838766.67,ROCM_SMI,GPU_0,7861.8,216.0,100.0
1781838768.86,ROCM_SMI,GPU_0,7861.8,218.0,100.0
1781838771.06,ROCM_SMI,GPU_0,7861.8,219.0,100.0
1781838773.25,ROCM_SMI,GPU_0,7861.8,215.0,100.0
1781838775.45,ROCM_SMI,GPU_0,7861.8,221.0,100.0
1781838777.64,ROCM_SMI,GPU_0,7861.8,218.0,100.0
1781838779.83,ROCM_SMI,GPU_0,7861.8,220.0,100.0
1781838782.03,ROCM_SMI,GPU_0,7861.8,218.0,100.0
1781838784.22,ROCM_SMI,GPU_0,7861.8,217.0,100.0
1781838786.42,ROCM_SMI,GPU_0,7861.8,225.0,100.0
1781838788.62,ROCM_SMI,GPU_0,7861.8,224.0,100.0
1781838790.81,ROCM_SMI,GPU_0,7861.8,216.0,100.0
1781838793.01,ROCM_SMI,GPU_0,7861.8,217.0,100.0
1781838795.20,ROCM_SMI,GPU_0,7861.8,215.0,100.0
1781838797.39,ROCM_SMI,GPU_0,7861.8,216.0,100.0
1781838799.59,ROCM_SMI,GPU_0,7861.8,215.0,100.0
1781838801.79,ROCM_SMI,GPU_0,7861.8,220.0,100.0
1781838803.98,ROCM_SMI,GPU_0,7861.8,222.0,100.0
1781838806.18,ROCM_SMI,GPU_0,7861.8,219.0,100.0
1781838808.37,ROCM_SMI,GPU_0,7861.8,220.0,100.0
1781838810.56,ROCM_SMI,GPU_0,7861.8,213.0,100.0
1781838812.76,ROCM_SMI,GPU_0,7861.8,215.0,100.0
1781838814.95,ROCM_SMI,GPU_0,7861.8,216.0,100.0
1781838817.15,ROCM_SMI,GPU_0,7861.8,220.0,100.0
1781838819.34,ROCM_SMI,GPU_0,7861.8,219.0,100.0
1781838821.53,ROCM_SMI,GPU_0,7861.8,219.0,100.0
1781838823.73,ROCM_SMI,GPU_0,7861.8,214.0,100.0
1781838825.92,ROCM_SMI,GPU_0,7861.8,216.0,100.0
1781838828.11,ROCM_SMI,GPU_0,7861.8,221.0,100.0
1781838830.31,ROCM_SMI,GPU_0,7861.8,217.0,100.0
1781838832.50,ROCM_SMI,GPU_0,7861.8,224.0,100.0
1781838834.69,ROCM_SMI,GPU_0,7861.8,220.0,100.0
1781838836.89,ROCM_SMI,GPU_0,7861.8,219.0,100.0
1781838839.08,ROCM_SMI,GPU_0,7861.8,214.0,100.0
1781838841.28,ROCM_SMI,GPU_0,7861.8,214.0,100.0
1781838843.48,ROCM_SMI,GPU_0,7861.8,215.0,100.0
1781838845.67,ROCM_SMI,GPU_0,7861.8,220.0,100.0
1781838847.87,ROCM_SMI,GPU_0,7861.8,218.0,100.0
1781838850.06,ROCM_SMI,GPU_0,7861.8,222.0,100.0
1781838852.25,ROCM_SMI,GPU_0,7861.8,221.0,100.0
1781838854.45,ROCM_SMI,GPU_0,7861.8,219.0,100.0
1781838856.64,ROCM_SMI,GPU_0,7861.8,221.0,100.0
1781838858.84,ROCM_SMI,GPU_0,7861.8,217.0,100.0
1781838861.03,ROCM_SMI,GPU_0,7861.8,215.0,100.0
1781838863.22,ROCM_SMI,GPU_0,7861.8,216.0,100.0
1781838865.42,ROCM_SMI,GPU_0,7861.8,216.0,100.0
1781838867.61,ROCM_SMI,GPU_0,7861.8,215.0,100.0
1781838869.81,ROCM_SMI,GPU_0,7861.8,219.0,100.0
1781838872.00,ROCM_SMI,GPU_0,7861.8,216.0,100.0
1781838874.19,ROCM_SMI,GPU_0,7861.8,214.0,100.0
1781838876.39,ROCM_SMI,GPU_0,7861.8,220.0,100.0
1781838878.58,ROCM_SMI,GPU_0,7861.8,217.0,100.0
1781838880.78,ROCM_SMI,GPU_0,7861.8,218.0,100.0
1781838882.97,ROCM_SMI,GPU_0,7861.8,220.0,100.0
1781838885.17,ROCM_SMI,GPU_0,7861.8,223.0,100.0
1781838887.36,ROCM_SMI,GPU_0,7861.8,217.0,100.0
1781838889.56,ROCM_SMI,GPU_0,7861.8,216.0,100.0
1781838891.75,ROCM_SMI,GPU_0,7861.8,214.0,100.0
1781838893.95,ROCM_SMI,GPU_0,7861.8,218.0,100.0
1781838896.14,ROCM_SMI,GPU_0,7861.8,215.0,100.0
1781838898.34,ROCM_SMI,GPU_0,7861.8,218.0,100.0
1781838900.53,ROCM_SMI,GPU_0,7861.8,222.0,100.0
1781838902.72,ROCM_SMI,GPU_0,7861.8,218.0,100.0
1781838904.92,ROCM_SMI,GPU_0,7861.8,212.0,100.0
1781838907.11,ROCM_SMI,GPU_0,7861.8,216.0,100.0
1781838909.31,ROCM_SMI,GPU_0,7861.8,216.0,100.0
1781838911.50,ROCM_SMI,GPU_0,7861.8,217.0,80.0
1781838913.69,ROCM_SMI,GPU_0,7861.8,219.0,100.0
1781838915.89,ROCM_SMI,GPU_0,7861.8,219.0,100.0
1781838918.08,ROCM_SMI,GPU_0,7861.8,220.0,100.0
1781838920.28,ROCM_SMI,GPU_0,7861.8,220.0,100.0
1781838922.48,ROCM_SMI,GPU_0,7861.8,196.0,100.0
1781838924.67,ROCM_SMI,GPU_0,7861.8,218.0,100.0
1781838926.86,ROCM_SMI,GPU_0,7861.8,221.0,100.0
1781838929.06,ROCM_SMI,GPU_0,7861.8,218.0,100.0
1781838931.25,ROCM_SMI,GPU_0,7861.8,215.0,100.0
1781838933.45,ROCM_SMI,GPU_0,7861.8,214.0,100.0
1781838935.64,ROCM_SMI,GPU_0,7861.8,227.0,100.0
1781838937.84,ROCM_SMI,GPU_0,7861.8,217.0,100.0
1781838940.03,ROCM_SMI,GPU_0,7861.8,214.0,100.0
1781838942.22,ROCM_SMI,GPU_0,7861.8,218.0,100.0
1781838944.42,ROCM_SMI,GPU_0,7861.8,216.0,92.0
1781838946.61,ROCM_SMI,GPU_0,7861.8,217.0,100.0
1781838948.81,ROCM_SMI,GPU_0,7861.8,220.0,100.0
1781838951.00,ROCM_SMI,GPU_0,7861.8,220.0,100.0
1781838953.20,ROCM_SMI,GPU_0,7861.8,220.0,100.0
1781838955.39,ROCM_SMI,GPU_0,7861.8,220.0,100.0
1781838957.58,ROCM_SMI,GPU_0,7861.8,217.0,100.0
1781838959.78,ROCM_SMI,GPU_0,7861.8,216.0,100.0
1781838961.97,ROCM_SMI,GPU_0,7861.8,220.0,100.0
1781838964.16,ROCM_SMI,GPU_0,7861.8,220.0,100.0
1781838966.36,ROCM_SMI,GPU_0,7861.8,214.0,100.0
1781838968.55,ROCM_SMI,GPU_0,7861.8,221.0,100.0
1781838970.74,ROCM_SMI,GPU_0,7861.8,218.0,100.0
1781838972.94,ROCM_SMI,GPU_0,7861.8,214.0,100.0
1781838975.13,ROCM_SMI,GPU_0,7861.8,213.0,100.0
1781838977.32,ROCM_SMI,GPU_0,7861.8,215.0,100.0
1781838979.52,ROCM_SMI,GPU_0,7861.8,220.0,100.0
1781838981.71,ROCM_SMI,GPU_0,7861.8,220.0,100.0
1781838983.90,ROCM_SMI,GPU_0,7861.8,220.0,100.0
1781838986.10,ROCM_SMI,GPU_0,7861.8,220.0,100.0
1781838988.29,ROCM_SMI,GPU_0,7861.8,223.0,100.0
1781838990.49,ROCM_SMI,GPU_0,7861.8,223.0,100.0
1781838992.68,ROCM_SMI,GPU_0,7861.8,218.0,100.0
1781838994.88,ROCM_SMI,GPU_0,7861.8,217.0,100.0
1781838997.07,ROCM_SMI,GPU_0,7861.8,216.0,100.0
1781838999.26,ROCM_SMI,GPU_0,7861.8,217.0,100.0
1781839001.46,ROCM_SMI,GPU_0,7861.8,217.0,100.0
1781839003.65,ROCM_SMI,GPU_0,7861.8,214.0,100.0
1781839005.85,ROCM_SMI,GPU_0,7861.8,218.0,100.0
1781839008.04,ROCM_SMI,GPU_0,7861.8,218.0,100.0
1781839010.23,ROCM_SMI,GPU_0,7861.8,217.0,100.0
1781839012.43,ROCM_SMI,GPU_0,7861.8,220.0,100.0
1781839014.62,ROCM_SMI,GPU_0,7861.8,220.0,100.0
1781839016.81,ROCM_SMI,GPU_0,7861.8,223.0,100.0
1781839019.01,ROCM_SMI,GPU_0,7861.8,221.0,100.0
1781839021.20,ROCM_SMI,GPU_0,7861.8,216.0,100.0
1781839023.39,ROCM_SMI,GPU_0,7861.8,217.0,100.0
1781839025.59,ROCM_SMI,GPU_0,7861.8,213.0,100.0
1781839027.79,ROCM_SMI,GPU_0,7861.8,217.0,100.0
1781839029.98,ROCM_SMI,GPU_0,7861.8,220.0,100.0
1781839032.18,ROCM_SMI,GPU_0,7861.8,216.0,100.0
1781839034.37,ROCM_SMI,GPU_0,7861.8,219.0,100.0
1781839036.56,ROCM_SMI,GPU_0,7861.8,216.0,100.0
1781839038.76,ROCM_SMI,GPU_0,7861.8,213.0,100.0
1781839040.95,ROCM_SMI,GPU_0,7861.8,219.0,100.0
1781839043.15,ROCM_SMI,GPU_0,7861.8,218.0,100.0
1781839045.34,ROCM_SMI,GPU_0,7861.8,220.0,100.0
1781839047.53,ROCM_SMI,GPU_0,7861.8,219.0,100.0
1781839049.73,ROCM_SMI,GPU_0,7861.8,216.0,100.0
1781839051.92,ROCM_SMI,GPU_0,7861.8,218.0,100.0
1781839054.11,ROCM_SMI,GPU_0,7861.8,219.0,100.0
1781839056.32,ROCM_SMI,GPU_0,7861.8,225.0,100.0
1781839058.51,ROCM_SMI,GPU_0,7861.8,219.0,100.0
1781839060.71,ROCM_SMI,GPU_0,7861.8,216.0,100.0
1781839062.91,ROCM_SMI,GPU_0,7861.8,217.0,100.0
1781839065.11,ROCM_SMI,GPU_0,7861.8,216.0,100.0
1781839067.30,ROCM_SMI,GPU_0,7861.8,217.0,100.0
1781839069.49,ROCM_SMI,GPU_0,7861.8,214.0,100.0
1781839071.69,ROCM_SMI,GPU_0,7861.8,217.0,100.0
1781839073.88,ROCM_SMI,GPU_0,7861.8,216.0,100.0
1781839076.08,ROCM_SMI,GPU_0,7861.8,215.0,100.0
1781839078.27,ROCM_SMI,GPU_0,7861.8,218.0,100.0
1781839080.46,ROCM_SMI,GPU_0,7861.8,220.0,100.0
1781839082.66,ROCM_SMI,GPU_0,7861.8,217.0,100.0
1781839084.85,ROCM_SMI,GPU_0,7861.8,216.0,100.0
1781839087.04,ROCM_SMI,GPU_0,7861.8,215.0,100.0
1781839089.24,ROCM_SMI,GPU_0,7861.8,217.0,100.0
1781839091.43,ROCM_SMI,GPU_0,7861.8,218.0,100.0
1781839093.62,ROCM_SMI,GPU_0,7861.8,219.0,100.0
1781839095.82,ROCM_SMI,GPU_0,7861.8,217.0,100.0
1781839098.01,ROCM_SMI,GPU_0,7861.8,216.0,100.0
1781839100.21,ROCM_SMI,GPU_0,7861.8,216.0,100.0
1781839102.40,ROCM_SMI,GPU_0,7861.8,219.0,100.0
1781839104.59,ROCM_SMI,GPU_0,7861.8,214.0,100.0
1781839106.79,ROCM_SMI,GPU_0,7861.8,215.0,100.0
1781839108.98,ROCM_SMI,GPU_0,7861.8,222.0,100.0
1781839111.17,ROCM_SMI,GPU_0,7861.8,220.0,100.0
1781839113.37,ROCM_SMI,GPU_0,7861.8,219.0,100.0
1781839115.56,ROCM_SMI,GPU_0,7861.8,222.0,100.0
1781839117.75,ROCM_SMI,GPU_0,7861.8,218.0,100.0
1781839119.95,ROCM_SMI,GPU_0,7861.8,218.0,100.0
1781839122.14,ROCM_SMI,GPU_0,7861.8,220.0,100.0
1781839124.34,ROCM_SMI,GPU_0,7861.8,213.0,100.0
1781839126.53,ROCM_SMI,GPU_0,7861.8,217.0,100.0
1781839128.72,ROCM_SMI,GPU_0,7861.8,216.0,100.0
1781839130.92,ROCM_SMI,GPU_0,7861.8,220.0,100.0
1781839133.11,ROCM_SMI,GPU_0,7861.8,218.0,100.0
1781839135.31,ROCM_SMI,GPU_0,7861.8,217.0,100.0
1781839137.50,ROCM_SMI,GPU_0,7861.8,215.0,100.0
1781839139.69,ROCM_SMI,GPU_0,7861.8,207.0,100.0
1781839141.89,ROCM_SMI,GPU_0,7861.8,221.0,100.0
1781839144.08,ROCM_SMI,GPU_0,7861.8,224.0,100.0
1781839146.27,ROCM_SMI,GPU_0,7861.8,217.0,100.0
1781839148.47,ROCM_SMI,GPU_0,7861.8,218.0,100.0
1781839150.67,ROCM_SMI,GPU_0,7861.8,214.0,100.0
1781839152.86,ROCM_SMI,GPU_0,7861.8,217.0,100.0
1781839155.05,ROCM_SMI,GPU_0,7861.8,219.0,100.0
1781839157.25,ROCM_SMI,GPU_0,7861.8,221.0,100.0
1781839159.44,ROCM_SMI,GPU_0,7861.8,216.0,100.0
1781839161.63,ROCM_SMI,GPU_0,7861.8,214.0,100.0
1781839163.83,ROCM_SMI,GPU_0,7861.8,217.0,100.0
1781839166.03,ROCM_SMI,GPU_0,7861.8,214.0,100.0
1781839168.22,ROCM_SMI,GPU_0,7861.8,219.0,100.0
1781839170.41,ROCM_SMI,GPU_0,7861.8,218.0,100.0
1781839172.61,ROCM_SMI,GPU_0,7861.8,217.0,100.0
1781839174.80,ROCM_SMI,GPU_0,7861.8,221.0,100.0
1781839177.01,ROCM_SMI,GPU_0,7861.8,220.0,100.0
1781839179.20,ROCM_SMI,GPU_0,7861.8,223.0,100.0
1781839181.40,ROCM_SMI,GPU_0,7861.8,218.0,100.0
1781839183.59,ROCM_SMI,GPU_0,7861.8,214.0,100.0
1781839185.79,ROCM_SMI,GPU_0,7861.8,219.0,100.0
1781839187.98,ROCM_SMI,GPU_0,7861.8,215.0,100.0
1781839190.18,ROCM_SMI,GPU_0,7861.8,218.0,100.0
1781839192.37,ROCM_SMI,GPU_0,7861.8,216.0,100.0
1781839194.57,ROCM_SMI,GPU_0,7861.8,218.0,100.0
1781839196.76,ROCM_SMI,GPU_0,7861.8,221.0,100.0
1781839198.95,ROCM_SMI,GPU_0,7861.8,219.0,100.0
1781839201.14,ROCM_SMI,GPU_0,7861.8,218.0,100.0
1781839203.34,ROCM_SMI,GPU_0,7861.8,199.0,100.0
1781839205.54,ROCM_SMI,GPU_0,7861.8,214.0,79.0
1781839207.73,ROCM_SMI,GPU_0,7861.8,218.0,100.0
1781839209.92,ROCM_SMI,GPU_0,7861.8,222.0,100.0
1781839212.12,ROCM_SMI,GPU_0,7861.8,221.0,100.0
1781839214.31,ROCM_SMI,GPU_0,7861.8,216.0,100.0
1781839216.51,ROCM_SMI,GPU_0,7861.8,216.0,100.0
1781839218.70,ROCM_SMI,GPU_0,7861.8,217.0,100.0
1781839220.89,ROCM_SMI,GPU_0,7861.8,218.0,100.0
1781839223.09,ROCM_SMI,GPU_0,7861.8,215.0,100.0
1781839225.28,ROCM_SMI,GPU_0,7861.8,221.0,100.0
1781839227.47,ROCM_SMI,GPU_0,7861.8,215.0,100.0
1781839229.67,ROCM_SMI,GPU_0,7861.8,229.0,100.0
1781839231.86,ROCM_SMI,GPU_0,7861.8,219.0,100.0
1781839234.06,ROCM_SMI,GPU_0,7861.8,214.0,100.0
1781839236.25,ROCM_SMI,GPU_0,7861.8,215.0,80.0
1781839238.45,ROCM_SMI,GPU_0,7861.8,220.0,100.0
1781839240.64,ROCM_SMI,GPU_0,7861.8,220.0,100.0
1781839242.83,ROCM_SMI,GPU_0,7861.8,221.0,100.0
1781839245.03,ROCM_SMI,GPU_0,7861.8,219.0,100.0
1781839247.22,ROCM_SMI,GPU_0,7861.8,219.0,100.0
1781839249.42,ROCM_SMI,GPU_0,7861.8,223.0,100.0
1781839251.61,ROCM_SMI,GPU_0,7861.8,216.0,100.0
1781839253.80,ROCM_SMI,GPU_0,7861.8,215.0,100.0
1781839256.00,ROCM_SMI,GPU_0,7861.8,213.0,100.0
1781839258.19,ROCM_SMI,GPU_0,7861.8,219.0,100.0
1781839260.39,ROCM_SMI,GPU_0,7861.8,218.0,100.0
1781839262.58,ROCM_SMI,GPU_0,7861.8,217.0,100.0
1781839264.78,ROCM_SMI,GPU_0,7861.8,214.0,100.0
1781839266.97,ROCM_SMI,GPU_0,7861.8,221.0,100.0
1781839269.17,ROCM_SMI,GPU_0,7861.8,216.0,100.0
1781839271.36,ROCM_SMI,GPU_0,7861.8,218.0,100.0
1781839273.56,ROCM_SMI,GPU_0,7861.8,225.0,100.0
1781839275.75,ROCM_SMI,GPU_0,7861.8,222.0,100.0
1781839277.94,ROCM_SMI,GPU_0,7861.8,218.0,100.0
1781839280.13,ROCM_SMI,GPU_0,7861.8,220.0,100.0
1781839282.33,ROCM_SMI,GPU_0,7861.8,178.0,100.0
1781839284.52,ROCM_SMI,GPU_0,7861.8,215.0,100.0
1781839286.72,ROCM_SMI,GPU_0,7861.8,213.0,100.0
1781839288.91,ROCM_SMI,GPU_0,7861.8,218.0,100.0
1781839291.10,ROCM_SMI,GPU_0,7861.8,219.0,100.0
1781839293.30,ROCM_SMI,GPU_0,7861.8,215.0,100.0
1781839295.50,ROCM_SMI,GPU_0,7861.8,228.0,100.0
1781839297.69,ROCM_SMI,GPU_0,7861.8,219.0,100.0
1781839299.89,ROCM_SMI,GPU_0,7861.8,220.0,100.0
1781839302.08,ROCM_SMI,GPU_0,7861.8,220.0,100.0
1781839304.27,ROCM_SMI,GPU_0,7861.8,221.0,100.0
1781839306.47,ROCM_SMI,GPU_0,7861.8,225.0,100.0
1781839308.66,ROCM_SMI,GPU_0,7861.8,213.0,100.0
1781839310.88,ROCM_SMI,GPU_0,7861.8,219.0,100.0
1781839313.07,ROCM_SMI,GPU_0,7861.8,217.0,100.0
1781839315.26,ROCM_SMI,GPU_0,7861.8,219.0,100.0
1781839317.45,ROCM_SMI,GPU_0,7861.8,219.0,100.0
1781839319.65,ROCM_SMI,GPU_0,7861.8,222.0,100.0
1781839321.84,ROCM_SMI,GPU_0,7861.8,222.0,100.0
1781839324.04,ROCM_SMI,GPU_0,7861.8,219.0,100.0
1781839326.24,ROCM_SMI,GPU_0,7861.8,214.0,100.0
1781839328.43,ROCM_SMI,GPU_0,7861.8,220.0,100.0
1781839330.62,ROCM_SMI,GPU_0,7861.8,217.0,100.0
1781839332.82,ROCM_SMI,GPU_0,7861.8,215.0,100.0
1781839335.01,ROCM_SMI,GPU_0,7861.8,222.0,100.0
1781839337.21,ROCM_SMI,GPU_0,7861.8,226.0,100.0
1781839339.40,ROCM_SMI,GPU_0,7861.8,221.0,100.0
1781839341.60,ROCM_SMI,GPU_0,7861.8,224.0,100.0
1781839343.79,ROCM_SMI,GPU_0,7861.8,224.0,100.0
1781839345.99,ROCM_SMI,GPU_0,7861.8,223.0,100.0
1781839348.18,ROCM_SMI,GPU_0,7861.8,218.0,100.0
1781839350.38,ROCM_SMI,GPU_0,7861.8,222.0,100.0
1781839352.57,ROCM_SMI,GPU_0,7861.8,215.0,100.0
1781839354.76,ROCM_SMI,GPU_0,7861.8,217.0,100.0
1781839356.96,ROCM_SMI,GPU_0,7861.8,218.0,100.0
1781839359.15,ROCM_SMI,GPU_0,7861.8,218.0,100.0
1781839361.35,ROCM_SMI,GPU_0,7861.8,221.0,100.0
1781839363.54,ROCM_SMI,GPU_0,7861.8,217.0,100.0
1781839365.74,ROCM_SMI,GPU_0,7861.8,220.0,100.0
1781839367.93,ROCM_SMI,GPU_0,7861.8,217.0,100.0
1781839370.12,ROCM_SMI,GPU_0,7861.8,218.0,100.0
1781839372.32,ROCM_SMI,GPU_0,7861.8,222.0,100.0
1781839374.51,ROCM_SMI,GPU_0,7861.8,219.0,100.0
1781839376.71,ROCM_SMI,GPU_0,7861.8,222.0,100.0
1781839378.90,ROCM_SMI,GPU_0,7861.8,218.0,100.0
1781839381.10,ROCM_SMI,GPU_0,7861.8,221.0,100.0
1781839383.29,ROCM_SMI,GPU_0,7861.8,219.0,100.0
1781839385.48,ROCM_SMI,GPU_0,7861.8,228.0,100.0
1781839387.68,ROCM_SMI,GPU_0,7861.8,216.0,100.0
1781839389.88,ROCM_SMI,GPU_0,7861.8,222.0,100.0
1781839392.07,ROCM_SMI,GPU_0,7861.8,216.0,100.0
1781839394.26,ROCM_SMI,GPU_0,7861.8,217.0,100.0
1781839396.46,ROCM_SMI,GPU_0,7861.8,216.0,100.0
1781839398.65,ROCM_SMI,GPU_0,7861.8,219.0,100.0
1781839400.85,ROCM_SMI,GPU_0,7861.8,218.0,100.0
1781839403.05,ROCM_SMI,GPU_0,7861.8,219.0,100.0
1781839405.24,ROCM_SMI,GPU_0,7861.8,219.0,100.0
1781839407.44,ROCM_SMI,GPU_0,7861.8,222.0,100.0
1781839409.63,ROCM_SMI,GPU_0,7861.8,225.0,100.0
1781839411.83,ROCM_SMI,GPU_0,7861.8,217.0,100.0
1781839414.02,ROCM_SMI,GPU_0,7861.8,222.0,100.0
1781839416.22,ROCM_SMI,GPU_0,7861.8,216.0,100.0
1781839418.41,ROCM_SMI,GPU_0,7861.8,215.0,100.0
1781839420.61,ROCM_SMI,GPU_0,7861.8,216.0,100.0
1781839422.80,ROCM_SMI,GPU_0,7861.8,217.0,100.0
1781839424.99,ROCM_SMI,GPU_0,7861.8,223.0,100.0
1781839427.19,ROCM_SMI,GPU_0,7861.8,222.0,100.0
1781839429.38,ROCM_SMI,GPU_0,7861.8,215.0,100.0
1781839431.58,ROCM_SMI,GPU_0,7861.8,215.0,100.0
1781839433.77,ROCM_SMI,GPU_0,7861.8,216.0,100.0
1781839435.97,ROCM_SMI,GPU_0,7861.8,218.0,100.0
1781839438.16,ROCM_SMI,GPU_0,7861.8,218.0,100.0
1781839440.35,ROCM_SMI,GPU_0,7861.8,221.0,100.0
1781839442.55,ROCM_SMI,GPU_0,7861.8,217.0,100.0
1781839444.75,ROCM_SMI,GPU_0,7861.8,223.0,100.0
1781839446.94,ROCM_SMI,GPU_0,7861.8,219.0,100.0
1781839449.14,ROCM_SMI,GPU_0,7861.8,222.0,100.0
1781839451.33,ROCM_SMI,GPU_0,7861.8,218.0,100.0
1781839453.53,ROCM_SMI,GPU_0,7861.8,217.0,100.0
1781839455.72,ROCM_SMI,GPU_0,7861.8,216.0,100.0
1781839457.92,ROCM_SMI,GPU_0,7861.8,219.0,100.0
1781839460.11,ROCM_SMI,GPU_0,7861.8,215.0,100.0
1781839462.30,ROCM_SMI,GPU_0,7861.8,221.0,100.0
1781839464.50,ROCM_SMI,GPU_0,7861.8,220.0,100.0
1781839466.69,ROCM_SMI,GPU_0,7861.8,217.0,100.0
1781839468.89,ROCM_SMI,GPU_0,7861.8,215.0,100.0
1781839471.09,ROCM_SMI,GPU_0,7861.8,206.0,100.0
1781839473.28,ROCM_SMI,GPU_0,7861.8,221.0,100.0
1781839475.48,ROCM_SMI,GPU_0,7861.8,242.0,100.0
1781839477.67,ROCM_SMI,GPU_0,7861.8,220.0,100.0
1781839479.86,ROCM_SMI,GPU_0,7861.8,223.0,100.0
1781839482.05,ROCM_SMI,GPU_0,7861.8,220.0,100.0
1781839484.25,ROCM_SMI,GPU_0,7861.8,219.0,100.0
1781839486.45,ROCM_SMI,GPU_0,7861.8,222.0,100.0
1781839488.64,ROCM_SMI,GPU_0,7861.8,216.0,100.0
1781839490.83,ROCM_SMI,GPU_0,7861.8,215.0,100.0
1781839493.03,ROCM_SMI,GPU_0,7861.8,219.0,100.0
1781839495.22,ROCM_SMI,GPU_0,7861.8,216.0,100.0
1781839497.43,ROCM_SMI,GPU_0,7861.8,225.0,100.0
1781839499.63,ROCM_SMI,GPU_0,7861.8,217.0,100.0
1781839501.82,ROCM_SMI,GPU_0,7861.8,219.0,100.0
1781839504.01,ROCM_SMI,GPU_0,7861.8,215.0,100.0
1781839506.21,ROCM_SMI,GPU_0,7861.8,222.0,100.0
1781839508.40,ROCM_SMI,GPU_0,7861.8,218.0,100.0
1781839510.60,ROCM_SMI,GPU_0,7861.8,216.0,100.0
1781839512.80,ROCM_SMI,GPU_0,7861.8,219.0,100.0
1781839514.99,ROCM_SMI,GPU_0,7861.8,221.0,100.0
1781839517.18,ROCM_SMI,GPU_0,7861.8,215.0,100.0
1781839519.38,ROCM_SMI,GPU_0,7861.8,221.0,100.0
1781839521.57,ROCM_SMI,GPU_0,7861.8,218.0,100.0
1781839523.77,ROCM_SMI,GPU_0,7861.8,223.0,100.0
1781839525.97,ROCM_SMI,GPU_0,7861.8,220.0,100.0
1781839528.16,ROCM_SMI,GPU_0,7861.8,216.0,100.0
1781839530.35,ROCM_SMI,GPU_0,7861.8,212.0,100.0
1781839532.55,ROCM_SMI,GPU_0,7861.8,219.0,100.0
1781839534.74,ROCM_SMI,GPU_0,7861.8,216.0,100.0
1781839536.94,ROCM_SMI,GPU_0,7861.8,220.0,100.0
1781839539.13,ROCM_SMI,GPU_0,7861.8,218.0,100.0
1781839541.33,ROCM_SMI,GPU_0,7861.8,216.0,100.0
1781839543.52,ROCM_SMI,GPU_0,7861.8,220.0,100.0
1781839545.71,ROCM_SMI,GPU_0,7861.8,220.0,100.0
1781839547.90,ROCM_SMI,GPU_0,7861.8,218.0,100.0
1781839550.10,ROCM_SMI,GPU_0,7861.8,215.0,100.0
1781839552.29,ROCM_SMI,GPU_0,7861.8,215.0,100.0
1781839554.49,ROCM_SMI,GPU_0,7861.8,218.0,100.0
1781839556.68,ROCM_SMI,GPU_0,7861.8,217.0,100.0
1781839558.88,ROCM_SMI,GPU_0,7861.8,222.0,100.0
1781839561.07,ROCM_SMI,GPU_0,7861.8,216.0,100.0
1781839563.26,ROCM_SMI,GPU_0,7861.8,212.0,100.0
1781839565.46,ROCM_SMI,GPU_0,7861.8,214.0,100.0
1781839567.65,ROCM_SMI,GPU_0,7861.8,218.0,100.0
1781839569.85,ROCM_SMI,GPU_0,7861.8,215.0,100.0
1781839572.04,ROCM_SMI,GPU_0,7861.8,213.0,100.0
1781839574.24,ROCM_SMI,GPU_0,7861.8,220.0,100.0
1781839576.43,ROCM_SMI,GPU_0,7861.8,219.0,100.0
1781839578.63,ROCM_SMI,GPU_0,7861.8,221.0,100.0
1781839580.82,ROCM_SMI,GPU_0,7861.8,221.0,100.0
1781839583.02,ROCM_SMI,GPU_0,7861.8,219.0,100.0
1781839585.21,ROCM_SMI,GPU_0,7861.8,221.0,100.0
1781839587.40,ROCM_SMI,GPU_0,7861.8,221.0,100.0
1781839589.60,ROCM_SMI,GPU_0,7861.8,217.0,100.0
1781839591.80,ROCM_SMI,GPU_0,7861.8,238.0,100.0
1781839593.99,ROCM_SMI,GPU_0,7861.8,214.0,100.0
1781839596.18,ROCM_SMI,GPU_0,7861.8,211.0,100.0
1781839598.38,ROCM_SMI,GPU_0,7861.8,220.0,100.0
1781839600.57,ROCM_SMI,GPU_0,7861.8,216.0,100.0
1781839602.76,ROCM_SMI,GPU_0,7861.8,216.0,100.0
1781839604.96,ROCM_SMI,GPU_0,7861.8,205.0,100.0
1781839607.15,ROCM_SMI,GPU_0,7861.8,215.0,100.0
1781839609.35,ROCM_SMI,GPU_0,7861.8,220.0,100.0
1781839611.54,ROCM_SMI,GPU_0,7861.8,220.0,100.0
1781839613.73,ROCM_SMI,GPU_0,7861.8,221.0,100.0
1781839615.93,ROCM_SMI,GPU_0,7861.8,220.0,100.0
1781839618.13,ROCM_SMI,GPU_0,7861.8,215.0,100.0
1781839620.33,ROCM_SMI,GPU_0,7861.8,217.0,100.0
1781839622.52,ROCM_SMI,GPU_0,7861.8,216.0,100.0
1781839624.72,ROCM_SMI,GPU_0,7861.8,216.0,100.0
1781839626.91,ROCM_SMI,GPU_0,7861.8,215.0,100.0
1781839629.11,ROCM_SMI,GPU_0,7861.8,218.0,100.0
1781839631.31,ROCM_SMI,GPU_0,7861.8,225.0,100.0
1781839633.50,ROCM_SMI,GPU_0,7861.8,219.0,100.0
1781839635.69,ROCM_SMI,GPU_0,7861.8,217.0,100.0
1781839637.89,ROCM_SMI,GPU_0,7861.8,214.0,100.0
1781839640.08,ROCM_SMI,GPU_0,7861.8,217.0,91.0
1781839642.27,ROCM_SMI,GPU_0,7861.8,219.0,100.0
1781839644.47,ROCM_SMI,GPU_0,7861.8,223.0,100.0
1781839646.66,ROCM_SMI,GPU_0,7861.8,217.0,100.0
1781839648.86,ROCM_SMI,GPU_0,7861.8,221.0,100.0
1781839651.05,ROCM_SMI,GPU_0,7861.8,216.0,100.0
1781839653.25,ROCM_SMI,GPU_0,7861.8,219.0,100.0
1781839655.44,ROCM_SMI,GPU_0,7861.8,222.0,100.0
1781839657.64,ROCM_SMI,GPU_0,7861.8,219.0,100.0
1781839659.84,ROCM_SMI,GPU_0,7861.8,220.0,100.0
1781839662.03,ROCM_SMI,GPU_0,7861.8,214.0,100.0
1781839664.22,ROCM_SMI,GPU_0,7861.8,213.0,100.0
1781839666.42,ROCM_SMI,GPU_0,7861.8,217.0,100.0
1781839668.61,ROCM_SMI,GPU_0,7861.8,216.0,100.0
1781839670.81,ROCM_SMI,GPU_0,7861.8,207.0,100.0
1781839673.01,ROCM_SMI,GPU_0,7861.8,219.0,100.0
1781839675.20,ROCM_SMI,GPU_0,7861.8,215.0,80.0
1781839677.39,ROCM_SMI,GPU_0,7861.8,220.0,100.0
1781839679.59,ROCM_SMI,GPU_0,7861.8,217.0,100.0
1781839681.78,ROCM_SMI,GPU_0,7861.8,221.0,100.0
1781839683.98,ROCM_SMI,GPU_0,7861.8,216.0,100.0
1781839686.17,ROCM_SMI,GPU_0,7861.8,215.0,100.0
1781839688.36,ROCM_SMI,GPU_0,7861.8,216.0,100.0
1781839690.56,ROCM_SMI,GPU_0,7861.8,215.0,100.0
1781839692.75,ROCM_SMI,GPU_0,7861.8,218.0,100.0
1781839694.95,ROCM_SMI,GPU_0,7861.8,221.0,100.0
1781839697.15,ROCM_SMI,GPU_0,7861.8,223.0,100.0
1781839699.34,ROCM_SMI,GPU_0,7861.8,219.0,100.0
1781839701.54,ROCM_SMI,GPU_0,7861.8,217.0,100.0
1781839703.73,ROCM_SMI,GPU_0,7861.8,218.0,100.0
1781839705.92,ROCM_SMI,GPU_0,7861.8,216.0,100.0
1781839708.12,ROCM_SMI,GPU_0,7861.8,217.0,100.0
1781839710.31,ROCM_SMI,GPU_0,7861.8,220.0,100.0
1781839712.51,ROCM_SMI,GPU_0,7861.8,218.0,100.0
1781839714.70,ROCM_SMI,GPU_0,7861.8,219.0,100.0
1781839716.90,ROCM_SMI,GPU_0,7861.8,223.0,100.0
1781839719.09,ROCM_SMI,GPU_0,7861.8,217.0,100.0
1781839721.29,ROCM_SMI,GPU_0,7861.8,217.0,100.0
1781839723.48,ROCM_SMI,GPU_0,7861.8,220.0,100.0
1781839725.68,ROCM_SMI,GPU_0,7861.8,216.0,100.0
1781839727.87,ROCM_SMI,GPU_0,7861.8,215.0,100.0
1781839730.06,ROCM_SMI,GPU_0,7861.8,218.0,100.0
1781839732.26,ROCM_SMI,GPU_0,7861.8,220.0,100.0
1781839734.45,ROCM_SMI,GPU_0,7861.8,218.0,100.0
1781839736.65,ROCM_SMI,GPU_0,7861.8,216.0,100.0
1781839738.85,ROCM_SMI,GPU_0,7861.8,227.0,100.0
1781839741.04,ROCM_SMI,GPU_0,7861.8,214.0,100.0
1781839743.24,ROCM_SMI,GPU_0,7861.8,216.0,99.0
1781839745.43,ROCM_SMI,GPU_0,7861.8,220.0,100.0
1781839747.63,ROCM_SMI,GPU_0,7861.8,219.0,100.0
1781839749.82,ROCM_SMI,GPU_0,7861.8,222.0,100.0
1781839752.02,ROCM_SMI,GPU_0,7861.8,221.0,100.0
1781839754.21,ROCM_SMI,GPU_0,7861.8,221.0,100.0
1781839756.40,ROCM_SMI,GPU_0,7861.8,221.0,100.0
1781839758.60,ROCM_SMI,GPU_0,7861.8,215.0,100.0
1781839760.79,ROCM_SMI,GPU_0,7861.8,215.0,100.0
1781839762.98,ROCM_SMI,GPU_0,7861.8,213.0,100.0
1781839765.18,ROCM_SMI,GPU_0,7861.8,216.0,100.0
1781839767.37,ROCM_SMI,GPU_0,7861.8,220.0,100.0
1781839769.57,ROCM_SMI,GPU_0,7861.8,215.0,100.0
1781839771.76,ROCM_SMI,GPU_0,7861.8,220.0,100.0
1781839773.96,ROCM_SMI,GPU_0,7861.8,214.0,100.0
1781839776.15,ROCM_SMI,GPU_0,7861.8,218.0,80.0
1781839778.35,ROCM_SMI,GPU_0,7861.8,213.0,100.0
1781839780.54,ROCM_SMI,GPU_0,7861.8,218.0,100.0
1781839782.74,ROCM_SMI,GPU_0,7861.8,223.0,100.0
1781839784.93,ROCM_SMI,GPU_0,7861.8,220.0,100.0
1781839787.12,ROCM_SMI,GPU_0,7861.8,219.0,100.0
1781839789.34,ROCM_SMI,GPU_0,7861.8,216.0,100.0
1781839791.53,ROCM_SMI,GPU_0,7861.8,222.0,100.0
1781839793.73,ROCM_SMI,GPU_0,7861.8,220.0,100.0
1781839795.92,ROCM_SMI,GPU_0,7861.8,216.0,100.0
1781839798.12,ROCM_SMI,GPU_0,7861.8,222.0,100.0
1781839800.31,ROCM_SMI,GPU_0,7861.8,218.0,100.0
1781839802.50,ROCM_SMI,GPU_0,7861.8,219.0,100.0
1781839804.70,ROCM_SMI,GPU_0,7861.8,227.0,100.0
1781839806.89,ROCM_SMI,GPU_0,7861.8,214.0,100.0
1781839809.09,ROCM_SMI,GPU_0,7861.8,216.0,100.0
1781839811.28,ROCM_SMI,GPU_0,7861.8,217.0,100.0
1781839813.47,ROCM_SMI,GPU_0,7861.8,216.0,100.0
1781839815.67,ROCM_SMI,GPU_0,7861.8,222.0,100.0
1781839817.86,ROCM_SMI,GPU_0,7861.8,219.0,100.0
1781839820.06,ROCM_SMI,GPU_0,7861.8,221.0,100.0
1781839822.25,ROCM_SMI,GPU_0,7861.8,219.0,100.0
1781839824.44,ROCM_SMI,GPU_0,7861.8,220.0,100.0
1781839826.64,ROCM_SMI,GPU_0,7861.8,221.0,100.0
1781839828.83,ROCM_SMI,GPU_0,7861.8,215.0,100.0
1781839831.03,ROCM_SMI,GPU_0,7861.8,217.0,100.0
1781839833.22,ROCM_SMI,GPU_0,7861.8,216.0,100.0
1781839835.42,ROCM_SMI,GPU_0,7861.8,219.0,100.0
1781839837.61,ROCM_SMI,GPU_0,7861.8,216.0,100.0
1781839839.80,ROCM_SMI,GPU_0,7861.8,217.0,100.0
1781839841.99,ROCM_SMI,GPU_0,7861.8,219.0,100.0
1781839844.19,ROCM_SMI,GPU_0,7861.8,219.0,100.0
1781839846.38,ROCM_SMI,GPU_0,7861.8,221.0,100.0
1781839848.58,ROCM_SMI,GPU_0,7861.8,221.0,100.0
1781839850.77,ROCM_SMI,GPU_0,7861.8,222.0,100.0
1781839852.96,ROCM_SMI,GPU_0,7861.8,222.0,100.0
1781839855.16,ROCM_SMI,GPU_0,7861.8,216.0,100.0
1781839857.35,ROCM_SMI,GPU_0,7861.8,224.0,100.0
1781839859.55,ROCM_SMI,GPU_0,7861.8,215.0,100.0
1781839861.74,ROCM_SMI,GPU_0,7861.8,219.0,100.0
1781839863.93,ROCM_SMI,GPU_0,7861.8,218.0,100.0
1781839866.13,ROCM_SMI,GPU_0,7861.8,219.0,100.0
1781839868.32,ROCM_SMI,GPU_0,7861.8,218.0,100.0
1781839870.52,ROCM_SMI,GPU_0,7861.8,215.0,100.0
1781839872.72,ROCM_SMI,GPU_0,7861.8,214.0,100.0
1781839874.91,ROCM_SMI,GPU_0,7861.8,217.0,100.0
1781839877.11,ROCM_SMI,GPU_0,7861.8,218.0,100.0
1781839879.30,ROCM_SMI,GPU_0,7861.8,217.0,100.0
1781839881.50,ROCM_SMI,GPU_0,7861.8,217.0,100.0
1781839883.69,ROCM_SMI,GPU_0,7861.8,219.0,100.0
1781839885.89,ROCM_SMI,GPU_0,7861.8,212.0,100.0
1781839888.08,ROCM_SMI,GPU_0,7861.8,218.0,100.0
1781839890.28,ROCM_SMI,GPU_0,7861.8,219.0,100.0
1781839892.47,ROCM_SMI,GPU_0,7861.8,222.0,100.0
1781839894.67,ROCM_SMI,GPU_0,7861.8,217.0,100.0
1781839896.87,ROCM_SMI,GPU_0,7861.8,216.0,100.0
1781839899.07,ROCM_SMI,GPU_0,7861.8,218.0,100.0
1781839901.26,ROCM_SMI,GPU_0,7861.8,218.0,100.0
1781839903.46,ROCM_SMI,GPU_0,7861.8,216.0,100.0
1781839905.65,ROCM_SMI,GPU_0,7861.8,220.0,100.0
1781839907.85,ROCM_SMI,GPU_0,7861.8,219.0,100.0
1781839910.04,ROCM_SMI,GPU_0,7861.8,217.0,100.0
1781839912.24,ROCM_SMI,GPU_0,7861.8,214.0,100.0
1781839914.43,ROCM_SMI,GPU_0,7861.8,216.0,100.0
1781839916.63,ROCM_SMI,GPU_0,7861.8,221.0,100.0
1781839918.82,ROCM_SMI,GPU_0,7861.8,224.0,100.0
1781839921.01,ROCM_SMI,GPU_0,7861.8,220.0,100.0
1781839923.21,ROCM_SMI,GPU_0,7861.8,216.0,100.0
1781839925.41,ROCM_SMI,GPU_0,7861.8,214.0,100.0
1781839927.60,ROCM_SMI,GPU_0,7861.8,217.0,100.0
1781839929.80,ROCM_SMI,GPU_0,7861.8,218.0,100.0
1781839931.99,ROCM_SMI,GPU_0,7861.8,218.0,100.0
1781839934.18,ROCM_SMI,GPU_0,7861.8,219.0,100.0
1781839936.38,ROCM_SMI,GPU_0,7861.8,221.0,100.0
1781839938.58,ROCM_SMI,GPU_0,7861.8,227.0,100.0
1781839940.77,ROCM_SMI,GPU_0,7861.8,219.0,100.0
1781839942.97,ROCM_SMI,GPU_0,7861.8,217.0,100.0
1781839945.16,ROCM_SMI,GPU_0,7861.8,218.0,100.0
1781839947.35,ROCM_SMI,GPU_0,7861.8,219.0,100.0
1781839949.55,ROCM_SMI,GPU_0,7861.8,218.0,100.0
1781839951.75,ROCM_SMI,GPU_0,7861.8,211.0,100.0
1781839953.94,ROCM_SMI,GPU_0,7861.8,222.0,100.0
1781839956.13,ROCM_SMI,GPU_0,7861.8,216.0,100.0
1781839958.33,ROCM_SMI,GPU_0,7861.8,215.0,100.0
1781839960.52,ROCM_SMI,GPU_0,7861.8,217.0,100.0
1781839962.71,ROCM_SMI,GPU_0,7861.8,220.0,100.0
1781839964.91,ROCM_SMI,GPU_0,7861.8,222.0,100.0
1781839967.11,ROCM_SMI,GPU_0,7861.8,222.0,100.0
1781839969.30,ROCM_SMI,GPU_0,7861.8,221.0,100.0
1781839971.49,ROCM_SMI,GPU_0,7861.8,220.0,100.0
1781839973.68,ROCM_SMI,GPU_0,7861.8,217.0,100.0
1781839975.88,ROCM_SMI,GPU_0,7861.8,214.0,100.0
1781839978.08,ROCM_SMI,GPU_0,7861.8,218.0,100.0
1781839980.27,ROCM_SMI,GPU_0,7861.8,216.0,100.0
1781839982.46,ROCM_SMI,GPU_0,7861.8,224.0,100.0
1781839984.66,ROCM_SMI,GPU_0,7861.8,220.0,100.0
1781839986.85,ROCM_SMI,GPU_0,7861.8,222.0,100.0
1781839989.05,ROCM_SMI,GPU_0,7861.8,221.0,100.0
1781839991.24,ROCM_SMI,GPU_0,7861.8,222.0,100.0
1781839993.44,ROCM_SMI,GPU_0,7861.8,222.0,100.0
1781839995.63,ROCM_SMI,GPU_0,7861.8,221.0,100.0
1781839997.83,ROCM_SMI,GPU_0,7861.8,218.0,100.0
1781840000.03,ROCM_SMI,GPU_0,7861.8,215.0,100.0
1781840002.22,ROCM_SMI,GPU_0,7861.8,220.0,100.0
1781840004.41,ROCM_SMI,GPU_0,7861.8,217.0,100.0
1781840006.61,ROCM_SMI,GPU_0,7861.8,234.0,100.0
1781840008.81,ROCM_SMI,GPU_0,7861.8,219.0,100.0
1781840011.00,ROCM_SMI,GPU_0,7861.8,218.0,100.0
1781840013.19,ROCM_SMI,GPU_0,7861.8,219.0,88.0
1781840015.39,ROCM_SMI,GPU_0,7861.8,222.0,100.0
1781840017.58,ROCM_SMI,GPU_0,7861.8,218.0,100.0
1781840019.78,ROCM_SMI,GPU_0,7861.8,214.0,100.0
1781840021.98,ROCM_SMI,GPU_0,7861.8,219.0,100.0
1781840024.17,ROCM_SMI,GPU_0,7861.8,215.0,100.0
1781840026.37,ROCM_SMI,GPU_0,7861.8,218.0,100.0
1781840028.56,ROCM_SMI,GPU_0,7861.8,219.0,100.0
1781840030.75,ROCM_SMI,GPU_0,7861.8,222.0,100.0
1781840032.95,ROCM_SMI,GPU_0,7861.8,218.0,100.0
1781840035.15,ROCM_SMI,GPU_0,7861.8,217.0,100.0
1781840037.34,ROCM_SMI,GPU_0,7861.8,215.0,100.0
1781840039.54,ROCM_SMI,GPU_0,7861.8,216.0,100.0
1781840041.73,ROCM_SMI,GPU_0,7861.8,217.0,100.0
1781840043.93,ROCM_SMI,GPU_0,7861.8,220.0,100.0
1781840046.14,ROCM_SMI,GPU_0,7861.8,227.0,100.0
1781840048.33,ROCM_SMI,GPU_0,7861.8,217.0,100.0
1781840050.53,ROCM_SMI,GPU_0,7861.8,224.0,100.0
1781840052.72,ROCM_SMI,GPU_0,7861.8,222.0,100.0
1781840054.91,ROCM_SMI,GPU_0,7861.8,223.0,100.0
1781840057.10,ROCM_SMI,GPU_0,7861.8,222.0,100.0
1781840059.30,ROCM_SMI,GPU_0,7861.8,227.0,100.0
1781840061.50,ROCM_SMI,GPU_0,7861.8,217.0,100.0
1781840063.69,ROCM_SMI,GPU_0,7861.8,219.0,100.0
1781840065.88,ROCM_SMI,GPU_0,7861.8,221.0,100.0
1781840068.08,ROCM_SMI,GPU_0,7861.8,218.0,100.0
1781840070.28,ROCM_SMI,GPU_0,7861.8,224.0,100.0
1781840072.47,ROCM_SMI,GPU_0,7861.8,231.0,100.0
1781840074.67,ROCM_SMI,GPU_0,7861.8,220.0,100.0
1781840076.86,ROCM_SMI,GPU_0,7861.8,219.0,100.0
1781840079.06,ROCM_SMI,GPU_0,7861.8,214.0,100.0
1781840081.25,ROCM_SMI,GPU_0,7861.8,218.0,100.0
1781840083.44,ROCM_SMI,GPU_0,7861.8,218.0,100.0
1781840085.64,ROCM_SMI,GPU_0,7861.8,217.0,100.0
1781840087.84,ROCM_SMI,GPU_0,7861.8,222.0,100.0
1781840090.03,ROCM_SMI,GPU_0,7861.8,219.0,100.0
1781840092.23,ROCM_SMI,GPU_0,7861.8,222.0,100.0
1781840094.42,ROCM_SMI,GPU_0,7861.8,221.0,100.0
1781840096.61,ROCM_SMI,GPU_0,7861.8,221.0,100.0
1781840098.81,ROCM_SMI,GPU_0,7861.8,224.0,100.0
1781840101.01,ROCM_SMI,GPU_0,7861.8,217.0,100.0
1781840103.20,ROCM_SMI,GPU_0,7861.8,216.0,100.0
1781840105.40,ROCM_SMI,GPU_0,7861.8,217.0,100.0
1781840107.59,ROCM_SMI,GPU_0,7861.8,219.0,100.0
1781840109.78,ROCM_SMI,GPU_0,7861.8,219.0,100.0
1781840111.98,ROCM_SMI,GPU_0,7861.8,221.0,100.0
1781840114.17,ROCM_SMI,GPU_0,7861.8,218.0,100.0
1781840116.37,ROCM_SMI,GPU_0,7861.8,217.0,100.0
1781840118.56,ROCM_SMI,GPU_0,7861.8,214.0,80.0
1781840120.76,ROCM_SMI,GPU_0,7861.8,220.0,100.0
1781840122.95,ROCM_SMI,GPU_0,7861.8,220.0,100.0
1781840125.14,ROCM_SMI,GPU_0,7861.8,222.0,100.0
1781840127.34,ROCM_SMI,GPU_0,7861.8,217.0,100.0
1781840129.54,ROCM_SMI,GPU_0,7861.8,217.0,100.0
1781840131.73,ROCM_SMI,GPU_0,7861.8,219.0,100.0
1781840133.92,ROCM_SMI,GPU_0,7861.8,217.0,100.0
1781840136.12,ROCM_SMI,GPU_0,7861.8,221.0,100.0
1781840138.31,ROCM_SMI,GPU_0,7861.8,223.0,100.0
1781840140.51,ROCM_SMI,GPU_0,7861.8,217.0,100.0
1781840142.71,ROCM_SMI,GPU_0,7861.8,217.0,100.0
1781840144.90,ROCM_SMI,GPU_0,7861.8,216.0,100.0
1781840147.09,ROCM_SMI,GPU_0,7861.8,219.0,100.0
1781840149.29,ROCM_SMI,GPU_0,7861.8,215.0,100.0
1781840151.48,ROCM_SMI,GPU_0,7861.8,222.0,80.0
1781840153.68,ROCM_SMI,GPU_0,7861.8,226.0,100.0
1781840155.87,ROCM_SMI,GPU_0,7861.8,220.0,100.0
1781840158.07,ROCM_SMI,GPU_0,7861.8,222.0,100.0
1781840160.26,ROCM_SMI,GPU_0,7861.8,220.0,100.0
1781840162.45,ROCM_SMI,GPU_0,7861.8,222.0,100.0
1781840164.65,ROCM_SMI,GPU_0,7861.8,219.0,100.0
1781840166.85,ROCM_SMI,GPU_0,7861.8,215.0,100.0
1781840169.05,ROCM_SMI,GPU_0,7861.8,215.0,100.0
1781840171.24,ROCM_SMI,GPU_0,7861.8,216.0,100.0
1781840173.43,ROCM_SMI,GPU_0,7861.8,216.0,100.0
1781840175.63,ROCM_SMI,GPU_0,7861.8,222.0,100.0
1781840177.82,ROCM_SMI,GPU_0,7861.8,219.0,100.0
1781840180.02,ROCM_SMI,GPU_0,7861.8,211.0,100.0
1781840182.21,ROCM_SMI,GPU_0,7861.8,212.0,100.0
1781840184.40,ROCM_SMI,GPU_0,7861.8,212.0,100.0
1781840186.60,ROCM_SMI,GPU_0,7861.8,220.0,100.0
1781840188.79,ROCM_SMI,GPU_0,7861.8,215.0,100.0
1781840190.99,ROCM_SMI,GPU_0,7861.8,220.0,100.0
1781840193.19,ROCM_SMI,GPU_0,7861.8,221.0,100.0
1781840195.38,ROCM_SMI,GPU_0,7861.8,216.0,100.0
1781840197.58,ROCM_SMI,GPU_0,7861.8,220.0,100.0
1781840199.77,ROCM_SMI,GPU_0,7861.8,217.0,100.0
1781840201.97,ROCM_SMI,GPU_0,7861.8,219.0,100.0
1781840204.16,ROCM_SMI,GPU_0,7861.8,219.0,100.0
1781840206.37,ROCM_SMI,GPU_0,7861.8,220.0,100.0
1781840208.57,ROCM_SMI,GPU_0,7861.8,214.0,100.0
1781840210.76,ROCM_SMI,GPU_0,7861.8,217.0,100.0
1781840212.96,ROCM_SMI,GPU_0,7861.8,218.0,100.0
1781840215.15,ROCM_SMI,GPU_0,7861.8,218.0,100.0
1781840217.35,ROCM_SMI,GPU_0,7861.8,220.0,100.0
1781840219.54,ROCM_SMI,GPU_0,7861.8,223.0,100.0
1781840221.74,ROCM_SMI,GPU_0,7861.8,216.0,100.0
1781840223.93,ROCM_SMI,GPU_0,7861.8,216.0,80.0
1781840226.13,ROCM_SMI,GPU_0,7861.8,216.0,100.0
1781840228.32,ROCM_SMI,GPU_0,7861.8,220.0,100.0
1781840230.52,ROCM_SMI,GPU_0,7861.8,219.0,100.0
1781840232.71,ROCM_SMI,GPU_0,7861.8,217.0,100.0
1781840234.90,ROCM_SMI,GPU_0,7861.8,219.0,100.0
1781840237.10,ROCM_SMI,GPU_0,7861.8,217.0,100.0
1781840239.29,ROCM_SMI,GPU_0,7861.8,221.0,100.0
1781840241.49,ROCM_SMI,GPU_0,7861.8,218.0,100.0
1781840243.68,ROCM_SMI,GPU_0,7861.8,213.0,100.0
1781840245.88,ROCM_SMI,GPU_0,7861.8,220.0,100.0
1781840248.07,ROCM_SMI,GPU_0,7861.8,217.0,100.0
1781840250.27,ROCM_SMI,GPU_0,7861.8,215.0,100.0
1781840252.46,ROCM_SMI,GPU_0,7861.8,220.0,100.0
1781840254.66,ROCM_SMI,GPU_0,7861.8,217.0,100.0
1781840256.85,ROCM_SMI,GPU_0,7861.8,218.0,100.0
1781840259.04,ROCM_SMI,GPU_0,7861.8,218.0,100.0
1781840261.24,ROCM_SMI,GPU_0,7861.8,218.0,100.0
1781840263.43,ROCM_SMI,GPU_0,7861.8,220.0,100.0
1781840265.63,ROCM_SMI,GPU_0,7861.8,219.0,100.0
1781840267.83,ROCM_SMI,GPU_0,7861.8,214.0,100.0
1781840270.02,ROCM_SMI,GPU_0,7861.8,218.0,100.0
1781840272.21,ROCM_SMI,GPU_0,7861.8,216.0,100.0
1781840274.41,ROCM_SMI,GPU_0,7861.8,216.0,100.0
1781840276.61,ROCM_SMI,GPU_0,7861.8,218.0,100.0
1781840278.80,ROCM_SMI,GPU_0,7861.8,217.0,100.0
1781840280.99,ROCM_SMI,GPU_0,7861.8,218.0,100.0
1781840283.19,ROCM_SMI,GPU_0,7861.8,217.0,100.0
1781840285.38,ROCM_SMI,GPU_0,7861.8,214.0,100.0
1781840287.58,ROCM_SMI,GPU_0,7861.8,224.0,100.0
1781840289.78,ROCM_SMI,GPU_0,7861.8,214.0,100.0
1781840291.97,ROCM_SMI,GPU_0,7861.8,217.0,87.0
1781840294.16,ROCM_SMI,GPU_0,7861.8,217.0,100.0
1781840296.36,ROCM_SMI,GPU_0,7861.8,221.0,100.0
1781840298.55,ROCM_SMI,GPU_0,7861.8,222.0,100.0
1781840300.75,ROCM_SMI,GPU_0,7861.8,219.0,100.0
1781840302.94,ROCM_SMI,GPU_0,7861.8,220.0,100.0
1781840305.14,ROCM_SMI,GPU_0,7861.8,217.0,100.0
1781840307.33,ROCM_SMI,GPU_0,7861.8,215.0,100.0
1781840309.53,ROCM_SMI,GPU_0,7861.8,218.0,100.0
1781840311.72,ROCM_SMI,GPU_0,7861.8,218.0,100.0
1781840313.92,ROCM_SMI,GPU_0,7861.8,223.0,100.0
1781840316.12,ROCM_SMI,GPU_0,7861.8,216.0,100.0
1781840318.31,ROCM_SMI,GPU_0,7861.8,216.0,100.0
1781840320.50,ROCM_SMI,GPU_0,7861.8,217.0,100.0
1781840322.69,ROCM_SMI,GPU_0,7861.8,214.0,100.0
1781840324.89,ROCM_SMI,GPU_0,7861.8,215.0,100.0
1781840327.08,ROCM_SMI,GPU_0,7861.8,225.0,100.0
1781840329.28,ROCM_SMI,GPU_0,7861.8,218.0,100.0
1781840331.47,ROCM_SMI,GPU_0,7861.8,221.0,100.0
1781840333.66,ROCM_SMI,GPU_0,7861.8,221.0,100.0
1781840335.86,ROCM_SMI,GPU_0,7861.8,222.0,100.0
1781840338.05,ROCM_SMI,GPU_0,7861.8,216.0,100.0
1781840340.25,ROCM_SMI,GPU_0,7861.8,218.0,100.0
1781840342.44,ROCM_SMI,GPU_0,7861.8,216.0,100.0
1781840344.63,ROCM_SMI,GPU_0,7861.8,216.0,100.0
1781840346.83,ROCM_SMI,GPU_0,7861.8,218.0,100.0
1781840349.02,ROCM_SMI,GPU_0,7861.8,218.0,100.0
1781840351.22,ROCM_SMI,GPU_0,7861.8,219.0,100.0
1781840353.42,ROCM_SMI,GPU_0,7861.8,237.0,100.0
1781840355.61,ROCM_SMI,GPU_0,7861.8,212.0,100.0
1781840357.80,ROCM_SMI,GPU_0,7861.8,217.0,100.0
1781840360.00,ROCM_SMI,GPU_0,7861.8,219.0,100.0
1781840362.19,ROCM_SMI,GPU_0,7861.8,217.0,100.0
1781840364.38,ROCM_SMI,GPU_0,7861.8,221.0,100.0
1781840366.58,ROCM_SMI,GPU_0,7861.8,216.0,100.0
1781840368.78,ROCM_SMI,GPU_0,7861.8,218.0,100.0
1781840370.97,ROCM_SMI,GPU_0,7861.8,220.0,100.0
1781840373.16,ROCM_SMI,GPU_0,7861.8,216.0,100.0
1781840375.36,ROCM_SMI,GPU_0,7861.8,215.0,100.0
1781840377.55,ROCM_SMI,GPU_0,7861.8,213.0,100.0
1781840379.75,ROCM_SMI,GPU_0,7861.8,217.0,100.0
1781840381.94,ROCM_SMI,GPU_0,7861.8,218.0,100.0
1781840384.13,ROCM_SMI,GPU_0,7861.8,216.0,100.0
1781840386.32,ROCM_SMI,GPU_0,7861.8,219.0,100.0
1781840388.52,ROCM_SMI,GPU_0,7861.8,216.0,100.0
1781840390.71,ROCM_SMI,GPU_0,7861.8,217.0,100.0
1781840392.91,ROCM_SMI,GPU_0,7861.8,209.0,100.0
1781840395.10,ROCM_SMI,GPU_0,7861.8,223.0,100.0
1781840397.30,ROCM_SMI,GPU_0,7861.8,219.0,100.0
1781840399.49,ROCM_SMI,GPU_0,7861.8,218.0,100.0
1781840401.69,ROCM_SMI,GPU_0,7861.8,219.0,100.0
1781840403.88,ROCM_SMI,GPU_0,7861.8,215.0,100.0
1781840406.07,ROCM_SMI,GPU_0,7861.8,225.0,100.0
1781840408.27,ROCM_SMI,GPU_0,7861.8,215.0,100.0
1781840410.47,ROCM_SMI,GPU_0,7861.8,222.0,100.0
1781840412.66,ROCM_SMI,GPU_0,7861.8,218.0,100.0
1781840414.85,ROCM_SMI,GPU_0,7861.8,218.0,100.0
1781840417.04,ROCM_SMI,GPU_0,7861.8,216.0,100.0
1781840419.24,ROCM_SMI,GPU_0,7861.8,215.0,100.0
1781840421.44,ROCM_SMI,GPU_0,7861.8,218.0,100.0
1781840423.63,ROCM_SMI,GPU_0,7861.8,214.0,100.0
1781840425.82,ROCM_SMI,GPU_0,7861.8,214.0,100.0
1781840428.02,ROCM_SMI,GPU_0,7861.8,223.0,100.0
1781840430.21,ROCM_SMI,GPU_0,7861.8,222.0,100.0
1781840432.41,ROCM_SMI,GPU_0,7861.8,221.0,100.0
1781840434.61,ROCM_SMI,GPU_0,7861.8,237.0,100.0
1781840436.80,ROCM_SMI,GPU_0,7861.8,220.0,100.0
1781840438.99,ROCM_SMI,GPU_0,7861.8,215.0,100.0
1781840441.19,ROCM_SMI,GPU_0,7861.8,218.0,100.0
1781840443.38,ROCM_SMI,GPU_0,7861.8,216.0,100.0
1781840445.57,ROCM_SMI,GPU_0,7861.8,217.0,100.0
1781840447.77,ROCM_SMI,GPU_0,7861.8,217.0,100.0
1781840449.97,ROCM_SMI,GPU_0,7861.8,220.0,100.0
1781840452.16,ROCM_SMI,GPU_0,7861.8,218.0,100.0
1781840454.35,ROCM_SMI,GPU_0,7861.8,214.0,100.0
1781840456.55,ROCM_SMI,GPU_0,7861.8,216.0,100.0
1781840458.74,ROCM_SMI,GPU_0,7861.8,216.0,83.0
1781840460.94,ROCM_SMI,GPU_0,7861.8,214.0,100.0
1781840463.13,ROCM_SMI,GPU_0,7861.8,220.0,100.0
1781840465.33,ROCM_SMI,GPU_0,7861.8,219.0,100.0
1781840467.52,ROCM_SMI,GPU_0,7861.8,216.0,100.0
1781840469.72,ROCM_SMI,GPU_0,7861.8,219.0,100.0
1781840471.91,ROCM_SMI,GPU_0,7861.8,220.0,100.0
1781840474.11,ROCM_SMI,GPU_0,7861.8,220.0,100.0
1781840476.30,ROCM_SMI,GPU_0,7861.8,214.0,100.0
1781840478.50,ROCM_SMI,GPU_0,7861.8,212.0,100.0
1781840480.69,ROCM_SMI,GPU_0,7861.8,217.0,100.0
1781840482.88,ROCM_SMI,GPU_0,7861.8,214.0,100.0
1781840485.08,ROCM_SMI,GPU_0,7861.8,220.0,100.0
1781840487.27,ROCM_SMI,GPU_0,7861.8,218.0,100.0
1781840489.47,ROCM_SMI,GPU_0,7861.8,218.0,100.0
1781840491.67,ROCM_SMI,GPU_0,7861.8,218.0,100.0
1781840493.86,ROCM_SMI,GPU_0,7861.8,219.0,100.0
1781840496.06,ROCM_SMI,GPU_0,7861.8,218.0,100.0
1781840498.25,ROCM_SMI,GPU_0,7861.8,222.0,100.0
1781840500.45,ROCM_SMI,GPU_0,7861.8,223.0,100.0
1781840502.65,ROCM_SMI,GPU_0,7861.8,218.0,100.0
1781840504.84,ROCM_SMI,GPU_0,7861.8,216.0,100.0
1781840507.04,ROCM_SMI,GPU_0,7861.8,217.0,100.0
1781840509.23,ROCM_SMI,GPU_0,7861.8,217.0,100.0
1781840511.43,ROCM_SMI,GPU_0,7861.8,221.0,100.0
1781840513.62,ROCM_SMI,GPU_0,7861.8,220.0,100.0
1781840515.82,ROCM_SMI,GPU_0,7861.8,216.0,100.0
1781840518.01,ROCM_SMI,GPU_0,7861.8,215.0,100.0
1781840520.20,ROCM_SMI,GPU_0,7861.8,217.0,100.0
1781840522.40,ROCM_SMI,GPU_0,7861.8,218.0,100.0
1781840524.59,ROCM_SMI,GPU_0,7861.8,214.0,100.0
1781840526.79,ROCM_SMI,GPU_0,7861.8,214.0,90.0
1781840528.99,ROCM_SMI,GPU_0,7861.8,220.0,100.0
1781840531.18,ROCM_SMI,GPU_0,7861.8,218.0,100.0
1781840533.37,ROCM_SMI,GPU_0,7861.8,220.0,100.0
1781840535.57,ROCM_SMI,GPU_0,7861.8,222.0,100.0
1781840537.76,ROCM_SMI,GPU_0,7861.8,220.0,100.0
1781840539.95,ROCM_SMI,GPU_0,7861.8,220.0,100.0
1781840542.16,ROCM_SMI,GPU_0,7861.8,218.0,100.0
1781840544.35,ROCM_SMI,GPU_0,7861.8,218.0,100.0
1781840546.54,ROCM_SMI,GPU_0,7861.8,216.0,100.0
1781840548.74,ROCM_SMI,GPU_0,7861.8,215.0,100.0
1781840550.93,ROCM_SMI,GPU_0,7861.8,221.0,100.0
1781840553.12,ROCM_SMI,GPU_0,7861.8,218.0,100.0
1781840555.32,ROCM_SMI,GPU_0,7861.8,219.0,100.0
1781840557.52,ROCM_SMI,GPU_0,7861.8,213.0,100.0
1781840559.71,ROCM_SMI,GPU_0,7861.8,217.0,100.0
1781840561.90,ROCM_SMI,GPU_0,7861.8,218.0,100.0
1781840564.10,ROCM_SMI,GPU_0,7861.8,217.0,100.0
1781840566.29,ROCM_SMI,GPU_0,7861.8,216.0,100.0
1781840568.49,ROCM_SMI,GPU_0,7861.8,213.0,100.0
1781840570.69,ROCM_SMI,GPU_0,7861.8,216.0,100.0
1781840572.88,ROCM_SMI,GPU_0,7861.8,218.0,100.0
1781840575.07,ROCM_SMI,GPU_0,7861.8,219.0,100.0
1781840577.27,ROCM_SMI,GPU_0,7861.8,220.0,100.0
1781840579.46,ROCM_SMI,GPU_0,7861.8,221.0,100.0
1781840581.66,ROCM_SMI,GPU_0,7861.8,223.0,100.0
1781840583.86,ROCM_SMI,GPU_0,7861.8,218.0,100.0
1781840586.05,ROCM_SMI,GPU_0,7861.8,216.0,100.0
1781840588.25,ROCM_SMI,GPU_0,7861.8,215.0,100.0
1781840590.44,ROCM_SMI,GPU_0,7861.8,216.0,100.0
1781840592.63,ROCM_SMI,GPU_0,7861.8,215.0,100.0
1781840594.83,ROCM_SMI,GPU_0,7861.8,212.0,100.0
1781840597.03,ROCM_SMI,GPU_0,7861.8,220.0,100.0
1781840599.22,ROCM_SMI,GPU_0,7861.8,219.0,100.0
1781840601.41,ROCM_SMI,GPU_0,7861.8,221.0,100.0
1781840603.61,ROCM_SMI,GPU_0,7861.8,222.0,100.0
1781840605.80,ROCM_SMI,GPU_0,7861.8,219.0,100.0
1781840608.00,ROCM_SMI,GPU_0,7861.8,221.0,100.0
1781840610.19,ROCM_SMI,GPU_0,7861.8,222.0,100.0
1781840612.39,ROCM_SMI,GPU_0,7861.8,217.0,100.0
1781840614.58,ROCM_SMI,GPU_0,7861.8,216.0,100.0
1781840616.77,ROCM_SMI,GPU_0,7861.8,215.0,100.0
1781840618.97,ROCM_SMI,GPU_0,7861.8,218.0,100.0
1781840621.17,ROCM_SMI,GPU_0,7861.8,227.0,100.0
1781840623.37,ROCM_SMI,GPU_0,7861.8,215.0,100.0
1781840625.56,ROCM_SMI,GPU_0,7861.8,219.0,100.0
1781840627.75,ROCM_SMI,GPU_0,7861.8,220.0,100.0
1781840629.95,ROCM_SMI,GPU_0,7861.8,220.0,100.0
1781840632.14,ROCM_SMI,GPU_0,7861.8,220.0,100.0
1781840634.34,ROCM_SMI,GPU_0,7861.8,212.0,100.0
1781840636.53,ROCM_SMI,GPU_0,7861.8,222.0,100.0
1781840638.73,ROCM_SMI,GPU_0,7861.8,219.0,100.0
1781840640.92,ROCM_SMI,GPU_0,7861.8,217.0,100.0
1781840643.11,ROCM_SMI,GPU_0,7861.8,218.0,100.0
1781840645.31,ROCM_SMI,GPU_0,7861.8,214.0,100.0
1781840647.51,ROCM_SMI,GPU_0,7861.8,222.0,100.0
1781840649.70,ROCM_SMI,GPU_0,7861.8,218.0,100.0
1781840651.89,ROCM_SMI,GPU_0,7861.8,218.0,100.0
1781840654.09,ROCM_SMI,GPU_0,7861.8,222.0,100.0
1781840656.28,ROCM_SMI,GPU_0,7861.8,219.0,100.0
1781840658.48,ROCM_SMI,GPU_0,7861.8,216.0,100.0
1781840660.67,ROCM_SMI,GPU_0,7861.8,211.0,100.0
1781840662.87,ROCM_SMI,GPU_0,7861.8,218.0,100.0
1781840665.06,ROCM_SMI,GPU_0,7861.8,220.0,100.0
1781840667.25,ROCM_SMI,GPU_0,7861.8,223.0,100.0
1781840669.45,ROCM_SMI,GPU_0,7861.8,220.0,100.0
1781840671.64,ROCM_SMI,GPU_0,7861.8,218.0,100.0
1781840673.84,ROCM_SMI,GPU_0,7861.8,217.0,100.0
1781840676.03,ROCM_SMI,GPU_0,7861.8,217.0,100.0
1781840678.23,ROCM_SMI,GPU_0,7861.8,220.0,100.0
1781840680.42,ROCM_SMI,GPU_0,7861.8,217.0,100.0
1781840682.62,ROCM_SMI,GPU_0,7861.8,220.0,100.0
1781840684.81,ROCM_SMI,GPU_0,7861.8,222.0,100.0
1781840687.00,ROCM_SMI,GPU_0,7861.8,221.0,100.0
1781840689.20,ROCM_SMI,GPU_0,7861.8,221.0,100.0
1781840691.40,ROCM_SMI,GPU_0,7861.8,218.0,100.0
1781840693.59,ROCM_SMI,GPU_0,7861.8,216.0,100.0
1781840695.79,ROCM_SMI,GPU_0,7861.8,216.0,100.0
1781840697.98,ROCM_SMI,GPU_0,7861.8,219.0,100.0
1781840700.18,ROCM_SMI,GPU_0,7861.8,223.0,100.0
1781840702.38,ROCM_SMI,GPU_0,7861.8,217.0,100.0
1781840704.57,ROCM_SMI,GPU_0,7861.8,219.0,100.0
1781840706.77,ROCM_SMI,GPU_0,7861.8,218.0,100.0
1781840708.96,ROCM_SMI,GPU_0,7861.8,217.0,100.0
1781840711.15,ROCM_SMI,GPU_0,7861.8,218.0,100.0
1781840713.35,ROCM_SMI,GPU_0,7861.8,221.0,100.0
1781840715.54,ROCM_SMI,GPU_0,7861.8,218.0,100.0
1781840717.74,ROCM_SMI,GPU_0,7861.8,218.0,100.0
1781840719.93,ROCM_SMI,GPU_0,7861.8,217.0,100.0
1781840722.12,ROCM_SMI,GPU_0,7861.8,218.0,100.0
1781840724.32,ROCM_SMI,GPU_0,7861.8,216.0,100.0
1781840726.51,ROCM_SMI,GPU_0,7861.8,220.0,100.0
1781840728.71,ROCM_SMI,GPU_0,7861.8,225.0,95.0
1781840730.90,ROCM_SMI,GPU_0,7861.8,220.0,100.0
1781840733.10,ROCM_SMI,GPU_0,7861.8,222.0,100.0
1781840735.29,ROCM_SMI,GPU_0,7861.8,223.0,100.0
1781840737.49,ROCM_SMI,GPU_0,7861.8,221.0,100.0
1781840739.68,ROCM_SMI,GPU_0,7861.8,219.0,100.0
1781840741.88,ROCM_SMI,GPU_0,7861.8,222.0,100.0
1781840744.07,ROCM_SMI,GPU_0,7861.8,215.0,100.0
1781840746.27,ROCM_SMI,GPU_0,7861.8,219.0,100.0
1781840748.46,ROCM_SMI,GPU_0,7861.8,219.0,100.0
1781840750.65,ROCM_SMI,GPU_0,7861.8,223.0,100.0
1781840752.84,ROCM_SMI,GPU_0,7861.8,220.0,100.0
1781840755.04,ROCM_SMI,GPU_0,7861.8,233.0,100.0
1781840757.24,ROCM_SMI,GPU_0,7861.8,217.0,100.0
1781840759.43,ROCM_SMI,GPU_0,7861.8,220.0,100.0
1781840761.62,ROCM_SMI,GPU_0,7861.8,219.0,80.0
1781840763.82,ROCM_SMI,GPU_0,7861.8,218.0,100.0
1781840766.01,ROCM_SMI,GPU_0,7861.8,224.0,100.0
1781840768.21,ROCM_SMI,GPU_0,7861.8,227.0,100.0
1781840770.40,ROCM_SMI,GPU_0,7861.8,219.0,100.0
1781840772.60,ROCM_SMI,GPU_0,7861.8,216.0,100.0
1781840774.79,ROCM_SMI,GPU_0,7861.8,218.0,100.0
1781840776.98,ROCM_SMI,GPU_0,7861.8,219.0,100.0
1781840779.18,ROCM_SMI,GPU_0,7861.8,217.0,100.0
1781840781.37,ROCM_SMI,GPU_0,7861.8,225.0,100.0
1781840783.57,ROCM_SMI,GPU_0,7861.8,220.0,100.0
1781840785.76,ROCM_SMI,GPU_0,7861.8,220.0,100.0
1781840787.96,ROCM_SMI,GPU_0,7861.8,219.0,100.0
1781840790.15,ROCM_SMI,GPU_0,7861.8,215.0,100.0
1781840792.34,ROCM_SMI,GPU_0,7861.8,215.0,100.0
1781840794.54,ROCM_SMI,GPU_0,7861.8,220.0,100.0
1781840796.73,ROCM_SMI,GPU_0,7861.8,220.0,100.0
1781840798.93,ROCM_SMI,GPU_0,7861.8,218.0,100.0
1781840801.12,ROCM_SMI,GPU_0,7861.8,219.0,100.0
1781840803.32,ROCM_SMI,GPU_0,7861.8,215.0,100.0
1781840805.51,ROCM_SMI,GPU_0,7861.8,220.0,100.0
1781840807.71,ROCM_SMI,GPU_0,7861.8,222.0,100.0
1781840809.90,ROCM_SMI,GPU_0,7861.8,221.0,100.0
1781840812.10,ROCM_SMI,GPU_0,7861.8,216.0,100.0
1781840814.29,ROCM_SMI,GPU_0,7861.8,215.0,100.0
1781840816.48,ROCM_SMI,GPU_0,7861.8,213.0,100.0
1781840818.67,ROCM_SMI,GPU_0,7861.8,218.0,100.0
1781840820.87,ROCM_SMI,GPU_0,7861.8,212.0,100.0
1781840823.07,ROCM_SMI,GPU_0,7861.8,219.0,100.0
1781840825.26,ROCM_SMI,GPU_0,7861.8,215.0,100.0
1781840827.46,ROCM_SMI,GPU_0,7861.8,220.0,95.0
1781840829.65,ROCM_SMI,GPU_0,7861.8,216.0,100.0
1781840831.84,ROCM_SMI,GPU_0,7861.8,220.0,100.0
1781840834.04,ROCM_SMI,GPU_0,7861.8,223.0,100.0
1781840836.24,ROCM_SMI,GPU_0,7861.8,214.0,100.0
1781840838.43,ROCM_SMI,GPU_0,7861.8,216.0,100.0
1781840840.63,ROCM_SMI,GPU_0,7861.8,214.0,100.0
1781840842.82,ROCM_SMI,GPU_0,7861.8,216.0,100.0
1781840845.01,ROCM_SMI,GPU_0,7861.8,219.0,100.0
1781840847.21,ROCM_SMI,GPU_0,7861.8,217.0,100.0
1781840849.41,ROCM_SMI,GPU_0,7861.8,224.0,100.0
1781840851.60,ROCM_SMI,GPU_0,7861.8,220.0,100.0
1781840853.79,ROCM_SMI,GPU_0,7861.8,217.0,100.0
1781840855.99,ROCM_SMI,GPU_0,7861.8,214.0,100.0
1781840858.18,ROCM_SMI,GPU_0,7861.8,218.0,100.0
1781840860.38,ROCM_SMI,GPU_0,7861.8,218.0,89.0
1781840862.58,ROCM_SMI,GPU_0,7861.8,220.0,100.0
1781840864.77,ROCM_SMI,GPU_0,7861.8,216.0,100.0
1781840866.96,ROCM_SMI,GPU_0,7861.8,219.0,100.0
1781840869.16,ROCM_SMI,GPU_0,7861.8,217.0,100.0
1781840871.35,ROCM_SMI,GPU_0,7861.8,219.0,100.0
1781840873.55,ROCM_SMI,GPU_0,7861.8,219.0,100.0
1781840875.75,ROCM_SMI,GPU_0,7861.8,235.0,100.0
1781840877.95,ROCM_SMI,GPU_0,7861.8,214.0,100.0
1781840880.14,ROCM_SMI,GPU_0,7861.8,215.0,100.0
1781840882.33,ROCM_SMI,GPU_0,7861.8,215.0,100.0
1781840884.53,ROCM_SMI,GPU_0,7861.8,218.0,100.0
1781840886.72,ROCM_SMI,GPU_0,7861.8,218.0,100.0
1781840888.91,ROCM_SMI,GPU_0,7861.8,225.0,100.0
1781840891.11,ROCM_SMI,GPU_0,7861.8,214.0,100.0
1781840893.30,ROCM_SMI,GPU_0,7861.8,216.0,100.0
1781840895.50,ROCM_SMI,GPU_0,7861.8,220.0,100.0
1781840897.69,ROCM_SMI,GPU_0,7861.8,219.0,100.0
1781840899.88,ROCM_SMI,GPU_0,7861.8,222.0,100.0
1781840902.08,ROCM_SMI,GPU_0,7861.8,215.0,100.0
1781840904.28,ROCM_SMI,GPU_0,7861.8,219.0,100.0
1781840906.47,ROCM_SMI,GPU_0,7861.8,216.0,100.0
1781840908.66,ROCM_SMI,GPU_0,7861.8,218.0,100.0
1781840910.86,ROCM_SMI,GPU_0,7861.8,214.0,100.0
1781840913.05,ROCM_SMI,GPU_0,7861.8,217.0,100.0
1781840915.25,ROCM_SMI,GPU_0,7861.8,222.0,100.0
1781840917.44,ROCM_SMI,GPU_0,7861.8,218.0,100.0
1781840919.64,ROCM_SMI,GPU_0,7861.8,221.0,100.0
1781840921.83,ROCM_SMI,GPU_0,7861.8,216.0,100.0
1781840924.03,ROCM_SMI,GPU_0,7861.8,213.0,100.0
1781840926.22,ROCM_SMI,GPU_0,7861.8,214.0,100.0
1781840928.42,ROCM_SMI,GPU_0,7861.8,219.0,85.0
1781840930.61,ROCM_SMI,GPU_0,7861.8,219.0,100.0
1781840932.81,ROCM_SMI,GPU_0,7861.8,219.0,100.0
1781840935.00,ROCM_SMI,GPU_0,7861.8,219.0,100.0
1781840937.20,ROCM_SMI,GPU_0,7861.8,219.0,100.0
1781840939.39,ROCM_SMI,GPU_0,7861.8,219.0,100.0
1781840941.58,ROCM_SMI,GPU_0,7861.8,218.0,100.0
1781840943.79,ROCM_SMI,GPU_0,7861.8,215.0,100.0
1781840945.98,ROCM_SMI,GPU_0,7861.8,215.0,100.0
1781840948.18,ROCM_SMI,GPU_0,7861.8,214.0,100.0
1781840950.37,ROCM_SMI,GPU_0,7861.8,216.0,100.0
1781840952.56,ROCM_SMI,GPU_0,7861.8,215.0,100.0
1781840954.76,ROCM_SMI,GPU_0,7861.8,221.0,100.0
1781840956.96,ROCM_SMI,GPU_0,7861.8,231.0,100.0
1781840959.16,ROCM_SMI,GPU_0,7861.8,217.0,100.0
1781840961.35,ROCM_SMI,GPU_0,7861.8,216.0,100.0
1781840963.54,ROCM_SMI,GPU_0,7861.8,212.0,100.0
1781840965.73,ROCM_SMI,GPU_0,7861.8,221.0,100.0
1781840967.93,ROCM_SMI,GPU_0,7861.8,216.0,100.0
1781840970.13,ROCM_SMI,GPU_0,7861.8,222.0,100.0
1781840972.32,ROCM_SMI,GPU_0,7861.8,215.0,100.0
1781840974.52,ROCM_SMI,GPU_0,7861.8,220.0,100.0
1781840976.71,ROCM_SMI,GPU_0,7861.8,219.0,100.0
1781840978.91,ROCM_SMI,GPU_0,7861.8,219.0,100.0
1781840981.10,ROCM_SMI,GPU_0,7861.8,220.0,100.0
1781840983.30,ROCM_SMI,GPU_0,7861.8,212.0,100.0
1781840985.49,ROCM_SMI,GPU_0,7861.8,215.0,100.0
1781840987.69,ROCM_SMI,GPU_0,7861.8,214.0,100.0
1781840989.88,ROCM_SMI,GPU_0,7861.8,216.0,100.0
1781840992.07,ROCM_SMI,GPU_0,7861.8,217.0,100.0
1781840994.27,ROCM_SMI,GPU_0,7861.8,213.0,100.0
1781840996.47,ROCM_SMI,GPU_0,7861.8,214.0,100.0
1781840998.66,ROCM_SMI,GPU_0,7861.8,218.0,84.0
1781841000.85,ROCM_SMI,GPU_0,7861.8,218.0,100.0
1781841003.05,ROCM_SMI,GPU_0,7861.8,219.0,100.0
1781841005.24,ROCM_SMI,GPU_0,7861.8,223.0,100.0
1781841007.44,ROCM_SMI,GPU_0,7861.8,220.0,100.0
1781841009.64,ROCM_SMI,GPU_0,7861.8,214.0,100.0
1781841011.83,ROCM_SMI,GPU_0,7861.8,217.0,100.0
1781841014.02,ROCM_SMI,GPU_0,7861.8,214.0,100.0
1781841016.22,ROCM_SMI,GPU_0,7861.8,216.0,100.0
1781841018.41,ROCM_SMI,GPU_0,7861.8,219.0,100.0
1781841020.60,ROCM_SMI,GPU_0,7861.8,219.0,100.0
1781841022.80,ROCM_SMI,GPU_0,7861.8,222.0,100.0
1781841024.99,ROCM_SMI,GPU_0,7861.8,216.0,100.0
1781841027.19,ROCM_SMI,GPU_0,7861.8,216.0,100.0
1781841029.38,ROCM_SMI,GPU_0,7861.8,213.0,100.0
1781841031.57,ROCM_SMI,GPU_0,7861.8,219.0,100.0
1781841033.77,ROCM_SMI,GPU_0,7861.8,220.0,100.0
1781841035.96,ROCM_SMI,GPU_0,7861.8,217.0,100.0
1781841038.16,ROCM_SMI,GPU_0,7861.8,223.0,100.0
1781841040.35,ROCM_SMI,GPU_0,7861.8,214.0,100.0
1781841042.54,ROCM_SMI,GPU_0,7861.8,214.0,100.0
1781841044.74,ROCM_SMI,GPU_0,7861.8,220.0,100.0
1781841046.93,ROCM_SMI,GPU_0,7861.8,217.0,100.0
1781841049.13,ROCM_SMI,GPU_0,7861.8,219.0,100.0
1781841051.32,ROCM_SMI,GPU_0,7861.8,216.0,100.0
1781841053.52,ROCM_SMI,GPU_0,7861.8,216.0,100.0
1781841055.71,ROCM_SMI,GPU_0,7861.8,213.0,100.0
1781841057.90,ROCM_SMI,GPU_0,7861.8,214.0,100.0
1781841060.10,ROCM_SMI,GPU_0,7861.8,214.0,100.0
1781841062.29,ROCM_SMI,GPU_0,7861.8,215.0,80.0
1781841064.49,ROCM_SMI,GPU_0,7861.8,217.0,100.0
1781841066.68,ROCM_SMI,GPU_0,7861.8,219.0,100.0
1781841068.87,ROCM_SMI,GPU_0,7861.8,218.0,100.0
1781841071.07,ROCM_SMI,GPU_0,7861.8,220.0,100.0
1781841073.26,ROCM_SMI,GPU_0,7861.8,217.0,100.0
1781841075.46,ROCM_SMI,GPU_0,7861.8,220.0,100.0
1781841077.65,ROCM_SMI,GPU_0,7861.8,216.0,100.0
1781841079.85,ROCM_SMI,GPU_0,7861.8,216.0,100.0
1781841082.04,ROCM_SMI,GPU_0,7861.8,218.0,100.0
1781841084.23,ROCM_SMI,GPU_0,7861.8,215.0,100.0
1781841086.43,ROCM_SMI,GPU_0,7861.8,219.0,100.0
1781841088.62,ROCM_SMI,GPU_0,7861.8,220.0,100.0
1781841090.82,ROCM_SMI,GPU_0,7861.8,217.0,100.0
1781841093.01,ROCM_SMI,GPU_0,7861.8,213.0,100.0
1781841095.20,ROCM_SMI,GPU_0,7861.8,214.0,94.0
1781841097.40,ROCM_SMI,GPU_0,7861.8,221.0,100.0
1781841099.59,ROCM_SMI,GPU_0,7861.8,216.0,100.0
1781841101.78,ROCM_SMI,GPU_0,7861.8,220.0,100.0
1781841103.98,ROCM_SMI,GPU_0,7861.8,218.0,100.0
1781841106.18,ROCM_SMI,GPU_0,7861.8,217.0,100.0
1781841108.37,ROCM_SMI,GPU_0,7861.8,217.0,100.0
1781841110.56,ROCM_SMI,GPU_0,7861.8,218.0,100.0
1781841112.76,ROCM_SMI,GPU_0,7861.8,223.0,100.0
1781841114.95,ROCM_SMI,GPU_0,7861.8,218.0,100.0
1781841117.15,ROCM_SMI,GPU_0,7861.8,215.0,100.0
1781841119.35,ROCM_SMI,GPU_0,7861.8,214.0,100.0
1781841121.54,ROCM_SMI,GPU_0,7861.8,217.0,100.0
1781841123.73,ROCM_SMI,GPU_0,7861.8,218.0,100.0
1781841125.93,ROCM_SMI,GPU_0,7861.8,215.0,100.0
1781841128.12,ROCM_SMI,GPU_0,7861.8,222.0,100.0
1781841130.32,ROCM_SMI,GPU_0,7861.8,177.0,100.0
1781841132.52,ROCM_SMI,GPU_0,7861.8,217.0,100.0
1781841134.71,ROCM_SMI,GPU_0,7861.8,218.0,100.0
1781841136.91,ROCM_SMI,GPU_0,7861.8,219.0,100.0
1781841139.10,ROCM_SMI,GPU_0,7861.8,219.0,100.0
1781841141.29,ROCM_SMI,GPU_0,7861.8,219.0,100.0
1781841143.49,ROCM_SMI,GPU_0,7861.8,220.0,100.0
1781841145.69,ROCM_SMI,GPU_0,7861.8,222.0,100.0
1781841147.88,ROCM_SMI,GPU_0,7861.8,218.0,100.0
1781841150.08,ROCM_SMI,GPU_0,7861.8,217.0,100.0
1781841152.27,ROCM_SMI,GPU_0,7861.8,212.0,100.0
1781841154.47,ROCM_SMI,GPU_0,7861.8,214.0,100.0
1781841156.66,ROCM_SMI,GPU_0,7861.8,211.0,100.0
1781841158.86,ROCM_SMI,GPU_0,7861.8,215.0,100.0
1781841161.05,ROCM_SMI,GPU_0,7861.8,214.0,100.0
1781841163.24,ROCM_SMI,GPU_0,7861.8,218.0,100.0
1781841165.44,ROCM_SMI,GPU_0,7861.8,218.0,100.0
1781841167.63,ROCM_SMI,GPU_0,7861.8,217.0,100.0
1781841169.83,ROCM_SMI,GPU_0,7861.8,219.0,100.0
1781841172.02,ROCM_SMI,GPU_0,7861.8,219.0,100.0
1781841174.22,ROCM_SMI,GPU_0,7861.8,221.0,100.0
1781841176.41,ROCM_SMI,GPU_0,7861.8,218.0,100.0
1781841178.60,ROCM_SMI,GPU_0,7861.8,223.0,100.0
1781841180.80,ROCM_SMI,GPU_0,7861.8,218.0,100.0
1781841183.00,ROCM_SMI,GPU_0,7861.8,215.0,100.0
1781841185.19,ROCM_SMI,GPU_0,7861.8,214.0,100.0
1781841187.38,ROCM_SMI,GPU_0,7861.8,214.0,100.0
1781841189.58,ROCM_SMI,GPU_0,7861.8,217.0,100.0
1781841191.77,ROCM_SMI,GPU_0,7861.8,215.0,100.0
1781841193.97,ROCM_SMI,GPU_0,7861.8,220.0,100.0
1781841196.17,ROCM_SMI,GPU_0,7861.8,212.0,100.0
1781841198.36,ROCM_SMI,GPU_0,7861.8,222.0,100.0
1781841200.55,ROCM_SMI,GPU_0,7861.8,222.0,100.0
1781841202.75,ROCM_SMI,GPU_0,7861.8,219.0,100.0
1781841204.94,ROCM_SMI,GPU_0,7861.8,221.0,100.0
1781841207.14,ROCM_SMI,GPU_0,7861.8,216.0,100.0
1781841209.33,ROCM_SMI,GPU_0,7861.8,218.0,100.0
1781841211.52,ROCM_SMI,GPU_0,7861.8,214.0,100.0
1781841213.72,ROCM_SMI,GPU_0,7861.8,217.0,100.0
1781841215.91,ROCM_SMI,GPU_0,7861.8,217.0,100.0
1781841218.11,ROCM_SMI,GPU_0,7861.8,215.0,100.0
1781841220.30,ROCM_SMI,GPU_0,7861.8,219.0,100.0
1781841222.50,ROCM_SMI,GPU_0,7861.8,219.0,100.0
1781841224.69,ROCM_SMI,GPU_0,7861.8,218.0,100.0
1781841226.89,ROCM_SMI,GPU_0,7861.8,215.0,100.0
1781841229.08,ROCM_SMI,GPU_0,7861.8,221.0,82.0
1781841231.28,ROCM_SMI,GPU_0,7861.8,216.0,100.0
1781841233.48,ROCM_SMI,GPU_0,7861.8,220.0,100.0
1781841235.67,ROCM_SMI,GPU_0,7861.8,220.0,100.0
1781841237.87,ROCM_SMI,GPU_0,7861.8,222.0,100.0
1781841240.06,ROCM_SMI,GPU_0,7861.8,219.0,100.0
1781841242.26,ROCM_SMI,GPU_0,7861.8,218.0,100.0
1781841244.45,ROCM_SMI,GPU_0,7861.8,221.0,100.0
1781841246.64,ROCM_SMI,GPU_0,7861.8,215.0,100.0
1781841248.84,ROCM_SMI,GPU_0,7861.8,218.0,100.0
1781841251.04,ROCM_SMI,GPU_0,7861.8,217.0,100.0
1781841253.23,ROCM_SMI,GPU_0,7861.8,217.0,100.0
1781841255.43,ROCM_SMI,GPU_0,7861.8,216.0,100.0
1781841257.62,ROCM_SMI,GPU_0,7861.8,219.0,100.0
1781841259.82,ROCM_SMI,GPU_0,7861.8,218.0,100.0
1781841262.01,ROCM_SMI,GPU_0,7861.8,217.0,100.0
1781841264.21,ROCM_SMI,GPU_0,7861.8,213.0,100.0
1781841266.40,ROCM_SMI,GPU_0,7861.8,218.0,100.0
1781841268.59,ROCM_SMI,GPU_0,7861.8,220.0,100.0
1781841270.79,ROCM_SMI,GPU_0,7861.8,221.0,100.0
1781841272.98,ROCM_SMI,GPU_0,7861.8,220.0,100.0
1781841275.18,ROCM_SMI,GPU_0,7861.8,217.0,100.0
1781841277.37,ROCM_SMI,GPU_0,7861.8,227.0,100.0
1781841279.57,ROCM_SMI,GPU_0,7861.8,216.0,100.0
1781841281.76,ROCM_SMI,GPU_0,7861.8,218.0,100.0
1781841283.95,ROCM_SMI,GPU_0,7861.8,215.0,100.0
1781841286.15,ROCM_SMI,GPU_0,7861.8,222.0,100.0
1781841288.34,ROCM_SMI,GPU_0,7861.8,219.0,100.0
1781841290.54,ROCM_SMI,GPU_0,7861.8,219.0,100.0
1781841292.74,ROCM_SMI,GPU_0,7861.8,218.0,100.0
1781841294.93,ROCM_SMI,GPU_0,7861.8,216.0,100.0
1781841297.12,ROCM_SMI,GPU_0,7861.8,219.0,100.0
1781841299.32,ROCM_SMI,GPU_0,7861.8,218.0,100.0
1781841301.51,ROCM_SMI,GPU_0,7861.8,222.0,100.0
1781841303.71,ROCM_SMI,GPU_0,7861.8,216.0,100.0
1781841305.90,ROCM_SMI,GPU_0,7861.8,220.0,100.0
1781841308.09,ROCM_SMI,GPU_0,7861.8,219.0,100.0
1781841310.29,ROCM_SMI,GPU_0,7861.8,219.0,100.0
1781841312.48,ROCM_SMI,GPU_0,7861.8,222.0,100.0
1781841314.67,ROCM_SMI,GPU_0,7861.8,214.0,100.0
1781841316.87,ROCM_SMI,GPU_0,7861.8,215.0,100.0
1781841319.07,ROCM_SMI,GPU_0,7861.8,217.0,100.0
1781841321.26,ROCM_SMI,GPU_0,7861.8,218.0,100.0
1781841323.45,ROCM_SMI,GPU_0,7861.8,216.0,100.0
1781841325.65,ROCM_SMI,GPU_0,7861.8,217.0,100.0
1781841327.84,ROCM_SMI,GPU_0,7861.8,220.0,100.0
1781841330.04,ROCM_SMI,GPU_0,7861.8,207.0,100.0
1781841332.24,ROCM_SMI,GPU_0,7861.8,219.0,100.0
1781841334.43,ROCM_SMI,GPU_0,7861.8,219.0,100.0
1781841336.63,ROCM_SMI,GPU_0,7861.8,225.0,100.0
1781841338.82,ROCM_SMI,GPU_0,7861.8,221.0,100.0
1781841341.01,ROCM_SMI,GPU_0,7861.8,218.0,100.0
1781841343.21,ROCM_SMI,GPU_0,7861.8,221.0,100.0
1781841345.40,ROCM_SMI,GPU_0,7861.8,219.0,100.0
1781841347.60,ROCM_SMI,GPU_0,7861.8,215.0,100.0
1781841349.79,ROCM_SMI,GPU_0,7861.8,218.0,100.0
1781841351.98,ROCM_SMI,GPU_0,7861.8,218.0,100.0
1781841354.18,ROCM_SMI,GPU_0,7861.8,219.0,100.0
1781841356.37,ROCM_SMI,GPU_0,7861.8,217.0,100.0
1781841358.57,ROCM_SMI,GPU_0,7861.8,219.0,100.0
1781841360.76,ROCM_SMI,GPU_0,7861.8,216.0,100.0
1781841362.96,ROCM_SMI,GPU_0,7861.8,217.0,100.0
1781841365.15,ROCM_SMI,GPU_0,7861.8,221.0,100.0
1781841367.35,ROCM_SMI,GPU_0,7861.8,220.0,100.0
1781841369.54,ROCM_SMI,GPU_0,7861.8,222.0,100.0
1781841371.74,ROCM_SMI,GPU_0,7861.8,219.0,100.0
1781841373.93,ROCM_SMI,GPU_0,7861.8,216.0,100.0
1781841376.13,ROCM_SMI,GPU_0,7861.8,223.0,100.0
1781841378.32,ROCM_SMI,GPU_0,7861.8,220.0,100.0
1781841380.52,ROCM_SMI,GPU_0,7861.8,224.0,100.0
1781841382.71,ROCM_SMI,GPU_0,7861.8,217.0,100.0
1781841384.91,ROCM_SMI,GPU_0,7861.8,215.0,100.0
1781841387.10,ROCM_SMI,GPU_0,7861.8,220.0,100.0
1781841389.30,ROCM_SMI,GPU_0,7861.8,219.0,100.0
1781841391.49,ROCM_SMI,GPU_0,7861.8,219.0,100.0
1781841393.69,ROCM_SMI,GPU_0,7861.8,217.0,100.0
1781841395.88,ROCM_SMI,GPU_0,7861.8,219.0,100.0
1781841398.09,ROCM_SMI,GPU_0,7861.8,216.0,100.0
1781841400.28,ROCM_SMI,GPU_0,7861.8,219.0,100.0
1781841402.48,ROCM_SMI,GPU_0,7861.8,221.0,100.0
1781841404.67,ROCM_SMI,GPU_0,7861.8,219.0,100.0
1781841406.87,ROCM_SMI,GPU_0,7861.8,222.0,100.0
1781841409.06,ROCM_SMI,GPU_0,7861.8,217.0,100.0
1781841411.26,ROCM_SMI,GPU_0,7861.8,222.0,100.0
1781841413.46,ROCM_SMI,GPU_0,7861.8,220.0,100.0
1781841415.66,ROCM_SMI,GPU_0,7861.8,223.0,100.0
1781841417.85,ROCM_SMI,GPU_0,7861.8,218.0,100.0
1781841420.04,ROCM_SMI,GPU_0,7861.8,213.0,100.0
1781841422.23,ROCM_SMI,GPU_0,7861.8,219.0,100.0
1781841424.43,ROCM_SMI,GPU_0,7861.8,223.0,100.0
1781841426.63,ROCM_SMI,GPU_0,7861.8,222.0,100.0
1781841428.82,ROCM_SMI,GPU_0,7861.8,219.0,100.0
1781841431.01,ROCM_SMI,GPU_0,7861.8,214.0,100.0
1781841433.21,ROCM_SMI,GPU_0,7861.8,220.0,100.0
1781841435.40,ROCM_SMI,GPU_0,7861.8,223.0,100.0
1781841437.60,ROCM_SMI,GPU_0,7861.8,220.0,100.0
1781841439.79,ROCM_SMI,GPU_0,7861.8,223.0,100.0
1781841441.99,ROCM_SMI,GPU_0,7861.8,220.0,100.0
1781841444.18,ROCM_SMI,GPU_0,7861.8,221.0,100.0
1781841446.37,ROCM_SMI,GPU_0,7861.8,221.0,100.0
1781841448.57,ROCM_SMI,GPU_0,7861.8,221.0,100.0
1781841450.77,ROCM_SMI,GPU_0,7861.8,219.0,100.0
1781841452.96,ROCM_SMI,GPU_0,7861.8,217.0,100.0
1781841455.15,ROCM_SMI,GPU_0,7861.8,214.0,100.0
1781841457.35,ROCM_SMI,GPU_0,7861.8,220.0,100.0
1781841459.54,ROCM_SMI,GPU_0,7861.8,218.0,100.0
1781841461.73,ROCM_SMI,GPU_0,7861.8,217.0,100.0
1781841463.94,ROCM_SMI,GPU_0,7861.8,219.0,100.0
1781841466.14,ROCM_SMI,GPU_0,7861.8,219.0,100.0
1781841468.33,ROCM_SMI,GPU_0,7861.8,214.0,100.0
1781841470.53,ROCM_SMI,GPU_0,7861.8,220.0,100.0
1781841472.72,ROCM_SMI,GPU_0,7861.8,223.0,100.0
1781841474.91,ROCM_SMI,GPU_0,7861.8,222.0,100.0
1781841477.11,ROCM_SMI,GPU_0,7861.8,207.0,100.0
1781841479.31,ROCM_SMI,GPU_0,7861.8,221.0,100.0
1781841481.50,ROCM_SMI,GPU_0,7861.8,215.0,100.0
1781841483.69,ROCM_SMI,GPU_0,7861.8,219.0,100.0
1781841485.89,ROCM_SMI,GPU_0,7861.8,217.0,100.0
1781841488.08,ROCM_SMI,GPU_0,7861.8,222.0,100.0
1781841490.27,ROCM_SMI,GPU_0,7861.8,225.0,100.0
1781841492.47,ROCM_SMI,GPU_0,7861.8,220.0,100.0
1781841494.66,ROCM_SMI,GPU_0,7861.8,218.0,100.0
1781841496.85,ROCM_SMI,GPU_0,7861.8,213.0,100.0
1781841499.05,ROCM_SMI,GPU_0,7861.8,217.0,100.0
1781841501.24,ROCM_SMI,GPU_0,7861.8,219.0,80.0
1781841503.43,ROCM_SMI,GPU_0,7861.8,217.0,100.0
1781841505.63,ROCM_SMI,GPU_0,7861.8,221.0,100.0
1781841507.82,ROCM_SMI,GPU_0,7861.8,217.0,100.0
1781841510.01,ROCM_SMI,GPU_0,7861.8,219.0,100.0
1781841512.21,ROCM_SMI,GPU_0,7861.8,218.0,100.0
1781841514.40,ROCM_SMI,GPU_0,7861.8,220.0,100.0
1781841516.60,ROCM_SMI,GPU_0,7861.8,222.0,100.0
1781841518.79,ROCM_SMI,GPU_0,7861.8,216.0,100.0
1781841520.99,ROCM_SMI,GPU_0,7861.8,216.0,100.0
1781841523.18,ROCM_SMI,GPU_0,7861.8,216.0,100.0
1781841525.37,ROCM_SMI,GPU_0,7861.8,219.0,100.0
1781841527.56,ROCM_SMI,GPU_0,7861.8,215.0,100.0
1781841529.76,ROCM_SMI,GPU_0,7861.8,215.0,100.0
1781841531.95,ROCM_SMI,GPU_0,7861.8,216.0,87.0
1781841534.15,ROCM_SMI,GPU_0,7861.8,219.0,100.0
1781841536.34,ROCM_SMI,GPU_0,7861.8,223.0,100.0
1781841538.53,ROCM_SMI,GPU_0,7861.8,221.0,100.0
1781841540.72,ROCM_SMI,GPU_0,7861.8,219.0,100.0
1781841542.92,ROCM_SMI,GPU_0,7861.8,219.0,100.0
1781841545.12,ROCM_SMI,GPU_0,7861.8,220.0,100.0
1781841547.31,ROCM_SMI,GPU_0,7861.8,216.0,100.0
1781841549.51,ROCM_SMI,GPU_0,7861.8,216.0,100.0
1781841551.70,ROCM_SMI,GPU_0,7861.8,218.0,100.0
1781841553.89,ROCM_SMI,GPU_0,7861.8,220.0,100.0
1781841556.09,ROCM_SMI,GPU_0,7861.8,221.0,100.0
1781841558.29,ROCM_SMI,GPU_0,7861.8,218.0,100.0
1781841560.48,ROCM_SMI,GPU_0,7861.8,216.0,100.0
1781841562.67,ROCM_SMI,GPU_0,7861.8,215.0,100.0
1781841564.87,ROCM_SMI,GPU_0,7861.8,218.0,100.0
1781841567.06,ROCM_SMI,GPU_0,7861.8,217.0,100.0
1781841569.26,ROCM_SMI,GPU_0,7861.8,220.0,100.0
1781841571.46,ROCM_SMI,GPU_0,7861.8,225.0,100.0
1781841573.65,ROCM_SMI,GPU_0,7861.8,220.0,100.0
1781841575.84,ROCM_SMI,GPU_0,7861.8,219.0,100.0
1781841578.04,ROCM_SMI,GPU_0,7861.8,222.0,100.0
1781841580.23,ROCM_SMI,GPU_0,7861.8,215.0,100.0
1781841582.43,ROCM_SMI,GPU_0,7861.8,217.0,100.0
1781841584.63,ROCM_SMI,GPU_0,7861.8,211.0,100.0
1781841586.82,ROCM_SMI,GPU_0,7861.8,217.0,100.0
1781841589.01,ROCM_SMI,GPU_0,7861.8,221.0,100.0
1781841591.21,ROCM_SMI,GPU_0,7861.8,221.0,100.0
1781841593.40,ROCM_SMI,GPU_0,7861.8,219.0,100.0
1781841595.59,ROCM_SMI,GPU_0,7861.8,216.0,100.0
1781841597.79,ROCM_SMI,GPU_0,7861.8,207.0,100.0
1781841599.98,ROCM_SMI,GPU_0,7861.8,216.0,100.0
1781841602.18,ROCM_SMI,GPU_0,7861.8,221.0,100.0
1781841604.37,ROCM_SMI,GPU_0,7861.8,218.0,100.0
1781841606.56,ROCM_SMI,GPU_0,7861.8,218.0,100.0
1781841608.76,ROCM_SMI,GPU_0,7861.8,220.0,100.0
1781841610.95,ROCM_SMI,GPU_0,7861.8,217.0,100.0
1781841613.15,ROCM_SMI,GPU_0,7861.8,220.0,100.0
1781841615.34,ROCM_SMI,GPU_0,7861.8,220.0,100.0
1781841617.54,ROCM_SMI,GPU_0,7861.8,214.0,100.0
1781841619.73,ROCM_SMI,GPU_0,7861.8,214.0,100.0
1781841621.92,ROCM_SMI,GPU_0,7861.8,215.0,100.0
1781841624.12,ROCM_SMI,GPU_0,7861.8,217.0,100.0
1781841626.31,ROCM_SMI,GPU_0,7861.8,215.0,100.0
1781841628.51,ROCM_SMI,GPU_0,7861.8,217.0,100.0
1781841630.70,ROCM_SMI,GPU_0,7861.8,217.0,100.0
1781841632.89,ROCM_SMI,GPU_0,7861.8,215.0,87.0
1781841635.09,ROCM_SMI,GPU_0,7861.8,221.0,100.0
1781841637.28,ROCM_SMI,GPU_0,7861.8,215.0,100.0
1781841639.48,ROCM_SMI,GPU_0,7861.8,220.0,100.0
1781841641.67,ROCM_SMI,GPU_0,7861.8,214.0,100.0
1781841643.86,ROCM_SMI,GPU_0,7861.8,218.0,100.0
1781841646.06,ROCM_SMI,GPU_0,7861.8,218.0,100.0
1781841648.25,ROCM_SMI,GPU_0,7861.8,221.0,100.0
1781841650.45,ROCM_SMI,GPU_0,7861.8,220.0,100.0
1781841652.64,ROCM_SMI,GPU_0,7861.8,215.0,100.0
1781841654.84,ROCM_SMI,GPU_0,7861.8,217.0,100.0
1781841657.03,ROCM_SMI,GPU_0,7861.8,219.0,100.0
1781841659.22,ROCM_SMI,GPU_0,7861.8,217.0,100.0
1781841661.42,ROCM_SMI,GPU_0,7861.8,219.0,100.0
1781841663.62,ROCM_SMI,GPU_0,7861.8,216.0,100.0
1781841665.81,ROCM_SMI,GPU_0,7861.8,217.0,89.0
1781841668.00,ROCM_SMI,GPU_0,7861.8,218.0,100.0
1781841670.20,ROCM_SMI,GPU_0,7861.8,218.0,100.0
1781841672.39,ROCM_SMI,GPU_0,7861.8,224.0,100.0
1781841674.59,ROCM_SMI,GPU_0,7861.8,221.0,100.0
1781841676.78,ROCM_SMI,GPU_0,7861.8,215.0,100.0
1781841678.98,ROCM_SMI,GPU_0,7861.8,217.0,100.0
1781841681.17,ROCM_SMI,GPU_0,7861.8,220.0,100.0
1781841683.36,ROCM_SMI,GPU_0,7861.8,218.0,100.0
1781841685.56,ROCM_SMI,GPU_0,7861.8,220.0,100.0
1781841687.75,ROCM_SMI,GPU_0,7861.8,217.0,100.0
1781841689.95,ROCM_SMI,GPU_0,7861.8,217.0,100.0
1781841692.14,ROCM_SMI,GPU_0,7861.8,214.0,100.0
1781841694.34,ROCM_SMI,GPU_0,7861.8,214.0,100.0
1781841696.53,ROCM_SMI,GPU_0,7861.8,218.0,100.0
1781841698.72,ROCM_SMI,GPU_0,7861.8,215.0,90.0
1781841700.91,ROCM_SMI,GPU_0,7861.8,220.0,100.0
1781841703.11,ROCM_SMI,GPU_0,7861.8,224.0,100.0
1781841705.31,ROCM_SMI,GPU_0,7861.8,218.0,100.0
1781841707.50,ROCM_SMI,GPU_0,7861.8,218.0,100.0
1781841709.70,ROCM_SMI,GPU_0,7861.8,222.0,100.0
1781841711.89,ROCM_SMI,GPU_0,7861.8,218.0,100.0
1781841714.08,ROCM_SMI,GPU_0,7861.8,223.0,100.0
1781841716.28,ROCM_SMI,GPU_0,7861.8,218.0,100.0
1781841718.47,ROCM_SMI,GPU_0,7861.8,214.0,100.0
1781841720.67,ROCM_SMI,GPU_0,7861.8,214.0,100.0
1781841722.86,ROCM_SMI,GPU_0,7861.8,219.0,100.0
1781841725.05,ROCM_SMI,GPU_0,7861.8,213.0,100.0
1781841727.25,ROCM_SMI,GPU_0,7861.8,219.0,100.0
1781841729.44,ROCM_SMI,GPU_0,7861.8,217.0,100.0
1781841731.64,ROCM_SMI,GPU_0,7861.8,222.0,100.0
1781841733.83,ROCM_SMI,GPU_0,7861.8,218.0,100.0
1781841736.03,ROCM_SMI,GPU_0,7861.8,219.0,100.0
1781841738.22,ROCM_SMI,GPU_0,7861.8,224.0,100.0
1781841740.42,ROCM_SMI,GPU_0,7861.8,218.0,100.0
1781841742.61,ROCM_SMI,GPU_0,7861.8,217.0,100.0
1781841744.82,ROCM_SMI,GPU_0,7861.8,219.0,100.0
1781841747.01,ROCM_SMI,GPU_0,7861.8,216.0,100.0
1781841749.21,ROCM_SMI,GPU_0,7861.8,218.0,100.0
1781841751.40,ROCM_SMI,GPU_0,7861.8,217.0,100.0
1781841753.59,ROCM_SMI,GPU_0,7861.8,221.0,100.0
1781841755.78,ROCM_SMI,GPU_0,7861.8,217.0,100.0
1781841757.98,ROCM_SMI,GPU_0,7861.8,226.0,100.0
1781841760.18,ROCM_SMI,GPU_0,7861.8,217.0,100.0
1781841762.37,ROCM_SMI,GPU_0,7861.8,217.0,100.0
1781841764.57,ROCM_SMI,GPU_0,7861.8,215.0,100.0
1781841766.76,ROCM_SMI,GPU_0,7861.8,219.0,80.0
1781841768.96,ROCM_SMI,GPU_0,7861.8,217.0,100.0
1781841771.16,ROCM_SMI,GPU_0,7861.8,218.0,100.0
1781841773.35,ROCM_SMI,GPU_0,7861.8,222.0,100.0
1781841775.54,ROCM_SMI,GPU_0,7861.8,220.0,100.0
1781841777.74,ROCM_SMI,GPU_0,7861.8,219.0,100.0
1781841779.93,ROCM_SMI,GPU_0,7861.8,221.0,100.0
1781841782.12,ROCM_SMI,GPU_0,7861.8,216.0,100.0
1781841784.32,ROCM_SMI,GPU_0,7861.8,215.0,100.0
1781841786.52,ROCM_SMI,GPU_0,7861.8,216.0,100.0
1781841788.71,ROCM_SMI,GPU_0,7861.8,216.0,100.0
1781841790.91,ROCM_SMI,GPU_0,7861.8,219.0,100.0
1781841793.10,ROCM_SMI,GPU_0,7861.8,218.0,100.0
1781841795.29,ROCM_SMI,GPU_0,7861.8,220.0,100.0
1781841797.51,ROCM_SMI,GPU_0,7861.8,220.0,100.0
1781841799.70,ROCM_SMI,GPU_0,7861.8,218.0,100.0
1781841801.90,ROCM_SMI,GPU_0,7861.8,217.0,100.0
1781841804.09,ROCM_SMI,GPU_0,7861.8,215.0,100.0
1781841806.29,ROCM_SMI,GPU_0,7861.8,221.0,100.0
1781841808.48,ROCM_SMI,GPU_0,7861.8,223.0,100.0
1781841810.68,ROCM_SMI,GPU_0,7861.8,217.0,100.0
1781841812.88,ROCM_SMI,GPU_0,7861.8,219.0,100.0
1781841815.07,ROCM_SMI,GPU_0,7861.8,215.0,100.0
1781841817.26,ROCM_SMI,GPU_0,7861.8,223.0,100.0
1781841819.46,ROCM_SMI,GPU_0,7861.8,218.0,100.0
1781841821.65,ROCM_SMI,GPU_0,7861.8,221.0,100.0
1781841823.85,ROCM_SMI,GPU_0,7861.8,219.0,100.0
1781841826.05,ROCM_SMI,GPU_0,7861.8,217.0,100.0
1781841828.24,ROCM_SMI,GPU_0,7861.8,215.0,100.0
1781841830.43,ROCM_SMI,GPU_0,7861.8,214.0,100.0
1781841832.63,ROCM_SMI,GPU_0,7861.8,218.0,100.0
1781841834.82,ROCM_SMI,GPU_0,7861.8,214.0,100.0
1781841837.02,ROCM_SMI,GPU_0,7861.8,211.0,100.0
1781841839.21,ROCM_SMI,GPU_0,7861.8,223.0,100.0
1781841841.41,ROCM_SMI,GPU_0,7861.8,217.0,100.0
1781841843.60,ROCM_SMI,GPU_0,7861.8,218.0,100.0
1781841845.79,ROCM_SMI,GPU_0,7861.8,223.0,100.0
1781841847.99,ROCM_SMI,GPU_0,7861.8,217.0,100.0
1781841850.19,ROCM_SMI,GPU_0,7861.8,218.0,100.0
1781841852.39,ROCM_SMI,GPU_0,7861.8,215.0,100.0
1781841854.59,ROCM_SMI,GPU_0,7861.8,216.0,100.0
1781841856.78,ROCM_SMI,GPU_0,7861.8,214.0,100.0
1781841858.97,ROCM_SMI,GPU_0,7861.8,215.0,100.0
1781841861.17,ROCM_SMI,GPU_0,7861.8,215.0,100.0
1781841863.36,ROCM_SMI,GPU_0,7861.8,215.0,100.0
1781841865.56,ROCM_SMI,GPU_0,7861.8,229.0,100.0
1781841867.75,ROCM_SMI,GPU_0,7861.8,221.0,100.0
1781841869.95,ROCM_SMI,GPU_0,7861.8,217.0,100.0
1781841872.14,ROCM_SMI,GPU_0,7861.8,219.0,84.0
1781841874.33,ROCM_SMI,GPU_0,7861.8,222.0,100.0
1781841876.53,ROCM_SMI,GPU_0,7861.8,221.0,100.0
1781841878.73,ROCM_SMI,GPU_0,7861.8,219.0,100.0
1781841880.92,ROCM_SMI,GPU_0,7861.8,218.0,100.0
1781841883.11,ROCM_SMI,GPU_0,7861.8,220.0,100.0
1781841885.31,ROCM_SMI,GPU_0,7861.8,220.0,100.0
1781841887.50,ROCM_SMI,GPU_0,7861.8,214.0,100.0
1781841889.70,ROCM_SMI,GPU_0,7861.8,215.0,100.0
1781841891.89,ROCM_SMI,GPU_0,7861.8,219.0,100.0
1781841894.09,ROCM_SMI,GPU_0,7861.8,218.0,100.0
1781841896.28,ROCM_SMI,GPU_0,7861.8,218.0,100.0
1781841898.47,ROCM_SMI,GPU_0,7861.8,214.0,100.0
1781841900.67,ROCM_SMI,GPU_0,7861.8,214.0,100.0
1781841902.86,ROCM_SMI,GPU_0,7861.8,217.0,100.0
1781841905.06,ROCM_SMI,GPU_0,7861.8,220.0,100.0
1781841907.26,ROCM_SMI,GPU_0,7861.8,220.0,100.0
1781841909.45,ROCM_SMI,GPU_0,7861.8,219.0,100.0
1781841911.64,ROCM_SMI,GPU_0,7861.8,221.0,100.0
1781841913.84,ROCM_SMI,GPU_0,7861.8,220.0,100.0
1781841916.03,ROCM_SMI,GPU_0,7861.8,218.0,100.0
1781841918.23,ROCM_SMI,GPU_0,7861.8,220.0,100.0
1781841920.42,ROCM_SMI,GPU_0,7861.8,217.0,100.0
1781841922.62,ROCM_SMI,GPU_0,7861.8,215.0,100.0
1781841924.81,ROCM_SMI,GPU_0,7861.8,219.0,100.0
1781841927.01,ROCM_SMI,GPU_0,7861.8,218.0,100.0
1781841929.20,ROCM_SMI,GPU_0,7861.8,215.0,100.0
1781841931.40,ROCM_SMI,GPU_0,7861.8,229.0,100.0
1781841933.60,ROCM_SMI,GPU_0,7861.8,222.0,100.0
1781841935.79,ROCM_SMI,GPU_0,7861.8,215.0,100.0
1781841937.98,ROCM_SMI,GPU_0,7861.8,221.0,88.0
1781841940.17,ROCM_SMI,GPU_0,7861.8,218.0,100.0
1781841942.37,ROCM_SMI,GPU_0,7861.8,220.0,100.0
1781841944.56,ROCM_SMI,GPU_0,7861.8,225.0,100.0
1781841946.76,ROCM_SMI,GPU_0,7861.8,217.0,100.0
1781841948.95,ROCM_SMI,GPU_0,7861.8,219.0,100.0
1781841951.15,ROCM_SMI,GPU_0,7861.8,216.0,100.0
1781841953.34,ROCM_SMI,GPU_0,7861.8,216.0,100.0
1781841955.54,ROCM_SMI,GPU_0,7861.8,217.0,100.0
1781841957.73,ROCM_SMI,GPU_0,7861.8,227.0,100.0
1781841959.93,ROCM_SMI,GPU_0,7861.8,217.0,100.0
1781841962.12,ROCM_SMI,GPU_0,7861.8,216.0,100.0
1781841964.32,ROCM_SMI,GPU_0,7861.8,213.0,100.0
1781841966.51,ROCM_SMI,GPU_0,7861.8,219.0,100.0
1781841968.70,ROCM_SMI,GPU_0,7861.8,215.0,100.0
1781841970.90,ROCM_SMI,GPU_0,7861.8,222.0,88.0
1781841973.09,ROCM_SMI,GPU_0,7861.8,218.0,100.0
1781841975.29,ROCM_SMI,GPU_0,7861.8,221.0,100.0
1781841977.48,ROCM_SMI,GPU_0,7861.8,219.0,100.0
1781841979.67,ROCM_SMI,GPU_0,7861.8,222.0,100.0
1781841981.87,ROCM_SMI,GPU_0,7861.8,220.0,100.0
1781841984.06,ROCM_SMI,GPU_0,7861.8,225.0,100.0
1781841986.26,ROCM_SMI,GPU_0,7861.8,217.0,100.0
1781841988.45,ROCM_SMI,GPU_0,7861.8,218.0,100.0
1781841990.64,ROCM_SMI,GPU_0,7861.8,220.0,100.0
1781841992.84,ROCM_SMI,GPU_0,7861.8,221.0,100.0
1781841995.03,ROCM_SMI,GPU_0,7861.8,221.0,100.0
1781841997.22,ROCM_SMI,GPU_0,7861.8,216.0,100.0
1781841999.43,ROCM_SMI,GPU_0,7861.8,221.0,100.0
1781842001.62,ROCM_SMI,GPU_0,7861.8,211.0,100.0
1781842003.82,ROCM_SMI,GPU_0,7861.8,218.0,100.0
1781842006.01,ROCM_SMI,GPU_0,7861.8,220.0,100.0
1781842008.20,ROCM_SMI,GPU_0,7861.8,218.0,100.0
1781842010.40,ROCM_SMI,GPU_0,7861.8,222.0,100.0
1781842012.60,ROCM_SMI,GPU_0,7861.8,222.0,100.0
1781842014.79,ROCM_SMI,GPU_0,7861.8,215.0,100.0
1781842016.98,ROCM_SMI,GPU_0,7861.8,218.0,100.0
1781842019.18,ROCM_SMI,GPU_0,7861.8,217.0,100.0
1781842021.37,ROCM_SMI,GPU_0,7861.8,221.0,100.0
1781842023.56,ROCM_SMI,GPU_0,7861.8,216.0,100.0
1781842025.76,ROCM_SMI,GPU_0,7861.8,218.0,100.0
1781842027.96,ROCM_SMI,GPU_0,7861.8,213.0,100.0
1781842030.15,ROCM_SMI,GPU_0,7861.8,220.0,100.0
1781842032.35,ROCM_SMI,GPU_0,7861.8,217.0,100.0
1781842034.54,ROCM_SMI,GPU_0,7861.8,214.0,100.0
1781842036.73,ROCM_SMI,GPU_0,7861.8,218.0,100.0
1781842038.93,ROCM_SMI,GPU_0,7861.8,221.0,100.0
1781842041.13,ROCM_SMI,GPU_0,7861.8,220.0,100.0
1781842043.32,ROCM_SMI,GPU_0,7861.8,219.0,100.0
1781842045.52,ROCM_SMI,GPU_0,7861.8,224.0,100.0
1781842047.71,ROCM_SMI,GPU_0,7861.8,217.0,100.0
1781842049.90,ROCM_SMI,GPU_0,7861.8,219.0,100.0
1781842052.10,ROCM_SMI,GPU_0,7861.8,214.0,100.0
1781842054.29,ROCM_SMI,GPU_0,7861.8,217.0,100.0
1781842056.49,ROCM_SMI,GPU_0,7861.8,216.0,100.0
1781842058.68,ROCM_SMI,GPU_0,7861.8,219.0,100.0
1781842060.87,ROCM_SMI,GPU_0,7861.8,221.0,100.0
1781842063.06,ROCM_SMI,GPU_0,7861.8,218.0,100.0
1781842065.26,ROCM_SMI,GPU_0,7861.8,213.0,100.0
1781842067.45,ROCM_SMI,GPU_0,7861.8,215.0,100.0
1781842069.65,ROCM_SMI,GPU_0,7861.8,215.0,100.0
1781842071.84,ROCM_SMI,GPU_0,7861.8,222.0,100.0
1781842074.03,ROCM_SMI,GPU_0,7861.8,217.0,100.0
1781842076.23,ROCM_SMI,GPU_0,7861.8,217.0,100.0
1781842078.43,ROCM_SMI,GPU_0,7861.8,232.0,100.0
1781842080.63,ROCM_SMI,GPU_0,7861.8,216.0,100.0
1781842082.82,ROCM_SMI,GPU_0,7861.8,216.0,100.0
1781842085.02,ROCM_SMI,GPU_0,7861.8,219.0,100.0
1781842087.21,ROCM_SMI,GPU_0,7861.8,219.0,100.0
1781842089.40,ROCM_SMI,GPU_0,7861.8,222.0,100.0
1781842091.60,ROCM_SMI,GPU_0,7861.8,220.0,100.0
1781842093.79,ROCM_SMI,GPU_0,7861.8,214.0,100.0
1781842095.99,ROCM_SMI,GPU_0,7861.8,217.0,100.0
1781842098.18,ROCM_SMI,GPU_0,7861.8,217.0,100.0
1781842100.38,ROCM_SMI,GPU_0,7861.8,214.0,100.0
1781842102.57,ROCM_SMI,GPU_0,7861.8,218.0,100.0
1781842104.77,ROCM_SMI,GPU_0,7861.8,224.0,80.0
1781842106.97,ROCM_SMI,GPU_0,7861.8,218.0,100.0
1781842109.16,ROCM_SMI,GPU_0,7861.8,220.0,100.0
1781842111.35,ROCM_SMI,GPU_0,7861.8,221.0,100.0
1781842113.55,ROCM_SMI,GPU_0,7861.8,222.0,100.0
1781842115.74,ROCM_SMI,GPU_0,7861.8,216.0,100.0
1781842117.93,ROCM_SMI,GPU_0,7861.8,221.0,100.0
1781842120.13,ROCM_SMI,GPU_0,7861.8,214.0,100.0
1781842122.33,ROCM_SMI,GPU_0,7861.8,216.0,100.0
1781842124.52,ROCM_SMI,GPU_0,7861.8,216.0,100.0
1781842126.72,ROCM_SMI,GPU_0,7861.8,220.0,100.0
1781842128.91,ROCM_SMI,GPU_0,7861.8,219.0,100.0
1781842131.10,ROCM_SMI,GPU_0,7861.8,215.0,100.0
1781842133.30,ROCM_SMI,GPU_0,7861.8,214.0,100.0
1781842135.50,ROCM_SMI,GPU_0,7861.8,218.0,100.0
1781842137.69,ROCM_SMI,GPU_0,7861.8,215.0,100.0
1781842139.88,ROCM_SMI,GPU_0,7861.8,221.0,100.0
1781842142.07,ROCM_SMI,GPU_0,7861.8,220.0,100.0
1781842144.27,ROCM_SMI,GPU_0,7861.8,219.0,100.0
1781842146.47,ROCM_SMI,GPU_0,7861.8,237.0,100.0
1781842148.66,ROCM_SMI,GPU_0,7861.8,218.0,100.0
1781842150.86,ROCM_SMI,GPU_0,7861.8,221.0,100.0
1781842153.05,ROCM_SMI,GPU_0,7861.8,216.0,100.0
1781842155.25,ROCM_SMI,GPU_0,7861.8,215.0,100.0
1781842157.44,ROCM_SMI,GPU_0,7861.8,216.0,100.0
1781842159.64,ROCM_SMI,GPU_0,7861.8,222.0,100.0
1781842161.83,ROCM_SMI,GPU_0,7861.8,217.0,100.0
1781842164.03,ROCM_SMI,GPU_0,7861.8,222.0,100.0
1781842166.22,ROCM_SMI,GPU_0,7861.8,218.0,100.0
1781842168.41,ROCM_SMI,GPU_0,7861.8,216.0,100.0
1781842170.61,ROCM_SMI,GPU_0,7861.8,216.0,100.0
1781842172.81,ROCM_SMI,GPU_0,7861.8,212.0,92.0
1781842175.00,ROCM_SMI,GPU_0,7861.8,218.0,100.0
1781842177.20,ROCM_SMI,GPU_0,7861.8,218.0,100.0
1781842179.39,ROCM_SMI,GPU_0,7861.8,221.0,100.0
1781842181.58,ROCM_SMI,GPU_0,7861.8,217.0,100.0
1781842183.78,ROCM_SMI,GPU_0,7861.8,218.0,100.0
1781842185.98,ROCM_SMI,GPU_0,7861.8,225.0,100.0
1781842188.17,ROCM_SMI,GPU_0,7861.8,219.0,100.0
1781842190.36,ROCM_SMI,GPU_0,7861.8,218.0,100.0
1781842192.56,ROCM_SMI,GPU_0,7861.8,217.0,100.0
1781842194.76,ROCM_SMI,GPU_0,7861.8,216.0,100.0
1781842196.95,ROCM_SMI,GPU_0,7861.8,218.0,100.0
1781842199.15,ROCM_SMI,GPU_0,7861.8,218.0,100.0
1781842201.34,ROCM_SMI,GPU_0,7861.8,219.0,100.0
1781842203.54,ROCM_SMI,GPU_0,7861.8,221.0,100.0
1781842205.73,ROCM_SMI,GPU_0,7861.8,214.0,100.0
1781842207.92,ROCM_SMI,GPU_0,7861.8,218.0,80.0
1781842210.12,ROCM_SMI,GPU_0,7861.8,217.0,100.0
1781842212.32,ROCM_SMI,GPU_0,7861.8,222.0,100.0
1781842214.51,ROCM_SMI,GPU_0,7861.8,220.0,100.0
1781842216.70,ROCM_SMI,GPU_0,7861.8,219.0,100.0
1781842218.90,ROCM_SMI,GPU_0,7861.8,218.0,100.0
1781842221.09,ROCM_SMI,GPU_0,7861.8,216.0,100.0
1781842223.28,ROCM_SMI,GPU_0,7861.8,222.0,100.0
1781842225.48,ROCM_SMI,GPU_0,7861.8,223.0,100.0
1781842227.68,ROCM_SMI,GPU_0,7861.8,215.0,100.0
1781842229.87,ROCM_SMI,GPU_0,7861.8,216.0,100.0
1781842232.06,ROCM_SMI,GPU_0,7861.8,218.0,100.0
1781842234.26,ROCM_SMI,GPU_0,7861.8,217.0,100.0
1781842236.45,ROCM_SMI,GPU_0,7861.8,218.0,100.0
1781842238.65,ROCM_SMI,GPU_0,7861.8,209.0,100.0
1781842240.85,ROCM_SMI,GPU_0,7861.8,217.0,100.0
1781842243.04,ROCM_SMI,GPU_0,7861.8,219.0,100.0
1781842245.23,ROCM_SMI,GPU_0,7861.8,223.0,100.0
1781842247.43,ROCM_SMI,GPU_0,7861.8,220.0,100.0
1781842249.62,ROCM_SMI,GPU_0,7861.8,221.0,100.0
1781842251.81,ROCM_SMI,GPU_0,7861.8,221.0,100.0
1781842254.01,ROCM_SMI,GPU_0,7861.8,218.0,100.0
1781842256.20,ROCM_SMI,GPU_0,7861.8,216.0,100.0
1781842258.40,ROCM_SMI,GPU_0,7861.8,215.0,100.0
1781842260.59,ROCM_SMI,GPU_0,7861.8,219.0,100.0
1781842262.78,ROCM_SMI,GPU_0,7861.8,217.0,100.0
1781842264.98,ROCM_SMI,GPU_0,7861.8,220.0,100.0
1781842267.17,ROCM_SMI,GPU_0,7861.8,218.0,100.0
1781842269.37,ROCM_SMI,GPU_0,7861.8,219.0,100.0
1781842271.56,ROCM_SMI,GPU_0,7861.8,214.0,100.0
1781842273.75,ROCM_SMI,GPU_0,7861.8,217.0,100.0
1781842275.95,ROCM_SMI,GPU_0,7861.8,221.0,100.0
1781842278.14,ROCM_SMI,GPU_0,7861.8,215.0,100.0
1781842280.34,ROCM_SMI,GPU_0,7861.8,222.0,100.0
1781842282.53,ROCM_SMI,GPU_0,7861.8,218.0,100.0
1781842284.73,ROCM_SMI,GPU_0,7861.8,220.0,100.0
1781842286.92,ROCM_SMI,GPU_0,7861.8,219.0,100.0
1781842289.11,ROCM_SMI,GPU_0,7861.8,221.0,100.0
1781842291.31,ROCM_SMI,GPU_0,7861.8,219.0,100.0
1781842293.50,ROCM_SMI,GPU_0,7861.8,215.0,100.0
1781842295.70,ROCM_SMI,GPU_0,7861.8,219.0,100.0
1781842297.89,ROCM_SMI,GPU_0,7861.8,217.0,100.0
1781842300.09,ROCM_SMI,GPU_0,7861.8,221.0,100.0
1781842302.28,ROCM_SMI,GPU_0,7861.8,220.0,100.0
1781842304.47,ROCM_SMI,GPU_0,7861.8,216.0,100.0
1781842306.67,ROCM_SMI,GPU_0,7861.8,218.0,98.0
1781842308.87,ROCM_SMI,GPU_0,7861.8,218.0,100.0
1781842311.06,ROCM_SMI,GPU_0,7861.8,216.0,100.0
1781842313.25,ROCM_SMI,GPU_0,7861.8,221.0,100.0
1781842315.44,ROCM_SMI,GPU_0,7861.8,218.0,100.0
1781842317.64,ROCM_SMI,GPU_0,7861.8,218.0,100.0
1781842319.84,ROCM_SMI,GPU_0,7861.8,222.0,100.0
1781842322.03,ROCM_SMI,GPU_0,7861.8,217.0,100.0
1781842324.22,ROCM_SMI,GPU_0,7861.8,221.0,100.0
1781842326.42,ROCM_SMI,GPU_0,7861.8,223.0,100.0
1781842328.61,ROCM_SMI,GPU_0,7861.8,222.0,100.0
1781842330.80,ROCM_SMI,GPU_0,7861.8,219.0,100.0
1781842333.01,ROCM_SMI,GPU_0,7861.8,227.0,100.0
1781842335.20,ROCM_SMI,GPU_0,7861.8,217.0,100.0
1781842337.39,ROCM_SMI,GPU_0,7861.8,217.0,100.0
1781842339.59,ROCM_SMI,GPU_0,7861.8,221.0,100.0
1781842341.78,ROCM_SMI,GPU_0,7861.8,219.0,100.0
1781842343.98,ROCM_SMI,GPU_0,7861.8,220.0,100.0
1781842346.17,ROCM_SMI,GPU_0,7861.8,222.0,100.0
1781842348.37,ROCM_SMI,GPU_0,7861.8,219.0,100.0
1781842350.56,ROCM_SMI,GPU_0,7861.8,223.0,100.0
1781842352.75,ROCM_SMI,GPU_0,7861.8,216.0,100.0
1781842354.95,ROCM_SMI,GPU_0,7861.8,217.0,100.0
1781842357.15,ROCM_SMI,GPU_0,7861.8,217.0,100.0
1781842359.34,ROCM_SMI,GPU_0,7861.8,215.0,100.0
1781842361.54,ROCM_SMI,GPU_0,7861.8,219.0,100.0
1781842363.73,ROCM_SMI,GPU_0,7861.8,216.0,100.0
1781842365.92,ROCM_SMI,GPU_0,7861.8,221.0,100.0
1781842368.11,ROCM_SMI,GPU_0,7861.8,217.0,100.0
1781842370.31,ROCM_SMI,GPU_0,7861.8,220.0,100.0
1781842372.51,ROCM_SMI,GPU_0,7861.8,212.0,100.0
1781842374.70,ROCM_SMI,GPU_0,7861.8,218.0,100.0
1781842376.89,ROCM_SMI,GPU_0,7861.8,218.0,100.0
1781842379.09,ROCM_SMI,GPU_0,7861.8,222.0,100.0
1781842381.28,ROCM_SMI,GPU_0,7861.8,220.0,100.0
1781842383.48,ROCM_SMI,GPU_0,7861.8,220.0,100.0
1781842385.67,ROCM_SMI,GPU_0,7861.8,220.0,100.0
1781842387.87,ROCM_SMI,GPU_0,7861.8,217.0,100.0
1781842390.06,ROCM_SMI,GPU_0,7861.8,218.0,100.0
1781842392.26,ROCM_SMI,GPU_0,7861.8,222.0,100.0
1781842394.45,ROCM_SMI,GPU_0,7861.8,221.0,100.0
1781842396.65,ROCM_SMI,GPU_0,7861.8,220.0,100.0
1781842398.84,ROCM_SMI,GPU_0,7861.8,217.0,100.0
1781842401.04,ROCM_SMI,GPU_0,7861.8,216.0,100.0
1781842403.23,ROCM_SMI,GPU_0,7861.8,217.0,100.0
1781842405.42,ROCM_SMI,GPU_0,7861.8,215.0,100.0
1781842407.62,ROCM_SMI,GPU_0,7861.8,219.0,100.0
1781842409.81,ROCM_SMI,GPU_0,7861.8,220.0,100.0
1781842412.01,ROCM_SMI,GPU_0,7861.8,221.0,100.0
1781842414.20,ROCM_SMI,GPU_0,7861.8,222.0,100.0
1781842416.40,ROCM_SMI,GPU_0,7861.8,220.0,100.0
1781842418.59,ROCM_SMI,GPU_0,7861.8,221.0,100.0
1781842420.78,ROCM_SMI,GPU_0,7861.8,218.0,100.0
1781842422.98,ROCM_SMI,GPU_0,7861.8,217.0,100.0
1781842425.17,ROCM_SMI,GPU_0,7861.8,216.0,100.0
1781842427.38,ROCM_SMI,GPU_0,7861.8,213.0,100.0
1781842429.58,ROCM_SMI,GPU_0,7861.8,218.0,100.0
1781842431.77,ROCM_SMI,GPU_0,7861.8,218.0,100.0
1781842433.96,ROCM_SMI,GPU_0,7861.8,217.0,100.0
1781842436.16,ROCM_SMI,GPU_0,7861.8,216.0,100.0
1781842438.35,ROCM_SMI,GPU_0,7861.8,220.0,100.0
1781842440.55,ROCM_SMI,GPU_0,7861.8,212.0,100.0
1781842442.75,ROCM_SMI,GPU_0,7861.8,222.0,100.0
1781842444.94,ROCM_SMI,GPU_0,7861.8,221.0,100.0
1781842447.13,ROCM_SMI,GPU_0,7861.8,220.0,100.0
1781842449.33,ROCM_SMI,GPU_0,7861.8,221.0,100.0
1781842451.52,ROCM_SMI,GPU_0,7861.8,218.0,100.0
1781842453.72,ROCM_SMI,GPU_0,7861.8,228.0,100.0
1781842455.91,ROCM_SMI,GPU_0,7861.8,217.0,100.0
1781842458.11,ROCM_SMI,GPU_0,7861.8,216.0,100.0
1781842460.30,ROCM_SMI,GPU_0,7861.8,218.0,100.0
1781842462.49,ROCM_SMI,GPU_0,7861.8,218.0,100.0
1781842464.69,ROCM_SMI,GPU_0,7861.8,219.0,100.0
1781842466.89,ROCM_SMI,GPU_0,7861.8,222.0,100.0
1781842469.08,ROCM_SMI,GPU_0,7861.8,219.0,100.0
1781842471.28,ROCM_SMI,GPU_0,7861.8,218.0,100.0
1781842473.47,ROCM_SMI,GPU_0,7861.8,216.0,100.0
1781842475.67,ROCM_SMI,GPU_0,7861.8,217.0,100.0
1781842477.87,ROCM_SMI,GPU_0,7861.8,217.0,100.0
1781842480.06,ROCM_SMI,GPU_0,7861.8,222.0,100.0
1781842482.26,ROCM_SMI,GPU_0,7861.8,219.0,100.0
1781842484.45,ROCM_SMI,GPU_0,7861.8,219.0,100.0
1781842486.64,ROCM_SMI,GPU_0,7861.8,219.0,100.0
1781842488.84,ROCM_SMI,GPU_0,7861.8,216.0,100.0
1781842491.03,ROCM_SMI,GPU_0,7861.8,227.0,100.0
1781842493.23,ROCM_SMI,GPU_0,7861.8,217.0,100.0
1781842495.42,ROCM_SMI,GPU_0,7861.8,221.0,100.0
1781842497.62,ROCM_SMI,GPU_0,7861.8,222.0,100.0
1781842499.81,ROCM_SMI,GPU_0,7861.8,220.0,100.0
1781842502.01,ROCM_SMI,GPU_0,7861.8,218.0,100.0
1781842504.20,ROCM_SMI,GPU_0,7861.8,211.0,100.0
1781842506.40,ROCM_SMI,GPU_0,7861.8,218.0,100.0
1781842508.59,ROCM_SMI,GPU_0,7861.8,219.0,80.0
1781842510.78,ROCM_SMI,GPU_0,7861.8,217.0,100.0
1781842512.98,ROCM_SMI,GPU_0,7861.8,221.0,100.0
1781842515.17,ROCM_SMI,GPU_0,7861.8,223.0,100.0
1781842517.36,ROCM_SMI,GPU_0,7861.8,224.0,100.0
1781842519.56,ROCM_SMI,GPU_0,7861.8,218.0,100.0
1781842521.76,ROCM_SMI,GPU_0,7861.8,222.0,100.0
1781842523.95,ROCM_SMI,GPU_0,7861.8,219.0,100.0
1781842526.14,ROCM_SMI,GPU_0,7861.8,215.0,100.0
1781842528.34,ROCM_SMI,GPU_0,7861.8,217.0,100.0
1781842530.53,ROCM_SMI,GPU_0,7861.8,217.0,100.0
1781842532.72,ROCM_SMI,GPU_0,7861.8,217.0,100.0
1781842534.94,ROCM_SMI,GPU_0,7861.8,221.0,100.0
1781842537.13,ROCM_SMI,GPU_0,7861.8,221.0,100.0
1781842539.32,ROCM_SMI,GPU_0,7861.8,217.0,100.0
1781842541.52,ROCM_SMI,GPU_0,7861.8,219.0,100.0
1781842543.72,ROCM_SMI,GPU_0,7861.8,219.0,79.0
1781842545.91,ROCM_SMI,GPU_0,7861.8,219.0,100.0
1781842548.11,ROCM_SMI,GPU_0,7861.8,221.0,100.0
1781842550.31,ROCM_SMI,GPU_0,7861.8,221.0,100.0
1781842552.50,ROCM_SMI,GPU_0,7861.8,220.0,100.0
1781842554.70,ROCM_SMI,GPU_0,7861.8,220.0,100.0
1781842556.89,ROCM_SMI,GPU_0,7861.8,217.0,100.0
1781842559.10,ROCM_SMI,GPU_0,7861.8,218.0,100.0
1781842561.30,ROCM_SMI,GPU_0,7861.8,221.0,100.0
1781842563.49,ROCM_SMI,GPU_0,7861.8,221.0,100.0
1781842565.69,ROCM_SMI,GPU_0,7861.8,223.0,100.0
1781842567.88,ROCM_SMI,GPU_0,7861.8,222.0,100.0
1781842570.07,ROCM_SMI,GPU_0,7861.8,218.0,100.0
1781842572.27,ROCM_SMI,GPU_0,7861.8,223.0,100.0
1781842574.47,ROCM_SMI,GPU_0,7861.8,217.0,100.0
1781842576.66,ROCM_SMI,GPU_0,7861.8,220.0,100.0
1781842578.85,ROCM_SMI,GPU_0,7861.8,215.0,100.0
1781842581.05,ROCM_SMI,GPU_0,7861.8,217.0,100.0
1781842583.24,ROCM_SMI,GPU_0,7861.8,218.0,100.0
1781842585.44,ROCM_SMI,GPU_0,7861.8,219.0,100.0
1781842587.63,ROCM_SMI,GPU_0,7861.8,218.0,100.0
1781842589.82,ROCM_SMI,GPU_0,7861.8,219.0,100.0
1781842592.02,ROCM_SMI,GPU_0,7861.8,220.0,100.0
1781842594.21,ROCM_SMI,GPU_0,7861.8,220.0,100.0
1781842596.40,ROCM_SMI,GPU_0,7861.8,221.0,100.0
1781842598.60,ROCM_SMI,GPU_0,7861.8,219.0,100.0
1781842600.79,ROCM_SMI,GPU_0,7861.8,217.0,100.0
1781842602.99,ROCM_SMI,GPU_0,7861.8,216.0,100.0
1781842605.18,ROCM_SMI,GPU_0,7861.8,218.0,100.0
1781842607.37,ROCM_SMI,GPU_0,7861.8,217.0,100.0
1781842609.57,ROCM_SMI,GPU_0,7861.8,215.0,100.0
1781842611.76,ROCM_SMI,GPU_0,7861.8,216.0,100.0
1781842613.96,ROCM_SMI,GPU_0,7861.8,220.0,100.0
1781842616.15,ROCM_SMI,GPU_0,7861.8,217.0,100.0
1781842618.35,ROCM_SMI,GPU_0,7861.8,222.0,100.0
1781842620.54,ROCM_SMI,GPU_0,7861.8,222.0,100.0
1781842622.74,ROCM_SMI,GPU_0,7861.8,218.0,100.0
1781842624.93,ROCM_SMI,GPU_0,7861.8,225.0,100.0
1781842627.12,ROCM_SMI,GPU_0,7861.8,217.0,100.0
1781842629.32,ROCM_SMI,GPU_0,7861.8,217.0,100.0
1781842631.52,ROCM_SMI,GPU_0,7861.8,216.0,100.0
1781842633.71,ROCM_SMI,GPU_0,7861.8,214.0,100.0
1781842635.90,ROCM_SMI,GPU_0,7861.8,221.0,100.0
1781842638.10,ROCM_SMI,GPU_0,7861.8,217.0,100.0
1781842640.29,ROCM_SMI,GPU_0,7861.8,217.0,100.0
1781842642.49,ROCM_SMI,GPU_0,7861.8,223.0,100.0
1781842644.69,ROCM_SMI,GPU_0,7861.8,219.0,100.0
1781842646.88,ROCM_SMI,GPU_0,7861.8,220.0,100.0
1781842649.08,ROCM_SMI,GPU_0,7861.8,222.0,100.0
1781842651.27,ROCM_SMI,GPU_0,7861.8,221.0,100.0
1781842653.47,ROCM_SMI,GPU_0,7861.8,220.0,100.0
1781842655.66,ROCM_SMI,GPU_0,7861.8,229.0,100.0
1781842657.86,ROCM_SMI,GPU_0,7861.8,218.0,100.0
1781842660.06,ROCM_SMI,GPU_0,7861.8,217.0,100.0
1781842662.25,ROCM_SMI,GPU_0,7861.8,218.0,100.0
1781842664.44,ROCM_SMI,GPU_0,7861.8,219.0,100.0
1781842666.65,ROCM_SMI,GPU_0,7861.8,188.0,100.0
1781842668.84,ROCM_SMI,GPU_0,7861.8,222.0,100.0
1781842671.03,ROCM_SMI,GPU_0,7861.8,221.0,100.0
1781842673.23,ROCM_SMI,GPU_0,7861.8,219.0,100.0
1781842675.42,ROCM_SMI,GPU_0,7861.8,217.0,100.0
1781842677.61,ROCM_SMI,GPU_0,7861.8,218.0,100.0
1781842679.81,ROCM_SMI,GPU_0,7861.8,204.0,100.0
1781842682.01,ROCM_SMI,GPU_0,7861.8,217.0,100.0
1781842684.20,ROCM_SMI,GPU_0,7861.8,222.0,100.0
1781842686.40,ROCM_SMI,GPU_0,7861.8,217.0,100.0
1781842688.59,ROCM_SMI,GPU_0,7861.8,222.0,100.0
1781842690.78,ROCM_SMI,GPU_0,7861.8,220.0,100.0
1781842692.98,ROCM_SMI,GPU_0,7861.8,218.0,100.0
1781842695.18,ROCM_SMI,GPU_0,7861.8,221.0,100.0
1781842697.37,ROCM_SMI,GPU_0,7861.8,215.0,100.0
1781842699.57,ROCM_SMI,GPU_0,7861.8,216.0,100.0
1781842701.76,ROCM_SMI,GPU_0,7861.8,215.0,100.0
1781842703.95,ROCM_SMI,GPU_0,7861.8,219.0,100.0
1781842706.15,ROCM_SMI,GPU_0,7861.8,220.0,100.0
1781842708.34,ROCM_SMI,GPU_0,7861.8,221.0,100.0
1781842710.54,ROCM_SMI,GPU_0,7861.8,217.0,100.0
1781842712.73,ROCM_SMI,GPU_0,7861.8,216.0,100.0
1781842714.93,ROCM_SMI,GPU_0,7861.8,217.0,85.0
1781842717.12,ROCM_SMI,GPU_0,7861.8,218.0,100.0
1781842719.31,ROCM_SMI,GPU_0,7861.8,220.0,100.0
1781842721.51,ROCM_SMI,GPU_0,7861.8,219.0,100.0
1781842723.71,ROCM_SMI,GPU_0,7861.8,219.0,100.0
1781842725.90,ROCM_SMI,GPU_0,7861.8,217.0,100.0
1781842728.10,ROCM_SMI,GPU_0,7861.8,215.0,100.0
1781842730.29,ROCM_SMI,GPU_0,7861.8,217.0,100.0
1781842732.48,ROCM_SMI,GPU_0,7861.8,219.0,100.0
1781842734.68,ROCM_SMI,GPU_0,7861.8,222.0,100.0
1781842736.88,ROCM_SMI,GPU_0,7861.8,218.0,100.0
1781842739.07,ROCM_SMI,GPU_0,7861.8,217.0,100.0
1781842741.26,ROCM_SMI,GPU_0,7861.8,215.0,100.0
1781842743.46,ROCM_SMI,GPU_0,7861.8,219.0,100.0
1781842745.65,ROCM_SMI,GPU_0,7861.8,217.0,100.0
1781842747.84,ROCM_SMI,GPU_0,7861.8,216.0,80.0
1781842750.04,ROCM_SMI,GPU_0,7861.8,223.0,100.0
1781842752.24,ROCM_SMI,GPU_0,7861.8,223.0,100.0
1781842754.43,ROCM_SMI,GPU_0,7861.8,222.0,100.0
1781842756.62,ROCM_SMI,GPU_0,7861.8,223.0,100.0
1781842758.82,ROCM_SMI,GPU_0,7861.8,218.0,100.0
1781842761.01,ROCM_SMI,GPU_0,7861.8,219.0,100.0
1781842763.21,ROCM_SMI,GPU_0,7861.8,219.0,100.0
1781842765.41,ROCM_SMI,GPU_0,7861.8,221.0,100.0
1781842767.60,ROCM_SMI,GPU_0,7861.8,217.0,100.0
1781842769.79,ROCM_SMI,GPU_0,7861.8,214.0,100.0
1781842771.99,ROCM_SMI,GPU_0,7861.8,219.0,100.0
1781842774.18,ROCM_SMI,GPU_0,7861.8,215.0,100.0
1781842776.38,ROCM_SMI,GPU_0,7861.8,214.0,100.0
1781842778.57,ROCM_SMI,GPU_0,7861.8,216.0,100.0
1781842780.77,ROCM_SMI,GPU_0,7861.8,220.0,100.0
1781842782.96,ROCM_SMI,GPU_0,7861.8,220.0,100.0
1781842785.15,ROCM_SMI,GPU_0,7861.8,220.0,100.0
1781842787.35,ROCM_SMI,GPU_0,7861.8,230.0,100.0
1781842789.55,ROCM_SMI,GPU_0,7861.8,218.0,100.0
1781842791.74,ROCM_SMI,GPU_0,7861.8,219.0,100.0
1781842793.93,ROCM_SMI,GPU_0,7861.8,219.0,100.0
1781842796.13,ROCM_SMI,GPU_0,7861.8,217.0,100.0
1781842798.32,ROCM_SMI,GPU_0,7861.8,218.0,100.0
1781842800.52,ROCM_SMI,GPU_0,7861.8,214.0,100.0
1781842802.71,ROCM_SMI,GPU_0,7861.8,222.0,100.0
1781842804.91,ROCM_SMI,GPU_0,7861.8,219.0,100.0
1781842807.10,ROCM_SMI,GPU_0,7861.8,216.0,100.0
1781842809.29,ROCM_SMI,GPU_0,7861.8,215.0,100.0
1781842811.49,ROCM_SMI,GPU_0,7861.8,216.0,100.0
1781842813.69,ROCM_SMI,GPU_0,7861.8,207.0,100.0
1781842815.88,ROCM_SMI,GPU_0,7861.8,218.0,100.0
1781842818.07,ROCM_SMI,GPU_0,7861.8,222.0,100.0
1781842820.27,ROCM_SMI,GPU_0,7861.8,218.0,100.0
1781842822.46,ROCM_SMI,GPU_0,7861.8,223.0,100.0
1781842824.66,ROCM_SMI,GPU_0,7861.8,217.0,100.0
1781842826.85,ROCM_SMI,GPU_0,7861.8,220.0,100.0
1781842829.04,ROCM_SMI,GPU_0,7861.8,216.0,100.0
1781842831.24,ROCM_SMI,GPU_0,7861.8,214.0,100.0
1781842833.43,ROCM_SMI,GPU_0,7861.8,217.0,100.0
1781842835.63,ROCM_SMI,GPU_0,7861.8,216.0,100.0
1781842837.82,ROCM_SMI,GPU_0,7861.8,225.0,100.0
1781842840.01,ROCM_SMI,GPU_0,7861.8,222.0,100.0
1781842842.21,ROCM_SMI,GPU_0,7861.8,221.0,100.0
1781842844.41,ROCM_SMI,GPU_0,7861.8,218.0,100.0
1781842846.60,ROCM_SMI,GPU_0,7861.8,216.0,100.0
1781842848.79,ROCM_SMI,GPU_0,7861.8,216.0,100.0
1781842850.99,ROCM_SMI,GPU_0,7861.8,219.0,100.0
1781842853.18,ROCM_SMI,GPU_0,7861.8,223.0,100.0
1781842855.38,ROCM_SMI,GPU_0,7861.8,221.0,100.0
1781842857.57,ROCM_SMI,GPU_0,7861.8,219.0,100.0
1781842859.77,ROCM_SMI,GPU_0,7861.8,216.0,100.0
1781842861.96,ROCM_SMI,GPU_0,7861.8,220.0,100.0
1781842864.16,ROCM_SMI,GPU_0,7861.8,219.0,100.0
1781842866.35,ROCM_SMI,GPU_0,7861.8,222.0,100.0
1781842868.54,ROCM_SMI,GPU_0,7861.8,220.0,100.0
